id,title,text,score,num_comments,created_utc,author,subreddit
1wfhz1k,Well they do not know about it 🤷🏻‍♂️,,1,0,1789329526,Bankr0t,Revolut
1wffoou,Early Salary this month?,"Hi everyone,

I was wondering if anyone has their salary paid in to Revolut (UK). I switch in April this year and i always get paid the 28th of the month. I have noticed though they pay be on the 27th between 6-7pm and this September it falls on a Monday. Does anyone know when exactly i will be paid? My payslips say BACS. Thanks",1,0,1789324434,mamabutterflyp,Revolut
1wfcc9l,Low deposit rates and high fees...why ?,"European old banks can easily offer 3% deposits with early withdrawal and other benefits, while major brokers let you trade almost anything with minimal fees.

So why are Revolut’s fees so high? ",1,0,1789316986,NoNoBitts,Revolut
1wf9ws5,Closing account after data breach,"I'm withdrawing all the money I had with revolut (about 20k €) and closing my account.

It's insane that just because they received an email that said to be from a government they handed all their clients personal information.

That's unacceptable from any company but moreover from a bank.

This happened once and it may happen again, I no longer would trust revolt with my money and maybe you shouldn't do too.",1,0,1789311403,Dream_SMP_4_Life,Revolut
1wf8it7,Revolut's handling of selfies seems careless,"I recently filed a GDPR request with Revolut. In the partial answer I got, there are copies of the selfies I had to take during verification.  
  
That gave me some concerns, especially after yesterday's news that Revolut handed selfies of some users over to criminals.

\- A selfie is supposed to be used to verify your ID. I now question why it is even being kept after the ID verification was performed? I also do not recall that it was stated anywhere that the selfie would be kept, it was presented as merely an ID verification step.

\- The selfie they kept isn't just your face, it's the entire image the camera could capture. Including the background, anything that may be behind you is also captured AND kept. Same for the clothes you may be wearing (or not wearing). There is no need for a bank to use anything else but your face to verify your ID, and definitely no need for a bank to keep any non-face-related information.

\- I also noted that there is NO watermarking of any kind on those selfies and passport copies. Which makes them ideal to use for identity theft and also makes it harder to identify where leaked data may have come from.

If this is all legal (which Revolut apologists will waste no time saying it is), it shouldn't be. Watermarking of selfies and ID copies should be the bare minimum to ensure that such data can not easily be used by criminals in case of a leak. Certain information like things in the background of a selfie should not be recorded and not kept. Once an ID is verified, only the ID should be kept.

With modern AI, a leaked selfie can be enough to impersonate a victim over a digital connection.

After I close my Revolut account, I am going to file a request for removal of as much of my personal information as possible from Revolut, I just do not feel safe with Revolut keeping all this.



[Outline of a selfie as kept by Revolut](https://preview.redd.it/ri45o19m9aph1.png?width=1172&format=png&auto=webp&s=000e18414bfc16b5a3b5fc1a7440775e74ff3480)

  
",1,0,1789308175,ottodv,Revolut
1wf7sss,As a precaution: Does it make sense to get new Passport and ID card?,"In light of the data leak would it make sense for individual users to now get new passports and new ID cards? I'm actually from Europe. Now that we know some PII data has leaked from Revolut, including passports?

Basically the idea is if somebody tries to borrow money using my leaked passport number, I could then say, ""Well it was a deactivated passport. It's not legally binding.",1,0,1789306351,EnvironmentalLow7799,Revolut
1wf51p2,[SK] Unable to verify my identity and enter my account,"Hello, I've haven't really used my Revolut account for a while and so I forgot my passcode.

So I clicked the 'I can't remember my passcode' text and followed the instructions. But every time I've tried to do it through ID card or driver's license, the app always said that they're unable to verify my identity. I've tried it many times, but the answer was always the same.

Can someone help me out with this problem? I'd be very grateful.",1,1,1789298538,United-Prize-1702,Revolut
1wf4u73,[ Removed by moderator ],[removed],1,1,1789297891,djoxo,Revolut
1wf4a9b,Large money transfer - smooth as butter,"Unpopular opinion! 

I’ve been using my Revolut account for years now. I always use it when travelling abroad, sometimes to move money between countries etc. 

I just wanted to share my experience with a large money transfer because after reading all the stories on here I was quite sceptical but it was the best option for me personally so decided to risk.   
The amount was significant so I have contacted them on several occasions informing that such transfer will take place in the near future, last contact was about a couple of days before the transfer date. On the day I just pressed send and waited. It was ‚pending’ for a day and then the next day they just asked me what is the money being transferred for and what is my occupation. That’s it. Then 24 hours later the money has been released and sent to the recipient. Nothing else, nothing more. It was as smooth as sending £50 to my own account. So I don’t know if I was just lucky or I’m just not a shady person :) oh and btw I own few stocks on there as well. Never had any issues with the app. Hopefully it will stay this way! 

Just wanted to share some positive experience maybe it will help others :) ",1,0,1789296089,Vegetable_Society_10,Revolut
1wf3v7w,What the hell is this?!!,,1,0,1789294637,Fabulous_Reality_937,Revolut
1wf2fyp,Why i wouldn't use Revolut for my main bank,"Just had to give info about a small payment thats made once a month every month 

bizzare that this could trigger something like this. Its just for this payment thankfully my account hasn't been restricted as yet

  
When revolut ask why don't people use us as their main bank this is the reason why

The payment still says under review",1,0,1789289600,linton73,Revolut
1weyai1,"Revolut Graduate Program (Frontend) 2027,",,1,0,1789275360,Shoddy-Raspberry-832,Revolut
1wexz2h,Revolut Card Payments Team — WLB?,"How is the Revolut Card Payments team for a Software Engineer in terms of WLB?  
I reached out to a few people from the team but didn’t get any response. Is the WLB really that bad?",1,0,1789274337,Ok-Woodpecker1822,Revolut
1wewm1b,Account limited despite a ‘congrats it will be umblocked’ email,"Account gets limited in August. Uploaded documents get rejected. 

Was asked to reupload directly in chat. The agent who was from verification department asked some questions then said ‘all good, will be unblocked shortly’.

Been a week now, still blocked with no communication. Now agents on chat decline to say anything. Been 1.5 months now!!!!

Wht do i do? Anyone in same boat?",1,0,1789270118,Zestyclose_Issue_213,Revolut
1wetqsw,Massive f**k up from Revolut,"Revolut, the fintech company with 75 million customers, handed over passports, ID cards, addresses, and complete Bitcoin transaction histories of its clients. It's unclear to whom. The brand image is in tatters. Users are panicking.

And you know what the worst part is? They weren't stolen. They gave them away. Out of fear. A single email with a government letterhead was all it took to send everything. They confirmed this today. And the detail that explains it... Very thoughtful.

TOO QUICKLY

The request came from the real domain of a government agency, with valid credentials. Revolut handed over the data hastily. Scared.

AND THEN called the agency to verify.

That's when they discovered the request was fake.

Read it carefully, because the order is everything.

They handed it over. Then they asked questions.

WHY THE RUSH?

Here's the crux of the matter.  And it's not some clueless intern.

A bank that's slow to respond to an official request risks a penalty. Anti-money laundering regulations require it to provide whatever the authority requests without delay. Without delay. Those are the exact words of the law.

And a bank that hands it over too quickly? It risks nothing.

Understand this clearly. The entire system pushes in one direction: obey NOW, check later. Banks and platforms have been trained to fear the State more than the customer.

And someone realized it.

No firewalls were breached.

There was no virus.

No passwords were stolen. Revolut didn't fail because of that.

The attacker used the only key that opens all doors at once: appearing to be a government. Inspiring fear.

Because in Europe, nobody says no to a government. Not even to verify its legitimacy.

WHAT WAS HANDED OVER.

Your complete client file:

Passport

Driver's license

Verification selfie

Date of birth

Occupation

Address

Email

Telephone

IBAN and statements

Withdrawals

Full transaction history

All your Bitcoin activity",1,0,1789261683,Exdrummer1979,Revolut
1wequ5k,Revolut Metal + MasterClass: what are the actual “45 courses”?,"Hey everyone,

I’m currently a Revolut Standard subscriber and I’m trying to figure out if the MasterClass benefit from Metal bundle is actually useful for me.

On the French Metal page, Revolut says you get access to **“45 courses”** with MasterClass, while the Ultra plan mentions **“unlimited access to 180+ courses”**. From what I understand, Metal doesn’t give you the full catalog, just a fixed selection of 45 classes.

What I can’t find anywhere is:

* Is there an official list of those 45 courses?
* Are they the same for everyone, or does it depend on the country?
* Can you choose which 45 courses you want, or is it a predefined bundle chosen by Revolut/MasterClass?

If you’re on Metal (or have been in the past), which courses did you actually have access to? Any way to see the full list before activating the benefit?

Thanks in advance!",1,0,1789253674,themkguser,Revolut
1wepcwm,[DE] Just been targeted over Telegram with my Selfie and Passport pic [HELP],"Dear all,

My Revolut account been suddenly closed in August.  
Today I got contacted over Telegram by some user who sent me my statement, passport and selfie which I used for Revolut, he is forcing me too pay him in crypto to avoid mine personal data to be leaked. 

What should I do? I'm completely shocked and stressed.",1,1,1789249857,JefforShark,Revolut
1wepaz0,Is the weekend currency exchange fees on top of the regular 1% fees?,"I am on the free plan and have used up my 1000 euros of free currency exchange for the month. I want to buy something in US dollars. 

Will i get charged 1% exchange fee + 1% weekend fee (for a total 2%) or 1% weekend fee only?",1,0,1789249716,SecretProfessional65,Revolut
1weni3x,Moving money to Sweden,,1,0,1789245328,PreparationLoud8790,Revolut
1wemspy,Does anyone have Duolingo Premium?,"Duolingo Premium is included for Revolut Metal and higher tier members. If you happen to have one and aren’t using it, please let me know—I’d really appreciate it 🙏🙏🙏

I’d also be happy to swap it for another premium service because I have a Metal account myself. My partner is the one who needs Duolingo. 

Thank you 🫣",1,0,1789243659,TheGreatZucca,Revolut
1welbms,Seeking fraudulent activity refund,"User Avatar
Odd\_Rule\_626
2:00 PM
I have been a customer of revolut for 5 years. I recently disputed two transactions on my account because of fraudulent activity that took place. I submitted all evidence and time screen shots of the unknown device my card was used and all the supporting documents that proved my case.. my claim was denied because revolut said there was no signs of activity of misuse or fraudulent activity but when I asked about the device that was logged in to my revolut account and the transactions that were made where during the time frame the device accessed my account I was given no resolution or help in getting a fair resolution and I want to have my funds returned to my account. Or I will be pursuing charges being filed against revolut for allowing my personal information such as Date of birth, Addresses, Identity Documents. Everything that can be used to victimize and harm my life. I received an email of my information being breached and I would like to say that I will not take legal action if revolut and myself can settle on a payment option to not take legal action


",1,0,1789240269,Odd_Rule_626,Revolut
1wehzpq,In Madagascar: can I top up my Revolut account via bank transfer?,"Hello, could you satisfy another curiosity of mine? I had booked an apartment, and the owner asked me to make a bank transfer. I went to the Bank twice, but the funds didn't arrive, so I sent the money a different way. 

My question is: if I have Revolut and want to top it up via bank transfer while I'm in Madagascar, can I do that, or will I run into problems? I hope someone with relevant experience can answer. Thanks.",1,0,1789232703,FoxAdriano1,Revolut
1wee1dk,[AT] my account was NOT frozen,"Been with Revolut for over a year now. Never done anything suspicious. Just paid for groceries, and the occasional 2am kebab.

But here's the thing — my account has never been frozen. Not once..

I do stocks and crypto trading once in a while.

Is my account even real? Am I being catfished by a bank?

Welp!",1,1,1789223187,ad-on-is,Revolut
1wedzxd,[EU] my account was NOT frozen,"Been with Revolut for over a year now. Never done anything suspicious. Just paid for groceries, and the occasional 2am kebab.

But here's the thing — my account has never been frozen. Not once..

I do stocks and crypto trading once in a while.

Is my account even real? Am I being catfished by a bank?

Welp!",1,1,1789223084,ad-on-is,Revolut
1wedema,Forty for Revolut,Dm for details ,1,0,1789221616,Quick_Industry2622,Revolut
1wed5dg,Revolut data breach,,1,0,1789220949,Lost_County_3790,Revolut
1wed3a1,Number is used,"I have had my Dutch number for almost four years now, and I wanted to create a Revolut account, but my number is already being used by another account; I searched for help, but it refers me to the app, which I cannot log in to. I am in this loop of not being able to do anything.",1,0,1789220798,No-Salamander1838,Revolut
1webudt,[LT] Revolut won’t offer me a credit card despite stable income and no other credit commitments,"Hi everyone,  
I’ve been using Revolut for many years and it has been my main financial app for quite a long time. However, I’m unable to get a Revolut credit card and I’m trying to understand why. I’m a permanent resident, employed and receive a regular salary. My monthly income can vary because part of it depends on bonuses, but I have consistent employment and regular income. I also don’t have any other credit cards, loans or other credit commitments. I understand that credit eligibility is based on individual assessments and that not everyone will qualify, but considering my long history with Revolut, employment and lack of other credit obligations, I’d really like to understand what might be preventing me from being eligible. Has anyone been in a similar situation and managed to resolve it? If someone from Revolut sees this, I’d really appreciate it if you could advise whether there is anything I can do or whether my eligibility can be reviewed.  
Thanks",1,1,1789217508,Open_Manner9771,Revolut
1weagoz,Any way to generate a simple deeplink?,"Is there any way to generate a QR c\*de or a deepl\*nk URL based on the payee phone number and (preferably) an amount? I see that I can generate a QR c\*de if I know the payee revtag, but no amount. But I want to automate the small payments to my gardeners, plumbers, etc. And they don't even know what their revtag is. I also found the revolut://app/payments deepl\*nk mentioned, but nobody seems to know if a phone can be added to the l\*nk. I am not a business, but a private user who just wants to be able to pay bills simpler (not to generate my own bills). Strange that I can do it easily for IBAN payments with the use of EPC QR, but not for internal payments",1,0,1789213553,xsenna,Revolut
1wea0it,[GB] Revolut Support,"I’m a metal user, but have noticed the in app customer service has started behaving oddly - whenever I have an issue I use it, only to be met with apologies and about 3 retypes of the issue I have mentioned…but never a solution!?

Has anyone else experienced this?",1,1,1789212114,HeightDisastrous5130,Revolut
1we93z8,"Revolut raffle, is it real ?","Hello,

I saw a lot of ads saying we have a chance to win 5k-10k if we download now and do something, we enter a raffle for a chance to win the pot

But is there a real winner ? I never saw once a guy posting it or saying he won the contest or is it just a scam to create an account ?

Can someone share a screen of a mail or anything that can prove that he really won ?",1,0,1789209190,Mastery77,Revolut
1we8ye8,Personal details leaked by Revolut,"These clowns at revolut leaked my personal details to hackers.  
Country: Romania  
As seen in other posts on X / Reddit, it is not limited only to my country!",1,0,1789208661,tzacPACO,Revolut
1we7z1i,Reports of a major data breach at Revolut,,1,0,1789205217,Acrobatic_Wash_3137,Revolut
1we7m9z,Are revolut going to increase the interest on their savings accounts not that the rates are going up in Europe?,"Are revolut going to increase the interest on their savings accounts now that the rates are going up, announced by the ECB last week?  

I trying to decide to move the money from my revolut savings to elsewhere that has already increased the savings rate after the ECB announcement the other day.",1,0,1789203959,InevitableSure374,Revolut
1we7ii6,Is the large number of “My Account Was Frozen” posts a bot operation?,"So having opened an account with Revolut just a few months ago, I think it’s natural to search for and find this sub with a view to seeing what people’s experiences are, in general, like. 

I hardly need to point out the sheer huge number of and frequency with which there are these frozen or closed accounts posts in here. They all seem to have several patterns which are recognisable such as low karma, very few posts type of accounts etc. but most of all are the actual stories, almost all have very similar patterns and seem to deliberately be missing out details that might be important.

It’s quite difficult to ascertain which of them might be genuine from possible false ones. I assume if many are false, they are from competitors or disgruntled ex employees.

Yes there are many morons who try the most stupid things with Crypto, by this I mean, are stupid and lazy minded enough to just try transferring to or from hot or cold wallets via god knows what chain they think is clever or whatever into a company that is very much “banking first” and NOT a proper fully fledged Crypto exchange.

Honestly, anyone with the slightest experience in the wretched cryptoverse, myself included, would only use proper crypto exchanges for anything crypto related, and stocks only traded through a dedicated stock trading platform. 

I’ve had no problems with revolut myself although I’ve barely done anything with them except give them a try and only by transferring money from my bank into the revolut account then use it for some general spending. 

The problem is with all these posts, what if a good number are genuine, this is very off putting for others. As it stands, I personally would never pay substantial income or a salary into Revolut, especially reading all the “ funds have been frozen pending review” stories around. 

As much as the apps are great, which they are, specifically Monzo and Revolut, it seems common sense to stay with the boring old fashioned bricks and mortar high street banks for anything serious or substantial. 

Imagine selling your home or buying a place and sending in a large bank transfer from a conveyancer or something. It seems Revolut is purely automated and this makes many of these posts and reports believable, resulting in ultra caution and never doing anything substantial thru these fintech neobanks. 

It would perhaps be somewhat reassuring to see support staff or other actual employees posting in defence of Revolut but their absence is also suggestive of being overly automated…

Just my thoughts, personally I would love to see Revolut and others thrive because I think the old banks have had it “their way” for too long and I think it’s time for a more modern type of bank to enter the arena, but if they’re too lazy to bother running it without full automation then they are probably holding themselves back from progress using AI slop chat bots and fully automated systems.

I’ve no idea what the answer is but I am suspicious of many of these posts, particularly in this sub and particularly recently. 

What do others think?",1,0,1789203607,exophytic007,Revolut
1we76y8,⚠️ ALERT: Revolut data breach,"⚠️ ALERT: Revolut falls for a FAKE government request, exposing sensitive personal information of customers in a disturbing data breach.

Revolut disclosed that it complied with a fraudulent government request using a spoofed official email and valid credentials, exposing PII belonging to a group of customers.

The leaked data reportedly includes passports/driving licences, verification selfies, names, DOBs, occupations, home addresses, emails, phone numbers, IBANs, account statements and full transaction histories, including Bitcoin activity.

No customer funds were reportedly lost and Revolut says its systems were not hacked. 

The company has notified affected users and regulators and blocked the source.

Social-engineering attacks are on the rise, with attackers increasingly exploiting human trust and weak verification processes rather than technical vulnerabilities.

Source: Coin Bureau",69,39,1789202422,first-officer,Revolut
1we766s,Revolut leaked PII data of HN users,"They obviously are trying to bury the story for now. The users whose data got leaked received this email (in the image) from Revolut…another huge win for KYC, yay!",336,134,1789202346,DackNBills878,Revolut
1we4rl3,Hide Balance in notifications,"Please please please! I see this is still a thing in late 2026  
If i wanted to see my balance i open the app like any other banking app  
How do we get this problem the attention it deserves?",1,15,1789194156,itsmevit,Revolut
1we0y9n,Looking to sign up for Revolut,Hello! I live in Canada but have Portuguese citizenship. I have property in Portugal and need an account to pay bills. My residence for tax purposes is in Canada but I need an account that allows me to direct debit in Portugal. Can Revolut support me as a client?,0,2,1789182327,shadowt1tan,Revolut
1wdyof8,My card never ships out,"I have tried to order 3 different debit cards since I signed up for Revolut and none of them make it past ""shipping label created""

At first I thought it was because I'm in Hawaii but I changed the shipping to my Mother's house in Texas and I'm still experiencing the same thing. I reached out to support and they just told me to change the address and request another card...

Did anyone else have this problem and if so did you eventually get your card or did you have to reach out to support a few times? ",1,0,1789175815,Lazy-Plankton3879,Revolut
1wdsscv,"Revolut blocked £39,000","My account had funds restricted and account locked on 13/6/26 finally on 3/9/26 they have unrestricted the funds but I still can’t use the account. I am told my account is still under review and at the final stage with security review. 

I have asked them to let me move my money so I can close the account and they aren’t letting me.

I livechat and speak to 477474 different agents all with the same ai generated replies with no progress.

I have done 2 formal complaints with Revolut and offered £100 compensation but the account review is still happening so it doesn’t solve anything. And I have a case with the financial ombudsman.

I was hoping Revolut would see sense and just let me have my money back. 

Has anyone had to wait for so long after having their funds unrestricted before they could use them? ",0,31,1789160767,SavingsQueasy4159,Revolut
1wdna4t,Some moans (GB),"So.   
Firstly, I’m broadly happy with Revolut as my primary bank.   
However. 2 things have wound me up this week:

1. I got an email saying if I get my salary paid into my Revolut account, I get free Premium for a year.   
“Cool” I thought, “My salary’s paid into my joint account (where I do all my spending and pay all my bills from), happy days”.  
No.   
Smallprint (confirmed by support) means I have to move my salary into being paid into my sole account. Their solution to all my spending being from my joint account? ‘Salary Sorter’, which will immediately allow me to put 100% of my salary   
*checks notes*  
**Back into the account it was already mandated to.** 

2. Saving for something relatively small but specific. Using Spare Change to top up the savings account linked to it. Wanted to move any extra interest from ‘Main’ to ‘Small’ savings.   
App suggested ‘rules based’ transfers (based on balance) **but** only lets rules apply to Current accounts…  
Then I checked and I can’t even move money from one savings account to another manually?! I have to move it savings > current > savings. 

Basic functionality missing and silly promo rules are annoying.   
Rant over. ",0,2,1789148787,azerbaijanaman,Revolut
1wdn7m7,Revolut says I won my dispute but still won’t refund $333.29,"disputed **$333.29** for a [Booking.com](http://booking.com/) hotel that was closed.  
I initially requested the dispute, but Revolut support told me it **couldn’t be opened**. Days later, another agent explicitly checked my account and told me: **“You have no disputed transactions or active claims relating to Booking.”**  
That was false. The dispute had actually been active since August 25, and because of it **Booking couldn’t process the refund they had already approved**.  
Then the contradictions started: **1–3 business days, September 24, 30–60 days, Revolut Pay, Visa/Mastercard, case still under investigation.**  
Eventually Revolut confirmed in writing that Booking’s **15-day deadline expired on September 9 without a response, my dispute was decided in my favour, and no further decision was pending.**  
Their own Revolut Pay Buyer Protection terms say that if the merchant doesn’t respond within 15 days, **the claim is decided in the customer’s favour by default and Revolut refunds the customer.**  
Yet I still don’t have my $333.29.  
After hours of asking them to explain why their own 15-day rule wasn’t being applied, I lost my patience and used inappropriate language toward an agent. I accept that I shouldn’t have done that.  
Revolut then escalated **my chat behaviour for an account review** and told me they now can’t take further action on my refund until that review is completed.  
So Revolut gave me incorrect information about whether my dispute even existed, its active dispute blocked Booking’s direct refund, gave me multiple contradictory explanations, confirmed that **I won**, and I still don’t have the money.  
**Has anyone successfully taken a similar case through a formal complaint, regulator or Ombudsman? Did Revolut eventually refund and/or compensate you?**",5,5,1789148641,LorenzoB95,Revolut
1wdn7l0,Is this offer worth it or not?,I’m quite new to Revolut and I’m debating about it. Is the free trial worth it? ,10,25,1789148638,plutobug2468,Revolut
1wdn24k,Revolut PO Problem Solving & Case study interview,"I have a Problem Solving interview at Revolut in 2 days and I have no clue how to do the case study.

Am I cooked? I know how to be MECE (hopefully lol)

Will they give some graph or chart for me to read?

Also how would the interviewer magically have the answer to each one of my quesitons probing for data?

Any help is appreciated, or anyone else who is also as lost as me, lmk.",1,0,1789148319,Intelligent-Lemon-45,Revolut
1wdmw5s,New subscription for UK Metal Users,,32,9,1789147955,Endurum,Revolut
1wdmcff,Can you hide or change your name on the app without changing legal details,"I really do not want to see my legal name while using the app, is there a way to hide or change it without doing anything illegal",0,23,1789146756,Normal-Specialist-45,Revolut
1wdg2ro,Revolut business - £700 to share,"I have 5 referrals available for Business users - if you manage to complete all steps required I will split £700  
so we get £350 each  
DM Me.

Steps Below:

1.	⁠Sign up  
Create a Revolut Business account 

2.Pass eligibility and verification  
Prove eligibility and pass the business and personal verification checks

3. Order a physical card  
They can add it to Apple/Google Pay to start spending before it arrives

4. Add or receive money  
Via bank transfer or by receiving funds

5. Make min £60 worth of purchases  
Not including gambling transactions or transfers",1,1,1789132686,NC0916,Revolut
1wdcuju,Revolut - Work culture?,"**How is the work culture at Revolut?**

I’ve applied for a Strategy & Operations role at Revolut and have been hearing quite a few negative reviews about the work culture, workload and work-life balance.

Would love to hear from current/former employees about their actual experience, especially in India/Chennai.

Is it genuinely a high-pressure environment, or do the reviews make it sound worse than it is? And would you recommend Revolut as a place to build a career?

Looking for honest opinions - good or bad. Thanks!",1,0,1789123966,Outrageous_Sea_6585,Revolut
1wdcrhy,Income failed to be sorted automatically - partially sorted,"Today Revolut sent me a notification that it failed to automatically sort my income. How can i tell the REASON for that failure. It only shows a warning icon and the text ""partially sorted""

There is no apparent reason, target pockets are healthy and valid, and the amount of the income is well over what should've been sorted

How to find the REASON for this failure?",1,0,1789123698,Sure-Temporary-3873,Revolut
1wdcdus,Revolut is holding my P-Konto funds for 10+ days,"Revolut restricted my P-Konto funds at the beginning of the month – still unresolved after 10 days

(text formatted and translated by Ai)

TL;DR below  

I’m posting this here because most of the Revolut cases I see regarding account restrictions seem to be about people using personal accounts for business purposes. That is not what happened in my case.

I have a German P-Konto (protected account) with Revolut, and it had been working normally for a long time.

At the beginning of September, Revolut suddenly restricted €1,485.24 of my funds. The initial explanation from support was essentially that I had already used/spent too much money in the previous month and that the funds transferred from the previous month were therefore being held.

This is where I believe something went seriously wrong.

The funds concerned are protected funds on my P-Konto. The protected balance should normally become available again for the new month. I specifically explained to Revolut that I was not asking for a one-time release by an enforcement authority, but for the normal monthly availability of my protected P-Konto funds.

At that point, Revolut escalated the case to a specialised team.

Then things became even more confusing.

Revolut requested a “Discharge Letter” from my insolvency administrator. My insolvency administrator confirmed that the restriction was NOT caused by her and was NOT imposed as part of the insolvency proceedings.

She nevertheless provided the requested release because Revolut specifically asked for it, and she sent it directly to Revolut by email on September 1st.

Since then, I have repeatedly been told that the relevant team has received the documents and is reviewing my case.

Timeline:

\- September 1: Revolut said a specialised team would manually check the held funds and that this could take up to one business day.

\- September 1: My case was escalated and I was told it was actively being worked on.

\- September 4: Revolut confirmed that the document sent directly by my insolvency administrator would be reviewed and processed.

\- September 7: The Escalations Team confirmed that all necessary documents had been safely received and that the dedicated team was taking the required steps to restore the account and return the remaining funds.

\- September 8: Revolut again confirmed that all documents had been received and that the case was actively under review. I was told that no further action was required from me.

\- September 9: I followed up again and Revolut said the team had been asked to expedite the case.

\- September 10: Revolut's Escalations Team confirmed that their verification team had received the discharge letter and would proceed with the request. I was told that everything was expected to be finalised before my deadline.

Current situation:

I still have restricted funds.

Around €1,485.24 is restricted, while I currently have only around €200 available.

My rent is €553.24. My landlord has already issued a payment reminder and given me a deadline of September 16.

I have repeatedly provided everything Revolut requested, including the document sent directly by my insolvency administrator. Yet I still have no clear explanation as to what exactly is preventing the release of my own protected funds.

What makes this particularly frustrating is that my P-Konto had been working normally before this happened. I also don't understand why a separate “Discharge Letter” was suddenly necessary in the first place, when this appears to concern the normal monthly availability of protected P-Konto funds rather than a release ordered by the insolvency administrator.

I'm also concerned about whether this will happen again at the beginning of every month, requiring another manual review or another release.

Has anyone in Germany with a Revolut P-Konto experienced something similar?

And if so, how was it eventually resolved?

If Revolut cannot provide a concrete explanation and actually resolve this soon, I am considering filing a formal complaint with BaFin.

TL;DR:

Revolut restricted €1,485.24 of my protected funds at the beginning of September, apparently because they considered funds carried over from the previous month to be unavailable. I already had a functioning German P-Konto and this had never happened before.

Revolut then requested a “Discharge Letter” from my insolvency administrator, even though she confirmed that she had not caused or requested the restriction. She sent the requested release directly to Revolut on September 1.

Since then, Revolut has repeatedly confirmed that they received all necessary documents, but my funds are still restricted more than a week later. I currently only have around €200 available, my landlord has issued a €553.24 payment reminder, and Revolut still cannot tell me what is actually preventing the release.

I’m now considering filing a complaint with BaFin if Revolut cannot provide a concrete explanation and resolution.",2,7,1789122514,Timuuuu1,Revolut
1wd79om,Support not reachable,I think it’s time.. it had to happen at some point. But recently Revolut disabled the ability to talk to a real person. Now you can only ask there AI that can only answer questions.. really sad 😢 ,52,43,1789104945,Qeron2,Revolut
1wd0aw4,[IT] Under 18: Any way to get virtual or disposable cards compatible with Google Pay for mobility apps?,[removed],1,1,1789085150,Ok_Temperature_1635,Revolut
1wcypbb,From Poland to Canada,"Hello Everyone,

I’m a resident in Poland and a client of Revolut for a while now. The thing is that I’m planning a move to Canada in February 2027 and I rely a lot on my Revolut account for my daily needs and I’m also a Metal Plan member. 

Will I be able to keep my account and simply add a new Tax address and details ?

Thank you. ",1,4,1789081139,LittleStrangePiglet,Revolut
1wcv71p,"[EU] Account being closed despite seemingly normal transactions, any way to get a human review?","I've seen a few similar posts here, so apologies if this has already been discussed.

I don't use Revolut very often. I mainly use it to send small amounts of money to friends and family, since most of them have Revolut and the transfers are instant. I also occasionally use the virtual card for online purchases, particularly when buying from a platform I haven't used before, because I can keep a small balance/limit on it.

Revolut recently decided to close my account. I appealed the decision and provided payslips from the last three months and proof of income, but the decision apparently remains unchanged. They've given me until November to withdraw my remaining funds.

For context, my recent transactions were roughly:

**August**

* €19 sent to a family member
* Birthday decorations for my child purchased from Temu (first time using Temu)
* €10 received from a family member

**July**

* Car insurance
* €20 sent to a family member
* Car vignette

Going further back, I generally only had 2–3 transactions per month, mostly small transfers to/from family, usually under €40, plus occasional legitimate expenses such as insurance or random household purchases (for example, heating boiler spare parts).

I don't gamble, send crypto to external wallets, use unusual top-up methods, or deliberately do anything that I would expect to violate Revolut's terms. I also only top up small amounts from my main bank account when I actually need to use Revolut.

I'm not particularly concerned about losing access to the account financially, as I didn't keep much money there. What I'll miss is having a quick way to send money to family and having a virtual card available for occasional online purchases.

**My questions are:**

1. Is there any way to escalate the account closure appeal and have it reviewed by a human, rather than going through the chatbot? Has anyone successfully done this?
2. Are there any alternative services that offer a similar virtual/online card feature and work well for occasional transfers to friends and family?
3. If you've had a similar experience, were you ever able to find out what triggered the closure?

I understand that Revolut operates at a huge scale and that automated systems are inevitably involved. I'm mainly trying to figure out whether there's any realistic way to get a manual review before I give up on the account.

Thanks in advance for any advice.",9,10,1789072867,Keekr34,Revolut
1wcul9o,Revolut — €40 total,"New to Revolut?

You can get:  
• €20 from Revolut  
• €20 from me

Requirements: sign up through, add money, make 3 purchases of €5+ each, and order a physical card.

DM me if you want.",1,1,1789071534,ZenkoWatch,Revolut
1wcufca,My experience with Revolut and a German P-Konto – why I would not use it as my main bank,"I want to share my experience with Revolut because I think anyone considering using it as their main bank in Germany should know what can happen when a serious problem occurs.

I have a **German P-Konto (Pfändungsschutzkonto)** with Revolut. For anyone outside Germany: this is a bank account with statutory garnishment protection under German law. The relevant rules are set out in the German **Zivilprozessordnung (ZPO), including §§ 899 and 900 ZPO**. The purpose of a P-Konto is to protect a legally defined amount of money from garnishment and ensure that protected funds remain available to the account holder according to German law.

Since August, Revolut has restricted access to funds on my account. The issue continued into September, and today is **September 10, 2026**. I have repeatedly contacted support, explained the situation, provided the relevant information and made it clear that I depend on this money for basic living expenses. Nevertheless, I am still dealing with the issue.

What has frustrated me most is the handling by customer support. I have spoken to multiple agents, repeatedly explained the same situation, been told that the case was escalated or passed to a specialised team, and then been asked to wait again. What I have not received is a clear explanation of exactly why the funds remain restricted, what legal basis Revolut is relying on, and when the matter will finally be resolved.

This experience has completely changed the way I view Revolut. When everything works, the app is convenient, transfers are fast and the features are useful. But a bank should also be judged by what happens when there is a serious problem involving access to money. In my case, resolving such a problem has been extremely difficult.

The matter has now reached the point where I have started escalating it outside Revolut as well, including seeking legal assistance and filing formal complaints with the relevant authorities. I never expected that dealing with access to funds on a German P-Konto would require this level of effort.

Of course, many people may have used Revolut for years without any problems. I can only describe my own experience. Based on that experience, however, I would **not use Revolut as my only or primary bank account**, and I would not keep all of the money I depend on there. I would be particularly cautious about relying on Revolut for a German **Pfändungsschutzkonto (P-Konto)**.

Once my current case is fully resolved, I intend to close my account. My advice to others is simple: **always have a second bank account and think carefully before using Revolut for money you depend on for your everyday living expenses.**",8,10,1789071179,Own_Landscape_2895,Revolut
1wcszd7,Para quien se esté planteando abrirse Revolut: hay 70€ de regalo para nuevos usuarios (hasta el 15 sept),,1,1,1789068050,Frequent-Silver-8803,Revolut
1wcssiv,Phone number may be linked to a previous Revolut account,"I’m a new US Revolut user, and my current US phone number may be a recycled number that’s still linked to a previous Revolut account.



When I select Create account, I immediately get “Authentication attempt failed.” But if I select Log in, it asks for a passcode I’ve never set up.



I’ve already emailed [support@revolut.com](mailto:support@revolut.com), and I can provide proof of number ownership from my carrier, RedPocket, if needed. Has anyone dealt with this, or know the best way to get the number unlinked?",1,0,1789067647,GawainT,Revolut
1wcp3qk,Revolut & Paypal,"I’ve got a business with two other guys - we have a revolut business account, and a PayPal. 

We use PayPal to bill costumers, when costumers prefers this payment method.   
And then transfer from PayPal to revolut. 

In the start we used our private accounts for this, as we wasn’t making money enough to create the business.   
They then closed our accounts - which we accepted, as they wanted us to create a business account, we couldn’t do that in the start, as in our country, we need to hit a certain amount on revenue to start a business. 

But now, they are holding back 9.500€ on our business account, which is obviously a very big amount for a small business.   
We’ve documented the money, but everything keeps on being a hassle with them. 

Really can’t recommend Revolut anymore, and have moved privately and business accounts to Wise. 

Anyone can recommend anything better then Revolut for business accounts? ",5,5,1789059922,xzoegodx,Revolut
1wco0z4,Seriously? Why am I paying for metal plan if I am treated as if I don’t know what I am doing with my money?,"Algorithm flagged my transfer to my bank as “potential scam” and limited my transfers for 24 hours. I have a closing in 1 month and I’m paying cash, yet I have to wait because every transaction is suspicious for them. Support does not know a thing either and keeps asking if someone or a bank is telling me to make the transaction, or install an app. No bro, who do you think I am? I am well aware of what I am doing with my money. Really hoping to change to some company that actually cares about their customers and the customer supports know what they’re doing.",207,174,1789057598,ruiru39,Revolut
1wclng5,Fee free exchange reset,"Hi, any idea if there is also a specific time for the fee free exchange reset? It clearly says today, but my limit is still reached. I need to pay something today! ",2,3,1789052410,DaXXXiK,Revolut
1wclbik,Revolut closing my investment account saying im a US person??,,2,7,1789051675,Tsaikoboy,Revolut
1wckiwt,Virement retardé depuis un mois,"Bonjour, j'ai effectué plusieurs virement instantané pour l'achat d'une voiture a une personne ayant un compte révolut le 1er virement de 250€ aucun soucis

Le 2eme virement de 1125€ aucun soucis

Mais le 3ème virement de 1125€ jamais reçu et quand me destinataire va sur son compte revolut le virement est marqué comme ""retardé"" il n'arrive pas a voir un humain dans le chat pour débloquer la situation et moi non-plus, jai donc contacter ma banque me Crédit agricole qui me confirme et m'atteste que le virement est bien chez revolut...

Des idées ?

Merci d'avance ",1,1,1789049881,kevin89000,Revolut
1wcifrw,Problem Solving Interview - Revolut,"Hi everyone!

I have an upcoming **Problem Solving interview at Revolut** and I’d love to hear from anyone who has gone through the process recently.

What kind of **questions, case studies, or problems** do they typically ask during this interview?

Thanks!",1,3,1789044957,deia6292,Revolut
1wchwy6,My (negative) experience with Revolut’s “Sign‑Up Bonus” promotion in 2026 – Personal account,"I’d like to share my experience with Revolut’s bonus programme because I’m hoping to get an objective view of the situation, and maybe other users have faced similar issues.

I signed up for Revolut through Finanzfluss, where a €20 welcome bonus was advertised. The conditions were clearly stated, and I fulfilled them completely - in fact, I even exceeded them. I made more than the required payments, provided my correct phone number, and waited longer than the advertised three days in which the bonus was supposed to be credited.

Despite this, no payout was made.

I then contacted Revolut’s support. They confirmed that I had met all the requirements - but told me that no bonus programme was linked to my account. This honestly surprised me, because I registered through the official Finanzfluss page, using the same browser, the same phone number, and without any deviations.

Instead of a solution, I was told that the bonus might be credited “by the end of the promotional period on 31 December 2026”. This clearly contradicts the advertised promise of a three‑day payout. To me, this doesn’t feel like a technical issue but rather a breach of the stated conditions.

What frustrates me even more is that I already ordered a Visa card, which wasn’t free. I had mentally offset this cost with the expected bonus. Now I’m left without the bonus, with a paid card, and with the feeling that the promotion wasn’t implemented properly.

I’m generally understanding when technical problems occur or processes get stuck. But in this case, I did everything correctly, and still the bonus wasn’t credited. For me, this is a poor start and makes me question the reliability of the offer.

For this reason, I will close my Revolut account again. If the very first step – a simple bonus programme – doesn’t work reliably, I have little confidence in the rest of the processes.

I would be interested to know whether others have had similar experiences or whether there are cases where the bonus was eventually paid out later. I’d also be open to publishing a joint account with other affected users on independent consumer or finance platforms.

Thank you!!",3,15,1789043625,FairUse_Finance,Revolut
1wchqso,"Meine (negative) Erfahrung mit der ""Anmeldebonus""-Aktion bei Revolut 2026","**Persönlicher Erfahrungsbericht**

Ich möchte hier meine Erfahrung mit dem Revolut‑Bonusprogramm teilen, weil ich mir ein objektives Bild von der Situation erhoffe und vielleicht andere Nutzer ähnliche Probleme hatten.

Ich habe mich über Finanzfluss bei Revolut angemeldet, da dort ein **20‑€‑Neukundenbonus** beworben wurde. Die Bedingungen waren klar formuliert, und ich habe sie **vollständig und sogar übererfüllt**: Ich habe mehr als die geforderten Zahlungen durchgeführt, meine Telefonnummer korrekt angegeben und sogar länger gewartet als die angegebenen drei Tage, innerhalb derer die Gutschrift erfolgen sollte.

Trotzdem ist **keine Auszahlung erfolgt**.

Daraufhin habe ich den Revolut‑Support kontaktiert. Dort wurde mir bestätigt, dass ich **alle Bedingungen erfüllt** habe – allerdings sei bei meinem Konto **kein Bonusprogramm hinterlegt**. Das hat mich ehrlich gesagt überrascht, denn ich habe mich über den offiziellen Finanzfluss-Seite angemeldet, mit **dem gleichen Browser**, **der gleichen Telefonnummer** und ohne irgendwelche Abweichungen.

Statt einer Lösung wurde ich dann damit vertröstet, dass die Gutschrift „bis zum Ende des Aktionszeitraums am 31.12.2026“ dauern könne. Das widerspricht jedoch klar der Bewerbung, die explizit von **3 Tagen** spricht. Für mich wirkt das nicht wie ein technisches Problem, sondern wie ein Bruch der eigenen Bedingungen.

Besonders ärgerlich ist für mich, dass ich bereits eine **Visa‑Karte bestellt habe**, die **nicht kostenlos** war. Gedanklich hatte ich diese Ausgabe mit dem Bonus verrechnet. Jetzt stehe ich ohne Bonus da, mit einer kostenpflichtigen Karte und dem Gefühl, dass das Angebot nicht sauber umgesetzt wurde.

Ich bin grundsätzlich verständnisvoll, wenn technische Fehler auftreten oder Prozesse mal haken. Aber hier habe ich alles korrekt gemacht, und trotzdem wird mir der Bonus nicht gutgeschrieben. Das ist für mich ein **schlechter Start** und lässt mich an der **Vertrauenswürdigkeit** des Angebots zweifeln.

Aus diesem Grund werde ich mein Revolut‑Konto wieder löschen. Wenn schon der erste Schritt - ein einfaches Bonusprogramm - nicht zuverlässig funktioniert, habe ich wenig Vertrauen in die restlichen Prozesse.

Ich würde gerne wissen, ob andere ähnliche Erfahrungen gemacht haben oder ob es tatsächlich Fälle gibt, in denen der Bonus später doch noch gutgeschrieben wurde, ich wäre auch bereit mit anderen betroffenen Nutzer einen gemeinsamen Erfahrungsbericht z. B. auf unabhängigen Verbraucher- und Finanzportalen zu veröffentlichen. ",1,1,1789043175,FairUse_Finance,Revolut
1wchoi1,Anyone else received a monthly statement email today? Can it be disabled?,"Hi guys,  
I just received an email from Revolut saying my latest account statement is ready. I’ve never gotten these via email before.  
Did anyone else get this today? And is there a way to disable these monthly statement emails? I don't want an email every month for this.  
Thanks!",0,2,1789043005,Effective_Air5564,Revolut
1wch3au,[DE] Revolut Rejected My Dispute for Months – What Can I Do?,"Hi everyone,  
I’m looking for advice because I feel like I’ve run out of options.  
A few months ago, I used my **Revolut** card through Apple Pay to make several payments to an online broker. The funds were never credited to my account, and later I lost access to the account and the broker stopped responding to me.  
Since then, I’ve contacted Revolut support multiple times and opened several disputes, but every one has been declined. I still have proof of the payments and proof that I can’t access the broker account anymore, but I don’t know what else I can provide.  
It’s now been almost 2–3 months, and losing this money had a real impact on me. I even had to work overtime to cover bills because the money I lost was money I needed.  
Has anyone had a similar experience with Revolut? Is there any way to have a case reviewed again, or should I make a formal complaint instead?  
Any advice would be greatly appreciated. Thank you.",2,27,1789041468,Capable-Employee-482,Revolut
1wcgigo,[DE]Need advice about a card dispute,"Hi everyone,

I’m hoping someone can point me in the right direction.

I used my card to pay for an online service, but I never received what I paid for. The company has stopped responding, and I can no longer access my account.

I contacted my bank and opened a dispute, but it was declined. I still have proof of the payments and proof that I can’t access the account anymore.

Has anyone been in a similar situation? What kind of evidence helped you get your dispute reviewed or resolved?

Any advice would be appreciated. Thanks!

",0,13,1789039792,Capable-Employee-482,Revolut
1wcgd2d,@NStoronsky hey stronzo CEO OF REVOLUT Give me my money back !!!!,@NStoronsky hey stronzo CEO OF REVOLUT Give me my money back !!!! Binance is lightyears ahead of you and your support is full of shit!  You are AI slopping me pages of things you do right instead of doing your fucking job and implementing a solution for a f…ing UX issue trash scam company @phantom wallet caused.  I am sick of your paragraph language just do your  f…ing job. F…. your correct procedure you didn’t do a shit of intention helping me somehow. Your AI slop support is full of shit and the case has been dropped from day one u  f…face . Binance support owns you. I hope you trash company never gets a banking license,1,1,1789039343,Artistic_Arachnid855,Revolut
1wcgci3,[DE] Need advice on a Revolut card dispute,[removed],1,1,1789039298,InterviewThat7631,Revolut
1wcgart,[NO] Risk of frozen money,[removed],1,1,1789039158,Traditional_Yard_383,Revolut
1wcg8nd,Revolut referall payout timeframe,[removed],1,0,1789038981,Sorry_Discussion3824,Revolut
1wcg3qv,[DE] Need Help: Revolut Won’t Refund My Broker Deposit,[removed],1,1,1789038577,InterviewThat7631,Revolut
1wcezi7,Working at Revolut,"Hi everyone,  
I have an interview coming up for a FinCrime role at Revolut, and I was actually really excited about the opportunity.  
However, I started looking at employee reviews and some of what I read was pretty concerning — especially around management, workload, work-life balance and the general culture. Now I’m honestly a bit scared. 😅  
I’d love to hear from people who currently work or have worked in FinCrime at Revolut.  
Are the negative reviews representative of what it’s actually like, or are there also good experiences that just don’t show up as much online?",22,22,1789035097,Illustrious-Engine30,Revolut
1wcenia,"My Pro account verification has been stuck in a ""timeloop""  I've now met 5 different ""case owners"" who all ask the exact same thing.","I have a funny (?) storry for you.   
  
I run a small Slovak sole proprietorship (living in Germany, business registered in Slovakia . conform to Pro Account requirements, Revolut approved).   
Someday Revolut App requested to hand in additional company information. No problem, I have everything....This is what I was thinking.

Since then I've submitted my trade registration, an official invoice to my customer, and my website. I think, 4 times...5 times? Honestly I've lost count.   
At this point I could recite my own tax number in my sleep.

The real highlight, though, is the rotating support staff, each one arriving like a knight in shining armor since over a week:

* Agent 1: ""This isn't right, let me personally take ownership of your case!""
* Agent  2: ""I'm escalating this to our specialist team!""
* Agent  3 (a few hours later): ""Could you please confirm whether you're a trader or freelancer and submit a trade license or tax number document?"" (Sir, I sent that. Twice. To your colleagues.)
* Agent  4: ""I am a real human"" (unprompted, which somehow made it less convincing)

Meanwhile, an actual client payment of €X,XXX got bounced back because my account is temporarily restricted...  
Yes, it is restricted by the verification that keeps restarting itself every time someone new picks up my case.

I've now missed a mortgage payment because of this, and had to inform all my customers about the situation. Their reaction was basically....what??

Has anyone else been stuck in this timeloop and jumped out somehow?  
  
At this point I'm really curious whether there is an actual human at the end, or if it is agents all the way down.   
But, honestly, the ""agents"" genuinely feel human.   
Fascinating how good this AI stuff has gotten.",2,1,1789034003,Delicious_Stage8623,Revolut
1wceiun,Revolut Salary negotiation,"I gave an interview at Revolut for a strategy and operations manager role, and the whole process went through. There were two rounds of interviews, and everything happened. I cleared the interview, and then they sent a mail regarding what the salary structure will look like. This was relatively lower than what they had initially said, so I reverted to the mail, asking if this is lower than what we had discussed earlier and if there is room for improvement, or what the actual structure will look like.

It's been around a week, and they haven't responded to the text yet. I reverted two days ago, but still no response from them. Is it normal for Revolut to reply late, even when the interview has been cleared and salary negotiation is happening? Any idea how much time they normally take? ",1,8,1789033585,ConsiderationSoft350,Revolut
1wcehsj,Coming over from revolut jr,"I'm trying to migrate my jr account to a revolut account but I'm stuck in a loop of verify my email from the account that they already recognize. I get sent the email,I click verify and it brings me back to the initial page to send the verification email",1,0,1789033495,AromaticAppeal4971,Revolut
1wcd8c8,[GB] Help! I can not login to my Revolut Business account anymore...,"I have been a revolut customer for over a year. I have started using my revolut business account more lately as I am finally getting paid (consultant).

I have cross border business. My revolut account is in UK, but I live in Germany. I also am FROM the USA so i transfer money to my USA banking occasionally. All of that should not be a problem for a business account.

I recently switched from windows to linux and i used the desktop app more than the mobile one.

Normally when I transfer my rent/cost of living and it normally asks me to verify in the revolut app - easy peasy.

Today however, it asked me to take a selfie. Thats new. So i took one. After that it logged me out on desktop (apparently it doesnt like the cut of my jib, eh?) So i tried again, a few times. Still doesnt let me complete the transfer.

So i tried on my mobile app instead of desktop. Now it logged me out of the mobile app and I cant log back in. 

When it asks for a password i try my passcode but it doesnt work, i guess i need to enter a password, but i dont remember doing that before - tried all of my usual passwords and none of them work. So now i'm locked out of my bank account on both app and web. 

The frustrating part (beyond the above), is I cant find any way to contact support when logged out. All the support options require you to log in to the app, but i cant log in. Soooo now what?",0,3,1789029214,Haitsmelol,Revolut
1wcd7hn,"Revolut Ultra’s ""Trip Cancellation"" insurance is a completely useless loophole trap (Qover)","I pay for Revolut Ultra mainly for the travel insurance and those ""cancel for any reason"" benefits, but I just got hit with a ridiculous claim denial and wanted to warn everyone to check the fine print.

Here’s the deal:

My wife and I were on a multi-country trip when we got the news that her mother was diagnosed with cancer. We booked a separate, emergency flight for my wife from Serbia to St. Petersburg just in case, but after we managed to stabilize the situation remotely, we didn't need it anymore and I cancelled the ticket.

I filed a claim with Qover for that flight, and they denied it.

Their excuse is a massive loophole: because I hit ""cancel"" while we were already abroad, they claim our ""trip was in progress."" They refused to count the emergency flight as a separate booking. They argued that because we were already away from home, it should be a ""Trip Interruption"" claim but that doesn't cover cancelling just because an emergency was resolved.

So, since I was technically out of the country when I cancelled, they’re keeping the money.

If you’re paying for Ultra for peace of mind, don't count on it. They’ll hide behind technicalities about your ""trip starting and ending at your primary residence"" to deny legitimate claims if the timing doesn't fit their narrow rules.

There’s no human logic there, just corporate tactics to avoid paying out. Don't rely on Qover.",72,50,1789029130,Severe_Tension3284,Revolut
1wcbrcn,How long it took Revolut to process your chargeback?,"I know that they have the right to process it within a few weeks. But when I filed for the chargeback, Revolut did not send me any sort of confirmation. So I have no idea whether I'm supposed to wait for weeks to get nothing, or try a different way. The useless AI chat just told me, ""I guess we have it, but here is the  linkwhere you can file it again."" So once again, no information. I've filed it three times and have zero information about the process — not even in the in-app transactions is there anything. ",1,5,1789024066,Successful_Deer_209,Revolut
1wcb45w,Changing country after upgrading plan,"Hello,

I recently upgraded to metal yearly plan and it turns out I need to relocate to Ireland in next couple of months. I am past the 14 days trial period and wasn't aware that I need to close my current account and if required open a new one.

I had a look at the faqs and it doesn't cover the situation of closing accounts and what happens to the yearly plan.

Anyone here has any ideas or suggestions or if I am out of 140 euros? ",1,4,1789021940,DirtGoosePup,Revolut
1wc9m04,"I'm planning on buying a motorbike in Colombia next week, from my revolut, into his Colombian bank for roughly £6k.",I plan on doing an international transfer to the seller. How long would the transfer take? Has anyone had any experiences doing international transfers or has any advice for what would speed up the process? As I don't want to be sitting around waiting to get the motorbike,0,16,1789017149,Glum-Background-9172,Revolut
1wc95aq,Is it worth to pay for ultra for the interest alone? (200k euro),I have around 200k euro on revolut and thinking about getting the ultra plan. Would it repay the 55 euro cost compared to using saving accounts in a lower plan?,0,26,1789015755,Different_Prune_8613,Revolut
1wc2ifm,"ID Card Scan, blurry photo","Hello,

I'm running into a problem during the identity verification step while creating my Revolut account.  
I need to scan my ID card using my phone's camera. When I position my card within the frame provided in the app, the photo automatically comes out blurry! And if I move the camera further away from the card, the photo is sharper, but the app won't accept the scan and I can't validate my identity.

I think this might be an issue with my phone, which is an iPhone 16 Pro. I haven't found any solution online, so I'm reaching out to you 🙏",1,0,1788997749,Unusual_Pitch_7537,Revolut
1wbyldy,Revolut is offering €95 for ref freelancers?? – has anyone actually got paid?,"Yesterday this campaign popped up in my Revolut app: €95 if I refer freelancers. €60 per person plus €35 extra if that person opens Revolut Pro. Maximum 10, deadline around mid-September.  
I use Revolut myself and really like the account. These kinds of campaigns are just always a bit of an awkward topic, especially if you say anything about them publicly. I don’t want it to look like I’m collecting people for a commission.  
At the same time: if only two or three people from my circle actually go through with it, the effort would already have been worth it. I don’t need more than that for now.  
Has anyone already done this and actually got paid? How strict are the conditions? Do the people you refer have to prove that they’re self-employed, or is opening an account plus Pro enough? And is Revolut Pro even worth it besides the bonus?",0,1,1788988521,Realistic_Pin_5285,Revolut
1wbui7z,New revolut account after closing one account?,"Hi all, my current revolut account is based on my residence permit from the Netherlands which will expire in December. I am already in Germany, and I want to change my address but I have to create a whole new account. Anyone who has been through this proess of closing one account and creating a new one, how long does it take? I can not get my first salary until this is sorted...",0,8,1788979839,Dry-Standard-4170,Revolut
1wbtvz3,Peut-on faire une demande de titre de séjour avec Revolut ? Can you apply for titre de sejour using revolut,"Salut, c'est ma première année en France et je souhaite demander un titre de séjour (carte de séjour temporaire) en l'utilisant. Est-ce possible ? Ou dois-je utiliser une banque physique ? (J'ai un IBAN français puisque Revolut a une succursale en France)

  
hey this is my first year here in france and I want to apply for titre de sejour ( temporary residency card) using it . is it possible ? or do I have to use phsyical bank ( I have french IBAN since revolut have french branch )",0,6,1788978556,ConsistentBug5,Revolut
1wbpl1p,Did they remove a bunch of lounges from ultra?,Just went today to an airport lounge 3 hours before the flight to get some work done and apparently they just removed the lounge. ,10,23,1788969468,iamreddy44,Revolut
1wbnmf1,Anyone looking to open a Revolut Business account?,"Bit of a random one, but if anyone here owns a business and was already looking at opening a Revolut Business account, I’ve got an offer where we can both benefit.

I get £200 once all the required steps are completed, and I’m happy to split it 50/50 — so I’ll send you £100 once it comes through.

Has to be a new Revolut Business customer and you’ll obviously need to complete the requirements.

Drop me a message if interested 👍",0,2,1788965162,donofdeanist,Revolut
1wbn2op,[DE] Revolut Transfer issue,DE My friend tried paying to my revolut account from her German bank account. I recieved the small amount immediately but the next bigger amount isnt credited yet. Never faced this witu revolut. Can anyone help me with their experience?,3,25,1788963900,Major_Song4381,Revolut
1wblvuw,Are paid lessons periodically or just to make you start?,"So I was kinda curious about trading in general and I saw that revolut has cryptos, and it also has quick lessons that give about 1-3€ and I mean, it's not much but it's free money, my question is, do they come out periodically? Like should I check it out every once in awhile or it's just a couple lessons to get you started",1,1,1788961154,Gioelius_Black,Revolut
1wbkpuf,Fuck Revolut.,,0,25,1788958294,Artistic_Arachnid855,Revolut
1wbkmyp,https://x.com/rizhallamaxxing/status/2097660881031028838?s=46,Fuck revolut ,1,1,1788958080,Artistic_Arachnid855,Revolut
1wbkkuk,[US] Day 6 my $500 is still gone and still no resolution,"I opened a case directly with Revolut through their support chat, asking them to investigate why I deposited $500 cash at Walgreens and still don’t have my funds almost a week later.

This isn’t a vacation — I was planning a trip abroad to see sick family, and that cash was meant to be what I lived on while I was there. Because of this, **I may not be able to make the trip at all.**

Nearly a week later, I’m no closer to my money than I was on day one. I’ve been exactly as cooperative and exact as they’ve asked — receipts, RFN, dates, everything — and I’m still stuck.

If you’re using Revolut’s Add Cash at a retail location: watch the cashier like a hawk. If they swipe your card instead of scanning the app barcode, that transaction can vanish into a “resolution” process — and you may not get your money back in time for whatever you needed it for.",3,2,1788957928,General-Noise-9068,Revolut
1wbjt99,Anyone not using their Lovable benefit?,"I’ve already used up my own Lovable promotion and was wondering if anyone here has one they’re not planning to use? 🥹

I use Lovable a lot so mine disappeared way too quickly lol. If yours is just sitting there unused and you could share it, I’d seriously appreciate it so so much 🙏",1,1,1788955852,Sharp-Many7739,Revolut
1wbjq3g,Is Revolut's scanner completely broken for EPC QR / Girocodes? (Works fine on N26),"Hey everyone,  
Is anyone else having trouble getting Revolut to scan standard European EPC QR (Girocodes) on invoices?

  
Whenever I try to scan a pay QR using the scanner in the Revolut app, it either fails to detect it entirely or throws an error. Meanwhile, if I open N26 and point it at the exact same QR, it parses it instantly and fills in the IBAN, recipient name, reference, and amount without any issues.

  
Am I doing something wrong in the Revolut app, or is their parser just notoriously picky/broken for standard SEPA Girocods? I'm using the latest app version and scanning via *Payments* \-> *+* \->‭‬ *QR Co*.

  
Has anyone found a reliable workaround for this, or is N26 just fundamentally better at handling DACH/European invoice? Thanks!",1,0,1788955611,BlackBird11Fox,Revolut
1wbjnyr,Anyone not using their Lovable promotion? 🥹,"If anyone has the Lovable promotion and isn’t planning to use it, I’d happily take it 🥹🙏

Would appreciate it so so much!!",1,1,1788955445,Sharp-Many7739,Revolut
1wbhx08,Where can I see the status of the chargeback?,"I just got the confirmation and thats it, not even an e-mail. There is no info located at the fraudulent payment .  ",1,2,1788950200,figureout07,Revolut
1we8rkb,⚠️ ALERT: Revolut data breach,"⚠️ ALERT: Revolut falls for a FAKE government request, exposing sensitive personal information of customers in a disturbing data breach.

Revolut disclosed that it complied with a fraudulent government request using a spoofed official email and valid credentials, exposing PII belonging to a group of customers.

The leaked data reportedly includes passports/driving licences, verification selfies, names, DOBs, occupations, home addresses, emails, phone numbers, IBANs, account statements and full transaction histories, including Bitcoin activity.

No customer funds were reportedly lost and Revolut says its systems were not hacked. 

The company has notified affected users and regulators and blocked the source.

Social-engineering attacks are on the rise, with attackers increasingly exploiting human trust and weak verification processes rather than technical vulnerabilities.

Source: Coin Bureau",1,0,1789208026,first-officer,fintech
1w5vq3n,What a self-custody stablecoin card can't earn on,"Spent last week digging into a few of the self-custody card programs after a friend at a stablecoin issuer asked why ""our margins look nothing like Chime's."" Wrote up what I found for our team, posting here because I don't see this discussed much outside the crypto side.  
A normal debit card program earns money from three main lines: interchange share (paid by the merchant's acquirer to the issuer), FX markup on cross-border transactions, and yield on customer balances sitting in the issuer's ledger. The mix varies by program. Chime and Cash App lean on Durbin-exempt interchange, Wise and Revolut on FX, traditional banks on the deposit spread.

A self-custody stablecoin card can't touch any of the three cleanly.  
Yield on balances is gone by design. The whole point is that the stablecoin sits in the user's own wallet or smart contract account until the moment of authorization, so the issuer never earns on it. Gnosis Pay's Safe-based model and MetaMask Card's Baanx-Mastercard-Linea rails both work this way. The stables get pulled at auth time and converted at settlement. There are hybrids like ether.fi Cash where the user's collateral stays staked and the card runs off a short-term credit line against it, but that's a different product with a different risk shape.  
FX markup is compressed by transparency. The settlement partner (Baanx, Rain, or an in-house treasury) sets the stable-to-fiat quote, and users notice quickly when the effective rate drifts from the Visa or Mastercard network reference by more than a few tenths. Every category review page now lists the spread over network reference, and Coinbase Card runs 0% on USDC spend partly because they'd take real churn if they hid margin here.

That leaves interchange, which is where the regional split actually matters.

US signature debit on a Durbin-exempt BIN blends around 120 to 160 basis points on typical consumer programs, of which the fintech program manager keeps most after the sponsor bank and processor take their share. Regulated large-bank debit is capped at 21 cents plus 5 basis points per transaction, so around 22 to 24 cents on an average purchase. EU debit under the interchange regulation is capped at 0.20% for consumer transactions. UK domestic is the same 0.20% under the UK IFR that was retained after Brexit.  
If you're a self-custody card issuer with no meaningful balance yield and no FX margin, and you're launching in the EU, you have essentially no revenue line worth talking about. Which is why the EU-focused programs lean on annual card fees, top-up fees, or cashback funded in native tokens where the accounting is more flexible. Gnosis Pay pays up to 5% in GNO, Bleap pays USDC cashback that varies by merchant with headline rates that only trigger at a narrow set of MCCs. The former is priced in a volatile asset that trades against the treasury's own token, the latter is a pass-through rebate funded by whatever the BIN sponsor deal actually gives them.

US programs get more room, and the Coinbase Card case is worth its own line. Coinbase runs the card at 0% on USDC spend and still works economically because Coinbase captures 100% of the reserve interest income on USDC held on its platform under its distribution deal with Circle, which just got renewed through 2029 on unchanged terms. The card is a funnel that keeps USDC on-platform. MetaMask Card's Metal tier at $199 a year is a different logic: it lifts base cashback and drops the 1% FX fee, and that $199 is where the upper-tier margin actually lives.  
The reward-token model is its own thing. When a program pays cashback in its native token, the accounting sits somewhere between marketing spend and share-based comp. It doesn't hit the settlement P&L the way a stablecoin rebate does. Which is fine right up until users start selling the reward token faster than the treasury can buy it back, at which point the cashback rate has to come down or the token has to be subsidized.  
The thing I keep circling back to is that this shapes launch order. Self-custody cards go live in EU/UK first because the compliance is workable, then follow with US only when they can find a program manager that shares interchange at a rate that clears their costs. APAC is the interesting gap. Interchange caps are generally higher there, but licensing is fragmented enough that most self-custody issuers haven't tried to enter systematically, and the ones that have are working on account-abstraction wallet UX to get past the seed-phrase onboarding step that kills conversion on any non-crypto-native user.

Still stuck on whether the reward-token model can survive one full cycle. Everyone launched their program during a period of net token appreciation, so it hasn't been tested against a real drawdown.",2,3,1788405210,Gladys_Brock,fintech
1vte03c,"Three B2B AI-spend launches this summer, but the consumer side is only moving in stablecoin cards","Been watching AI-related payment product launches through the summer and something looks off. In the last two months, three fintechs shipped B2B products that explicitly treat AI as a distinct payment surface. Mastercard launched Agent Pay for Machines on June 10, machine-to-machine payment rails supporting cards, accounts and stablecoins so AI agents can transact continuously. Ramp shipped AI Token Spend Management on July 16, aggregating token usage and subscription spend across Anthropic, OpenAI, Gemini and Cursor into one finance dashboard, which they built with 1,300+ businesses managing 100T+ tokens a month. The headline number was AI token spend across their customer base up over 20x since June 2025, which they're calling the fastest-growing line item in their book. Mercury shipped Spend on August 11 with a new class of virtual cards designed to be handed to AI agents for autonomous purchasing within human-set policies.

All three are B2B or agent-side. If you look at the equivalent consumer trend, individuals stacking five to eight paid AI subscriptions on personal cards, no mainstream neobank has shipped a product explicitly built for it. It's not like the demand isn't there. PNC's data has about 2.2% of US households paying for generative AI at an average of $31/month, with the number of paying households up around 155% year-over-year. Consumer Edge tracked Claude paid users at roughly $63/month average, about 3x the OpenAI average. Multiple pricing calculators peg a typical power user at $70 to $110 a month across three to five subscriptions.

Cash App, Revolut, Chase and the rest handle these subs the way they handle any subscription, which is by not treating them as a category at all. Rocket Money and other aggregators do subscription visibility but don't sit in the transaction path. The one consumer product surface where AI-spend is being treated as its own segment is, weirdly, self-custody stablecoin cards. Bleap ships explicit cashback tiers with the top rate (20%) applied to a named list of streaming, gaming and AI subscriptions, Claude included by name. Plasma One (issued on Rain's Visa program) pays 5% cashback on the first $250/month of AI-labeled spend plus a standalone $8/month ChatGPT rebate as a separate line item. A low-cost multi-chain option in the same space added a $1/month account fee starting in August that wasn't there before and simultaneously started marketing AI-subscription payment support explicitly. Small individually, but read together it looks like segment-specific product economics rather than the flat zero-fee acquisition posture that defined this space through 2024.

The reason it's happening here first rather than at a mainstream neobank probably comes down to customer overlap. The stablecoin card user base skews earlier than the general population on AI subscription adoption, so it was already AI-heavy before the broader consumer market caught up. The bigger consumer neobanks are still oriented around groceries, transit and streaming, and reworking category schemes for a segment that's still under 3% of households doesn't survive product prioritization.

Whether this stays niche or becomes a mainstream product wedge probably turns on whether AI subscription spend keeps compounding at its current rate. If PNC's 2.2% doubles or triples over the next 18 months, mainstream neobanks start facing an obvious opportunity cost on not shipping a category-native card. If it plateaus around 3 to 5% of households, Rocket Money-style visibility is probably enough.

Open question for fintech PM roles here who've actually looked at this. Does consumer AI-subscription payment read like a real product wedge, or a subcategory of the general subscription-bloat problem that already has coverage. Curious if the internal case has been made at any mainstream neobank and rejected, or if it hasn't been seriously scoped yet.",1,1,1787216078,Rosa-Starks,fintech
1vqm00k,Financial Institutions Chatbots are still struggling: How can we fix it?,"*To recall a voter’s name is statesmanship. To forget it is oblivion.”*  
*And the ability to remember names is almost as important in business and social contacts as it is in politics. Dale Carnegie: How to Win Friend and Influence People*



# Part One the Problem:

The era of the intent-based chatbot is over. The days of sitting in front of an IBM Watson-style bot, waiting for a human agent to reply and tell you whether you qualify for a loan or an overdraft 90 minutes later are gone. Users are now expecting instant answers. ChatGPT, Claude, and Gemini have shown them how to get accurate responses in the blink of an eye.

So are banks catching up with generative AI and agentic AI?

Unfortunately, not really. Four years after the launch of ChatGPT, users are still struggling to get straight answers out of their banking chatbots.

# What people actually ask

I've worked at one of the largest bank in UK and analysed millions of conversations across lending and credit: loans, mortgages, credit cards, overdrafts, and more. The questions people ask fall into five recurring categories:

**1. General product information**

* What is an overdraft?
* What's the difference between an overdraft and a loan?
* What is the daily charges for an overdraft?

**2. Personalised questions**

* How much did I spend on groceries last week?
* How much is my loan or overdraft actually costing me?
* Can I get a copy of my bank statement?
* Can you recommend a product for me?

**3. Applications**

* Can I get a loan?
* Can I apply for an overdraft?
* Can I get a credit cards?
* Can you increase my overdraft limit?

**4. Advice**

* Between a loan and an overdraft, which suits my situation better?
* Can I get a loan to pay off my overdraft?

**5. Financial hardship**

* I'm in a difficult situation, can you lend me money?
* I'm struggling to pay my overdraft because of X, can you pause the interest for a short period?

How quickly and accurately you answer these questions *is* the quality of service you're offering. And that's what will drive revenue going forward. Imagine walking up to your bank's chatbot, asking for a credit card or an overdraft, and getting a decision in 5–10 minutes not hours that will be amazing.

# The real bottleneck isn't ""agentic AI""

Here's the thing: answering those questions well doesn't require an ""agent"" in the fashionable sense. What it requires first is a rich **context layer** that actually knows the customer and their history.

* When a customer opens the chat, do we know their transaction history?
* Do we know which products they're already subscribed to?
* Do we have their credit file?
* Do we know how affordable a new product would be for them?

Is all of that sitting in one place, giving a true 360-degree view of the customer? And if your bank is part of a group, do you have that 360 view *across* every entity in the group?

This isn't an agentic AI problem. It's a data engineering problem but it's the foundation everything else is built on.

Next comes your **product layer**. Is your product documentation actually written down and accessible somewhere? How are you running affordability checks? How are you generating recommendations? Recommendation engines aren't new, they've existed for decades. Do you have one that can accurately match a product to a customer's need, at the right moment? Get this right, and you've solved a big part of the equation.

Then there's your core banking infrastructure. Is the loan application journey actually built, so a customer can apply and get an accurate answer quickly? Do you know which APR to give to which user to minimize risk? Can they request a refund on a transaction and get a response? Can they ask for an overdraft limit increase and hear back fast? And critically are all of these journeys compliant and properly regulated, ready to stand up if a regulator comes asking?

None of this is an agentic AI problem either. It's a core banking problem and most established banks handle it reasonably well already.

If the foundations: the data layer, the product knowledge, the core banking workflows are actually in place, *then* it's worth talking about agentic AI and everything that comes with it.  
That's the gap. Not a gap in AI sophistication, but a gap in foundations. Get the data, the product logic, and the core banking journeys right, and the ""agentic"" layer on top becomes the easy part not the hard one.

The example in the top is not a fictional chat, it comes from a real conversation. Last month my colleague come and say he applied for a mortgage at our company, they come back to him asking him for 3 month of payslip. The same bank he work for, the same bank that send him those payslips.

# The Agentic Bit



**If it’s deterministic, don’t make the LLM do the work** From NU Bank.

V2 extends the same core flow with three additional capabilities, each living in its own network with its own gateway:

# 1. Context Layer : User Personalisation

Before running its agentic workflow, the Agent Engine calls a **Context API / MCP Server** to fetch the user's data including their **propensity to products** (a signal for which financial products they're likely to be interested in or eligible for) and. product recommendation. This happens as a pre-step, ahead of any reasoning about what to say or which workflow to present. This layer is by another team that build the user product recommendation engine. Remember the agent does not decide which product to recommend to the user. It is the recommendation engine. The user come with it question and need and the agent call this function and return recommended product if the question were about product recommendation.

# 2. Tools / Product Documentation: RAG

To answer product-related questions accurately, the Agent Engine calls a **Product Info Tool** that performs retrieval-augmented generation (RAG) over documentation.

If a user ask generic question about product information about policies, this is responsible of handling that.

The rag tool lives somewhere and it regulated by another team.

# 3. Workflows: Loan and Overdraft Applications

The Agent Engine can **present** existing business workflows to the user (e.g., a loan application or an overdraft application) but does not own, execute, or drive them. These workflows are **business processes owned and operated by the buisness**. The Agent Engine's role is limited to:

* Calling the **Workflow API** to retrieve and present the relevant workflow to the user, pre-populated using the user's context data.
* **Which workflow to present is decided by combining two signals:** the user's profile (specifically their propensity to products) and the intent of their actual question. It is not a fixed decision tree — both signals feed into the choice.

When the user clicks a button to actually start a workflow (e.g., ""Apply now""), that action calls the workflow team's API directly to execute it. **The response and its content are owned by the workflow team** the Agent Engine does not generate or interpret the business outcome, it only receives the result once the workflow team's system produces it (e.g., ""approved,"" ""declined""),and the reason behind those message.

But what do you think about this problem, how are the bank solving it? I have only found two banks doing this well, NUBANK in Brazil and Revolut and they barely share blog on their approach. [Nu Bank](https://www.youtube.com/watch?v=1GnbsGhRC4o&t=2801s) and [Revolut with the Pragma Paper](https://arxiv.org/pdf/2604.08649) are my favourite one..

  
Disclaimer: Post on my second account for privacy, I used GenerativeAI model to profread some part of this post.",0,8,1786953696,Dry_Ad_5790,fintech
1vedanv,Revolut's junior-only return to office (RTO) mandate has a gap nobody's addressed: who's mentoring them?,,12,3,1785763327,Suspicious_Orchid770,fintech
1vardja,"Banks are pulling their AI leadership out of fintech now, not Big Tech (HSBC/Revolut hire this week)",">I work on the Fintechbits team and we've been tracking the chief AI officer hiring wave in banking. A hire this week made the pattern too obvious to ignore.

>HSBC just brought in Val Riabtsev, Revolut's former head of platforms for agents and automation, as MD and Head of AI for wealth banking. Riabtsev built production AI infrastructure that touched real transactions at Revolut's scale. HSBC picked him instead of growing the role internally or hiring a generalist tech exec.

>Same story elsewhere in the same few months. Commonwealth Bank of Australia named Ranil Boteju its first CAIO. Lloyds made a similar move. Bank of Ireland pulled Prag Sharma out of Citigroup, where he ran a Global AI Centre of Excellence spanning 96 countries, starting this October. HSBC itself named David Rice as its first chief AI officer back in April, tied directly to a return-on-equity target for 2026 through 2028.

>The logic seems consistent across all of it. Fintechs have already shipped AI and agentic systems inside a regulated financial environment, at consumer scale, with real fraud and compliance stakes. That's a harder skill to build than general AI/ML experience at a company with no banking exposure, so banks are paying to skip the learning curve.

>One number I'd flag as shaky: I've seen $3.5M cited as the high end for CAIO comp with a median around $1.6M, but the only source for it doesn't say where the number came from, so I wouldn't treat it as a real benchmark.

>Has anyone here made the jump from a fintech AI or product role into a bank-side leadership seat? Curious how different the day to day actually is once you're inside a legacy bank.",31,12,1785412149,Finjobsly,fintech
1v8koko,"I've used Revolut, Wise, and Keytom for over a year. Here's my take on all three","I get asked pretty often which app I actually use for money stuff, so here's the real answer instead of a one liner. I've had all three running at once for a while now, and each one earns its spot for a different reason.

Wise is still what I reach for when I need to send or receive money internationally. The mid-market rate with no markup is genuinely hard to beat, and having proper local account details in multiple currencies makes getting paid by foreign clients painless. Where it gets annoying is the card itself once you try to actually live off it day to day. The default limits are small unless you go into the app and raise them yourself, and even maxed out you're looking at around 2,000 per online purchase and about 15,000 a month, with ATM withdrawals capped at 1,000 a day and 6,000 a month at the higher end. Fine for travel money, not something I'd want to run a real income or a big purchase through. And there's still nothing crypto related here at all.

Revolut is my daily spending app and has been for years. The interface is polished, freezing and unfreezing the card takes two seconds, and I like having crypto trading in the same place as my regular balance. The limits are where the subscription tiers really show themselves though. On the free Standard plan you only get 1,000 a month in fee free currency exchange before they start charging you, Premium bumps that to 10,000, and unlimited fee free exchange is Metal only. ATM withdrawals are capped fairly low too, around 1,050 a day once your account has some history behind it, less when it's brand new. And crypto here is trading, not spending. If I want to pay for something directly with crypto, I still end up converting it to fiat inside the app first. Great everyday bank replacement, just not built for someone who wants to spend crypto the way they'd spend cash, or move serious amounts without hitting a wall.

Keytom is the one that actually solved the problem the other two couldn't. I get paid partly in crypto, and this is the only one of the three where I can hold BTC, ETH, or USDC and spend directly from that balance with automatic conversion at checkout, no manual swap first. The per transaction limit is also on another level, up to $150,000, which matters when I'm covering something like rent for a year or a big client invoice in one go, instead of splitting it into a dozen smaller payments to stay under someone else's monthly cap. Even the ATM side holds up better, up to $3,000 a day and $10,000 a month at supported machines, which is well above what either Wise or Revolut let me pull out.

Honestly, after going back and forth between all three for a while, I've stopped bothering to split things up. Keytom is what I use for pretty much everything now, spending, holding crypto, getting paid, all of it. Wise and Revolut are still installed, but at this point they've basically become backup apps I open once a month out of habit rather than necessity.

Are you still running two or three of these in parallel, or did you also end up consolidating down to one?",4,5,1785204491,MDiffenbakh,fintech
1v4af2b,EU folks — how do you actually split investing between your neobank and a separate broker?,"Upfront: I’m building a neobank with an investing layer, so I have a stake in the answer. I’d rather say that than pretend to be neutral. But I’m asking because I genuinely don’t know, and guessing is how you build the wrong thing.

From what I can tell, most people here have cobbled together their own setup, Revolut or N26 for day-to-day, then DEGIRO or Trade Republic for stocks, maybe something separate for crypto. What I can’t tell is *why* people keep it split, and whether they actually want it consolidated or are fine as is.

So:

	**1.** Do you use your neobank’s investing features at all, or keep a separate broker?  
	**2.**	If both, what makes something go in one versus the other? Fees, trust, product range, habit?  
	**3.**	What would actually have to be true for you to move everything into one platform? Or is that not something you want?

And for anyone running a small business: same app for personal and business money, or fully separate? I keep hearing both and can’t work out which is the real preference versus what people put up with.

Not looking for what people theoretically want. Interested in what your actual setup looks like and why it ended up that way.",1,0,1784803872,AndrewYakush,fintech
1udi1ss,Question about policies Fintech,"Hi folks, I have a serious question so please try to keep it cool.  
Wise is recently closing accounts for no apparent reason. But if they took that decisions, it means something went wrong or triggered some of their policies.

I would like to know what.

My situation:

UK LTD Director (100% shares)  
Resident in EU  
EU Citizen

Travelling a lot (Asia, Latin America, South Africa, North Europe).

Business: Digital products (receiving payouts from Stripe every week) - Clients Worldwide.   
Receiving Bank Transfers from my EU clients.

All done with invoices from both sides.

Money out: I send bank transfers to people who work with me. Regular invoice is made. Wise never actually asked for any proof of funds. 

What could possibly trigger the account closing?  
Since I'm opening a Revolut account mean while I get a traditional bank, I just want to be sure to follow all the rules so it wont happen possibly again even though i keep hearing about people with the same issue who does not travel at all!

Does anyone knows something about this matter guys?

",0,8,1782223409,Isedo_m,fintech
1u88jd6,Which are the alternatives to Revolut?,"A few years ago I opened a Revolut account due to trying to avoid the government of Hungary to take my stuff. (I registered with a Hungarian address). It had Lithuanian IBAN.

Now a few days ago they moved my account to Hungary and sent me an e-mail that now Hungarian anti money laundering rules will apply to it.

  
What are the best alternatives? 

(I am not doing anything criminal, just using my account normally, but I was persecuted by the government before on political base. So I rather keep a bit of a buffer with them.)",1,5,1781698559,Hopeful_Addition7834,fintech
1tzzf1h,"The ""crypto card"" bucket actually covers two unrelated architectures and most people don't separate them","Been kicking this around with a friend who does issuing at a neobank and his comparisons are weirdly clarifying. The ""crypto card"" bucket has been doing a lot of confusing work because it's been used to describe two architectures that have basically nothing in common.

One bucket is the exchange-issued card. Crypto.com is the obvious one, Binance and Coinbase have their own versions. Custody sits with the exchange, your ""card balance"" is whatever you've parked there, and the underlying issuer relationship is the same Visa/Mastercard prepaid program partner setup every neobank already uses. Functionally these are pretty close to a Revolut card with a built-in trading screen attached. There's nothing structurally new on the infra side.

The other bucket is the one I find more interesting. The card is bound to a self-custodial wallet, balances stay on chain, and at the moment of authorization the stablecoin gets pulled or sold against fiat to clear the card. Card scheme settlement still runs through a fiat program manager but the consumer-facing custody piece is structurally different. Gnosis Pay runs on Visa through Monavate as the FCA-licensed issuer, with Monerium providing the EURe stablecoin layer on top. Bleap is on Mastercard through Unlimit, with an account-abstraction smart wallet doing the custody side. There's a couple of newer entrants going the US MSB-registered route instead of the EEA EMI version, which is where the regulatory shape question gets interesting because MSB is just a different beast than EMI.

The thing my friend keeps pointing at is that this is basically the first consumer payment product where no institution holds the underlying funds at all. Apple Pay and Google Pay don't hold funds either but they sit on top of a bank account that does. Self-custodial cards are different because the money lives in something the user controls with nothing in between. Unit economics is the part I'm less sure about. Exchange cards subsidize hard from trading revenue, and a self-custodial card has neither trading float nor deposit float to lean on. How that gets paid for I don't know.

Mostly curious what the issuing-side conversation looks like for these programs right now. Whether there's actual BD pull from program managers or if it's still very much ""we don't do crypto cards.""",6,7,1780898564,June_Ctreras,fintech
1sxe0a0,What are people using for cross-border client payments now?,"Interested to hear what people in fintech are seeing in the market for cross-border client payments.

It feels like the category has become much more competitive over the last few years. Traditional banks still dominate in trust and scale, but many businesses seem to be moving parts of their payment flows to providers like Wise, Revolut Business, and newer platforms such as Keytom that focus on faster onboarding or multi-currency business accounts.

The biggest pain points still seem to be the same: settlement speed, FX spreads, compliance friction, account holds, and poor support when something goes wrong.

For those dealing with international B2B payments regularly, which providers have actually delivered the best experience for you so far?",1,3,1777318199,MDiffenbakh,fintech
1swr3dd,FIAT to USDC payment gateway,"Maybe this can be beneficial to the community. I would love to invite you all to try VolgaPay, a great option for charging clients worldwide and receiving payments in USDC directly in your wallet. Our settlements are exclusively in USDC, but your clients can pay using credit cards, SEPA, Revolut Pay, UPI, and more.

We offer an API for integration, a WordPress plugin, and the ability to generate payment links to send to your customers. Everything is simple, and no sign-up is required.

Take a look and let me know what you think. High-risk businesses are welcome, including iGaming, replicas, dropshipping, peptides, CBD, and more. If you have any questions, our dedicated support team is available to help you anytime.",0,9,1777257492,Objective_Ebb_7919,fintech
1st5u77,Anyone here using less “mainstream” setups for handling money across countries?,"i’ve been going through the usual options people mention all the time (traditional banks, Wise, Revolut, etc.), but I feel like I’m only seeing the surface level stuff.

I’m more interested in how people are actually structuring things in practice, especially when dealing with different countries or multiple platforms.

Not necessarily looking for the standard solutions everyone already knows, but more real-world setups or approaches that are a bit less talked about.

Curious if anyone here has experience with that or has seen something interesting worth looking into.",3,3,1776911046,coastal_nomad93,fintech
1sr72k7,"Saudi Arabia is a massive fintech market — so why are Revolut, Wise, and PayPal still limiting users?",[removed],1,0,1776728682,RoyalAbdullateef,fintech
1sqklwa,Need help making a make or buy decision for p2p/ merchant payment app,"Hello, 
Trying to build a closed loop p2p/merchant payment app something like revolut but close loop, funds backed in a safeguard bank account. 
For now I have all specifications of what I want to build but wondering how complex building it will be, if there is any open source solutions, or over the shelf apps. 
Any tips or recommendations are appreciated.",7,13,1776678303,nsnakers,fintech
1snajlc,How do companies operating in Web3 open bankaccounts?,"I’m the director of a startup, running a small platform similar to pump.fun (not trading or custodial, just providing tools/services), with very little revenue.

Users pay in crypto on-chain, I generate invoices, collect user data and handle all compliance requirements.

Still, getting a business account is a nightmare. Most banks/fintechs do not accept anything remotely crypto-related, even if it’s just the payment method. I’ve applied at Revolut, Bunq and other traditional banks.

We need a fiat (EUR) bank account for tax registration, salaries and marketing expenses.

How do other companies do this?

Thanks for your help!",3,2,1776360978,Yorickzz,fintech
1skys4b,What is the worst thing about banks and fintech apps like Wise and Revolut?,"I am building a fintech neobank or a BaaS to keep it simple - that does not have the same problems as Revolut, Wise, and others like them.

From what I have experienced personally and heard from peers, the main pain points are transfer limits, holds on accounts and funds, a complicated and expensive process for buying and selling crypto, and very little financial gain from using these platforms in general. 

After hearing all of this for years, we removed transaction limits and spending limits entirely. 

Instead of holds, we do active reviews - meaning you continue using your account while we review in the background. 

We also made crypto on and off ramping as straightforward as possible. 

Is there anything else people hate about these mobile banks that we may be missing?  I understand you cant make everyone happy ; but at least they'd be happi(er) without all the noise.",6,12,1776142132,getkronos,fintech
1sklyo8,Do risk systems still break once a “normal” business starts scaling?,"I’ve been running a small online business registered in Estonia with mostly EU customers, and something interesting started happening as we grew. At low volume, everything worked perfectly. Traditional banking, plus something like Revolut Business, handled day-to-day operations without any issues. Payments were predictable, no friction.

But once we increased volume - higher ad spend, larger supplier payments - the experience changed quite a bit. Not dramatically, but enough to notice. More transactions getting flagged, occasional delays, and more frequent “please verify this activity” loops.

What stood out is that nothing about the behavior changed - just the size and frequency. Same counterparties, same flows, just bigger numbers.

I recently started testing a few alternative fintech providers to compare how they handle this. One of them was Keytom, which had a much faster onboarding flow than I expected (around 15–20 minutes total). Running it in parallel with existing accounts, the main difference so far is fewer interruptions on similar transaction patterns. Not zero friction, but noticeably less.

It makes me wonder whether many current risk models are still tuned for legacy business patterns, where high volume itself becomes a signal, rather than context.

How are newer fintechs approaching this differently?",1,1,1776110025,MDiffenbakh,fintech
1sfsbgo,How Revolut Became Europe's $45 Billion Fintech Super-App: A Deep Dive into Their Disruptive Playbook,"I've been doing a deep dive into some of the most successful global businesses, and today, I want to break down the incredible journey of Revolut – a European fintech giant that's completely reshaped the banking landscape.

The Genesis: A Vision for Financial Freedom  
Founded in 2015 by Nikolay Storonsky and Vlad Yatsenko, Revolut's core vision was simple yet revolutionary: to create a ""financial super-app"" that would liberate users from exorbitant banking fees and provide seamless global money management. They saw a gap in the market for a truly digital, customer-centric financial service.

Navigating Challenges & Engineering Scale  
Revolut's path wasn't without its hurdles. Operating in a highly regulated industry, they faced skepticism and intense competition. Their key to scaling? Aggressive product innovation and iteration. They rapidly introduced features like cryptocurrency trading, stock investments, and insurance, transforming their offering from a simple travel card into a comprehensive financial ecosystem. This product-led growth strategy allowed them to continuously attract and engage a diverse user base.

Furthermore, their strategic global expansion was meticulously executed. While initially focused on rapid user acquisition, they smartly pivoted towards capital efficiency and securing necessary licenses, ensuring sustainable growth and regulatory compliance across various markets.

Operational Footprint & Global Impact  
Today, Revolut boasts over 70 million customers globally, making a significant impact on how individuals and businesses manage their finances. Their platform offers everything from instant international money transfers and multi-currency accounts to budgeting tools and wealth management features, all accessible through a user-friendly mobile app.

The Numbers Speak: Financial Performance (FY2025)  
Revolut's financial performance is a testament to their strategic brilliance:

•Revenue: A staggering $6.0 Billion, marking a 46% year-over-year growth.

•Pre-tax Profit: An impressive $2.3 Billion, achieving a healthy 38% profit margin.

•Current Valuation: Estimated around $45 Billion in secondary markets.

Notably, 2025 marked their fifth consecutive year of profitability, demonstrating strong operational leverage and a mature business model.

Actionable Takeaways for Aspiring Entrepreneurs:

1.Embrace Product-Led Growth: Constantly evolve your product to solve more customer problems and create a sticky ecosystem.

2.Prioritize Operational Efficiency: As you scale, focus on optimizing costs and processes to ensure long-term profitability.

3.Think ""Super-App"": Consider how you can integrate diverse services to become an indispensable tool for your target audience.

4.Strategic Global Mindset: Plan for international expansion early, understanding local nuances and regulatory landscapes.

What are your thoughts on Revolut's journey? What other fintech companies are you watching? Let's discuss!

\#Revolut #Fintech #Startup #Entrepreneurship #BusinessStrategy #Innovation #Europe #SuccessStory",1,0,1775653589,SandwichTop2263,fintech
1sebq6x,Why do fintech limits still exist for verified users?,"The fintech sector markets itself around freedom and modern usability, yet the irony is clear - established users still face limitations that belong to traditional banking logic. Revolut implements static limits “for protection,” Wise follows complex compliance flow, while Keytom apparently designs dynamic limit management that learns from prior payments. It’s fascinating from a risk-model perspective but disappointing from user experience. In 2026, transaction flexibility should be standard for verified profiles. Developers talk about financial inclusion but hesitate to implement allowance logic realistically. Maybe fintech has matured in speed but not in real trust engineering. 

How do others in this space see the solution to this balance between regulation and usability?",4,1,1775509851,MDiffenbakh,fintech
1sccoy9,"Free IBAN/BIC API with SEPA compliance, vIBAN detection, and risk indicators","I launched IBANforge, a free API for IBAN validation and BIC/SWIFT lookup with built-in compliance data.



  What makes it different from [IBAN.com](http://IBAN.com) (\~$9,500/yr) or basic open source validators:

  \- SEPA membership + payment schemes + VoP (Verification of Payee) requirement per country

  \- Issuer classification: detects if the institution is a traditional bank, neobank, EMI (Wise, Revolut, N26...) -- useful for vIBAN detection under EU

  AMLR (July 2027)

  \- Risk indicators: country risk (FATF grey/black list), SEPA reachability, VoP coverage

  \- 39K+ BIC entries from GLEIF with LEI data

  \- Batch validation up to 100 IBANs per call

  \- MCP server for AI agent integration



  Free during beta, MIT license, self-hostable with Docker.



  \- Playground: [https://ibanforge.com/playground](https://ibanforge.com/playground)

  \- Docs: [https://ibanforge.com/docs](https://ibanforge.com/docs)



  If you work in payments or compliance, I'd especially appreciate feedback on what data points are most useful.

",1,0,1775317817,Various-Ladder-5959,fintech
1sc2rgs,"Free IBAN/BIC API with SEPA compliance, vIBAN detection, and risk indicators","I launched IBANforge, a free API for IBAN validation and BIC/SWIFT lookup with built-in compliance data.



  What makes it different from [IBAN.com](http://IBAN.com) (\~$9,500/yr) or basic open source validators:

  \- SEPA membership + payment schemes + VoP (Verification of Payee) requirement per country

  \- Issuer classification: detects if the institution is a traditional bank, neobank, EMI (Wise, Revolut, N26...) -- useful for vIBAN detection under EU

  AMLR (July 2027)

  \- Risk indicators: country risk (FATF grey/black list), SEPA reachability, VoP coverage

  \- 39K+ BIC entries from GLEIF with LEI data

  \- Batch validation up to 100 IBANs per call

  \- MCP server for AI agent integration



  Free during beta, MIT license, self-hostable with Docker.



  \- Playground: [https://ibanforge.com/playground](https://ibanforge.com/playground)

  \- Docs: [https://ibanforge.com/docs](https://ibanforge.com/docs)



  If you work in payments or compliance, I'd especially appreciate feedback on what data points are most useful.",1,0,1775287389,Various-Ladder-5959,fintech
1sb2vfb,which fintech companies do you think are quietly underrated right now?,"feel like fintech discourse is always dominated by the same names. stripe, plaid, maybe revolut if you're outside the us. but there's a bunch of companies doing interesting stuff that don't get as much attention.

one i've been watching is webull which has been growing pretty aggressively in the trading space — backed by firms like sky9 capital and others. temu's parent company pinduoduo originally had fintech ambitions too before going full commerce. then there's all the embedded finance infra plays that are basically invisible to consumers but printing money.

curious what companies people here are tracking that you think are underrated or under-discussed. not looking for stock tips lol just want to know what's on people's radar.",5,12,1775188011,alvilri,fintech
1san8cw,Why backups matter even in fintech,"Had a humbling reminder recently: fintech innovation doesn’t eliminate limits, it just reframes them. My primary app refused a large transaction with a generic error. No option to provide context, no “approve temporarily.” The irony of a “smart” UX behaving like legacy banking.

After that I decided to split the transaction between revolut and keytom (something I’d left dormant for months). It processed faster than my main app. We love to talk about speed and accessibility but rarely about fallback architecture. Users build their own redundancy stacks because products don’t provide one. Question to ops folks here: should redundancy be part of the user experience, by design?",2,1,1775149558,MDiffenbakh,fintech
1sabesh,Which fintech works well in Europe but has no local branches?,"My tax residency is in Hungary, and not so long ago Revolut opened a local branch, so there are some regulations that apply to it now. (For example there is a transaction tax in Hungary, and its financial system mostly operates as if Karl Marx tried to become capitalist one day.)

Are there some other alternatives that don't keep the same regulations but still have European regulations? 

(Like the international insurance of up to 100k euro in the case the bank goes bankrupt, but without local Hungarian regulations)",1,2,1775117703,Hopeful_Addition7834,fintech
1s8mhja,Are neobanks just UX wrappers on broken banking systems,"

Neobanks feel amazing to use.  
Fast onboarding. Clean apps. Instant notifications.

But here is the uncomfortable truth.

Most of them are not rebuilding banking.  
They are sitting on top of the same old infrastructure.

The backend is still slow.  
Still fragmented.  
Still dependent on legacy systems.

So what you are really getting is a better interface on a system that was never designed for real time finance.

Apps like Revolut and Monzo changed expectations. No doubt.

But when things break  
delays  
frozen accounts  
support issues

you see the limits of not owning the full stack.

So are neobanks the future

Or just a transition phase before someone rebuilds banking from the ground up

What do you think",2,6,1774961357,Mother_Network9453,fintech
1s8l3wm,Why is there no neobank for the mass affluent / HENRYs in the US?,"I've been spending way too much time thinking about this, so I'm just gonna rant:

I'm from Switzerland, moved to the US a few years ago, and I fell in love with Revolut back home. But Revolut basically doesn't exist in the US (yes, I know they're ""coming"", but I don't think they'll crack the US market with their catch-all offering). So why is everyone still fine using banking experiences from Chase, Bank of America, a Capital One card, and Wealthfront? Am I missing a new neobank or is everyone using Chime??

It feels super outdated. Why has no one seriously tried to win the $250k+ earner segment? What am I missing?

Why are people not fed up with Amex's archaic transaction categorization, the shitty UIs from every major bank, and 0.02% on savings? It's honestly hilarious that lower-income households have better UX and features through Chime and SoFi than the mass affluent market does. How does that make any sense?

I get that cash back and rewards are very important and you need to have your own book to lend at scale, but why wouldn't a neobank just... offer those too? Burn some investor money, match the rewards, and lure people who actually appreciate good UX away from Chase and Amex. The LTV on a HENRY customer has to be insane? Isn't it a super attractive market? 

Sorry for the rant, but genuinely: what am I missing here? ",9,36,1774957532,Junior_Reward2594,fintech
1s1jisl,5 European Business Payment Platforms for 2026: Where It Makes More Sense to Run Your Operating Flows,"One of the most expensive mistakes in 2026 is trying to force the entire payment logic of a business through a single business account.

Contractors. Payroll. International incoming payments. SWIFT. Multiple currencies. Liquidity reserves. And sometimes flows that quickly run into source-of-funds and compliance checks.

A few years ago, that still looked realistic. NOW IT DOES NOT.

Too much has changed: providers have become more cautious, policy frameworks have grown tighter, and the gap between “a convenient day-to-day account” and “a proper tool for international settlements” has become too obvious to ignore.

So the question now is not which service is “the best overall.” The real question is different: which service fits a specific type of flow, and where do its limitations begin?

Below are five solutions most commonly considered for European operational banking.

# 1. [Wise Business](https://wise.com/business/)

https://preview.redd.it/qylswgzz6tqg1.jpg?width=1920&format=pjpg&auto=webp&s=8b051d37049879252f9f9e5cb88724cf3a796f4b

If we are talking about straightforward international B2B operations, Wise is still one of the strongest options.

Where a business has a clear profile:

* regular invoices,
* SaaS revenue,
* service exports,
* contractor payments,
* standard supplier settlements,
* multiple currencies without anything exotic on the source-of-funds side,

Wise usually handles the job very well.

Its strength is not in “wow features,” but in the fact that it works reliably when the money flow looks transparent: a clear counterparty, a clear payment purpose, a standard commercial model, no grey areas.

But that is also exactly where its boundary lies.

Wise is not a universal layer for every kind of international flow. Once the model starts involving crypto-related activity, mixed source of funds, disputed incoming payments, or a business model sitting somewhere between fintech and digital assets, it becomes much harder to view it as an account that will comfortably process everything.

Wise is good not for “international payments in general,” but for clean B2B flow.

To me, its proper role in a stack looks like this: a core tool for contractors, subscriptions, standard contracts, and transparent cross-border transfers.

But building your entire business payment architecture around it, if you have non-standard incoming flows or compliance-sensitive scenarios, is not a strong idea.

# 2. [Revolut Business](https://www.revolut.com/business/)

https://preview.redd.it/si3jbpu67tqg1.jpg?width=1200&format=pjpg&auto=webp&s=338c694732d25f427d35e7f6fc65b57f7a69ee2f

Revolut Business is very strong as a daily operating hub.

If you need a working environment where it is easy to manage routine expenses, make standard payments, operate in multiple currencies, and not suffer from poor UX, Revolut is objectively one of the most comfortable products on the market.

As everyday banking, it works better for many businesses than almost anything else:

* the interface is fast,
* the logic is clear,
* multi-currency use is convenient,
* for a day-to-day team, it is genuinely a pleasant tool.

But this is where many people make a typical mistake: they confuse a convenient product with a universal infrastructure layer.

The fact that the ecosystem includes crypto features does not automatically mean the business account should be treated as suitable for any external crypto-related flows or for more sensitive source-of-funds scenarios.

As long as your business profile is standard - normal B2B receipts, clear clients, regular operations - Revolut Business looks strong.

But if atypical incoming flows start appearing on the account, or questionable counterparties, or a business model that the provider may evaluate as something other than a “standard service business,” then it needs to be assessed much more carefully.

That is why I would position Revolut Business specifically as a daily ops center:

* everyday expenses,
* routine payments,
* working liquidity,
* standard operating activity.

But I would not make it the only layer for everything a business runs through international payments.

# 3. [Credits](https://credits.com/en/)

https://preview.redd.it/p1lvlvbh7tqg1.jpg?width=1200&format=pjpg&auto=webp&s=a40d47aef51145f159b8ecb7d9f1cddb88116264

Within this group of five, I would not view Credits as “just another neobank,” or simply as “a second layer for the sake of having a second layer.”

By its logic, it looks more like a business payments platform with an account layer. That is fairly visible in the product itself:

* dedicated EUR IBAN,
* incoming SEPA / SWIFT / CRYPTO,
* outgoing SEPA and SWIFT,
* local payouts in several currencies,
* crypto accounts,
* fiat / crypto exchange.

That is exactly why Credits looks more relevant where a business does not just need an account for day-to-day expenses, but a broader instrument for international settlements.

If a company has a meaningful share of:

* cross-border incoming payments,
* multi-currency operations,
* payout scenarios,
* distribution of funds across different directions,
* fiat / crypto connectivity within one infrastructure,

then Credits already looks much more logical than a classic SMB-first account.

But there is an important qualification here as well.

This is not the product that is primarily perceived as a simple everyday account for small routine spending. Its pricing logic shows fairly clearly that it is designed more for businesses that are consciously building an international payment infrastructure, rather than simply looking for the easiest day-to-day account. That becomes especially obvious once you look at the economics: where the fee is fixed, and where it is a percentage of the amount with a minimum threshold.

Not the most obvious option for basic day-to-day operations, but a fairly sensible business product for companies where international settlements, multi-currency flows, and more complex payment logic play a meaningful role in the business.

# 4. [Finom](https://finom.co/en-nl/)

https://preview.redd.it/vvcj95yl7tqg1.png?width=1024&format=png&auto=webp&s=73e1f5fcb7144cdaa5ae888bf8863de9aafef4b4

Finom looks reasonable where a business needs a clear SMB tool inside Europe.

If the goal is to get a working business account with a solid interface, basic financial operations, invoicing, and expense control, the product looks entirely reasonable.

For small and medium-sized businesses with a normal, not overly complex structure, it is a workable option.

But there is one very practical point with Finom: international activity needs to be calculated manually, not judged by how the product feels.

This is exactly where many people get it wrong.

At the UX level, everything may feel good. At the general product-logic level too. But if the business has a meaningful share of:

* incoming international payments,
* outgoing transfers,
* SWIFT,
* multiple currencies,
* sensitivity to fees on every movement of money,

then the question is no longer whether “this is a convenient account,” but how much that flow actually costs you.

And this is where Finom needs to be assessed not as a nice-looking SMB product, but as part of a specific operating model:

* how many international incoming payments you have,
* how many outgoing payments,
* in which currencies,
* what types of counterparties,
* how critical the fee layer is on each payment.

If international activity is secondary for the business, that is one thing.

If a meaningful part of operations depends on it, that is a very different story.

So I would describe Finom like this:

a good SMB account for structured European operations, but one that needs to be evaluated very soberly when international flows are involved.

# 5. [N26 Business](https://n26.com/en-eu/business-bank-account)

https://preview.redd.it/ky2cbvsp7tqg1.png?width=1200&format=png&auto=webp&s=eff8f2c13ecc5a1f2dae1dc5b130d7ba38f27d9d

N26 Business is often placed alongside corporate solutions in lists like this, but in practice that is not a fully fair comparison.

It is more of a product for a self-employed / freelancer profile than a full corporate layer for a team.

Within its niche, it makes sense:

* you work for yourself,
* you want to separate business money from personal money,
* you need a simple mobile bank,
* you do not have a complex corporate structure,
* you do not have heavy international operations.

For a solo operator, that looks fine.

But once we are talking about a company that has:

* regular international payments,
* contractors,
* a corporate settlement structure,
* multiple directions of money movement,
* actual company-level banking logic,

then the limitations become too obvious to pretend that “well, it is also a business account, so it is fine.”

That is exactly why N26 Business is better understood not as a full corporate account, but as a tool for a self-employed profile.

For self-employed use, it is logical.

For full international company operations, it is more of a supporting tool than a base layer.

# Conclusion

The main idea of 2026, for me, is simple:

one account for every use case works worse than it used to.

Businesses are trying to push very different tasks into the same tool:

* everyday expenses,
* contractors,
* incoming international payments,
* SWIFT,
* multi-currency activity,
* payout chains,
* source-of-funds checks,
* compliance-sensitive scenarios.

And all of that now lives comfortably inside a single business account far less often than before.

Very roughly speaking:

* Wise is a strong option for clean international B2B flow.
* Revolut Business is a very convenient center for day-to-day operations.
* Credits is a business payments platform for companies where international settlements and multi-currency flows play a meaningful role in operations.
* Finom is a solid SMB option that needs careful calculation for international activity.
* N26 Business is more for self-employed use than for full corporate use.

My overall conclusion is this: in 2026, what works better is not the search for the “best account,” but a proper flow architecture.

Some things should run through day-to-day operations.

Some should go through international settlement infrastructure.

And some flows should not be pushed through the main account at all, if the business wants to avoid problems in places where predictability matters.

And yes - personally, I would not build a business’s international operations on a single fintech account if that account is tied to payroll, incoming SWIFT, and critical contractor settlements.

If anyone has real hands-on experience with Wise, Revolut Business, Finom, Credits, or N26 Business in 2025-2026 - especially around incoming SWIFT, payout chains, source-of-funds checks, and business-profile limitations - it would be useful to compare practical experience.",0,0,1774278594,Individual-Ad-3333,fintech
1rwst2f,"Fintech risk is real, Wise closed my account","Hey everyone,

I run an online business on Amazon, and I’ve been using Wise for 8 years to manage my payments.

Recently, my Wise account got suddenly closed without clear explanation, which has been really stressful since it’s my main business account with a large balance.

I’ve been reading that similar things happen with other fintechs like Mercury and Revolut too.

For those running online businesses:

How are you managing your money safely?

Are you using multiple banks or switching to traditional banks?

Any setups you recommend to avoid getting stuck like this?

Would really appreciate hearing your experience.",11,16,1773804417,Acceptable-Mango-225,fintech
1rs0wkq,5-Min Survey: AI Chatbots vs. Live Support in UK Fintech,"Hi everyone,

I am a dissertation student at **Northumbria University** investigating how users feel about **AI Chatbots vs. Live Support** on Fintech platforms (like Monzo, Revolut, Starling, etc.).

**Who I'm looking for:**

* Residents of the **UK**.
* People who have experience using **Fintech platforms**.

The survey is brief (approx. **5 minutes**) and completely anonymous. Your input would be incredibly valuable in helping me understand the shift toward automated support in the finance sector.

**Survey Link:**[https://app.onlinesurveys.jisc.ac.uk/s/northumbria/onlinesurvey](https://app.onlinesurveys.jisc.ac.uk/s/northumbria/onlinesurvey)

The link contains a full consent form and detailed info before you begin. Thank you so much for helping a student out!",1,0,1773344518,Good_Pair_8728,fintech
1rp247c,My Dubai experience and why I now recommend having multiple payment options,"Just want to share what happened on my last Dubai trip. Went with some colleagues for a work event and we decided to rent a car for client meetings. Wanted to make a good impression. The deposit was around 20k eur and revolut declined it immediately. Then asked for additional verification and documents. The rental company representative said: ""This is very common in Dubai. Many visitors use keytom for larger deposits because it just works."" I was skeptical about downloading a new app on the spot, but with client meetings scheduled, I didn't have much choice. The signup process was quick and the payment went through without issues. Now I keep it specifically for larger travel expenses. That moment when your card gets declined in front of rental staff is genuinely uncomfortable.

Does anyone else use multiple fintech apps for travel? What's your preferred combination?  
",0,2,1773067505,Lanky_Information166,fintech
1riq2p8,Revolut Just Called Out Telegram by Name,,0,0,1772449962,Big-Engineering-9365,fintech
1rdainv,Anyone here actually using bunq? I'm more interested in real bunq bank reviews.,"I've been looking into bunq lately as an alternative to Revolut. I'm wondering if it is a solid choice for digital nomads? I'd prefer to manage everything remotely and avoid dealing with physical branches altogether. Specifically, I'm curious about: international payments, some investing features, and is it possible to pay by credit card around the world without restrictions? I'd love to hear honest feedback from people who've using it long-term.",8,7,1771920801,Zirerag,fintech
1r7wpdp,Why is onboarding still so broken in most fintech apps?,"Genuinely curious, why do so many fintech apps still have terrible onboarding experiences in 2026?

I've been analyzing a few fintech signup flows recently and the patterns are the same everywhere:

\- 8-10 steps before you can even see a dashboard

\- No progress indicators so you don't know how much is left

\- Confusing error messages during document upload

\- No option to save progress and come back later

prioritisation

Meanwhile, apps like Revolut and Cash App figured this out years ago. Is it a regulatory constraint? Engineering debt? Just bad prioritisation?

What fintech app do you think has nailed onboarding and why?

",1,2,1771400243,Sensitive-Corgi5976,fintech
1qyef58,Throne + MassPay payout stuck — PayPal setup + alternative EUR/USD account options?,"Hi everyone,

I’m based in Morocco and use Throne for creator payouts. Throne processes withdrawals through MassPay, but I’ve been stuck for weeks.

MassPay support told me the only payout methods available for my account are Wise, Revolut, and PayPal. Wise and Revolut aren’t available where I live, and PayPal hasn’t worked so far — the funds were eventually returned to Throne.

Before giving up, I want to confirm whether my PayPal setup is the issue and whether there are any compliant alternatives.

Has anyone successfully received Throne/MassPay payouts from Morocco or similar regions?

Specifically:

• Are there any PayPal requirements (verified status, linked bank/card, currency balance, business vs personal)?

• Does the PayPal email need to match Throne/MassPay?

• Any PayPal settings that could block MassPay transfers?

Also:

• Has anyone used a EUR or USD IBAN account successfully instead of Wise/Revolut?

• Do services like Grey, Paysera, or other virtual IBAN providers work with MassPay?

• Any workaround that is officially supported by Throne/MassPay?

I’m only looking for a legitimate solution within platform rules.

Thanks in advance.",1,0,1770472556,softsakura44,fintech
1qwfsqd,"Why I’m suing Revolut, and how current staff or former employees could potentially benefit from this",[removed],1,0,1770279935,Small-Pressure-4722,fintech
1qw44aw,"Why I’m suing Revolut, and how current staff or former employees could potentially benefit from this",[removed],1,0,1770246307,Small-Pressure-4722,fintech
1qjtu6d,Concerns about losing assets stored in Revolut,"Aren't you worried that in the event of a war conflict, when Lithuania is attacked by Russia, I could lose the assets I have in Revolut? Deposit insurance is handled in Lithuania.",0,1,1769086641,Orchestrio,fintech
1qiizn9,"Revolut lost 10,000 CHF for 3 months after a rejected transfer – even regulator involvement hasn’t fixed it",,2,1,1768955921,bankster_vaduz,fintech
1qiiz4g,"Revolut lost 10,000 CHF for 3 months after a rejected transfer – even regulator involvement hasn’t fixed it",,1,1,1768955887,bankster_vaduz,fintech
1qek6e2,"Clear Fraud Case, N26 Blames the Customer","So two days ago, I received a spam message on WhatsApp, saying I need to confirm my reservation for a hotel stay I actually booked on booking.com. I was stressed out and busy work-wise, and accidentally clicked on the link. It looked 100% legit, but it felt of and the second I clicked on it, they somehow managed to make a transaction of \~ 500€ and bypass the 3D authorization process. I didn‘t confirm or authorize this at all, it just happened. As a Metal Card owner at N26, I called the priority hotline, and the lady was nice and helped me through the dispute case.

Yesterday, I received another WhatsApp from another account, asking to confirm the booking again.

I then received a message from N26, saying that my dispute had been denied because I actively confirmed the transaction, even though I had never authorized it, and blamed me for this.

I feel like N26 just doesn‘t wanna help or investigate at all in real fraud cases. They even get extremely sassy when I try to provide as much information as I have.

I mean, I got screenshots of the WhatsApp messages, etc. 

The same kinda thing happened to a friend of mine recently with revolut and they just don't wanna help at all. 

So maybe FinTech Companies aren't so tech as it seems. I found many reddit posts struggling with the same issue.",1,0,1768579939,TheOceanIAm,fintech
1qd7iv2,How to turn freelance usdt into everyday SEPA payments without the hassle?,"The dream of living off crypto earnings in Europe hits a wall when it comes to actual spending. Banks flag transfers from crypto wallets, apps like Revolut throttle high-volume moves during market swings, and exchanges pile on fees or delays that make daily life feel impossible. As an Eastern European freelancer who's been paid in USDT and ETH from web3 projects for the past six months, I've tested various flows to make crypto income behave like a standard bank account—with reliable SEPA transfers and a virtual card—while dodging endless compliance checks.​

The real hurdle lies in converting irregular crypto payments into usable EUR that works seamlessly with European vendors, landlords, or utility providers. Services like Wise can take two to five days for transfers and often pause larger amounts over €5,000 weekly for reviews. Revolut handles smaller transactions fine but restricts bigger ones and sometimes locks accounts tied to crypto sources. Options such as Wirex or Trastra provide partial crypto integration, yet their SEPA processing times and IBAN consistency break down with consistent use. My working routine now involves swapping incoming USDT directly into an EUR balance, which supports a personal IBAN for near-instant SEPA transfers—typically under a minute to any EU bank—and a virtual card for routine expenses from coffee to groceries. Keytom joined this process after trying alternatives, offering consistent performance with total fees around 0.7 percent and monthly limits starting at €20k that match my needs. It manages the transition without fiat custody concerns, turning weekly client payments into something as straightforward as direct deposit.

Now I handle rent in one city and shopping in another without friction, backed by clean transaction records for any oversight. No more app-switching or justifying sources to wary support.

What setups enable smooth crypto-to-daily-spend in the EU for you? Better IBAN solutions with true SEPA Instant support, or do traditional fiat gateways still dominate?",0,2,1768444794,MDiffenbakh,fintech
1qcoamn,"Apple Google wallet provisioning: who is available on the list, BIN sponsor?","I'm trying to understand the backend structure of digital wallets. When we manually add a card from a fintech (e.g., Revolut, N26, [Zen.com](https://zen.com/), etc.) to Apple Pay or Google Pay, who is the actual entity (the ""issuer"") that the wallet service communicates with and recognizes?

Is it:

1. The fintech brand itself (e.g., ""Revolut"")?
2. The licensed bank or BIN sponsor behind the fintech's card program?
3. Someone else entirely?

My confusion comes from the fact that many fintechs are not listed as Principal Members on Visa/Mastercard's official registries, yet their cards work perfectly in mobile wallets. This suggests the ""issuer"" on file with Apple/Google might be their partnering bank or BIN sponsor.

Can anyone with industry insight clarify this chain? Specifically, which entity's agreement with Apple/Google ultimately allows ""my fintech's card"" to be tokenized and added?

Thanks!",1,7,1768399978,Thick_Evidence_1597,fintech
1qc9gz9,Revolut valued at $45 bn (500x initial funding round),"Surprising to find out that Revolut has expanded this significantly most recently.

Check the articles out:

[https://thevcpivot.substack.com/p/the-25x-outlier-deconstructing-baldertons](https://thevcpivot.substack.com/p/the-25x-outlier-deconstructing-baldertons)

[https://www.ft.com/content/97e6f29e-bc79-43e0-bcbd-2dfe98755ea3](https://www.ft.com/content/97e6f29e-bc79-43e0-bcbd-2dfe98755ea3)",2,0,1768353050,Stock_Promotion_4651,fintech
1q83cw2,Does anyone know a good fintech or bank for businesses? I really need help...,"I have tried many options. The same well-known ones: Wise, Revolut, Bilderlings, SatchelPay, Paysera, Payoneer, OFX, and so on.

Overall, I have tried more than 30 fintech providers, and every single one has turned out to be a disappointment.

**Revolut** — simply refuses to onboard me because my company is registered in the UK and I am a non-resident director.

**Wise** — no complaints at all, everything was great until the moment I made a mistake.  
The thing is, our clients can also pay in cryptocurrency. At the end of the month, when I needed to pay an invoice issued to me for equipment, I had to transfer part of the profit from Bybit to Wise to fully cover the costs, because the funds from Stripe and other fiat payment gateways were not sufficient.  
I used a P2P transaction, and most likely the counterparty mentioned something related to cryptocurrency in the payment reference. As a result, my Wise business profile was blocked.  
Aside from that, I was completely satisfied with Wise and could have continued using it without any issues.

**Bilderlings (Bilder)** — because I am a non-resident director, they assigned an “international” tariff to my company, priced at €1,000. Sorry, but paying €1,000 just to open an account… I’m not *that* desperate yet.

**SatchelPay** — the same story. They opened an account for me, but to actually use it I need to deposit €1,075 upfront. On top of that, the cards they issue are Mastercard Prepaid, which are practically unusable:

1. separate fees for topping up the cards
2. the cards cannot be added to Apple Pay, Google Pay, or any other wallets

**WorldFirst** — the accounts do not support SEPA Instant, which is not a huge issue by itself. They also restricted incoming transfers from third parties — fine. But on top of that, their cards (WorldCard) cannot be used with Apple Pay or Google Pay either.  
Honestly, I expected more.  
Still, thank you for the free account and relatively low transfer fees.

**Payoneer** — the accounts also do not support SEPA Instant. And not only did they restrict third-party transfers, they also prohibited transfers from the owner’s own account. I literally cannot top up my Payoneer account from my personal bank account.  
I honestly don’t understand why I opened an account there at all. Too many restrictions.  
That said, thanks for the free account. The fees are neither small nor huge — average.

**Paysera** — a very good option in theory, but I was simply rejected. They opened a personal account for me, but refused to open a business account, without providing any explanation at all. That is extremely frustrating.  
Another strange point: I am not an EU resident, yet they opened an LT (Lithuanian) IBAN for me. However, when I tried to issue a virtual VISA card, I was rejected because I am not an EU resident.  
So, you can open a Lithuanian account for me, but cards are only available to EU residents?  
I understand that this is all due to their third-party white-label providers’ policies, but honestly — it looks absurd from the outside.

Please help me. I genuinely don’t know what to do anymore. Everything I listed above is only about 10% of all the fintech providers I have tried.  
Some reject me because I am not an EU resident, others offer “international” tariffs starting from €1,000 plus monthly fees, and others have such terrible conditions that using them is not just inconvenient — it’s unpleasant.

My company is new, our turnover is not large — up to €10,000 per month (we launched in summer 2025). And I am honestly on the edge of burnout. Just imagine how much time I have spent submitting documents, waiting, following up — and ending up with nothing.",3,13,1767949020,Nervous_Bank_4712,fintech
1q6chnc,Revolut in Talks to Acquire Turkish Neobank to Accelerate European Banking Expansion,"🏦🌍 Revolut in Talks to Acquire Turkish Neobank to Accelerate European Banking Expansion

🚀 Revolut exploring the acquisition of a Turkish neobank signals a clear intent to use M&A as a growth accelerator rather than relying solely on organic expansion. Turkey represents a complex but strategically important market, bridging Europe and emerging economies with strong digital adoption and a young, mobile-first population.

⚙️ This kind of move goes beyond customer acquisition. It’s about licensing leverage, local regulatory access, and faster time-to-market. Acquiring an existing regulated entity can dramatically shorten expansion timelines, but it also transfers operational, compliance, and geopolitical complexity onto the buyer.

🛡️ From my perspective, this highlights how fintech scale now demands regulatory sophistication as much as product innovation. Expansion through acquisition only works if governance, risk management, and integration discipline are treated as core strategy, not post-deal clean-up.

🌐 If successful, this could reshape how European fintechs think about cross-border growth in regulated markets. The key question is whether acquisitions will become the preferred path to scale, or if the operational burden will push platforms back toward slower, organic expansion. How do you see M&A shaping the next phase of fintech growth?

#fintech #banking #payments #regulation #licensing #MergersAndAcquisitions #Europe",2,1,1767783707,fredericnoel1973,fintech
1q350zq,"VERIFIED ACCOUNTS FOR SALE 🔥 -Fresh, Paypal,Revolut,Cashapp,Venmo,Binance And more",[removed],1,0,1767471703,KYC_GOD,fintech
1q1euxl,Best European debit card that I can give to my turkish gf?,"Hello!
My girlfriend is turkish, i'm italian. Everytime she wants to buy from an italian (or european in general) online store, she has issues with her credit/debit cards, and when she comes to EU sometimes she has problems too.

I was wondering which could be the best option among the debit cards that I can open as an italian citizen to give to her. I will open revolut for myself so I can't give her that one.

Thank you so much!",2,14,1767301002,EnoughPCR,fintech
1q148xr,"Account restriction with Revolut (Spain) – full timeline, legal context, and warning before using Revolut as your main bank",,1,0,1767274242,StopInternational616,fintech
1pz2kst,"Found 20+ Operator roles at top FinTechs - Revolut, Cash App, Affirm, etc.","Hey everyone,

I’ve been manually tracking top operator roles (BizOps, Chief of Staff, Partnerships, Risk/Compliance) at the best FinTech companies because I was tired of digging through generic listings on LinkedIn.

I realized others might find this useful, so here is the list I pulled for this week. If you want the full list (with links to the applications) sent to your inbox, you can grab it here: [https://fintech-operators.beehiiv.com/p/issue-4](https://fintech-operators.beehiiv.com/p/issue-4)

**Business Operations & Strategy**

* Business Operations, Column (Infrastructure, Private), SF
* Strategy & Operations Manager, Revolut (Neobank, Series E+), NYC
* Biz Ops Manager, Sofi (Neobank, Public), Multiple Locations
* Strategy & Ops Manager, Robinhood (Exchange, Public), Multiple Locations

**Chief of Staff**

* Chief of Staff, Casap (Fraud, Series A), SF or NYC
* Director & Chief of Staff, AssetMark (Wealth Management, PE-Backed), Bay Area
* Chief of Staff - R&D, Addepar (Wealth Management, Series G), Remote
* Chief of Staff (Marketing), Xsolla (Payments, Private), Los Angeles
* Chief of Staff - Automotive, Experian (Consumer Credit, Public), Remote
* Chief of Staff, Juniper Square (Private Markets, Series D), SF

**Growth & Partnerships**

* Strategic Alliance & Partnerships Manager, Affirm (BNPL, Public), Remote
* Growth, Column (Infrastructure, Private), SF
* VC Partnerships Manager, Rho (B2B Banking, Series B), NYC

**Risk & Fraud**

* Senior Operations Risk Manager, Affirm (BNPL, Public), Remote
* Fraud Team Lead - FinCrime, Adyen (Payments, Public), Multiple Cities
* Compliance Ops KYC Program Manager, Cash App (Neobank, Public), SF
* Senior Risk Manager, Wise (Payments, Public), Austin

I’m going to try and do this every week. Hope this helps anyone looking!

Full List here!  
[https://fintech-operators.beehiiv.com/p/issue-4](https://fintech-operators.beehiiv.com/p/issue-4)",11,3,1767053002,TurnoverOptimal,fintech
1psatc1,"The Revolut Governance Failure: A case study in bot-loops, identity theft, and customer censorship","I am sharing this here because it highlights a massive red flag regarding corporate governance and operational resilience in the Fintech space.

The Situation:
After my phone and ID were stolen, I became a victim of identity theft. Naturally, I reached out to Revolut immediately. What followed was a 10-day descent into ""Bot-Loop Hell."" 

The Failure Points:
1. Zero Human Escalation: Despite providing proof of identity theft and a police report, the system is hard-locked in automated responses. There is no viable path to reach a human compliance officer during a critical fraud event.
2. Breach of PSD2/Regulatory Duty: Under PSD2 and EBA guidelines, banks must provide accessible support and secure channels for fraud reporting. Revolut is failing this mandate systematically.
3. Transparency & Censorship: My previous documentation of this fail on Reddit (which gained 3k+ views in hours) was REMOVED. Instead of addressing the security flaw, there seems to be a strategy of silencing the victim.

Current Actions:
- Official complaint filed with BaFin (Germany).
- Escalation to the ECB and relevant partners (Audi/F1) to highlight the reputational risk.
- Legal notice regarding GDPR (Art. 15) and PSD2 compliance is in progress.

Question for the Community:
As Fintech professionals and enthusiasts, how do we address this? When a ""Unicorn"" scales its user base but scales back its human compliance to the point of negligence, it threatens the trust in the entire ecosystem. 

Has anyone else seen this level of systematic support failure at this scale? And specifically, does anyone have experience with the Lithuanian Central Bank (Lietuvos bankas) regarding Revolut escalations?

#Fintech #Revolut #BankingEthics #CorporateGovernance #PSD2 #IdentityTheft",3,0,1766335364,NeonArtival,fintech
1pefjev,"Working at Revolut left me with diagnosed burnout, unpaid overtime & bonuses, and vested stock options that vanished. Anyone else with similar experiences?",[removed],1,0,1764891464,Small-Pressure-4722,fintech
1pdo2mt,"Java vs Go for Fintech , Which One Is Actually More Common?","I keep seeing people say that ""new fintechs mostly use Go,"" but when I look at real companies, the picture seems very different.

Some claim that the modern fintech stack = Golang. 

But if you check well established fintech companies like Revolut, Wise, N26, Adyen, etc., they all use Java heavily in their backend systems. In fact, most of them built their core services on Java from day one and continue to scale with it.

From what I've seen, only a smaller set of newer or niche fintechs actually use Go as their main language for example, Monzo is the standout case here with a Go based microservices architecture.

Is Go really the ""future fintech language,"" or is Java still the backbone of the industry and will remain so?

If you work in fintech, what company uses and why?",0,6,1764815172,No-Bit5316,fintech
1p5f58d,Why Fintech Adoption in the UK Is Accelerating Faster Than Europe,"The fintech landscape has experienced rapid transformation over the past decade, but no region in Europe has moved as swiftly as the United Kingdom. With a powerful combination of innovation, consumer demand, and a supportive regulatory environment, the UK remains the continent’s frontrunner in fintech adoption. This article explores the key drivers behind this acceleration and why the UK continues to outperform its European counterparts.



# 1. A Supportive Regulatory Environment Driving Innovation

One of the strongest catalysts for fintech growth in the UK is its progressive regulatory framework.  
The **Financial Conduct Authority (FCA)** was among the world’s first regulators to introduce **regulatory sandboxes**, enabling fintech companies to test new products in a controlled environment. Since its launch in 2016, more than **700 firms** have participated in these sandboxes, significantly reducing the barriers to innovation.

In comparison, many European countries still operate under more rigid compliance structures and slower approval timelines. This gives UK fintech firms a time-to-market advantage  crucial in a fast-moving digital economy.



# 2. UK Consumers Are More Digitally Confident

British consumers have shown a higher willingness to adopt new digital tools compared to other European markets.  
According to **Statista**, over **86% of UK adults** use some form of fintech service, whether digital banking, investing, lending, or payments. This adoption rate outperforms major European nations such as Germany (at roughly 70%) and France (around 67%).

Two major consumer behaviours fuel this shift:

* **Preference for convenience**: Customers increasingly favour mobile-first financial services that offer instant payments, smart budgeting tools, and seamless cross-border transfers.
* **Rise of digital banking**: Challenger banks like **Monzo, Revolut, and Starling** have collectively attracted tens of millions of UK users, signalling a strong trust in technology-led banking.



# 3. High Levels of Investment and Startup Activity

The UK is Europe’s largest fintech investment hub. In 2023 alone, UK fintech startups attracted more than **$5.1 billion in funding**, surpassing the combined totals of many EU countries.

Several factors contribute to this momentum:

* **Access to global investors** through London’s financial district
* A strong pool of tech and finance talent
* A mature startup ecosystem with accelerators such as **Level39**, **Barclays Rise**, and **Tech Nation**

This high inflow of capital accelerates product development, customer acquisition, and market expansion  all crucial for rapid adoption.



# 4. Superior Payments Infrastructure

The UK has built one of the world’s most advanced payments ecosystems.  
The introduction of **Open Banking** in 2018 was a major milestone, enabling customers to securely share financial data with trusted third-party providers. As of 2024, more than **7 million UK consumers** actively use open banking-powered services.

In the EU, open banking implementation varies widely by country, leading to fragmented adoption and slower consumer uptake.

The UK’s faster implementation has led to:

* Faster, cheaper, and more transparent digital payments
* Swift rollout of API-driven financial products
* Better customer control over financial data



# 5. Faster Adoption of Cross-Border and FX Fintech Solutions

With the UK’s strong global trading footprint, customers frequently engage in international transactions. This has driven faster adoption of FX and cross-border fintech tools.

Companies like **Wise** and **Remitly** dominate UK usage because they offer:

* Lower foreign exchange fees
* Transparent pricing
* Faster settlement times

In contrast, many European countries still rely heavily on traditional banks for cross-border payments, which typically involve higher fees and slower timelines.



# Conclusion: The UK’s Fintech Advantage Is Set to Grow

The UK’s accelerated fintech adoption is the result of an ecosystem where customer expectations, regulatory support, innovation, and investment align. With continued focus on open banking, digital infrastructure, and global financial connectivity, the UK is well-positioned to remain Europe’s leader in fintech innovation.

For customers, this translates to better choices, more transparency, and more efficient financial services  a trend that will only strengthen in the years ahead.",4,0,1763985416,ConstantSmall2471,fintech
1p595la,kyc bypass wise revolut binance and any platform,,1,0,1763963433,chaklimarketer,fintech
1own961,REVOLUT!!!!!!!!!!!!!!!!,[removed],1,0,1763095381,Legal_Heron_8935,fintech
1ow1afp,Airwallex vs Revolut,"Anyone have details on these?  We're looking for global banking for US, UK, and Asia.  Seems like both can satisfy this.

What about their corporate cards for travel?  

Thx",5,3,1763041076,Equiteq460,fintech
1ok7fc8,REVOLUT - NEW WAY OF BANKING,"BY INVITATION: 
A NEW WAY OF BANKING —REVOLUT BANK
",0,0,1761848472,michaelsommer,fintech
1ojz248,Revolut just made USDC a $1:1 experience for 40M+ users - EPIC validation for stablecoins...Now what?,Revolut’s new 1:1 stablecoin conversion shows stablecoins are moving from speculation to utility. I can't tell you how much of a game changer this is for so many fintech startups building on stablecoin! Platforms like Rafiki Works now basically have instant on/off ramps for all Revolut businesses and users. ,2,1,1761829256,Zealousideal_Rise599,fintech
1od66gs,"Revolut being used for solicitation and scams, no real response from support",,1,0,1761134140,Front_Lingonberry_53,fintech
1o36pve,💳 Discover the world of Revolut!,,0,0,1760115984,Virtual-Ad1164,fintech
1nx934h,💳 Discover the world of Revolut!,,1,0,1759520609,Virtual-Ad1164,fintech
1nvyil9,"Revolut, Barclays and Monzo top fraud complaints ranking",,1,0,1759395029,Alex09464367,fintech
1npaf95,Revolut Unveils £10 Billion Global Expansion Strategy to Reach 100 Million Users\ Revolut commits £10 billion investment a...\ #challengerbankgrowth #Revolut£10bnstrategy #Revolut100millionusers #Revolutglobalexpansion #Revolutmarketexpansion #fintechinshorts #fintechnews\ \ https://tinyurl.com/2...,,1,0,1758715847,fintechinshorts,fintech
1non46h,Revolut's $3 Billion Commitment to UK Investment: What It Means for the Fintech Sector\ Exploring the Impacts of Revolut's Ambit...\ #financialtechnologynews #fintechindustrygrowth #Revolutexpansionplans #RevolutinvestmentUK #UKeconomicdevelopment #fintechinshorts #fintechnews\ \ https://tinyurl....,,1,0,1758647197,fintechinshorts,fintech
1nihsz6,"REVOLUT FEES, DISGUSTED!","Ladies and Gentlemen, I want to ask you if you would use an app that had 0% fees, so by depositing money to your virtual card you pay nothing in fees and after you spend money with that card you get real money back.  Please let me know, also this app will have chatting features so by chatting you get points to unlock real money, it will be the Facebook of money... Let me know your thoughts",2,0,1758030028,Sea_Commission_8404,fintech
1nfvlo0,🚨 Today’s fintech news of the day: Revolut is building its own AI agents.,,1,0,1757764523,samboboev,fintech
1ndzxga,🚨 Breaking Fintech + Blockchain News 🚨,"# Stripe, one of the world’s largest payment processors, has announced the launch of its own blockchain network: Tempo.

# Key Highlights:

https://preview.redd.it/j7xefdlrugof1.png?width=1200&format=png&auto=webp&s=4f596ae830c154c5dc460e3d9564d75276ba3e9a

https://preview.redd.it/2pdxlglrugof1.png?width=1200&format=png&auto=webp&s=c6fbab6627cab8ab7219800cca997013cd825512

https://preview.redd.it/b6t5kflrugof1.png?width=1200&format=png&auto=webp&s=b3a59cb69a8286d44dc5f05a4e98f8c344c26aec

https://preview.redd.it/id1rghlrugof1.png?width=1200&format=png&auto=webp&s=0ae7cd829211133861b6948b921d0538e0ed9a40

https://preview.redd.it/jynu8ilrugof1.png?width=1200&format=png&auto=webp&s=2281fb1babd274ba31f32515f13a1fbee556b761

✅ **100,000+ TPS** (transactions per second)  
✅ **Sub-second finality**  
✅ **EVM compatible**  
✅ Backed by major partners including **Visa, Deutsche Bank, Shopify, Revolut, OpenAI, and Anthropic**

👉 Currently in **private testnet**, Tempo is being designed to support **stablecoin payments, remittances, payroll, and microtransactions**, with the goal of bridging **global payments and Web3 scalability**.

This could be a major development in how traditional finance and blockchain intersect.

💭 **Discussion:**  
Do you think Stripe’s move with Tempo could reshape the future of **stablecoin-powered payments** and drive wider Web3 adoption? Or will it face the same challenges that existing L1/L2 solutions are dealing with today?",1,0,1757566243,Codebird_Tech,fintech
1nddbi3,Revolut Lands UAE Licenses to Expand Digital Banking in Middle East\ Global fintech giant Revolut secures key...\ #Revolutdigitalbanking #RevolutMiddleEastexpansion #Revolutregulatoryapproval #RevolutUAElicenses #UAEfintech #fintechinshorts #fintechnews\ \ https://tinyurl.com/292m257o https://www...,,1,0,1757508629,fintechinshorts,fintech
1n8jq4e,"Unfair account freezes at N26, Revolut, Wise, bunq or other fintechs. We help affected users","Digital banks like N26, Revolut, Wise, and bunq often freeze accounts without warning, citing AML rules and leaving users without access to their own money.

We’ve been documenting these cases and supporting people who suddenly lost access to their funds. If you’ve been affected, feel free to send us a private message. We are building a network of people facing the same issue.

Do you think fintechs should be more transparent and accountable when it comes to account freezes?",1,0,1757014184,TeamSpinangaCase,fintech
1n854s4,Revolut Partners with Google Cloud in Multi-Million Dollar Deal\ A Strategic Move to Enhance Digital Bank...\ #cloudservices #digitalbanking #fintechpartnerships #GoogleCloud #Revolut #fintechinshorts #fintechnews\ \ https://tinyurl.com/2dm4b5jt https://www.fintechinshorts.com/wp-content/uploads/...,,1,0,1756976806,fintechinshorts,fintech
1n76hyl,Revolut Valuation Hits $75 Billion in Employee Share Sale\ Fintech giant Revolut achieves a $75 bil...\ #challengerbankgrowth #fintechvaluation #Revolut75billion #Revolutsharesale #Revolutvaluation #fintechinshorts #fintechnews\ \ https://tinyurl.com/27pya4pv https://www.fintechinshorts.com/wp-co...,,1,0,1756877555,fintechinshorts,fintech
1n29oih,How a $50M Fintech Lost Everything to AI Fraud Detection Gone Wrong,"Ever heard of Revolut's 2019 ""Black Friday Disaster""? Their AI fraud system went haywire and blocked nearly 60% of legitimate transactions on the biggest shopping day of the year.

The aftermath was brutal: $12M in lost revenue, thousands of angry customers, and a CEO publicly apologizing on Twitter.

**Here's what actually happened:** Their ML model was trained on normal spending patterns. But Black Friday behavior looked ""fraudulent"" to the algorithm:

* People buying 10x their usual amounts
* Shopping from new merchants
* Making purchases at weird hours
* Using cards in different locations

The AI did exactly what it was trained to do – flag unusual behavior. The problem? Nobody defined ""unusual"" correctly.

**Real fraud detection isn't sexy AI magic:**

* Start with simple rules (velocity checks, geo-fencing)
* Layer ML for pattern detection, not primary decisions
* Always have human review for high-value transactions
* Test with seasonal data, not just last month's transactions

The companies crushing fraud detection today use hybrid approaches: AI finds the patterns, humans make the final calls, and simple rules catch the obvious stuff.

Most ""AI-powered fraud detection"" I've seen is just decision trees with extra marketing budget.

What fraud detection challenges are you dealing with? The real-world problems are way more interesting than the vendor demos.

*Meir from* [*gliltech.com*](http://gliltech.com) *- been building fintech systems for 8 years. Love discussing real-world AI implementation vs. the marketing hype!*",13,9,1756380550,MeirDavid,fintech
1n0se0q,Revolut vs the Rest,"Back in 2014, Starling launched as one of the first wave of UK neobanks. Six months later Monzo spun out, and another six months later Revolut appeared.

Fast forward to 2025: 
•Starling ~4m users 
•Monzo ~9m users
 •Revolut 60m+ users worldwide

Revolut wasn’t first, but it absolutely crushed everyone else. And honestly, I don’t think it’s just because the app looks nice.

Here’s what I’ve been digging into: 
•Expansion DNA – Revolut started with FX and travel money, which made it global from day one. 
•Aggressive marketing – from YouTube ads to sponsoring Manchester City Women and even Audi F1. 
•Sales machine – if you’ve ever registered a company, you know Revolut calls immediately. •Product velocity – eSIMs, crypto, FX forwards, money market funds… they ship features at a pace Monzo and Starling can’t match. 
•Culture – “Never Settle, Deliver WOW, Get It Done.” It’s intense, but it creates alumni who go on to build companies like Fuse (raised $78M), Pillar, and TrueCircle.

I wrote a longer breakdown on my Substack about why Revolut became the first true European fintech super app, and what other startups can learn from its playbook.

👉 Read it here if you’re interested

https://open.substack.com/pub/fintechinfocus/p/revolut-vs-the-rest?r=62ekr9&utm_medium=ios

Curious what this sub thinks: 
•Do you see Revolut’s culture as a strength or a long-term risk? 
•Can any other neobank realistically catch them now?",1,0,1756229784,the-bestever-rebber,fintech
1n0fjb5,Revolut vs the rest (in Europe),"Back in 2014, Starling launched as one of the first wave of UK neobanks. Six months later Monzo spun out, and another six months later Revolut appeared.

Fast forward to 2025:
	•	Starling ~4m users
	•	Monzo ~9m users
	•	Revolut 60m+ users worldwide

Revolut wasn’t first, but it absolutely crushed everyone else. And honestly, I don’t think it’s just because the app looks nice.

Here’s what I’ve been digging into:
	•	Expansion DNA – Revolut started with FX and travel money, which made it global from day one.
	•	Aggressive marketing – from YouTube ads to sponsoring Manchester City Women and even Audi F1.
	•	Sales machine – if you’ve ever registered a company, you know Revolut calls immediately.
	•	Product velocity – eSIMs, crypto, FX forwards, money market funds… they ship features at a pace Monzo and Starling can’t match.
	•	Culture – “Never Settle, Deliver WOW, Get It Done.” It’s intense, but it creates alumni who go on to build companies like Fuse (raised $78M), Pillar, and TrueCircle.

I wrote a longer breakdown on my Substack about why Revolut became the first true European fintech super app, and what other startups can learn from its playbook.

👉 Read it here if you’re interested

https://open.substack.com/pub/fintechinfocus/p/revolut-vs-the-rest?r=62ekr9&utm_medium=ios


Curious what this sub thinks:
	•	Do you see Revolut’s culture as a strength or a long-term risk?
	•	Can any other neobank realistically catch them now?
",1,0,1756193994,the-bestever-rebber,fintech
1mxcyns,"Revolut Ultra – 3 months locked despite ‘Review Completed’, still charging for Ultra & Gold – Public exposure starts now","For over **3 months**, Revolut has been charging me fees for **Ultra** and **24K Gold Cards**, while keeping my account restricted.

I initially remained silent, accepting that I was bound by their Terms. But Revolut has now **lost the game**: the app itself shows *“Review Completed”* since **19 August 2025**, yet my account is still blocked.

Meanwhile, they continue to charge me every month for services I cannot use.

# Violations by Revolut:

* **Unlawful restriction of funds** after “Review Completed”.
* **Breach of Terms** – restrictions not lifted as contractually required.
* **Failure to provide paid services** – Ultra support, Gold card benefits.
* **Misrepresentation by staff** – frontline agents pretending to be compliance.
* **Bad faith complaint handling** – broken promises (Eddie), false timelines (Ahmed), endless copy-paste replies.
* **Unfair commercial practice** – charging premium fees while denying access.

This is no longer about money. It’s about **protecting consumers** from Revolut’s unethical and unlawful practices.

I have already invested thousands of euros to push this case forward. Starting in the coming days, this story will be **published across major financial media and online platforms — including Bloomberg, Financial Times, Business Insider, Politico EU, Euronews, as well as Greek financial outlets such as Capital.gr, Kathimerini (English Edition), and Insider.gr.**

From here, the real exposure begins. If Revolut can do this to a paying Ultra customer, they can do it to anyone.

**Class action preparation is already underway.**",1,4,1755884112,Basic-Twist-5530,fintech
1mo5pvp,Revolut and Wise Alumni Launch Blockchain Payments Startup with $3 Million Funding\ Innovative Payments Solution Aims to Rev...\ #blockchainpayments #financialtechnology #Revolutalumni #startupfunding #Wisealumni #fintechinshorts #fintechnews\ \ https://tinyurl.com/2yjcmhkc https://www.fintechins...,,1,0,1754996847,fintechinshorts,fintech
1mo5lio,I built a free tool to compare fintech platforms,"Hey everyone,

A while ago I wanted to compare **Revolut** and **Lightyear** investment fees.  
I thought it would be easy — just Google and find a side-by-side comparison.

Turns out… nope.  
The info was scattered across blog posts, help articles, and official fee pages. I had to open multiple tabs, take notes, and do manual math just to see the differences.

So I decided to **build my own tool**: [FinPick](https://www.finpick.net/).  
It’s a platform that gives a **high-level overview** of fintech services, showing their **fees and features** in a clean comparison table.

Data is updated weekly from official sources using LLM, so it stays accurate without me constantly copy-pasting numbers. However for now I am validating if LLM can find the data correctly, so it is under testing.

**A note on monetization:**  
I’m not planning to add ads that would clutter the UI.  
However, some of the “Register” buttons contain an affiliate code — so if you sign up through them, it helps support the project at no cost to you (and sometimes we both get a bonus).

I’d love for you to try it out and let me know:

* What do you think of the layout?
* What other platforms should I add next?
* Would you like more details or keep it high-level?

Thanks.

🔗 [FinPick – Compare fintech fees & features](https://finpick.net)",5,3,1754996468,balintkulcsar,fintech
1mevvzv,Revolut risk & compliance performance issues,"I’m an early investor in Revolut. It’s a fantastic company, but I have a concern that I’d like to hear others’ thoughts on.

Recently, I spoke to two Revolut employees in the product org who told me terrifying stories about their risk and compliance team. The amateurism of the risk team leadership was frightening.

I looked into the Group Chief Risk & Compliance Officer (CRO) LinkedIn profile. His background is confusing to say the least. He has no risk experience except a few years in a small finance organisation.

We all know that Revolut struggled for years to obtain a UK banking licence. When it finally got the authorisation a year ago, the only thing left was to complete the ""mobilisation"" process, which was supposed to be a straightforward 6-month process. We are now over a year later (past the 12-month maximum allowed time) and still haven’t received a full banking licence in the UK.

I’m surprised by the lack of accountability / adjustability. Revolut has a harsh work culture and quickly exits ‘low performers’. What happened here?

I’m keen of getting insights here from anyone who might have a good understanding of the situation. ",3,7,1754053307,Foreign-Ostrich-4930,fintech
1mc7gtr,Revolut Empowers Financial Independence for 16-17-Year-Olds\ Unlocking Opportunities for Young Savers...\ #digitalfinance #financialindependence #Revolut #teenbanking #youthsavings #fintechinshorts #fintechnews\ \ https://tinyurl.com/27gcv2y2 https://www.fintechinshorts.com/wp-content/uploads/202...,,1,0,1753783565,fintechinshorts,fintech
1lvh98b,Revolut Lets Customers Send Money to China via Alipay Integration\ Revolut expands cross-border payments by...\ #Alipaymoneytransfers #crossborderpaymentsChina #RevolutAlipayintegration #Revolutinternationaltransfers #RevolutsendmoneyChina #fintechinshorts #fintechnews\ \ https://tinyurl.com/yw3o...,,1,0,1752063364,fintechinshorts,fintech
1ltzn7x,Let’s Build a unique Canadian Fintech App Together,"Hello,

I'm working on a B2C fintech startup idea that combines a digital wallet with smart expense tracking — think of it like the best of Revolut + Mint, made for Canada.

I'm at the idea stage, and looking to build a lean MVP. I’m not a developer — so I need someone who can own the technical side of the build and ideally grow with the product.

I'm looking for:

\-Full-stack developer (React Native, Firebase, or similar)  
\-Passion for fintech or building products from 0 to 1.  
\-Bonus if you know security/crypto/payments (Stripe, Plaid, etc.)  
\-Open to co-founder roles or freelance collaboration.

🚀 Want to leave a mark on the fintech world? Let’s co-build something real — from zero to MVP to market.

If you’re interested or know someone who might be, let’s chat!   
Any of your help would be really appreciated.

💬 Comment below or message me here.  
📧 You can also reach me at: [Maniyaneel9@gmail.com](mailto:Maniyaneel9@gmail.com)

Let’s build something impactful 💸",8,4,1751907777,Kr_shana,fintech
1llrcow,Revolut to Acquire Argentina’s Banco Cetelem to Expand Latin America Presence\ Fintech giant Revolut accelerates its gl...\ #fintechLatinAmerica #RevolutArgentinaexpansion #RevolutBancoCetelemacquisition #RevolutbuysBancoCetelem #Revolutglobalgrowth #fintechinshorts #fintechnews\ \ https://tinyur...,,1,0,1751023238,fintechinshorts,fintech
1llehk0,Revolut Expands Its Reach by Acquiring Argentina's Banco Cetelem\ Strategic Move to Strengthen Presence in...\ #Argentinabanking #BancoCetelem #FintechExpansion #LatinAmericafinance #Revolutacquisition #fintechinshorts #fintechnews\ \ https://tinyurl.com/2y23otmu https://www.fintechinshorts.com/w...,,1,0,1750979158,fintechinshorts,fintech
1llehk4,Revolut Expands Its Reach by Acquiring Argentina's Banco Cetelem\ Strategic Move to Strengthen Presence in...\ #Argentinabanking #BancoCetelem #FintechExpansion #LatinAmericafinance #Revolutacquisition #fintechinshorts #fintechnews\ \ https://tinyurl.com/2y23otmu https://www.fintechinshorts.com/w...,,1,0,1750979158,fintechinshorts,fintech
1lieu5p,Revolut CEO Storonsky in Line for Massive Bonus as Valuation Nears $150 Billion\ Nik Storonsky could earn an Elon Musk-st...\ #150bnvaluationreward #fintechincentiveplan #Muskstylecompensation #NikStoronskypayout #RevolutCEObonus #fintechinshorts #fintechnews\ \ https://tinyurl.com/29e4j2o7 https...,,1,0,1750680333,fintechinshorts,fintech
1licr7y,Revolut's Storonsky on Track for Massive Bonus with Tripling Valuation\ Exploring the financial incentives drivi...\ #Bonus #fintech #investment #Revolut #valuation #fintechinshorts #fintechnews\ \ https://tinyurl.com/2djhv2ef https://www.fintechinshorts.com/wp-content/uploads/2025/06/113104_opti...,,1,0,1750673176,fintechinshorts,fintech
1lhus6g,Revolut Transitions to Lance AI Financial Assistant Amid Rapid Global Growth &#8211; Fintech Schweiz Digital Finance News,,1,0,1750616557,FintechBits,fintech
1lgpi3v,Wise Froze My Transfer Over a Marketplace Purchase — Demanded Recipient’s National ID,"I’ve been a loyal Wise customer for years, with hundreds of successful transfers. But this week they completely blindsided me.

I made a small personal purchase from a seller on a local Vietnamese marketplace. Wise then **froze the transfer** and demanded that I provide the **recipient’s Vietnamese national ID number** — someone I don’t even know personally.

I explained multiple times that this was a stranger I interacted with on a buy/sell platform, and that asking for their ID was **completely unrealistic and inappropriate**. I requested Wise cancel the transfer and return my funds.

Their support agent, **James-Arthur**, repeatedly responded with copy-paste legal disclaimers, refused to cancel the transaction, and even stated they **may deactivate my account** if I don’t provide this stranger’s ID.

Despite explaining that I’m a **UK and NZ citizen** protected under **GDPR** and the **NZ Privacy Act 2020**, Wise insisted on holding my funds unless I complied. It was clear they wouldn’t cancel my transaction without violating someone else’s privacy.

I’ve now:

* Filed complaints with the **UK Financial Ombudsman** and **NZ Privacy Commissioner**
* Contacted Wise’s complaints and press teams
* Switched to using Revolut instead

This is the kind of **overreach and data coercion** that makes me lose all trust in a platform. If they can block you from buying food or a phone charger just because they randomly want to “verify” the ID of your seller, what’s next?

Just a warning for others who make personal, non-business purchases abroad — Wise might suddenly block you, freeze your funds, and demand you get **highly sensitive personal data** from someone you barely know.",3,2,1750485737,IndependentRide3192,fintech
1lf5s2y,Revolut&#8217;s plans to introduce an AI assistant for users,,1,0,1750322390,FintechBits,fintech
1l8uab4,Argentina's Digital Banking Revolution Is Heating Up!,"With over 90% of market share concentrated in just three players — Ualá (6M users), Brubank (5.8M), and NaranjaX (4.7M) — Argentina is becoming a hotbed for digital banking innovation.

📲 Local players like Reba, Uilo, Banco del Sol, and Openbank are building strong licensed digital bank foundations.

💥 Meanwhile, FinTechs like Moni (lending), Mercado Pago (payments), and NaranjaX (credit & payments) are stepping boldly into the neobank space.

👀 Global giants like Revolut and Nubank are watching closely — and may soon enter the game.",5,0,1749652501,samboboev,fintech
1l33hsz,"Do you use dashboard personalization features in mobile banking or fintech apps? (e.g. reorder widgets, hide sections, customize what shows up)","I've been looking into how apps like Starling Bank, Revolut, and Boat Wave offer dashboard personalisation - things like moving widgets around, hiding what you don't use, or choosing what info shows up first on your home screen.

As someone working on product design in this space, I'm curious about real user behaviour.

What do you think about these kinds of features in mobile banking or fintech apps?

* Do you actually use them when available?
* Do they make your experience better or just add complexity?
* Any app you think does this particularly well or poorly?

Would love to hear your thoughts - trying to understand how useful this actually is for people who use fintech apps regularly.

",1,1,1749037713,Nearby-Age-2736,fintech
1l323ea,Revolut says it’s built its own ATM from the ground up. But it raises the question: is investing in ATMs still worth it today?,,3,0,1749032882,samboboev,fintech
1l3169x,"This Beta Fintech App Offers High Yields Without Banks — Simple UI, Risk Levels You Choose","There’s a new fintech product in **beta** called Sperax **OptiFAI** that’s offering high-yield savings — but without using banks or traditional financial institutions in the background.

It’s built on decentralized infrastructure, but you’d never know it from the user experience. It looks and feels like a regular savings app.  


Here’s how it works:

🔹 You deposit money using stable digital dollars (or soon, even directly from your bank)  
🔹 You choose your **risk level** — conservative, moderate, or aggressive  
🔹 OptiFAI automatically puts your money to work using strategies that match your comfort level  
🔹 You get projected returns and can withdraw anytime — no lock-ins, no complex dashboards  


Yields depend on your chosen risk level:

* **Conservative**: around 15% per year
* **Aggressive**: >30%+, using strategies like stablecoin yield farming



**Why this is exciting:**  
It combines the simplicity of apps like Revolut, Wealthfront or Chime with access to returns traditionally available only in more complex markets — but hides all that complexity from the user.

The **beta is live**, and it’s designed for anyone — even if you’ve never touched crypto or investing before.

Would love to hear what this community thinks. Could this be what the next generation of fintech looks like — smart decentralized infrastructure under the hood, clean design on top?",0,0,1749029331,Hellog7g,fintech
1kyxhdp,Deep Dive: What To Expect From Fintech Ad Networks,"2024 is full of headlines with announcements of fintechs and banks entering the advertising business. Some of the big names such as [JP Morgan Chase, Revolut, and PayPal ](https://www.fintechwrapup.com/p/what-to-expect-from-fintech-ad-networks?r=1d5ug&utm_campaign=post&utm_medium=web&showWelcomeOnShare=false)have all started or have plans to start selling ads on their platforms.

The advertising business has always been dominated by big tech companies such as [Google, Facebook, Amazon, and TikTok](https://www.fintechwrapup.com/p/what-to-expect-from-fintech-ad-networks?r=1d5ug&utm_campaign=post&utm_medium=web&showWelcomeOnShare=false). In 2023, the world’s ten largest digital advertisers—Google, Facebook, Amazon, TikTok, Tencent Microsoft, Baidu, JD com, Apple, and LinkedIn—grossed over [$492 billion](https://www.fintechwrapup.com/p/what-to-expect-from-fintech-ad-networks?r=1d5ug&utm_campaign=post&utm_medium=web&showWelcomeOnShare=false). Brands and marketers worldwide have spent a whopping $3 trillion on digital ads in the past five years.

As we can see, advertising is one of the biggest business markets in the world, which makes it very attractive to fintech businesses. If fintechs previously focused on merchants within their network, now they are expanding beyond this limitation.

In my opinion, this move by fintechs and banks makes total sense as the world becomes more digital and integrated. Open banking and, moving forward, open finance technologies can further help these companies enrich their customer data, and generative AI makes customer experience and ads more targeted. Naturally, this opens more opportunities for fintechs and banks to further expand their business solutions, and I don’t think they will be willing to miss out on this opportunity.

[Read Full Edition Here!](https://www.fintechwrapup.com/p/what-to-expect-from-fintech-ad-networks?r=1d5ug&utm_campaign=post&utm_medium=web&showWelcomeOnShare=false)",1,1,1748587343,samboboev,fintech
1ky2ouv,Why is it still so hard to send money instantly from developing countries to developed ones? What can be done?,"Hi everyone,

I’ve noticed a serious problem that affects millions of people, especially international students and families around the world. I wanted to open up a discussion and hear your thoughts, experiences, and any possible solutions—no matter how crazy or futuristic they sound.


---

🌐 The Problem

Sending money from developing (third-world) countries to developed (first-world) countries is still slow, expensive, and stressful. Here’s what many people experience:

✅ Someone in India, Nigeria, or Bangladesh wants to send money to a student or family member in Ireland, the UK, or the US
⏳ The transfer takes 1–5 days
💸 High fees and bad exchange rates
🚫 Some countries are not even supported by popular apps like Wise or Revolut
😩 Emergency transfers are nearly impossible when time really matters


---

💥 Who This Affects

Students abroad who need urgent funds from family

Families supporting loved ones overseas

Freelancers or small business owners working internationally

Migrant workers who send money home



---

❗Challenges People Face

❌ No instant transfer options in many countries

🏦 Limited access to banking services in rural or underbanked areas

💱 Currency conversion issues and delays

🔒 Strict banking regulations in some regions

📵 No access to international platforms like PayPal, Wise, or Revolut in some countries

🚫 Blocked or frozen accounts when large transfers raise red flags

🐢 Slow banking systems in some regions with no real-time settlement



---

🧠 What I’m Looking For

I want to hear from anyone who has dealt with this or has an idea about how to solve it.

Have you faced any of these problems personally?

Why do you think we still don’t have a fast, global solution for this?

What are some solutions, even if they sound far out?

Can tech (like crypto, P2P, etc.) fix this in a legal and scalable way?

What are the hidden blockers that prevent smoother systems?



---

💬 Please share your ideas, stories, or possible solutions. I’m very curious to see what others think, especially those working in finance, tech, or have real-life experience with this problem.
",9,20,1748495856,Sad-Fig-2994,fintech
1kxo0vz,Ever wondered what a typical day looks like for the CEO of Revolut?,,0,6,1748455575,samboboev,fintech
1kr0oxm,Neobanks aren't just growing - they're layering,"Institutions such as [SoFi and Revolut](https://www.fintechwrapup.com/p/deep-dive-revolut-one-app-to-rule) are expanding rapidly with new product launches like SoFi SmartStart and Revolut Mobile, while others like Qonto are entering strategic partnerships with payment platforms like Mollie. These moves underscore an industry-wide pivot from niche offerings to holistic platforms that serve a broader range of customer needs across regions and sectors.",16,3,1747733665,samboboev,fintech
1kpmulj,Can Revolut become the first $100B global consumer bank?,"Nikolay Storonsky (CEO) says it plainly: “We want to be the number one global bank — in 100 countries, with 100M daily actives, and $100B in revenue.”

Bold goal — and they’re playing a different game to get there.

While most fintechs partner with licensed banks to move fast, Revolut chose to go full-stack. Build the infrastructure. Get the licenses. Own the rails. Slower at first, but scalable globally.

They’re running 20+ product bets at any time — knowing most will fail. And yet, that’s the model: aggressive iteration, vertical expansion, and global ambition.

To founders: Would you take the long, regulated path to control the full stack?

To investors: Is this the next $100B fintech or just a great regional bank scaling well?

Drop your take👇

Source 20VC",12,8,1747582748,samboboev,fintech
1wc9ojl,does anyone actually use digital banks like bunq for investing?,"A few neobanks like revolut, bunq, n26 have investment options.  
Do you use them? Or you prefer to have a separate broker for investing and savings?

These banks' integration seems convenient to me",0,10,1789017362,ib_rahim46,personalfinance
1w5ifjw,5% APY vs 2.2% APY Revolut,[removed],0,3,1788373144,Significant_Key8471,personalfinance
1vubk3d,Does anyone have advice to gain access to my revolut account that is holding £2000 of my money?,[removed],1,1,1787304991,Large_Chemical_9841,personalfinance
1vmdnwh,"Data mismatch errors with brokers and banks. Anyone else affected? Revolut, DriveWealth, others.",[removed],0,1,1786540067,mismatchdata,personalfinance
1vmdcbr,"[US]Data mismatch errors with brokers & banks, anyone else affected? (Revolut, DriveWealth, others)",[removed],1,0,1786539263,mismatchdata,personalfinance
1vmca6r,Exchanging Euro to dollar for exchange,"I will live in the US, NYC for 12 months starting October. Regarding the low Dollar, would it make sense to exchange 10/15k euro to dollar now (with Revolut) ? What is your opinion on that? Should I split/wait?",0,10,1786536460,Fancy_Pineapple5564,personalfinance
1veq9la,Transfer money from Europe to the US from bank accounts,"I have savings in the EU that I want to get to my US bank account

I have a revolut account for the EU bank but I’m unsure about how to do the transfer and I know the bank can do a swift wire transfer but what would I need from my US bank?",0,9,1785791797,Boysenberry-Secret-1,personalfinance
1veejsr,How to save up digital money without an address?,"I'm 19 (Canada) and want to save up money to move out, I'm a musician and an artist so I can make money online, but my family resides in a self-built cabin, which does not have an address yet. And it seems like Paypal, revolut, etc all require an address!

Another layer of frustration is I have an American phone number. ",0,5,1785766255,Acceptable_North3367,personalfinance
1vb5nyq,"Moving to France, should I keep using my American CC/bank for points or transfer everything to a bank there?","I'm moving to France for grad school and intend on returning to the US. I'm debating where I should keep my money. 

I'll need to keep at least a little money in both places. In the US I need it for my storage unit and things like buying a gift from Target for my niece or Venmoing a friend for their birthday, and in France I need it to pay my landlord and to be able to have cash on hand. Where I'm stuck is where I should keep *most* of my money.

**Reasons to keep money in the US:**

\- My credit card (Capital One) lets me purchase in Euros with no foreign transaction fees

\- I'll get points on purchases

\- Less money spent exchanging money to my French bank

**Reasons to keep money in France:**

\- Revolut has a better savings APY (up to 5.5%) than my HYSA with Capital One (3%)

\- Most of my purchases will be local

What makes the most sense here? And if I do decide to transfer most of it to France, is it better to transfer a bulk amount to limit exchange rate fees, or to do it as needed?

Thanks!",34,43,1785444201,mncs,personalfinance
1vankip,"How to budget 250 a week i receive for a training course, if im 18 and life with my parents","Im doing a training and lifeskills course and theres a good chance i might be on 250€ a week, Since i live with my parents this would be a good time to save money as my expenses are low

I opened my personal bank account with revolut and im going to budget my money roughly like this

Savings (my savinngs account has 2% AER

€100

Household contribution

€40

Food

€40

Personal

€50

Mental health related 

€20

What would you do in my situation?",0,2,1785399744,Ill-Stage4131,personalfinance
1v1zwe6,Hidden fees after Revolut swapped my card from Visa to Mastercard (Check your PayPal/ATMs),"If Revolut recently replaced your old card with a Mastercard (especially on a premium or Metal account), keep an eye on your statements. My replacement card triggered new fees at the exact same places that used to be free.  
**ATM Fees:** Local machines that were completely free with my old Visa now slap ""international card"" fees on the new Mastercard because of how the BIN code is registered.  
**PayPal Currency Glitch:** PayPal misidentified the Mastercard's network code as a US-issued card. It silently flipped my automated UK billing subscriptions to US Dollars, triggering double-conversion fees.  
The Technical Side:  
Revolut issues these cards on global network registries instead of linking them strictly to local domestic clearing networks. ATMs and payment processors flag your UK account as an international or US card, bypassing your fee-free plan benefits.  
The Regulatory Side:  
Under the FCA Consumer Duty, financial firms must deliver fair outcomes and clear pricing transparency. Changing a card network in a way that silently alters transaction routing and triggers automated fees seems to violate the spirit of these protections.  
Has anyone else noticed their transaction currencies or ATM fees changing after a card swap?",2,0,1784585961,PausePlane8655,personalfinance
1uv7aj7,[RO] Revolut Stays sold me a hotel that didn't match reality — relocated to an apartment block near a bazaar.,,1,1,1783937115,Available-Self-4555,personalfinance
1usx26c,anyone wants to use my referral link to create a revolut account?,[removed],1,0,1783710466,Straight_Yam_3719,personalfinance
1upm3es,"Unemployed, studying abroad, got cash, narrowed options - what's next?","I'm not financially literate, there's some family trauma I won't get into, I'm just now reading about brokerages but it's lost on me and I'm short on time anyway so will circle back to that when I have a full-time job and stable living situation. I'm at a crossroads between a CD or HYSA plan at the moment with constant regret concerning my checking account. I have to make a decision before my grace period ends.



My only credit card is Chase Freedom Unlimited that I yearn to cancel but I already have points festering from use over the last two years and I'm afraid of tanking my 750 credit score since it's my only one at the moment and I don't think it's appropriate to open a second credit card to address that. Its monthly balance is paid off by my Chase checking.



  
That brings me to my semi-cooked plan. I have $20K in a CD at Citibank that's matured. I'm currently unemployed and so I'm thinking of moving it into my Chase checking account where there's already $70K collecting dust (no HYSA available) and ending my relationship with Citibank because there's no HYSA offered in my zip code. Reason being that I don't think I should renew my CD in case I need immediate access to funds abroad.



Alternatively, I considered chucking in $70K from my Chase checking into Citibank's offered CD (3.5% APY for 7 months) and keep $20K in my Chase checking to have on-hand when I move. I just don't know if that's a reasonable plan that buys me enough time to finding a part-time job that will direct deposit me enough euros into my existing Wise or future Irish bank account to ultimately pay towards my living expenses. Fortunately, my parents prepaid my tuition balance and they're assisting in student housing, but I'm expected to pay for the rest: medical, transportation, groceries, entertainment, dining, utilities, clothing, personal care, etc. If I take this route. It's taking a gamble on how much money I should reserve for immediate access but I stay in my familiar ecosystem with an easy transfer and small bump of interest without having an diabolical amount sitting in a checking account. I currently live in very close proximity to Citi and Chase branches so this is my bandaid solution.



If that plan sucks, I'm considering a HYSA to transfer (nearly?) all my combined Citibank CD and Chase checking account funds into. I just need it to be able to do what my checking account is currently doing: paying off my Chase credit card balance if needed, having the ability to transfer money to/from Wise and the foreign bank account I intend to open, support Zelle/Apple Pay transfers. Ideally one that has an attractive rate without regular fees/deposits and with good customer/app support for Americans abroad. I'll be porting my US number into Google and canceling my line afterwards. This allows me to make/receive calls and texts to US numbers.



I've looked into C1 and noticed I'm $10K shy of receiving the $1,500 sign-up bonus if I open a new 360 account with $100K, but I'd be eligible for their $750. Yay or nay? I don't know if C1's HSYA 3% APY is the right move now, or if I should look into joining this bank in the future when I have a steady job in USA again, maybe even get a better credit card. I have major FOMO for not starting their Savor Student card a decade ago (I've only started my credit score history in the last two years) but that seems irrelevant for someone living abroad for a couple years and isn't generating USD in the meantime. There's not much of a credit card culture in the EU and I have Wise anyway? I even hear Revolut is more common.



I've also looked into AmEx offering a HYSA 3.10% APY and it supposedly has a good app and support. I've looked into CITBank Platinum which is currently offering HYSA 4.10% APY for six months until it drops to 3.75%. I've looked about Ally's HYSA 3% APY rate. I'm aware of other online banks but these seem the most relevant. Can we narrow it down?



Please note that I live in USA, I have a SSN, I've been using my parents' address ever since I've moved back home, but I'll be studying in Ireland for a year and staying up to additional year, unless I get sponsored for long-time employment, before I return to the states.",2,1,1783403315,idkhowigotthisfar,personalfinance
1uobg9f,[CZ] - Revolut refund for unused plan - DM me for instructions,,1,1,1783280514,BriefBicycle3701,personalfinance
1uj2p4n,Open banking consent,"Hi

I recieved an open banking consent email today from my bank whilst waiting on a loan from them

Does anyone know what they have access too

For instance im banking with the credit union and I have a bank of ireland bank account also,

Had revolut before but closed it down months ago

Do they have access too closed down account also

Thanks for any information.",1,3,1782762118,Glittering_Switch_45,personalfinance
1udja5y,Best option for Euro to GBP conversion,"Based in the UK but about to receive inheritance from Republic of Ireland and unsure about the best way to receive the money so that I don't get hit with charges.

Amount is €150K+. I have a UK bank account with TSB but also have Revolut in £ and €. Is the latter the best option please or is there another suggestion?",0,1,1782226228,Only_Temperature_617,personalfinance
1uci8i3,Pakistani visitor to the USA (B1/B2 visa) – Best way to avoid carrying cash and minimize transaction fees?,"Hi everyone,

&#x200B;

I have a friend from Pakistan who will be traveling to the USA on a B1/B2 visa for about one month. During her stay, she will be participating in a short internship/observership program and would prefer not to carry large amounts of cash.

&#x200B;

We're trying to understand the best options for making payments in the US using cards, online transfers, or digital wallets while keeping transaction and currency conversion costs as low as possible.

&#x200B;

I am aware that using Pakistani debit or credit cards internationally is an option. However, many Pakistani banks charge foreign transaction fees, currency conversion markups, and other charges, which can add up over a month-long stay. Therefore, we're trying to explore whether there are more cost-effective alternatives.

&#x200B;

Some questions:

&#x200B;

\* Can a visitor on a B1/B2 visa open a temporary bank account in the US for a one-month stay?

\* Are there any digital wallet options (PayPal, Venmo, Cash App, etc.) that can be used without a US bank account?

\* Are there any prepaid cards that can be obtained easily by non-residents?

\* What is the most convenient and cost-effective way for her to pay for food, transportation, shopping, and other daily expenses without carrying cash?

\* Which option typically results in the lowest fees (foreign transaction fees, currency conversion charges, ATM withdrawal fees, etc.)?

\* Has anyone from Pakistan recently traveled to the US and found a good solution for using cards with minimal transaction costs?

\* Would something like Wise, Payoneer, Revolut (if available), or another international fintech solution work better than using a Pakistani bank card directly?

\* Since she will only be staying for about a month, what would be the simplest and most practical setup?

&#x200B;

Would appreciate hearing from anyone who has done this recently or has experience as an international visitor.

&#x200B;

Thank you!",1,7,1782128469,Muhammad_Muzammil,personalfinance
1u73eyb,"Revolut force sold my entire position this morning via clause 6.5,so basically my gold wasnt mine",[removed],202,72,1781584117,ConsistentWeirdo,personalfinance
1u3t7d9,"What is the best option to put my savings in, Revolut or Zopa?","according to this link, Zopa has the highest daily rate, but seeks to be saying that it’s only possible to put in £300 monthly. I was hoping to a put a significant sum, around 40k, straight away. [https://www.zopa.com/savings/regular-saver](https://www.zopa.com/savings/regular-saver)  


If this were the case, would I better off keeping my savings at Revolut? A related question, I previously had the metal Revolut savings plan but downgraded to standard, would it be possible to take advantage of this from Revolut, assuming it would be a better option than the the Zopa one? [https://www.revolut.com/news/revolut\_launches\_market\_leading\_5\_boosted\_savings\_rate\_for\_new\_uk\_customers/](https://www.revolut.com/news/revolut_launches_market_leading_5_boosted_savings_rate_for_new_uk_customers/)

  
I have not got a great understanding of how any of this works, so apologies if this is a a question with an obvious answer. 

Thanks in advance. ",0,1,1781265472,_ARPATRON_,personalfinance
1tyxa8s,Revolut account locked for months with hundreds of thousands,[removed],1,0,1780791740,Ok_Guitar_8637,personalfinance
1tv3lub,Revolut vs TradeRepublic for ETFs and shares in spain,"Hello, I started some time ago (like 4-5 months) learning about investments and so on, after some research I started using MyInvestor for Index funds and revolut for ETFs and shares (with the metal plan) but since the TradeRepublic 3% offer on your normal account I wanted to know if there is any benefits of using TradeRepublic for shares rather than Revolut 

Thanks a lot beforehand",2,0,1780433101,Belesia,personalfinance
1tt8gij,"24, American-based but leaving for Spain in ~5 years, how do I make the most of my US accounts before I go?","Hi! 

I'm relatively new to the whole personal finance space, it's all feeling a little overwhelming so i'd really appreciate the help!

Snapshot of my situation:

* 24 years old, from spain, living and working in the US. Planning to relocate to Spain in approximately 5 years.
* My employer offers zero benefits (no 401k, no HSA, no FSA, nothing)
* I have a US salaried job
* No debt

I currently have a normal checking account, a fidelity brokerage account (though the money is just sitting there, I haven't really touched it) and an openbank HYSA. 

**My questions:**

1. what's the most 'recommended' platform to manage my finances? I used to use revolut when I lived in the UK and i loved it as it was kinda like an 'all in one no brainer' solution, but I don't think they're available here. I've heard SoFi is also good? 
2. Should I open a Roth IRA now while I have US earned income? I know I lose the ability to contribute once I stop having US income, but I've read Spain doesn't recognize the Roth's tax-free status, is it still worth it?
3. Is opening a HSA or FSA recommended if my employer doesn't do it? 
4. Are there any US accounts or moves I'd regret *not* making before I leave that aren't obvious?
5. Anything I should be actively avoiding as a 'first timer' in all of this? Also, any books / blogs or stuff you can recommend to help understand all of this better? 



Thank you! ",129,32,1780263891,Loud_Journalist3486,personalfinance
1tq4ovn,[FR] Financial advice for invest/saving for international student,"Hello everyone,

I’m an international student (outside of the EU) in France and have been using Revolut for more than 2 years. Currently working with a steady income from my apprenticeship, I was able to have a small amount of savings. With the current inflation, I don’t want my money just lying around in the bank, losing its value. 

As I am a beginner in financial investment and also a status of an international student, I would love to receive advice on saving up the money on the Savings & Funds account or should I bring the money to invest in ETFs? 

Your advice is highly appreciated.

Thanks.",0,2,1779977216,viedebubble47,personalfinance
1tomg47,"Has anyone done a proper spread comparison between Wise, Revolut, and OFX on AUD corridors?",[removed],1,0,1779834432,IAmAKneeGrowMan,personalfinance
1tnfj7c,"""Wise"" is blocking my personal and professional account","Hello Reddit community,



Wise just notified me that my personal and business accounts have been closed. I don't know the reason, and they won't tell me.



I'm French, and the combined balance of both accounts is €130,000.

I can't log in to my Wise account through the mobile or computer app.

I can only provide my bank account details (RIB) for the refund of my funds.



Reddit community, could you please advise me on this situation? If I provide my bank account details (RIB), is there a risk that my bank will refuse the refund of my Wise funds given the large amount?

I just opened new bank accounts with Revolut and Société Générale for this purpose.",0,9,1779729352,Coriz06,personalfinance
1tlhfgu,"feeling lost despite savings, investing, career progression and big goals need advice balancing money, stress, comparison and life just financial advice mostly","Hi ! I’m 22F , started working over 2 years ago and have 7k in savings. I was able to buy myself a car for £2k (don’t get me started on insurance in the first year🥲). I’m on £32k a year and I’m currently working towards starting my NVQ level 5 soon as I’ve finished my level 3 not long ago. I’m also looking to complete my HE access diploma in radiography late June hopefully (I would like to be a sonographer in the future). I’m currently working in health and social care at the moment as a support worker but let me tell you something, this job is very mentally taxing some days but it’s not that bad tbh I’m used to it. Anyways I’ve just started investing with Revolut, I’ve a metal card, is it a good idea investing with revolut- I’m still new so I’ve got like £250 invested in stock and shares . The £7k is in my cash ISA as well and also I have got a land investment in a developing area in my home country which I got for $12500 and it’s appreciated by about $7k so it’s worth $19500. I’m paying for it over 5 years so hopefully it keeps appreciating with time. However I just feel so lost, I feel like I don’t know what I’m doing I’m in constant stress because I ngl compare myself to loads of people that are doing way more than me , I don’t know how to manage the little money I have and I want to be able to maximize it and keep in saving but sometimes it’s like I deprive myself of nice things.  
\*\*Also I haven’t got a pension yet. I didn’t got to uni I’m hoping to get through life taking alternative educational paths like apprenticeships etc.\*\*  
Anyone that can advise me on what I could do in my situation, id be very appreciative! Thanks",1,9,1779545154,ThrowRA_openathen,personalfinance
1tl79y9,Why are Wise and Revolut restricted for Ukrainians during the war?,[removed],1,0,1779513751,BohoAi,personalfinance
1tkblbv,Best bank for paying outside of Switzerland?,"Hey there, I need some advice regarding banks. I live in Switzerland and I want to open another bank account that I can use for payments outside of Switzerland (mainly in Italy and Germany). With my current bank I always have to pay 1.50 CHF for every transaction I make in another country when I pay with my card, which is obviously a lot. I struggle to find a good alternative bank because there is often one little thing that doesn't quit fit my situation (like for example they take 1.5% of every transaction bruh). Soooo can anyone suggest me a good bank which has a good exchange rate and doesn't charge any fees? So far the best solution I've found is the revolut travel card but also here I've read some negative stuff about it, so I'm a bit unsure.",0,11,1779434598,22moonlover,personalfinance
1tc4aay,My Barclays account got closed after a week I opened it,"Hi everyone, I’m based in the UK and I’m trying to understand what’s going on with my banking situation.  
Over the past few months, my accounts with Lloyds, Revolut and Barclays have all been closed. Lloyds was closed in October, Revolut was closed about two weeks ago, and Barclays was closed yesterday. In all cases I was told it was a “commercial decision” and no clear reason was given.  
Now with the most recent closure, the bank has also frozen my remaining balance and is asking me to provide proof of funds as part of a review.  
I’m quite confused because I don’t have any CCJs, bankruptcies or fraud markers on my credit report, and I checked Experian. There is also no CIFAS entry showing. I have been using normal banking services, receiving money, and spending as usual.  
At this point I’m just trying to understand if this is a normal AML process in the UK and whether multiple bank closures can trigger this kind of situation across different banks. I’m also unsure what the best way forward is, whether I should just provide all requested documents and wait, or if I should speak to a solicitor.  
Any advice from people who have been through something similar would be really appreciated.

Thanks.",0,1,1778688673,Unhappy-Principle333,personalfinance
1t8p6tp,"Moved back to the U.S. from Australia, should I keep savings in AUD or convert to USD?","Hi! I managed to save up some Australian dollars on my time living there, and whilst it’s not a lot ($4000 aud) I’m trying to figure out what I should do with it to make sure I’m not loosing that money; I considered using a transfer partner like revolut but I’m afraid I’ll end up loosing too much with the exchange rate. ",0,6,1778365997,Dragona_Horizon,personalfinance
1t8p6o3,"Moved back to the U.S. from Australia, should I keep savings in AUD or convert to USD?","Hi! I managed to save up some Australian dollars on my time living there, and whilst it’s not a lot ($4000 aud) I’m trying to figure out what I should do with it to make sure I’m not loosing that money; I considered using a transfer partner like revolut but I’m afraid I’ll end up loosing too much with the exchange rate. ",1,5,1778365986,Dragona_Horizon,personalfinance
1t87tue,"Trading platforms, I’m evaluating them.","Dear all,    
Since I’ve been following you, I’ve only wanted to save money. It’s a shame I didn’t meet you earlier — I would have avoided so many mistakes in exchange for more conscious financial education. Let’s say I’m new to the world of investing, even though for several years I’ve jumped into crypto and more recently into trading via Revolut. I read a lot, especially on forums, but I’m not very technically educated… I mostly go by gut feeling, a trait that so far has brought me small satisfactions (see attached photos — are those portfolio valuations in the photos?).  

Now I’d like to level up. Besides having spoken with Banca Allianz to set up a €200/month PAC, on the other hand I’d like to keep operating on my own by opening an account on a trading platform. The point is, I don’t know which one to choose. Basically, and by gut feeling, I can’t stand Italian ones (I don’t know why) and I’m leaning toward Interactive Brokers, maybe because it’s the biggest internationally.  

So to help me get oriented, which of the following platforms do you think is solid and why? Are there any others I’m not considering? Thanks in advance:    
Fineco Bank, eToro, Scalable Capital, Interactive Brokers (maybe the biggest), Trade Republic, CTB, Bitpanda, Freedom24, Saxo Bank, Degiro, XTB.  

Finally, and I don’t want to pile too much on the fire, if you can point me to channels where I can educate myself, I’d be grateful.",0,0,1778340007,Temporary-Run-3922,personalfinance
1t7bks6,[req] £50 till Saturday revolut monzo or bank Desperate need to pay bills will repay £70,,1,1,1778254754,Less-Panic-1941,personalfinance
1t6j78j,[ITA] Promo Revolut Maggio 2026: Ottieni un conto gratuito e una carta (Guida step-by-step),[removed],1,0,1778178779,Used_Refrigerator837,personalfinance
1t5fkux,"I tracked the actual FX spreads on Wise, Revolut, and Payoneer for 90 days. Here's the data.",[removed],1,0,1778079893,IAmAKneeGrowMan,personalfinance
1t58u6d,Offerta limitata - Revolut regala 50€,[removed],1,0,1778063190,Longjumping_Taro5497,personalfinance
1t3wyyq,"Turn $30 into $100 same day 🇦🇺 Revolut is running a promo where you deposit $30, make 3× $10 purchases, and they drop $100 into your account once the steps clear.",[removed],1,0,1777933870,Previous_Ground_9805,personalfinance
1t3qvk4,Podobne banki online jak Revolut?,[removed],1,1,1777920650,Ok-Sweet2558,personalfinance
1t2f7dw,[GB]Revolut holding $375k payment for 37 days despite promising 24 hours — then offered me £150 compensation,,1,1,1777794994,Still_Fisherman_2902,personalfinance
1sxit7g,I destroyed an empire,"Hi everyone, I want to tell you my life story and hope that this will help you with some personal finance advices, when I was young at 16yo I had a girlfriend and she left because I had no money, I knew the reason behind it and I wanted to become rich, at 19yo by a mistake I found a glitch in the Revolut app and one casino, I started to make 10k$ a day and the life was so nice, chill, no work and just enjoying life, I thought that glitch it will never end but in 2 weeks it was over, anyway in 2 weeks I've made already over 100k$, I bought a 2017 car and I was ""together"" with that girl for only one weekend, after that she left home and the glitch used to be between a casino and revolut and I losted all the money trying to find a solution to make more money, after few months of being broke after I lost all that money I found one way to abuse the sign-up bonus from casino without revolut, just with fake identities and I found a way to do the 35x wager requirment in under 5 minutes, I started again to make money but illegal this time, haven't learned my lesson and I had some ""friends"" helping me with this to increase the profit, after a while police showed up, I got a case which is ongoing and I cannot speak too much about it, it will end in 1 year, I ended up losting everything back at the same casino which didn't wanted any money back in this case but one ""friend"" betrayed me and this is how they found me, anyway from my story I want you to learn and remember some things

\- If you have found something simillar please lock some amount somehow and pay you monthly with a fixed amount of money like a salary

\- Don't trust anyone, your closest ""friends"" will be jealous in a day and they will betray you

\- Don't show your money, act like a normal guy working if you are doing something shady

\- Value the money when you have it 

Unfortunately I didn't followed my advices and I ended up to be threaten with death by some criminals when I used to have money and I went through a lot, the good part is that I was financially free for 2 years and I visited some countries and I made some nice memories, now wherever I go to work I feel humilated but this is life, I cannot do anything, I need to work and to build something now and to Never Gamble Again, I wish that one day I will find a remote job which will give me the opportunity to work from anywhere and with the good choices to build something which will set me free as soon as possible, I'm still young but I feel old, in few years I'll hit 30 and I feel that if you are over 40 you already lived your life, if anyone can help me with some advices to how to built something fast everyone is very welcome, thank you if you have read everything and if you have any question you can ask, don't forget to work in something which you like to feel that the time is passing fast at work, that's why I wish to find a remote job which can be done from anywhere because I like computers, I like to spend my time looking into a screen and working on something, always I try to find the product which can be a hidden gem but seems that it will never happen, I just wish to have financial freedom for the rest of my life, any new advice it will be strongly appreciated, and if you need something just ask, here are many good people, enjoy your day 🙏",0,1,1777328662,Exotic-Reading-2110,personalfinance
1sx1nzk,problems with WISE bank,"I want to tell you about my experience with Wise. I wanted to send a transfer of 5,000 euros to someone’s Revolut account, but it was delayed, and that person needed the money right away. The next day, I wanted to transfer 10,000 euros to my bank account at another UK bank, but Wise put me on hold for 24 hours again. I waited 24 hours, and they told me to wait a little longer. I waited two days, and then Wise canceled the transfer. Wise told me to wait for an email in which support would ask for some details. Another 4 days have passed (7–8 days in total), and Wise won’t let me make any transfers; all the transfers I try to make are canceled, and they aren’t asking me for any documents that could help me get my money out faster. I have heart problems and need to take medication, but Wise is freezing my money. Thank you, WISE, for all your help.

P.S.: All they keep telling me is that they’re sorry and are trying to speed things up… FOR 8 DAYS NOW.  
If you want to use wise for travel...don't.  
Does anyone have any ideas on how I could resolve this situation more quickly?  
(maybe Wise will see this post and resolve the issue more quickly).",1,0,1777291525,Independent_Shake348,personalfinance
1swnhn1,EARN A £200 BONUS BY OPENİNG A REVOLUT BUSİNESS ACCAUNT,[removed],1,1,1777247401,Judge2834,personalfinance
1swm1sv,Banca ca și Revolut pentru un cont.,[removed],1,1,1777243574,Slight-Software9026,personalfinance
1svj268,È Isybank o Revolut?,,1,1,1777139887,Altruistic-Thought58,personalfinance
1sssb2q,"Can you people help me opening an account on Revolut please? I’m not asking for money, just use my link to receive the benefit and help my family, i’m really desperate, sorry about this",[removed],1,0,1776879084,Rodyjr,personalfinance
1ssm2uo,"25k CHF savings, planning to quit job for startup — how to allocate (cash vs ETF vs currency)?","Hi everyone,

I’m looking for some advice on how to handle my savings given an upcoming life change.

Context:

\- In my 20s, based in Switzerland  

\- Saving \~5k CHF/month  

\- By September I’ll have \~25k CHF saved  

I’m planning to leave my job around September to start a startup, so this money will basically be my runway until I either get funding or generate income.

Main question:

What would you do with this money in my situation?

\---

What I’m thinking so far:

\- Keep most of it in cash / savings (for safety + liquidity)  

\- Maybe invest a small portion in ETFs  

\- Possibly use something like Revolut savings for interest  

\---

Things I’m unsure about:

1. Cash vs investing  

   Should I keep everything in cash given the uncertainty, or invest a small % (e.g. 10–20%) in ETFs?

2. CHF vs EUR/USD  

   \- I earn/spend in CHF  

   \- But EUR/USD accounts (e.g. Revolut savings) have higher interest  

   \- Is it worth taking FX risk for slightly higher returns?

3. Platform choice  

   I currently have:

   \- Revolut  

   \- Trade Republic  

   I’m considering opening Interactive Brokers or others.

   Does it make sense to:

   \- Use IBKR for ETFs (CHF-based if possible)?  

   \- Keep savings split between Revolut and a Swiss bank?

4. ETF strategy (if any)  

   If I invest a small portion, is something simple like:

   \- MSCI World / FTSE All-World ETF  

   enough? Or would you do something different?

5. Commodities / gold  

   Does it make sense to allocate a small % to gold or commodities in this situation, or is that overkill?

\---

My priorities:

\- Not running out of money  

\- Keeping flexibility (I might need cash anytime)  

\- Avoiding unnecessary risk  

\- But also not leaving everything completely idle (if it's not a good move)

\---

Would really appreciate how you’d approach this if you were in my position 🙏",0,5,1776865741,AdApprehensive2962,personalfinance
1sqyzmm,"""Il mio conto HSBC Expat (Jersey) è bloccato da ottobre: ​​quanto tempo ci vuole di solito per una revisione?""","Hi everyone,

I’m currently dealing with a situation where my HSBC Expat account (Jersey) has been frozen since October during a periodic review, and I’m trying to better understand what to expect.

For context:

* I’m a European resident (Spain) and work in online consulting/sales.
* My income comes from a company I collaborate with, and all payments are documented (invoices, contracts, etc.).
* I’ve already provided the bank with financial summaries, bank statements (Revolut/Wise), and explanations about the source of funds.

HSBC mentioned it’s part of a standard review process, but the timeline has been very long, and communication has been quite limited.

I’d like to ask:

* Has anyone experienced something similar with HSBC (especially Expat/Jersey)?
* How long did the process take in your case?
* Did the funds eventually get released without issues?

I’m not looking for legal advice, just trying to understand typical timelines and experiences from others who went through similar reviews.

Thanks in advance to anyone willing to share their experience.",0,1,1776711454,AppealGlobal2554,personalfinance
1sptqmp,Mortgage and existing loan advice,"Looking for some advice on whether it makes sense to refinance a personal loan ahead of mortgage approval.

Current situation:

€9,900 outstanding on a Credit Union personal/car loan

Interest rate: 8.2% APR

Monthly repayment: €450

No missed payments, all up to date

I’ve been back in Ireland recently and I’m planning to apply for mortgage approval in about 6 months.

I’ve been offered a Revolut personal loan at 6.5% APR which would reduce my monthly repayment significantly to around €190–€200 per month if I refinance the same balance.

My question is:

Would switching to the lower-rate loan (and lower monthly repayments) actually help my mortgage application in terms of affordability, or would it look bad having a new loan taken out so close to applying?

I’m mainly trying to figure out if it’s better to:

Stay as I am and keep paying €450/month, or

Refinance now to lower repayments and improve monthly cash flow going into mortgage approval

Any advice from people who’ve been through mortgage approval in Ireland would be appreciated.

Ideally I would have this loan paid off before mortgage application, but not in a position to pay it off in full at the moment. ",0,0,1776607154,MoreWater13,personalfinance
1sppzl2,[HU] How to transfer PayPal balance to Revolut in Hungary? No local bank account possible,,1,1,1776596785,No-Cell-603,personalfinance
1smjwkr,(REQ) anything £5-20 - desperate asf I’ll pay £50 back if it’s anything £10+ . Friday morning 6am - Revolut,[removed],1,1,1776289214,[deleted],personalfinance
1sm7ulm,BUNQ or Revolut for European HYSA account,,1,1,1776263651,Sensitive-Avocado972,personalfinance
1sm3yrh,Converting paypal USD to EUR without fees,"Is there any way to get my paypal USD out of Paypal and convert to EURO without paypal's terrible conversion rate? I'm in EU, I tried revolut, wise, some crypto platforms, none of them allow deposit of USD, it auto converts before sending.  
Thanks in advance to any replies",0,5,1776254338,koolMoose9,personalfinance
1sgw52c,How to start investing,"Hello guys.

i have recently started working full time and managed to save a certain amount that I will always have available. Since I still receive a salary every month, I decided to start investing. I have already familiarized myself with the basics and I think I am ready to invest. Now I am wondering if you have any advice for the following questions that I have: 

1. How much of my salary should I invest and how to decide on that amount? I guess I should calculate my monthly expenses and invest a little less than the rest? 

2. What should I invest in? And how much? I know that I need to diversify, but I don't know how much to invest in what? For now, I would start with gold, silver, S&P 500, VWCE and maybe a stock that I consider good. What should I invest in and how much? 

3. Where to invest? I bought some gold and silver on Revolut, but the spread seems too big. I think I will make all future investments on T212. Are there any better brokers and why? 

I'm not planning to get rich soon, I'm doing this for the future. Also, should I plan different withdrawal times for different types of investments? Thanks in advance for your help",0,6,1775755459,Maci1233,personalfinance
1sgoosk,You can get 30$ for FREE if u make a revolut account,[removed],1,0,1775738960,Andrew-0012,personalfinance
1sgkp46,"[DE] Account Restricted for a week: No food for Easter, no gas, no answers. Is Revolut just trading with our money?",,1,1,1775726653,SuspiciousHousing259,personalfinance
1sg7yrk,bonus 50€ buddybankk,"Il bonus buddybank è una promozione che offre 50€ ai nuovi clienti.

Per ottenerlo basta aprire il conto, inserire un codice invito e fare una piccola spesa.

Inoltre, si possono guadagnare altri bonus invitando amici.

100% real, non è una truffa ma un semplice bonus di benvenuto che viene fornito non solo da buddy ma anche da altri, esempio revolut o isy bank fra le più famose

se siete interessati contattatemi",0,1,1775688109,Rude_Blood1648,personalfinance
1sg7r89,bonus 50 euro buddybank,"Il bonus buddybank è una promozione che offre 50€ ai nuovi clienti.

Per ottenerlo basta aprire il conto, inserire un codice invito e fare una piccola spesa.

Inoltre, si possono guadagnare altri bonus invitando amici.

100% real, non è una truffa ma un semplice bonus di benvenuto che viene fornito non solo da buddy ma anche da altri, esempio revolut o isy bank fra le più famose

se siete interessati contattatemi",0,1,1775687593,Rude_Blood1648,personalfinance
1sd970j,Received item after refund,"I ordered a bag from a website that I now believe is a scam.

I requested to cancel the order the same day I placed it to avoid it being shipped, but the seller never responded to any of my emails until it was shipped days later (also note that on their website they claim to respond to queries quickly which they clearly didn’t) when I have already opened a dispute through my card company (Revolut).

About 2 weeks later, the item has been delivered and the quality of the bag was not as described at all.

Another thing is that their website lists a US address, but when I contacted them about wanting to return the item, they told me to return the item at my own expense to a China warehouse since their current one is broken down. Mind you this whole situation is going on while the dispute is still ongoing.

I just received an email today saying my dispute was settled and successfully resolved this is about 12 days after requesting a return from the store. 

So now I’m stuck in this situation where:

I’ve already been refunded

The item arrived late 

Has anyone dealt with something like this before? Should I just leave it as is, or is there anything else I should do?",0,6,1775409273,Absolutely__not1,personalfinance
1sc9r0b,Does Revolut suck now?,[removed],1,1,1775310599,Jamesaflacey,personalfinance
1sc3m9o,Newly hired long-haul pilot – is Revolut Metal actually worth it?,[removed],1,0,1775290474,SpiritedFootball3615,personalfinance
1sbe76g,Open banking consent,"Hi

Does anyone know if you were too close your revolut account and open a new one would your old data be deleted an not be accessable through open banking from other banks.",0,0,1775224301,Glittering_Switch_45,personalfinance
1sb79z6,Invest on ETF at my 39yrs for 20 ye plan,"hey to everyone, I am 39yrs old male and I am trying to invest on ETF for my pension.

I am already give 500euros per month on a family plan in a greek etf through my job and because of that I have a big txa reduction.

I have about 200e per month to invest and I am thinking to do it through revolut.

I am looking for a 20yr plan.

it is enough to help my kids to pay their studies.

what do you recommend to invest?",1,1,1775202841,vaev2023,personalfinance
1s8nbum,Has anyone tried borrowing against their gold without selling it?I,"I’m holding an XAU position in Revolut ($5k) and sometimes need quick cash, but I don’t want to sell. Between capital gains tax and buy/sell spreads, selling just for short-term cash doesn’t make sense

Has anyone found a practical way to borrow against gold holdings? 



I’m curious if there are brokers, platforms, or products that let you use gold as collateral for a cash loan",0,5,1774963419,ZawiasBruno,personalfinance
1s6pamu,Investing my unused money in Europe (Sweden in particular),"So basically I have some money that just seat still in my account which is such a waste due to inflation so I think why not investing? That said, I know nothing about stocks, bonds, commodities and anything of such. I would study and read books if it actually helps but I know most people cannot “beat the market”. So I’m thinking of just put my money in something low-risk and just leave it there (feed some extra money every month). Of course, if diversifying my portfolio doesn’t cost me time then I’m open. Please give me your advice 😊

I see that lots of people suggest Avanza and Nordnet for that. I haven’t checked them out but are they actually better than just using Revolut? I plan to learn Swedish soon but it’s good to have a platform that’s in English. Thank you 🙏 

ps: I’m a non-Swedish from Asia ",0,12,1774771565,dha_130703,personalfinance
1s44hox,"Ex-Friend Reported Me as Fraud to Banks, How Concerned Should I Be?","As title states, I have an ex-friend who helped me financially last year when I got hit with pretty bad situation. The overall amount was probably about 2 grand. There was a clear indication that they weren't concerned about repayment, but I could pay it back as I could. I am in the USA and they are in Europe, so the transfers were wired initially until we started using revolut.

Fast forward to end of last December and their financial situation changed and asked for help. We weren't really talking as much by then but I felt inclined to send some money back when I could now that my situation cleared up. This continued until yesterday, where after some choice words were spoken back and forth, I blocked them and cut ties completely. We were barely chatting at this point and I felt our relationship was strictly transactional. 

They found me on social media and let me know they have put reports in to his bank and mine about the remaining balance of money I owe them, about a grand after the payments I sent them throughout the last few months. Should I be concerned at all on this? ",0,18,1774523404,These-Ring1939,personalfinance
1s3fhot,I need some advice on how to start buiding personal finances,"I'm about to start my first ""big girl job"" (I'm 25F) and need some advice when it comes to handling the money. I'm used to budgeting a lot since I was living off my parents, but now that I'll have a salary I'd like to be more flexible while still being responsible. Some specific questions I have are:

\- What % of my salary should I aim to save?

\- I have a savings account and a revolut account for daily use/spending. Is that a good idea?

\- Should I do something with my savings? I hear a lot about investing but honestly it feels quite scary to me and idk if it's worth it.

\- should I start thinking about my retirement/a pension plan? Or should I focus on a house deposit first?

\- How do people keep track of their money? Excell sheets? Especially if you are saving for severall things at once (say, a car and a holiday). Always saved for one thing at a time so far lol 



Any other advice will be greatly appreciated!",2,9,1774455859,Low_Fee6188,personalfinance
1ryrnns,Trading with Revol ut?,"Hi redditers, 

Is there Anyone who’s trading with the brokerage account from Revolut invest; I am curious about your actual experience.

I got several issues within few days and still going on.

I am wondering how to trade easily if it’s not with Revol ut.

I can describe my actual experience but in a community of traders or people who trade with Revolut account.

This is not a promotion but the contrary I am actually fed  up need soon to migrate my account where I can easily trade efficiently with no similar issues like in the brokerage account In Revol ut.",0,1,1773998945,Village_Short,personalfinance
1rxi37g,[N/A] revolut selfie problem,[removed],1,1,1773871982,Dear-Cap-1836,personalfinance
1rpenzx,S&P 500 - Revolut or Trading212?,[removed],1,0,1773094591,Diligent_Patience_63,personalfinance
1rmqxwl,"Geniale Bank App, Revolut",[removed],1,0,1772832949,Expert-Ad-2529,personalfinance
1rgkkav,Online payment as a 16 years old,hello everyone I'm 16 and I've been thinking of making a website/ app to make money the issue is idk of it's possible to receive payment without my parents at this age if there is a way pls guys help me out I've heard about the revolut card for teens my age idk ab,0,5,1772230181,Public_Jellyfish_492,personalfinance
1rflhw4,Revolut for trip to Japan,"Hi everyone! I’m planning a 10-day trip to Japan this summer from Sweden, and I’m considering using Revolut while I’m there.

I’ve read some posts on r/Revolut that worry me - people have mentioned that accounts can get frozen for transfers around $70/€70 or \~700 kr, and I’m a bit nervous about that happening to me.

My plan would be to top up Revolut with some cash via ATM and also transfer money from my main bank before I go. But I’m worried that Revolut might freeze my account for some reason while I’m traveling.

The main reason I’m looking at Revolut is because I understand that up to around 10 000 SEK in foreign card payments doesn’t incur fees, which sounds great for travel.

If you have recommendations for other banks or cards that work well abroad from Sweden, please let me know and why you think they’re better.

Note: I’m not interested in getting a credit card.",1,0,1772137925,Shaddo2,personalfinance
1rbhnk4,I calculated how much I’ve been losing to FX + payment fees for 2 years. I regret not doing this sooner.,"I receive my salary in US dollars but my residence is outside of the United States which has led me to use Wise and Payoneer and Revolut services during the past two years. I never really questioned the fees. The first time I checked the fees I saw the total fees as approximately 1 percent which I understood as the expense for getting convenient service. 

Last weekend I exported all my transactions since the start of 2024 and actually calculated the effective cost properly including the FX spread baked into the exchange rate. The actual rate turned out to be above 1 percent. The two year period produced an average rate of 2 percent. 

The total inflow range between 170,000 and 180,000 resulted in approximately 3500 to 4000 dollars disappearing through multiple small conversions which created easily forgotten costs. The most surprising aspect to me was that all expenses during that time period appeared affordable. A few dollars here, a slightly worse exchange rate there. The consumer fails to recognize the cost because companies distribute it across multiple transactions.

 I want to know how many people generate cross border income who have actually performed this calculation instead of depending on the published fee information. If you have completed this process correctly, what effective percentage will you achieve? Is it possible to maintain a total below 1 percent without facing excessive requirements? This expense operates as a hidden cost which accumulates greater total expenses than most people expect.",72,8,1771752973,ThisCommentAgedPoor,personalfinance
1r5qnrm,Where to park short-term savings (2-5 yrs) while building mortgage down payment? 🇭🇷,"Hey all,

I live in Croatia with my wife and daughter. We have \~12-15 month savings on bank accounts which we don't touch. All other additional monthly savings we're putting towards mortgage down payment for bigger apartment.

We're currently saving additional €4-5k/month. Goal is €150k-200k cash before taking a mortgage for the rest. At the moment, we have 30k saved and parked in Trading212 interest on cash.

For context, I can’t get full mortgage amount approved due to salary structure + want better loan terms. It's mine and wife's income nuance; I’m a B2B programmer with my own company, where my wife is also employed. I pay her and myself minimum salary + dividends (more tax efficient), but banks only consider salary for mortgage eligibility.

Stocks are unpredictable for short term investments. Leaving money just sitting in my bank for a few years means losing money due to inflation.

I’m looking for the safest reasonable option for short-term parking. Considering the above, I know about few different options:

\* Revolut (1% on flexible savings)

\* Money market ETFs (e.g. XEON or LYOR , they're the biggest and very stable according to justETF)

\* Trading212 interest on cash (It's money market as well, but does it make sense to invest by myself directly, rather than park on T212 interest? T212 seems to make it more diversified with multiple MMF and banks for the same or better interest than manual investment)

\* Croatian bank fixed deposits (0.5-2%, but locked between 3-12 months. I don't like the idea of subpar interest rate, and locking the money for months)

I’m leaning toward keeping it in Trading212, but I’d love to hear real-world experiences. Especially from anyone who saved for a property in a similar situation.

Thanks!!",1,7,1771191008,responsible_sheep,personalfinance
1qz32p2,Debt/loan advice - outstanding loan,"Hi there,

I took out a personal loan a few years ago with tesco at 8.9% apr for 12k for a car(best rate offered at the time). Fast forward a few years later and that car decided to blow its engine so I have had to get trade it in for another car. I had to take out another personal loan of 10k. I still owe 5k for the previous loan.

I am in a position of paying off the previous loan as I have 4k in a regular savings account at 4.5% with revolut and I have 10k in a Isa account.

How ever my pregnant wife is due in August and I would like to have keep money aside for a nest.

Any advice much appreciated.",0,1,1770537304,Inevitable_Art_6537,personalfinance
1qxe7j9,"Free Money Referrals – Trading 212, Monzo, Revolut & Lloyds (£220+)",,1,0,1770374154,Amazing-Shine5034,personalfinance
1qurj5h,Bank account in EUR as a US resident,"I'm a US resident but EU national. I inherited part of a joint account overseas and I've been looking into a EUR bank account to deposit it on, as the original account will be closed with probate.

Non traditional services like Wise, Revolut and similar seem to have account freezing issues (based on threads online) and I would like to avoid them for larger amounts. While traditional banks overseas require someone to be on site to open an account and at this time I cannot travel. I'm at an impasse.

I'm left with US banks that offer EUR deposits and an iban. Is anybody familiar with any of them or is there any you can recommend, please?  ",1,16,1770124267,Existing_Sherbet_443,personalfinance
1qnw2gr,"Req 20€ repay 30€ on 29/01/26 (bank transfer , revolut)",,1,0,1769468385,No-Blood9700,personalfinance
1qeufg9,Revolut flexible cash funds fees,"https://preview.redd.it/ld4vi6ywdsdg1.png?width=1834&format=png&auto=webp&s=63bf2854fc62f19a1006f88ecd1172e19b1603f9

I don't have a Revolut account, I'm thinking whether to open one to park some cash. Looking at Trading212 and Trade republic also. Anyway, I'm looking at the fees at the bottom and it's not clear to me how they work.

Let's take the 1.17% in standard program for EUR.

* Is 0.9% already subtracted and the 1.17% is net?
* Is 0.9% subtracted from 1.17% leaving 0.27% (doubtful)
* Is 0.9% subtracted for your profit? So at the end of the year if you had 10K at 1.17% you would have gotten around 117 euro and Revolut would get 0.9% of that, so 1 euro?",2,0,1768602793,yeahwellfu,personalfinance
1qahmab,"Wife gave SSN to scammer, how to protect from ID Theft?","Hello,

  
Long story short my wife gave out her SSN, Debit Card, and a credit card info to a 3rd party scam thinking she was signing up for Revolut to sell some clothes online.

I have already informed her not to ever give this info out online and she realizes the mistake she made. I am wondering now the best steps to protect against ID theft.

A fraudulent transaction on her PayPal account through the compromised credit card is pending for $150. We have already cancelled all of her cards and reissued new ones, frozen her credit through Experian, TransUnion, and Equifax (and put up Fraud Alert) and disputed the charge on PayPal (I will dispute it through her credit card company once the charge posts).

Is there anything else to do? She told me what she did within 5 minutes of doing it and we had everything cancelled and frozen within an hour. Any help would be greatly appreciated, thanks!",100,27,1768181770,Zebrafart4,personalfinance
1q7vymt,Playstation is stealing from me,"I don't know what to do anymore and I'm coming on here in search of any advice. I have genuinely been robbed by PlayStation 😭 

€71.99 was taken from my account on the 6th of December 2025, to pay for a yearly Playstation Plus subscription.

The subscription payment came sooner than I expected, before I could cancel it. The first year was a gift from a family member so I really couldn't afford that. Here's the kicker though; I have a screenshot of the PlayStation app telling me my subscription expired on the 20th Dec 2025..  SO TECHNICALLY I CANCELLED MY SUBSCRIPTION (on the 6th) BEFORE IT EXPIRED!!! 

I disputed this on Revolut (chargeback), trying to get a refund, and supplied information of the payment and stated that I haven't used the service so I wanted a refund. 

My Playstation account was then suspended, until I disputed that action and got it back.

The merchant declined my refund request, claiming proof of giving me the product. I understand this, because technically it's in their policy to not refund after a year.

However... since they suspended my account I have no PlayStation Plus, AND no refund. So basically, they've taken 72 euro from me and I have no subscription at all.

Now, I can't dispute the payment again through revolut because there's no option for that, and PlayStation has absolutely NO customer service. I really need the money back for the service that I have not even used, and right now don't even own it. I need help because there is nothing I can do from here. 

Revolut was very helpful even their chat robot was good, but as I'm sure many know the PlayStation customer service is really not up to par. There's apparently nothing revolut can do from here to help me, even though I was told I could dispute it under a different category of 'goods not received'. 

I have proof of purchase, proof of attempting to contact the merchant (PlayStation), proof I don't have the service I paid for, proof I cancelled the subscription before it expired, proof they DIDN'T refund me, proof I'm SUPPOSED to have the subscription until 2026....

and yet there's nothing I can do? 

I'm sure there HAS to be something I can do, iI have screenshots of literally everything. I've been done so dirty here and honestly I just want my money back. 

Please help! ",0,3,1767925618,jesterbaroque,personalfinance
1q6j4z0,Moving savings to online bank - which are actually trustworthy?,"My savings are sitting in a traditional bank earning nothing and I'm ready to move it somewhere that'll actually grow. Problem is I don't know where to start.

Every search gives me sponsored articles that feel fake. Want something straightforward: good interest rates, no hidden fees, won't randomly lock me out or pull shady stuff.

Been looking at neobanks like Wise, Revolut, Vivid Money, others but honestly skeptical about online banking in general. Has anyone used these long term for savings? Mostly need a place to park emergency fund (around €8K saved over couple years) where it earns something reasonable while staying accessible.

What are people actually using that's reliable?",34,20,1767801482,MutedFeedback-5477,personalfinance
1q4pab2,Revolut virtual cards,Are Revolut virtual cards any good in Portugal? I am a digital nomad currently in Lisbon for a few weeks.,1,0,1767628319,jacques4rmAppsmith,personalfinance
1q30zdh,Large international transfer – Revolut issues?,[removed],1,0,1767462495,Level_Opening_6595,personalfinance
1q2sugd,Revolut or Lightyear for savings in France (or other options),"I'm French resident and have a Revolut account already. I'm about to get a sum of money from a house sale and am looking to park that somewhere for a number of months. I'm a financial noob and not interested in investing, only looking for least risk - hence savings/deposit accounts. I'll max out my French savings options (LEP, Livret A, etc) first. Lightyear's interest rates look more attractive than Revolut's but I'm wondering if for ease of setup and access then I just go with Revolut. Are there other options/considerations?",1,0,1767441314,Mammoth_Drive6584,personalfinance
1q2stjq,Revolut or Lightyear for savings (or other options),[removed],1,0,1767441227,Mammoth_Drive6584,personalfinance
1pyl8go,"Estratto conto, conti secondari mutuo.","Buongiorno sto per richiedere un mutuo, LTV 58% presso BNL mi hanno chiesto gli estratti degli ultimi 6 mesi della mia banca più lista movimenti aggiornata. Partendo dal fatto che sul conto principale non ci sono transazioni di gioco d’azzardo ma ci sono transazioni verso revolut che è il conto che ho usato per giocare. Mi chiederanno anche gli estratti del conto secondario?",0,1,1767011837,Huge_Ear_8355,personalfinance
1py126i,How to make the most out of international transfers,"Hi I'm curious how people get the most out of international transfers. My salary comes into a UK account but I send about £2k to Spain. I feel like I could be getting more out of this activity. 

Currently I'm using wise, and the rates are good (I think), reliable and transparent service. Is there any other plans or companies I can use to get points or more out of this? I tried revolut but the revpoints don't redeem things I need. Has anyone had luck with getting cheaper flights with that? ",2,4,1766952486,Inevitable-Bee-6343,personalfinance
1pnaxvn,"Missing SWIFT Transfer, unsuccessful recall","Hello everyone,

I’m looking for advice on a missing SWIFT transfer involving multiple banks and fintechs.

I initiated a SWIFT transfer from Trading 212 to Revolut.

Trading 212 does not hold client funds directly, so the payment was initiated from J.P. Morgan (Frankfurt branch) and routed through Barclays as an intermediary bank to Revolut. However, the funds were never credited to my Revolut account.

Initially, Revolut’s Payment team claimed the funds had arrived and were returned by them. Later, regular support changed their position and stated that they never received the funds at all. I am still unsure which statement is true.

I then asked Trading 212 to initiate a SWIFT GPI tracer, which resulted in the status ACCC.

Regular Revolut support provided written confirmation that they never received the payment, which again contradicts their previous claim by the payment team. I initiated a SWIFT recall via the sending bank.

Unfortunately, the recall was closed unsuccessfully because Barclays did not respond to multiple recall requests.

At this point:
• Trading 212 says there is nothing more they can do
• Revolut says they never received the funds
• Barclays has not responded
• The money is still missing

This is a significant amount of money for me, and I feel completely stuck. Could you provide any recommendations on how to move forward?

Thanks a lot!",0,1,1765814294,dasher5232,personalfinance
1pmrt13,Smart Account vs Regular Bank Account,"Why should I choose regular bank account instead of a Smart Account, like revolut or something else?",0,5,1765753506,PaulCoraline,personalfinance
1pbh1y4,Moving back to Europe after 3 years in USA - best way to withdraw savings tax-efficiently?,"Hi all,

I (29M) was wondering if anyone had any advice or had been in a similar situation.

I am finishing my job and moving to Europe with my partner in January 2026. My last day is this December 2025 and I have been working in the US since late 2022. My taxable income is around $74000 for this year. I am pretty good at budgeting, but live in a VHCOL area with a relatively low salary.

I have a very small amount of savings that I think I want to remove from the US entirely just so I don't have to maintain accounts here as well as free up a bit more cash for the move. I have:

* $7800 with Fidelity across different ETFs, investing $250 monthly for the last 2 years (mix of long- and short-term gains)
* $8000 in my employer 403(b) (no match tragically, so I didn't pay a lot in)
* $700 in after-tax Roth
* $3100 in a HYSA

I think I will just liquidate my Fidelity account and transfer it to my HYSA and send all of this to Europe.

 My main questions are:

* Is it worth it to wait until next tax year to do this or can I do this now?
* Same thing with my 403(b) and Roth, I want to also liquidate this, should I do it this tax year or next? I understand I will pay penalties on this, but I am unsure if I will ever return to the US and don't want to have a random account with a small sum of money that I might lose access to over the years or forget about.

Thanks for any advice! Also, if anyone has recommendations for money transfer services to Europe, that would be great. I currently just use Revolut for small amounts back and forth.",2,4,1764605976,Bukurago,personalfinance
1p7mrye,Moving from EU to US as a Permanent Resident Should I keep my EU-domiciled Vanguard ETF or switch to US ETFs?,"Hi guys :) Trying to figure out this whole finance thing but stumbled across something I'm unsure about. Not asking for legal advice just personal opinions/experiences

Soooo I’m in a somewhat tricky situation and would appreciate some advice

I currently hold a Vanguard FTSE All-World ETF through Revolut  (EU-domiciled - not a lot of money) I will definitely be living in the US for the next 3-4 years (I'm a permanent resident) after that I might stay or mov eback - not sure yet. t’s not a huge amount of money, and I’m mainly concerned about not creating unnecessary bureaucracy or tax hassle in the US. I realized that as a US resident, this ETF could be considered a PFIC. That would mean complicated annual tax reporting (Form 8621) and potentially higher taxes, even if I don’t sell. I’m currently in profit with the ETF, so selling would realize gains even if they're small. I also don’t need the money in the short term, so this is about long-term investing over several years. So I wanted to ask someone who maybe knows a lot more than I do:

1. Should I keep the ETF and deal with the PFIC reporting and taxes?
2. Should I sell it and switch to US-domiciled ETFs to stay tax-compliant?
3. Are there other options I’m overlooking or did I get all of this completely wrong?
4. Is this even the right sub? :D",1,4,1764199239,BoxTough1278,personalfinance
1p2yyep,Dichiarazione crypto su conto estero (Revolut),[removed],1,1,1763732604,sernic04,personalfinance
1p2gtup,Crypto non dichiarate su Revolut,[removed],1,1,1763676736,sernic04,personalfinance
1oxxaz3,Arnaque sur LeBonCoin via virement Revolut – conseils pour récupérer mon argent ?,,1,0,1763227182,life_9782,personalfinance
1oud35l,Is Revolut a bank or a thief? (Posting here as Revolut removed my post),[removed],1,1,1762876584,fabcpinho,personalfinance
1ou6vpx,Anyone in UK not have a monzo or Revolut account? Follow my links for cash bonus.,[removed],1,0,1762859905,UizAgayFish,personalfinance
1oovb5l,🚨 [Alerta aos consumidores brasileiros – Revolut Brasil],[removed],1,1,1762322984,Independent-Bee1954,personalfinance
1ony4qw,Free Cash Offer! Revolut Limited Time Offer!,[removed],1,0,1762230362,lux1ds,personalfinance
1wffyn5,Revolut Confirms Sending Passport and Bitcoin Records to Fake Government Email,[removed],1,0,1789325051,R2_Liv,UKPersonalFinance
1w84hcg,How to transfer 500k EUR to GBP,"Me and my parents are Greek citizens and moved to the UK 11 years ago. My parents sold our house in Greece and received around 500k euros, deposited in their Greek bank. They want to buy a house in the UK with that money (they are both naturalised citizens, I am not). 

They are having difficulty with transferring over the money to their UK bank due to different exchange rates, fees etc.

What is the best way to do this? I understand an FX broker like Wise is a good idea, but the commission would be something like 1.5-3%. Revolut has become a UK bank now and it’s possible to send the euros into Revolut, buy a Revolut premium subscription for a month to avoid any fees, and exchange the money into GBP there since they have the best exchange rate. Would something like this work? 

Any advice or point to a direction is appreciated!",146,125,1788623814,TheFlyingKitchen,UKPersonalFinance
1w5w13h,What should I do with my savings ?,"I’ve saved up 20k in my Revolut account, but it’s just sitting there doing nothing. I’m looking to move it into a low-risk account where I can earn interest on it. I’m a complete beginner to all of this personal finance stuff. what are the safest ways to grow this money, i don’t want to put it in those risky things where one day I check the account and it’s gone down lol.",0,11,1788406110,Busy_Wolf_6845,UKPersonalFinance
1w59skl,Multiple UK banks rejecting/closing my accounts after Lloyds closure worried about CIFASIAML. What should do?,"Hi everyone,

I'm a UK resident/student and I'm currently in a difficult situation with my banking. I'm trying to understand what could be causing it and what I should do next.

My recent banking history is:

Lloyds — account closed. They only told me that they were closing it because I had breached their terms and conditions. They didn't give me a specific reason.

Monzo — account closed.

Starling — application rejected.

NatWest — application rejected.

Nationwide — application rejected.

Chase — application rejected.

HSBC — application currently under review.

Revolut — account/application currently under temporary review.

Monese — currently appears to be working.

I have also recently made several applications because I urgently needed somewhere for my salary to be paid, so I realise the number of applications itself may now be a factor.

There is also some history that concerns me. While I had my Lloyds account, I received/transferred money from other people. One of the transactions later became connected to a money-laundering issue. I did not knowingly participate in money laundering, but I'm worried that Lloyds may have considered my account activity suspicious.

Lloyds eventually closed my account. I had around £700 remaining, which is currently with a friend. We tried transferring the £700 to my Revolut account twice, but both payments were reverted by Revolut.

I then tried transferring a small amount to Monese. A £3 transfer from my Revolut account to Monese was successful, so Monese appears to be able to receive UK payments.

I urgently need a bank/payment account because my employer needs my banking details for payroll. My current fallback is Monese.

I have checked my TransUnion statutory credit report. From what I can see:

My credit accounts shown are up to date.

No bankruptcies or insolvencies.

No judgments/CCJs.

I haven't seen any obvious defaults or arrears.

Chase performed an AML search when I applied, but I understand that an AML search appearing on TransUnion does NOT itself mean I have a CIFAS marker.

I have NOT yet received my CIFAS DSAR, so I don't actually know whether I have a CIFAS marker.

My questions are:

Does this pattern of multiple bank closures/rejections sound like a possible CIFAS/AML issue?

Is there anything on my TransUnion report that I should be looking for that could explain this?

Should I stop applying for accounts completely while HSBC/Revolut are under review?

Is using Monese for my salary a sensible temporary solution?

If my CIFAS DSAR comes back with a marker, what is the correct process for challenging it?

Could this situation have any implications for a future UK Graduate visa application, assuming I have no criminal conviction?

Is there anything else I should do right now to avoid making the situation worse?

I'm not looking for ways to get around bank checks. I just want to understand what's happening and resolve it properly.

Thanks in advance.",0,19,1788354282,Electrical_King_6452,UKPersonalFinance
1w56bnt,HSBC account under review over unrecognised 80£ transaction- scared i can't open any other banks. Please help.,"Hi, 

I have banked with HSBC for 10 years. I'm 24 now. Yesterday, i tried to go on my online banking in the morning and was unable to use my account. I went into branch straight away as HSBC is my only bank, and I was questioned over an £80 incoming transaction last week that somebody sent and disputed, causing my account to go under investigation. I have no idea who sent me this or why, and why it wad disputed. I never asked anyone to send me £80. They were unable to even tell me who sent it and it doesn't even show up in my online banking anymore. As a result, my account is frozen for the forseeable and they will not give me any time frame. I am so stressed because I solely depend on myself, i pay my own rent and bills and pet insurance and I am estranged from family. i explained this to them and they couldn't care less. 

last year, something similar happened. I went on a paid date, with a sugar daddy for 400£. then he tried to scam me and disputed the payment. My HSBC was frozen for a month, but i won the dispute because i had all the evidence that he reached out to me, agreed to pay this amount, and was genuinely happy and even text me after asking to see me again. he charged back a week later. i felt like i was sexually taken advantage of in this position- unable to pay rent or bills until i won the dispute and got my account back. 

However, during the last time my account was frozen, i tried to open monzo revolut and chase and they all got blocked instantly. i know now it was stupid to try open a few at the same time but i didnt think i was doing anything wrong. I am now scared i have a cifa or some sort of marker, that will stop me from ever banking again. i am terrified for my life and wellbeing as like i said i only have myself and have to look after my dog and keep a roof over my head. i have genuinly never comitted any fraudulent activity, never done crypto or recieved money from a dodgy source, never held money for someone or anything. i have done a few paid dates and thats it. 

i am scared if hsbc close my account over this 80£ that i genuinly have NO CLUE who sent it. if it was a paid date i would be honest but i have not been aware of this payment. will i be left without a bank forever???? this will cause me to default on all my bills and end up homeless. 

Please guys, has anyone been in a similar situation before or has any advice for me. i applied for the check for a cifa yesterday and i am waiting to hear back.

  
Thank you so much in advance",0,7,1788344274,cutiepie1609,UKPersonalFinance
1w54bqk,26m money advice with savings 30k+,"Feeling a little lost, I don't know where to put money to maximise its earnings, I like £20000 in 5% Revolut account and i also got gifted £10000 from family, I was thinking of putting the £10k into barclays investments on the app, medium to high risk and letting it sit there until retirement. 

I own my car that i paid £13k cash for.

Recently new job £2300 a month after tax. 

I still live at home so i do not have many outgoings. 

Any advice on how to sort out money?",1,7,1788337382,Adamp2506,UKPersonalFinance
1w2marb,"£200 spare every month, how should I start investing?","Hi everyone, I’m completely new to investing and have about £200 spare every month that I want to start putting into stocks/investments for the long term.

I started with Revolut because it seemed pretty easy. For my first £200 I’ve done:  
£150 → Vanguard FTSE All-World (VWRP) in a Stocks & Shares ISA  
£50 → Nvidia (NVDA) in the same ISA

My thinking was £150 into something diversified for the long term and £50 to have a bit of fun with individual stocks and learn along the way.

I’ve also just started putting £400 a month into a savings account paying 6.25% a year. Do you think it’s reasonable to keep building that up, or would it make more sense to put some of that into stocks & shares too? I’m aware stocks are more risky and I’d probably want the savings as a safety/emergency fund.

I’m thinking of doing something similar every month but not sure if that’s actually a good idea.

Would you put the full £200 into a global index fund, or keep some for individual stocks? Is Revolut alright for this or would you use another platform? Would you spread the £50 across different sectors?  
Any advice for a complete beginner would be really appreciated.",15,47,1788107767,Parking-Treacle-4474,UKPersonalFinance
1w2iyta,Where could I cash HM Courts Tribunals cheque?,"I got a cheque from HM Courts and Tribunals but can't cash it out as I don't bank with traditional UK banks. I use Revolut and Monese accounts, please advice where could i possibly cash it in UK?",0,11,1788099911,Icy_Customer1248,UKPersonalFinance
1w1nkb5,Which banks offer automatic currency conversion on payment?,"I’m specifically referring to when you are abroad, tap or dip your card to settle a transaction, and instead of GBP - you are charged in the local currency without needing to make a choice for currency in the terminal.

So far, all I know are Wise and Revolut that are capable of this. 

Do any other UK banks offer this as a default feature?",0,44,1788012606,never_working_ever,UKPersonalFinance
1w1lvob,Savings as a new expat (US citizen),"I’m a US citizen who’s been  in the UK for six months. I have substantial savings both here and in Germany (which I plan to move here soon to consolidate), but I’m really struggling to open a savings account here because I don’t have UK credit history. I’ve read a lot of advice but I keep getting rejected. Does anyone have any tips for building credit without a proper bank account? I’m using Revolut to receive my paycheck.

Chase rejected me even for a standard account!",0,20,1788008227,MacaroonSad8860,UKPersonalFinance
1w0zn6m,Hello smart people of Reddit. How do I get rich from scratch?,"I'm poor and have never cared about money because I was focused on other things but now I want to get rich and mog the peasants. How do I?

I'm starting from absolutely nothing. I have £1 in Natwest, £1.90 in Monzo, £2 in Revolut and £6.22 in Starling. I've got a new job though, and I start in a couple of weeks. How do I become a super rich villain? Or at least how do I become financially smart and stuff?",0,23,1787943913,JohnBlobby,UKPersonalFinance
1vxexkd,Experience with CASS from Revolut,"Hi, has anyone used the Current Account Switch Service from Revolut to another bank?

I have a Revolut account I don't use and am considering opening another account (NatWest, Nationwide etc.) to take advantage of their switch offers. I'd like to know whether Revolut supports outgoing CASS transfers.

Revolut appears on the CASS website but I can't find any discussion online and Google AI is unclear about outgoing switches. Thanks!",0,2,1787604289,the1stjohnsmith,UKPersonalFinance
1vtigee,"£200 Revolut Business referral – split 50/50 If you’re setting up a new Revolut Business account, there’s currently a £200 referral reward available after completing the required steps. Happy to split it 50/50 (£100 each).",[removed],1,1,1787229792,iwetka94,UKPersonalFinance
1vt5mh6,Which is the best Bank for an International PG Student?,"Hello Everyone,

I will be moving to the UK by the end of this month to do my Postgraduate course. I am looking for the a good bank there. HSBC was my initial choice however, they charge a £5 transaction fee when I recieve money in pounds sterling from an account that is not based in the UK. 

I have been confused between: RSB, Nationwide, Starling, Monza and Revolut.

However, I am not sure if the fully digital banks are safe to keep money in.

I would highly appreciate some guidance and I am completely open to any suggestions that I might have missed out. ",1,5,1787189580,Salt_Cup_6271,UKPersonalFinance
1vsgwvi,What's your preferred way to receive money in different currencies?,"For those who move between countries or work remotely for clients abroad, what do you use for receiving money in different currencies?

I'm particularly interested in people who:

* get paid by clients in different countries
* regularly convert GBP/USD/EUR
* spend time in multiple countries
* need to move money between their own accounts

I've been comparing Wise, Revolut and traditional bank accounts, but I'm curious what people here actually use in practice.

What has worked best for you, and what are the biggest drawbacks you've found?",1,2,1787129761,WeaknessLegitimate40,UKPersonalFinance
1vrzilw,Which digital bank is best for personal finance?,"Hello! I’m looking to use a digital bank as my main day to day bank. Is it a good idea? If so which one should I use? I have HSBC and I use Revolut when I travel to save on FX, however it looks like a lot of people in the UK use Monzo so was wondering about it too. I’m not good with personal finance but looking to improve (save and invest)  
Would love to have your recommendation and why you picked it.   
Thanks so much!! ",0,12,1787081675,Zenobiafromthepalm,UKPersonalFinance
1vrseyl,Credit Score & Credit Card offerings,"Hi all

I’m looking for some financial guidance and would really appreciate your thoughts.

I’m 24 and originally from Brazil. I moved to the UK to study and completed both my undergraduate and postgraduate degrees in London.

I struggled for a long time to obtain a credit card but was finally accepted this year, after becoming a British citizen.

I have banked with HSBC, as well as Revolut, since moving to the UK, and HSBC offered me a £5,000 credit limit on its Rewards credit card, which I accepted. As I have only recently started building my credit history, my credit score is still relatively low.

My first question is how I can improve my credit score. I’m financially responsible, do not spend beyond my means and understand that paying the balance in full and on time is important. However, are there any other useful steps, or commonly overlooked factors, that I should be aware of?

Secondly, I don’t often see HSBC’s credit-card products recommended, so I’m wondering whether its Rewards card is considered a competitive option. What should I be working towards over time? Are there better credit-card or rewards-card options in the UK that I should consider?  
For context, I applied for both Chase and American Express cards but was unfortunately rejected.

Any advice would be greatly appreciated.",0,5,1787066929,barista-at-the-bar,UKPersonalFinance
1vrihrt,I live abroad but should I get a credit card to pay for everything instead of using my Revolut?,"Long story short travelling a lot for work / remotely. Living in multiple countries in recent years. Currently travelling around North America. 

I use my Revolut card as it doesn't get any savage fees like my Lloyd bank one does (that's just the bank I got when I was 16 and never changed).

But as I'm getting older I see people talk about use your credit card to stack credit or things of this nature.

I can afford everything I am doing so can always pay back the credit card.

So should I be doing this? What's the benefits of this being from the UK?",1,11,1787038963,Swordfish353535,UKPersonalFinance
1vqy5j5,Is there a better way to pay off this personal loan?,"Hi all

I’m sort of new here, I’m in my mid twenties and want to put some effort into improving my financial literacy and attitude to personal wealth. I currently have a loan with Revolut at 6.78% that was a private loan for my masters degree issued by a post grad specific lender - I consolidated it a few years ago with their new loan offering that was at a lower rate. 

I know that’s not especially high and I only have one year left of it (until August 2027) it’s about £220 a month which I pay straight from my salary (coming out as €254 on my eur side of my account). 

I wondered if there’s a better way to be paying this off in line with being more conscious of building credit and being more intentional about my personal wealth. I don’t have a credit card at all as of yet. I’ve been reading about stoozing for example and would love a bit of guidance. To me, shifting the last of this loan is the first step of personal finance journey. Where should I start? Any ideas appreciated :) thank you! ",2,6,1786986447,MzzaD06,UKPersonalFinance
1vq7lt4,How do you deal with foreign currency?,"My parents and family members tend to give me foreign currency, one side of the family gives me euros and the other gives me USD, both in cash. 

I would like to have this money in my revolut account or travel account with NatWest but I don’t want to lose on converting to £ and then back to euro/usd. What’s the best way to go about this? 

It’s usually around 8k not just a couple of hundreds so I need to minimise conversion losses, any advice?",2,13,1786911862,Liam_game_95,UKPersonalFinance
1vnnhva,GBP to EUR Conversion - Large Amount - Best Providers?,"I'm in the very lucky position to suddenly have around £850,000 in the bank. I want to convert some/most/all of it to EUR shortly, and I don't want to get ripped off with bad exchange rates, excessive fees, etc.

For context - I'm in Portugal now, and I no longer have a UK address. This makes opening new accounts with UK financial services companies difficult/impossible.

What's the view on the best way to do this?

I've got GBP and EUR accounts with Starling Bank, and I can convert between the two for a 0.4% fee. Not a bad starting point, but that's still £3,200.

There's Wise. They seem to charge slightly less, maybe 0.3% or 0.35% ish.

I've got an account with Atlantic Money, which does EUR conversions for a very nice flat fee of £3, but my account (along with many others, it seems) has been restricted to £2,000/€2,000 per day. Still, that's only 0.15%, but it would take me 400 days of tap-tap-tapping on my phone to shift the whole amount, so that's not ideal either.

I've got an investment account with Trading 212. I think they might charge 0.15% too, but without the onerous daily limit, so that might be a possibility.

Tried to open an account with Revolut, but failed - due to a passport/visa issue (long story). Monzo doesn't seem to be available here in Portugal.

There's another question of course, which is what to do with the EUR funds when they arrive here, but that's perhaps one for another day.

What are my best options for this sort of thing? Grateful for any advice. It's not just about the fee of course, it's about the available exchange rate too. I just want to know how to get the most € bang for my pound.

(and it's a nice problem to have, I know)

Thank you.",0,43,1786655514,bigalxyz,UKPersonalFinance
1vmngf6,What's the best way to receive a USD salary in the UK?,"Hi,

I've recently accepted a job for a US company (I'll be employed through HMRC's DPNI scheme), and the contract states that I'll be paid in USD, twice per month.

What's the most efficient way to convert the USD I receive as a salary into GBP in my current account? I've seen a few suggestions - Revolut, Wise and HSBC Global View & Global Money (I'm currently an HSBC Premier customer so I think that might give me slightly better rates than the regular HSBC Global account?).

The problem is that all 3 of these are really opaque when it comes to saying what the actual fees will be - is anyone able to weigh in with what the best solution would be here?",82,53,1786561578,bilbothemagnificent,UKPersonalFinance
1vk71xz,I grew up in foster care so I don’t know how to start managing money now I have a stable income!,"Hi all,

For some context, I grew up in foster care and I’ve been in countless DV shelters. For that reason, I have virtually no savings. 

I currently have one debit card (with a current and savings account) and one Revolut card for travel. I don’t have significant cash saved (£50\~).

I am now a first year PhD student on the current stipend £20,780 so I receive **£1,739.17** per month. 

My outgoings are only rent and bills (£604), my sim plan (£15) and food. I don’t drink or go on nights out really. I am exempt from council tax and the stipend is tax free. 

I don’t have any family members or friends really to guide me, what would my next steps be with all this information? I am 23 for background info and I’d like to ethically bank (I am Muslim so avoiding interest is preferable)

I have been reading a bit about ISAs and Lifetime ISAs and the importance of this but I can’t seem to wrap my head around it. There seem to be so many gaps in my knowledge I don’t know where to start. 

I’ve also been wondering about how to save and how to lead that onto having a permanent home (not just renting). 

Having my own home is one of my biggest dreams, any help would be so appreciated. 

Apologies if this seems a silly way to learn, the internet is quite overwhelming and confusing. TIA",1,2,1786324778,pistathecat,UKPersonalFinance
1vjk3to,CIFAS marker likely applied after receiving money from someone,"Hi all, hoping for some guidance from anyone who's been through something similar.

I received two payments from an acquaintance (£200 and £34, a few weeks apart) via Revolut. Shortly after, my account was restricted, then closed, following a ""report about payments"" that Revolut said they ""couldn't reject."" Support later confirmed (via chat) that a CIFAS marker process is underway and pointed me to an internal appeal, which I've since submitted with supporting evidence (3+ years clean account history, proof of legitimate income, and my own history of CIFAS Protective Registration and a prior Action Fraud report when my ID was misused).

I've since seen that the person who sent me the money had a pattern of receiving larger sums and quickly redistributing them to several people — I had no knowledge of this at the time and no reason to suspect it.

A few questions:

Has anyone successfully appealed a CIFAS marker (especially Misuse of Facility) when they genuinely didn't know the funds were connected to anything problematic?

How did the Financial Ombudsman process go for you, if you escalated?

Did this affect your other bank accounts or credit products, and if so, how/when?

Any tips on requesting a CIFAS DSAR — how long did it realistically take to hear back?

Appreciate any insight — this has been a stressful few weeks and I want to make sure I'm doing everything right",0,34,1786262911,Rare_Appointment8960,UKPersonalFinance
1vj122w,Refused to any UK mainstream bank,"about two years ago my tsb closed then they allowed me to open a new one, 

i have a few faults on my file like not paying but they’re wrongful i just don’t know how to fix them without paying as i shouldn’t need too  
due to circumstance

monzo closed my account a while back and i can’t open that or revolut 

but i tried to do a mainstream application like 3 months ago it didn’t work,

people around me they get through but me im not it upsets me

do i need to go in branch or something ",0,6,1786208260,c_h223x,UKPersonalFinance
1vgovxn,Saving From Abroad Without UK Tax Residency,"Hello everyone, 

I have been living abroad for the last ten years without actively saving into any accounts that can grow my money properly. I'm looking for a bit of advice. All of my earnings have been straight into foreign current account and any UK money I have is also sitting in current accounts. Time has passed by with me having my head firmly stuck in the sand. 

I came across an old notebook the other day from 5 years ago. I was planning to open a stocks and shares ISA and invest regularly. I can't go back now, but the second best time to plant the tree is now. 

I am 33 years old and have built up next to nothing. I have about £20,000 sat idle in the UK that I have no need to touch for some considerable time. I would like to invest at least half of this into the market and top it up regularly. As I live abroad, I do not have a uk private pension. I can top up my NIC every year for the state pension, but I think it's clear that this will not be enough for retirement. I have no assets, and wouldn't be eligible for a mortgage back home anyway until I'd lived in the UK for at least 2 years. I have no plans to move back bur realise that life is long, and there may be a time in the future when I must. I don't want to be 50 years old and in this situation. It is time for action. 

Taking all of this into account, what would you smart savers recommend for me? I have been advised to invest my money in a global etf on revolut or wise, as apparently I would not be able to open an ISA in the uk. 

I live in a low cost of living country, earn about £1,600 per month after tax and am able to save about £500 of this monthly. It would cost money to send this back home, but it's not a ridiculous cost. 

My goal is to build long term savings in place of a UK private pension. Any other financial advice based on the above context is also very welcome. The only debts I have is student loan. 

Thanks very much for any advice.",2,5,1785975872,badondetennis,UKPersonalFinance
1vgdlr6,Tide Business Bank Allowed a £1700 Unauthorised Charge to My Account.,"[](https://www.trustpilot.com/reviews/6a736e0eed2df421cbb3734a)

A £1700 charge was made against by business account without my authorisation, confused me as this was an account less than a month old and had only been used for a hand full of transactions to reputable sites. I got in touch with customer service. I explained that this charged was not authorised by me and that I got no notification, the agent stated that my card must have been compromised and that I needed to deactivate the card and order a new one. What followed was me prying support from an uninterested agent. They eventually told me it was from the same merchant as a previous payment and when i asked for the merchant ID and the card network authorisation reference to prove this they said they couldn't give it to me. No explanation of why or how they let a 1700 payment through without so much as a notification. I have since opened a Revolut Business Bank account and started the process to switch. Do your research and you find out they aren't actually a bank, way to many stories like mine, stay clear.  ",0,0,1785950154,Lopsided_Leader_6605,UKPersonalFinance
1vgdixk,Tide Business Account Warning  -,"[](https://www.trustpilot.com/reviews/6a736e0eed2df421cbb3734a)

A £1700 charge was made against by business account without my authorisation, confused me as this was an account less than a month old and had only been used for a hand full of transactions to reputable sites. I got in touch with customer service. I explained that this charged was not authorised by me and that I got no notification, the agent stated that my card must have been compromised and that I needed to deactivate the card and order a new one. What followed was me prying support from an uninterested agent. They eventually told me it was from the same merchant as a previous payment and when i asked for the merchant ID and the card network authorisation reference to prove this they said they couldn't give it to me. No explanation of why or how they let a 1700 payment through without so much as a notification. I have since opened a Revolut Business Bank account and started the process to switch. Do your research and you find out they aren't actually a bank, way to many stories like mine, stay clear.  ",0,2,1785949985,Lopsided_Leader_6605,UKPersonalFinance
1vg62rc,"Aj Bell S&S Lisa, new to investing","Hello everyone, I've been reading bits around this groups but I'm new to investing, so I'd like some advice...  
I'm self employed since January 2026, so my income is a bit unpredictable, but I'm able to take home net around 2/2.5K per month.. my living expenses are quite high, around 1.7K every month, and I don't have a way to reduce them, I don't have millions of subscriptions (only Spotify), I try to budjet as much as I can...  
I'd like to start with a S&S Lisa to start saving money for a potential house purchase, in the next 5-10yrs.. in July I was able to set on the side 580£ (which I put in a Cash Isa on Monzo) and 100£ which I deposited into Nest as private pension. But on the Cash Isa on Monzo I only have a 2.75% AER. I also have Revolut, but I suppose the fees would be higher than AJ Bell (?), can someone confirm that?   
Which Stocks should I jump into considering I will try to put monthly 334£ to reach the max 4K yearly deposits allowed to get the 25% bonus?  
Also, if I do this, and put 334£ in the S&S Lisa, let's say month per month I'd be able to set a side the same amount like in July, I'd be left with 346£, should I use these for my private pension on Nest? Or avoid Nest for a while and pump the S&S Lisa first? Once I reach the 4K yearly deposits, start pumping Nest for the remaining months of the year?  
Having already 580£ on Monzo Cash Isa, I could transfer those to AJ Bell, so my yearly allowance left would be 3420£, bringing down my monthly deposits to 285£ per month... which would leave 395£ ""spare"", would you advice to pump them into Nest?  
Sorry if I'm making stupid questions... I'm 32, F, living in London 10yrs... waking up a bit too late for life but I want to make the most of it from now on🙏🏻",0,11,1785933184,Aromatic-Still1987,UKPersonalFinance
1veja6z,CIFAS marker wrongly added to credit file,"**Hello all!**

TLDR Version: Revolut incorrectly applied a CIFAS marker over 2 and a half years ago, it fucked me up substantially, as well as my credit file & a mortgage application. I recently found out about it & submitted an appeal to have it overturned, it was instantly successful and now I want to know what my next steps are because of this blatant & damaging mistake by Revolut...

**Short backstory:**

I recently applied to open a new bank account and was instantly declined. I called the bank's application helpline to find out why, and they told me there was a CIFAS marker against my name. They advised me to either contact the bank that had placed the marker and request a Subject Access Request (SAR), or contact CIFAS directly for a Data Subject Access Request (DSAR).

I had no idea who had placed the marker, so I requested a DSAR from CIFAS. About 10 days later, the report arrived and showed that Revolut had placed a **""Misuse of Facility""** marker against me.

I contacted Revolut to understand why, and they replied asking for information about a £660 transaction from March 2024.

I immediately knew what transaction they were referring to. It was a private sale of a pair of trainers. As far as I was concerned, the sale had gone perfectly. I had Royal Mail tracking confirming delivery, and the buyer even confirmed they had received the trainers. After that, I never heard from them again.

It turns out the buyer had apparently disputed the payment, either by claiming they never made the transaction or by alleging that I never sent the trainers or never owned them in the first place.

Thankfully, appealing the decision was straightforward. I was able to provide all the evidence proving the transaction was genuine, and within five days of my initial email, Revolut removed the CIFAS marker. I then contacted the bank that had originally declined my application, they reviewed the decision, overturned it, and I finally opened the account.

**The reason I'm posting is because I'm wondering what I should do next regarding Revolut.**

Looking back at what happened in March 2024, that CIFAS marker caused serious damage to my finances.

My Revolut, RBS, Monzo and Starling accounts were all frozen and eventually closed, leaving me with no access to my money. RBS held my funds for around six weeks. During that time, I also missed an incoming wages payment because all of my accounts had been locked.

With no other option, I had to open an account with Monese just so I could receive my wages and access banking services. Since then, I've paid nearly **£800 in fees** simply to spend, send and receive my own money.

Because my accounts were frozen, I missed two months' worth of direct debits. That resulted in missed payments on my car finance, phone contract, loans and credit cards, all of which were recorded on my credit file. I had to borrow money from my partner just to cover essentials like food and fuel.

I was also repeatedly rejected by other banks while desperately trying to open an account so I could receive my wages and have the money from my closed accounts transferred somewhere. To make matters worse, a few months later my mortgage application was declined.

The most frustrating part is that I had absolutely no idea why any of this was happening. At no point did Revolut contact me to ask about the transaction before placing the marker. They simply froze and closed my account. The same thing happened with the other banks.

Now that the CIFAS marker has been removed because it was clearly incorrect, I'm left wondering what my next steps should be.

Has anyone successfully claimed compensation from Revolut in a situation like this? Given everything that happened — frozen accounts, loss of access to my money, bank rejections, damage to my credit file, hundreds of pounds in fees and the knock-on effect on my mortgage application — do I have grounds to pursue them, and if so, what would be the best way to go about it?",0,27,1785776547,External-Action820,UKPersonalFinance
1vacy0i,Lloyds for open banking and account aggregation,"Perhaps a little bit off topic, but I have been reorganising personal finances and looking for a bank that has the best open banking dashboarding, and the biggest range of connections. Most providers have been quite disappointing really :(

Almost everyone can connect to the CMA9, some can also connect to credit cards, almost no one can connect to savings banks, building societies or EMIs. I especially card about things like Wise and Revolut, and the building societies.

Could any current client of Lloyds list the range of providers their open banking supports in the app :) ",2,8,1785368301,Bitter-Alfalfa-6392,UKPersonalFinance
1v8abu2,Received a duplicate payment from myself 7 hours after sending the original one.,I use two accounts. I receive most payments with my starling account and make payments with my revolut account which means my starling account often sits at £0. I recently sent myself the £231.32 I had sitting in Starling. 7 hours later I've received another payment for exactly that much in my revolut account. I have transferred this money back and forth to check it is cleared and not a visual bug. My starling account has only had me on record sending one payment but revolut believes it is from the same account I sent the first payment with. What should I do? Obviously the most ethical and sensible course of action is to contact the bank but what are the possible problems that spending or saving this money elsewhere could cause?m,3,5,1785180076,DaBigPimpChimp,UKPersonalFinance
1v875g5,Remote work + tax questions (USA + UK),"Hi there!

I recently moved to the UK after spending more than a decade in the States. I currently hold high potential visa in the UK and I'm not a USC (Asian).

The company I was working for offered me a remote position because the HPI visa allows remote work and does not require employer sponsorship. Since it's a startup and they don't have an office in the UK, they plan to pay me through Wise or Revolut, and I'll be responsible for handling my own taxes here in the UK.

(1) My pay will be close to six figures so would I setup LLC or work as a freelancer (sole trader)?

(2) Since this will be similar to US 1099, do I have the option to claim expenses? 

Any tips or honest advice would be greatly appreciated.",0,2,1785173536,NoUmpire8679,UKPersonalFinance
1v5fsfe,"Moved abroad, accounts still open in the UK. How to consolidate and plan for the future?","I lived for 8 years in the UK, and throughout that time I opened multiple accounts of different kinds: Lloyds, Monzo, Revolut regular accounts, Goldman Marcus Interest Savings Account (most of it is here), Moneybox, Trading212, Wise, etc. 

All my savings are distributed across these accounts.

I have moved to Spain about a year ago for work, but left all these assets and accounts open in the UK. My long term plan is not to stay in Spain, nor to return to the UK, but rather to return to my home country (South America). 

My preference would be to not move money around internationally (and definitely not to Spain) until I have made a final decision on where and when I will move, but I am conscious that I risk my accounts being frozen or closed. My preference would be to keep it all in the UK for the time being.

Has anyone faced the same dilemma? Should I consolidate all my assets into one account that is safe? Any recommendations?

Thanks a lot!",1,8,1784909425,Patopml,UKPersonalFinance
1v56um6,Can I qualify for HSBC Premier if my income is tax-free and my payslip doesn’t show £100k+?,"Hello everyone, I’m looking for some real experiences here rather than just the official criteria.

My situation: base salary is around £50k, plus cash allowances from my employer on top. The catch is my income is tax-free, so what actually lands in my account each month is over what a normal £50k-gross job would pay. I should be around the range you’d expect from someone on a £100k salary elsewhere. Problem is, my payslip and contract show the £50k base as my “gross base” and cash allowances, although you can also see on the payslip that my net salary is over £5k a month which should bring me to a close gross-equivalent for a “normal” gross £100k salary.

A few questions for anyone who’s been through this:

1.	Does HSBC actually check total money landing in the account each month, or do they need a payslip/contract that states a gross salary of £100k+? Has anyone qualified based on tax-free or allowance-heavy pay rather than a clean payslip figure?

2.	I’ve seen people mention moving salary from another bank (e.g. Lloyds, Revolut) into HSBC each month to hit the £100k/year income threshold, even if the money isn’t “new” income. Has this actually worked for people?

The reason I want Premier specifically, apart from the “status symbol”: more advantageous credit cards, the worldwide travel insurance for the whole family, the health perks (GP appointments, second opinions), and better mortgage rates down the line. Just want to know realistically whether my situation would pass, or if there is another solution.

Appreciate any first-hand experience!",0,40,1784886732,SoshiLuver,UKPersonalFinance
1v4iwim,I’m 26 and would like to know if it going down the right route help/advice appreciated,"I’m 26m £33k salary however with ot I earn £38k minimum.  
I contribute 7% to my pension and company 3%.

£13.5k peoples pension  
£1.1k vanguard ss isa adventurous  
£4.8k cash  
£1k in Revolut saving   
£900 current account  
£300 savings account  
£6k cash isa  
£9.42k blue rewards saver   
£5k rainy day saver   
About £500 in other little accounts

I put x amount a week into 

£100 in my vanguard   
£100 into my savings account 

Weekly cost

£30 rent (gfs parents)  
£60 fuel   
£50 takeaway  
 

Yearly costs

2014 cupra 280 440bhp modified £14kvalue  
£900 car insurance   
£250 road tax  
1996 Honda civic ek3 (k swap long term project) current value £1k  
£250 car insurance   
£250 road tax    
2020 Audi rs7 730bhp (going to sell soon)value £60k  
£2k Car insurance   
£500 road tax   
2013 bmw 330d value £6k  
Off road at the moment 

£45 travel insurance 

Monthly cost 

£5 Barclays blue rewards   
£23 phone   
£29 streaming services   
£27 PureGym  
£66 garage 

I’m hoping to buy a house soon for max £185k with 20% deposit after I sell the Audi and then follow it up by drip feeding my ss Isa till I reach my limit for the year, I know cars are my down fall but this is my hobby. Am I heading down the right path any help appreciated",0,7,1784824148,Temporary_Outside_41,UKPersonalFinance
1v2ec7w,Just found out I have a CIFAS marker placed 5 years ago - now I can't get a mortgage,"I was hoping that I could ask for a little bit of advice and see if there's any similar experiences out there based on my circumstances. 

I recently discovered that I have a 5 year old CIFAS marker after issuing a DSAR as a last resort to figure out why I'm being turned down for a mortgage application. The marker is related to a personal loan application in 2021 and they state “altered documents” and a false application. CIFAS have also sent me a copy of the supposed altered bank statement. This was a huge shock because not only do I not even remember applying for this loan in 2021, I certainly can't imagine altering a bank statement or even would know how to do that in order to apply for the loan. However, looking back at my emails from that time, it's clear that I did apply for the loan and actually applied for another loan a couple of days later and was accepted for that, after receiving a standard rejection email from Zopa, the lender that has filed the marker. The problem is that when I look at my transaction history of that period that the statement covers, it is different from the transactions that are on the statement that CIFAS sent me. I can't explain this. The only thing that I can say is that it was during the most stressful time of my life when my business was in a lot of trouble, and I had a lot of stress at home. But even still, doing something like this so out of character I just can't explain it. 

As said, I only discovered this as a last resort check with CIFAS — which I hadn’t even heard of before recently — and came about because Ive been turned down for a mortgage. I'm self-employed, and ideally I go with my current lender, who is Halifax, who I have been with for 10 years. Neither the bank nor my broker could explain why they would not lend in current circumstances. I wanted to try to understand why before proceeding with other lenders.

Having done a bit of reading to understand the implications of this marker, it seems like it's a very serious thing. Some people are talking about not being able to get bank accounts, borrow money, or even have their bank accounts closed, which I've had none of that. I've had 2-3 credit cards, a personal loan, opened 2 new business bank account since then (Revolut then monzo), as well as insurance, phone account, eetc, and I had favourable rates on all of them. The only things I've been rejected for were one business bank account two years ago, and a credit card last year, a personal loan last year (I actually applied to the same company that issued the marker!) then a mortgage application last year when we were thinking about moving house. At each point, apart from the mortgage, I’ve been able to get credit from mainstream lenders at good rates.

I assumed that any rejection might have been down to the fact that my limited company went into liquidation during COVID and had to be dissolved through a voluntary creditor liquidation from 2020 to 2023, but this was dissolved without issue with all creditors being settled with. And I've since then run a profitable business with no issues with creditors. But even still. I have been able to borrow and otherwise have no issues at all. 

My current situation is that my wife and I are separating, and I need to buy my own home for my son and I. From research, it seems that it's very unlikely that any lender is going to lend to me while I have this marker. I could rent for 16-18 months until the marker expires, even though that's incredibly expensive and it's very hard to find good rental property where I live. The bigger issue is that I might actually be taking a job for the first time in many years. That job is very likely going to require me to have security clearance, as it will be government work. I fear that I wouldn't pass the security check and be able to work in this company, or even the type of work that I do within private companies. 

I’ve been directed to solicitors to try to have the marker removed, but I’ve also read that because this is not a legal issue, this might be the wrong hammer for this nail and be VERY expensive. I found [https://advicifas.org](https://advicifas.org) recently, which seems like a great service, but if Im honest, seems a little too good to be true, but I'm only going on my gut here.

Should I try to challenge this marker now? I fear that my case for doing so is thin and trying to challenge it could somehow make it worse? But it has and will continue to make a serious dent on my life if I leave it.

Thanks for any advice or knowledge.

",25,34,1784629097,Ill-Professional2438,UKPersonalFinance
1uzrbve,Refused to open a bank account,"Title: New to UK, all digital banks (Monzo/Starling/Chase) blocking my wife’s account – Lloyds now our only option?

Hi everyone,

Looking for some practical advice for my wife’s situation.

Background:  
\- She moved to the UK in July 2025 on a family visa.  
\- Working for \~9 months, has a NINO and is a UK tax resident.  
\- Pays UK tax and NI; salary has been going into a Revolut account (EU-based, not a UK bank) while we sort out a proper UK bank account.  
\- No UK bank accounts yet – this would be her first.

Problem:  
\- We’ve tried Monzo, Starling and Chase. All block her during identity verification (“can’t verify your identity” / “application not approved”), no detailed reason given.  
\- Documents she has: Italian passport, BRP/eVisa, NINO letter, employment letter (on company letterhead), tenancy agreement (joint names), and UK tax payments.

We spoke to Lloyds and they said to apply online for a Classic Account. We’re about to try, but I’m worried that if the online system also blocks her, we’ll be stuck again.

Questions:  
1. Has anyone with a similar profile (non‑UK passport, new to UK, digital banks blocking you) successfully opened a basic/current account with Lloyds or another high‑street bank (HSBC/Barclays/NatWest) in branch?  
2. Which banks are generally most flexible for someone in her position?  
3. If Lloyds online blocks her, what’s the best way to approach a branch? Any specific wording or documents that help?  
4. Does mentioning the Revolut account (EU-based, used to receive UK salary) help as proof of income, or do banks see it negatively?

Any advice or personal experiences would be really appreciated. Happy to provide more details if needed.

Thanks in advance.",11,35,1784366965,Ok-Inflation-4615,UKPersonalFinance
1uvqc92,Is a regular savings account worth it?,"I intend to deposit my 5k savings into one of:

* Revolut's 5% until 4 Dec savings account 
* Trading 212's 4.51% cash ISA 

However, I've also seen regular savings accounts e.g:

* Santander's 8% max £200
* Lloyds' 6.25% max £400

I don't fully understand how interest works with regular savings accounts. I'd just like to know if I would make maximum interest by depositing everything with Revolut/Trading 212, or by putting £200/400 into a regular savings account as well.

Thanks",4,25,1783981490,Fig-Tree802,UKPersonalFinance
1uvm6nh,"Help finding a credit card, a good ISA and saver for a house","Hi all. I’m 18F (almost 19) from England, UK and I need help! 

I come from a toxic household that is very very poor with money. Out of the 4 of us at home, 3 are in awful credit card debt. My aim is to hopefully have enough saved for a deposit on a house in 2028/9. I work two jobs, one at £1,500 a year and one at £21,000 a year. Im also expected a pay rise to £24,000 in six months. I’m aiming to move out with my partner who makes £26,000 a year with a considerable saver already.

My partners credit score is better than mine and obviously when buying a house, the lowest credit score is used which is mine at 579. 

I have a NatWest account, nationwide flex saver 7, flex saver and a flex one account as well as a revolut boosted account and a personal revolut account. 

My credit score according to NatWest is boosted because I’ve had my account for 6 years and been on the electoral roll for 19 months but because I don’t have a credit card, my score has gone down 3 points from April 2026. 

I do have to keep my money a secret in my house else it’ll get rinsed by the others here. My funds break down as around £1,500 a month after tax and NI. My personal bills are roughly 400-500 a month which means I have 1,000 to save. My nationwide flex regular saver 7 allows £200/month so now at 800. Would it be better to find a fixed term ISA or a more flexible account? Do I need a house ISA? I don’t know anyone who owns a house. 

How do I do this? I mean I have no help starting my financial life and I have big goals. I know wanting a house by 20/21 is a big ask, but it’s one goal ive had since being a pipsqueak. Any help from my seasoned financial peoples would be awesome. 

Thanks all! ",6,13,1783972260,Stunning_Banana_9780,UKPersonalFinance
1uv8yvw,I need asavings account for a lump sum,"Hi, I need an easy access savings account to deposit a lump sum I will get later this month from selling my house. I don't want a regular saver on an account I have to lock into as it will be used as a deposit when my partner sells his house which is currently on the market. 

I already have a chase account. I went to open a revolut account but they have bank charges for the higher interest accounts. 

What account do you think would be best?",1,5,1783942374,Moop_the_Loop,UKPersonalFinance
1uuuu9t,Anyone have experience with revolut,"Revolut is offering 5 percent boosted saving rate for new uk customers

https://www.revolut.com/news/revolut\_launches\_market\_leading\_5\_boosted\_savings\_rate\_for\_new\_uk\_customers/",1,2,1783898541,AloneStaff5051,UKPersonalFinance
1uuute9,Revolut launches 5 percent boosted savings rate for new Uk customers?,[removed],1,0,1783898479,[deleted],UKPersonalFinance
1uumzxh,What's the magic trick to getting a UK bank account,"OK, for disclosure I'm pushing 60, returned to the UK about 10 months ago after decades abroad. Bought my own place for cash and looking to retire. I have plenty of funds.

I cannot for the life of me get a UK bank account. HSBC, Monzo, Barclays, Lloyds, Revolut, Natwest have all refused me. I'm currently surviving on a Wise account I opened when I was abroad.

Apparently I'm supposed to be offered some kind of basic account but that's not happening.

Seriously, is it not law here that people must be offered a bank account on request?",0,17,1783880051,Stochastic-Parrot_13,UKPersonalFinance
1uuj1wj,Advice please - closed account and missing funds,"I'm just looking for some advice or to hear from anyone who's been through something similar.  
On **19th June**, I transferred money from my personal Revolut account to my ThinkMoney account. For context, I hardly ever use my ThinkMoney account. I was intending to use it to make a purchase online (a crypto casino).  
I made three separate Faster Payments from Revolut to ThinkMoney:  
£1,050  
£800  
£500  
The online card payments were all declined for no apparent reason, so I transferred the money back to my original Revolut account in three separate Faster Payments.  
The money never arrived back in Revolut.  
After contacting ThinkMoney, I was initially told that Faster Payments can occasionally take longer than the usual couple of hours, so I waited. The funds still didn't arrive.  
A short while later, I received an email from ThinkMoney saying the outbound payments had been returned because I'd breached their terms and conditions. The money reappeared in my ThinkMoney account, but it was marked as **""Unavailable Funds.""**  
I then received a letter saying my ThinkMoney account would be closed a week later. The account has now been closed, but the funds are still showing as unavailable and I still don't have access to them.  
I've phoned ThinkMoney several times, but customer services just say they have no update and can't put me through to the relevant team. They haven't asked me for any documentation, haven't questioned the source of the funds, and apart from the account closure letter and the email saying the payments had been returned, I've had no communication at all.  
I've now raised a formal complaint with ThinkMoney.  
From what I've read online, I'm wondering if this could be an AML (anti-money laundering) review. That doesn't concern me because the money is entirely mine and I can evidence where it came from if needed. What I don't understand is why it's approaching a month since this started, yet nobody has asked me for any information or given me any indication of what's happening.  
My questions are:  
Has anyone experienced something similar?  
Is it normal for funds to remain unavailable for this long?  
What's the usual timeframe before funds are released or returned?  
Do banks normally request documents fairly quickly if they're carrying out AML checks, or can they simply keep the funds while investigating without asking any questions?  
I'm fully expecting the complaint process to take the full eight weeks before I can escalate it to the Financial Ombudsman if necessary, but I'm just confused by the complete lack of communication.  
I also appreciate that many banks aren't keen on crypto-related transactions, and that's partly why I used my ThinkMoney account rather than my main current account. However, the actual gambling/crypto transaction never even went through because the card payments were declined.  
I'm wondering whether the issue was less about crypto itself and more about the fact that I transferred £2,350 into an account that I rarely use, then tried to transfer it all back out again within a short period of time. Could that have been enough to trigger concerns?  
Any advice or experiences would be greatly appreciated. I'm mainly looking for some reassurance on what to expect because ThinkMoney's customer service hasn't been very helpful, and this has now gone on much longer than I anticipated.  
Thanks in advance.",0,14,1783871290,Hopeful_Ground_4309,UKPersonalFinance
1usbcxl,"Can I get my UK salary paid into my Revolut GBP account, even though the account itself is Spanish?","Moving to the UK for work soon. My Revolut account was originally opened in Spain, but it lets you open sub-accounts in different currencies, so I've got a GBP one with its own sort code, account number, and a virtual card attached. I've actually used it before when travelling in the UK and for online purchases from UK shops, so it clearly works for that.

What I don't know is whether a UK employer's payroll department would be happy paying my salary into it via BACS or Faster Payments, or whether their bank would look at it and flag it as some kind of international transfer and refuse, since the account isn't technically UK-domiciled even though the sort code looks completely normal.

Has anyone actually tried this, either with Revolut specifically or a similar EU-based account with UK banking details? Did payroll accept it without asking questions, or did it cause problems?",1,7,1783651973,nightfall28s,UKPersonalFinance
1up70f1,Help with choosing Bank Account! Stuck between Chase vs Revolut vs Starling…,[removed],1,3,1783364919,Educational_Juice197,UKPersonalFinance
1uo8b1b,Need advice for opening a new account -,"I am looking to open an account similar to revolut or Monzo. But I have low credit score so most of the accounts I tried to open it failed because of that.

I just need an account to get paid from online surveys. Maybe with the chance to transfer money between cards or even connect to the PayPal. 

No transaction fees. 

This question might have been asked a thousand times but I need update advice. 

I read about monese but they have transaction fees ..  

Thank you :)",0,5,1783273125,PhoenixRisen95,UKPersonalFinance
1uiwzlp,Sent £500 to a closed bank account 3 weeks ago - money still missing. What should I do?,"I accidentally transferred £500 from my Revolut account to my sibling’s NatWest account, only to discover afterwards that they had already closed that NatWest account.  

I contacted Revolut straight away. They said they would raise an enquiry with NatWest to trace/recover the funds.  

It’s now been about three weeks and I haven’t had any meaningful update. The £500 has left my account, but it hasn’t been returned and obviously never reached my sibling.  

Has anyone been through this before?  Is it normal for this to take this long? Should I be chasing Revolut, NatWest, or both? If the destination account was closed before the transfer, where does the money actually go? Is there anything else I should be doing to get this resolved?",1,0,1782749683,Magisteeeerialllll,UKPersonalFinance
1ui2rt7,What’s your card/bank account stack,"33 male day rate contractor with 1 child! Currently renting but looking to buy in the next year. 

HSBC premier world elite credit card - hsbc points which I can convert to Avios. Fast track and lounge access through dragon pass & priority pass. 

HSBC premier bank current account - free GP, travel insurance and a few other perks.

Monzo flex credit card - can do large pay in 3 payments for that extra “ flex “

Have a revolut business account for my business, does nothing fancy although it’s £10 a month.

Revolut standard which costs me £0 but I have Monzo perks which costs me £7

What do you guys have does your stack cover all bases? And how do you rate mine? ",0,3,1782666652,Flimsy-Homework-1064,UKPersonalFinance
1uh501y,Best UK Online Bank for financial management?,"I am a 22M who just got a one year work contract with the university I am just about to graduate from along with some part-time side jobs. I am basically new to personal finance since most my life I was heavily reliant on my parents for most aspects of my life, until I locked in and managed to pull off a 180 over the past 2 years. My main concern is ensuring I properly plan out rent and council tax payments (I live away from home). I am thinking of an online bank account along with my Halifax current account to help divert my income into dedicated pots for rent and council tax. I was considering Revolut since I am hoping to do some holidays soon but I don't fully understand the differences between each provider (Revolut, Monzo, Starling) especially since these companies are constantly changing.",0,9,1782572577,Significant-Base-510,UKPersonalFinance
1udk3co,Best option for Euro to GBP conversion,"Based in the UK but about to receive inheritance from Republic of Ireland and unsure about the best way to receive the money so that I don't get hit with charges.

Amount is €150K+. I have a UK bank account with TSB but also have Revolut in £ and €. Is the latter the best option please or is there another suggestion?",0,10,1782228020,Only_Temperature_617,UKPersonalFinance
1uddwi4,is there anywhere i can keep my savings that isn't my bank?,"hi all,

  
i'm trying to put together a rainy day fund as someone who hasn't been/still isn't that great with money. i wondered if there was somewhere else other than my bank i could hold the money so that i'm not tempted to spend it?

  
right now it sits in my revolut savings account because the interest rate is really good, but that's also just my every day bank, and i feel like out of sight, out of mind will be beneficial to me. i know i could just open a savings account with another bank but the interest rates aren't as good as this one (it's currently 4.5%).

  
it does need to be something i can access instantly as this isn't long term savings, it's just for a 5-10k rainy day fund.

  
any advice appreciated. ",0,9,1782212222,NotEstesMerlot,UKPersonalFinance
1ud6dp5,Incoming international student – need realistic UK budgeting & money-saving tips!🙏🏻💰💲,"Hi everyone,  
I’m an international student moving to the UK soon for university. I’m trying to plan my budget for the first few months so I don't overspend while adjusting to a new currency.  
I’m staying in university college accommodation (utilities are included in rent) and my main bank account will be with HSBC UK. I want to nail down my day-to-day spending and would love some advice on a few specific things:  
**International Transfers:** What is the cheapest way to send money from home into a standard UK bank account? Should I use an app like Wise, or is direct bank transfer okay?  
**Weekly Food Budget:** What is a realistic weekly grocery budget for a single student? Which UK supermarkets offer the best value for money?  
**Hidden Costs:** What are the small, hidden expenses people usually forget about in their first month (laundry apps, household essentials, etc.)?  
**Tracking Money:** Does anyone use a second digital bank (like Monzo or Revolut) alongside their main bank to track weekly spending and avoid ""money leaks""?  
**Budgeting Mindset:** For someone completely new to the UK economy, what are the most important things to keep in mind when setting up a monthly budget? Are there hidden traps I should watch out for?  
**What to Spend vs. Skip:** What items or experiences are actually worth spending money on as a student, and what should I absolutely avoid buying or wasting money on?  
**General Hacks:** What are your best everyday money-saving tips for students living in the UK?",1,2,1782186759,Reasonable-Win-2556,UKPersonalFinance
1uchw6r,"Barclays FCA advice, is this person legitimate?","Hi, I have recently been victims of several attempts of fraud on my Barclays account. I received a phone call from the fraud prevention team after payments were flagged up suspiciously. They talked through things with me, I have no doubt that I talked to Barclays as I phoned them. After our conversation they referred me to the FCA and asked if it was ok for them to WhatsApp me. I then received a phone call on WhatsApp where a man talked through all the current attempts of fraud on my account. He got me to go to Amazon and Argos and purchase the items that had been attempted by the thieves, I have had to do this before after a previous attempt and everything was refunded without issue.

He then said there have been multiple more attempts on my account for loans and that it looks like they have created a fake ID for me with lots of real information on it. He said he would get all the information and phone me back the next day, which he did. We went through various question and he cancelled loans for a car and a loan. This all felt very legitimate to me and it was frustrating but I felt that everything was being resolved.

He said he had set up on my account that I would now get a letter 14 days after applying for any kind of credit or finance in the future and this would make my account more secure.

Last night he asked me to take out 2 small loans, 1 with my bank and 1 with a different company. he said that I would need to move this money over to a Revolut company which I made in my name, he said that this would get flagged up on Barclays and that I would have to lie about the nature of it as he was concerned about the fact I had been approved for so many loans so quickly and thought there might be a fraud issue with a Barclays staff member. 

This last part worried me, he has been brilliant so far and I have seen that he has reversed different things so they have not gone out, but the not reporting to Barclays about moving a lot of money over to another account is worrying. He said I would need to move the exact amount over so that I would be left with what was in my account before the attempted scams. I am yet to be refunded for 2 of the attempted bits of fraud on my account and I just want to know if this last process he has asked for sounds legitimate to anyone in the know before I go ahead with it.",0,9,1782127413,Alternative_Many_240,UKPersonalFinance
1uazno6,Any advice on companies that will give me £100 loan with low interest till the end of the month?,"Hi all, my wife has decided she dosent want to be together anymore so while I was working away she’s had the locks changed on our mortgaged home emptied my bank into her personal (all our money gets paid into a joint personal and savings) stupid i know. Leaving me practically homeless, I’ve never been in this situation before and I just need advice on the best short term loan company? I would get an overdraft but Revolut don’t offer them, and have asked my employer for an advance which they can’t do, they have changed my banking details to my personal so I can rebuild, Thankyou in advance ",10,77,1781969931,TheOrange-Master,UKPersonalFinance
1u8pvau,I’d like to open an account for my uncle that offers cost-efficient spending in Morocco…,"…the caveat is that my uncle lives with a brain injury.

  
In full:

My uncle lives with a brain injury. He can look after himself in terms of day-to-day living, socialising, travelling and so on, but has some major blind spots when it comes to finances and admin.

His needs were managed by another family member until recently, but that family member does a few months ago. We are in the process of gaining PoA, but this hasn’t come through yet.

My uncle would like to travel to Morocco and spend around 80 days there. He does this every few years and is familiar with how to travel there and back, and everything else involved - except the admin. We are sorting out all the insurance, visa and so on on his behalf.

He can more than afford to do take this trip, his financial position is comfortable. However he cannot manage his own finances more widely - especially in terms of ensuring that there is sufficient money in his current account that he can spend as needed, drawing down from savings and investments, etc etc.

I would like him to be able to spend on a debit card while on Morocco, without extortionate fees, including withdrawing from ATMs if possible. Personally I have a Starling account that I use almost solely for this purpose.

To add to the complexity of the situation, he would like to travel at the end of July, and PoA is unlikely to come through until start of July. Also, he lives in Cornwall and we live in Manchester, so sorting these things out isn’t as simple as popping round for an hour.

Is there a card or account out there that could:

* Allow him to spend fee-free in Morocco (like Starling/Revolut etc)
* Allow us to manage the account (like Sibstar etc)
* Be set up by us, on his behalf, without a PoA in place

I have been searching for something like this for a good few hours now. Best I’ve got is opening up a new ”Space” on my Starling account, ordering a Starling Connected card, and allowing him to spend from that Space - but there is a £200 limit, and can’t be used at ATMs.

  
Hope you can help - thanks",3,3,1781738170,Pickle-2000,UKPersonalFinance
1u822fi,Revolut dropped gold for EU users but kept it for UK users,"Two days ago,revolut’s  EU entity has terminated precious metals trading across 30+ EEA markets so Gold, silver, platinum and palladium positions were automatically liquidated at market rates this morning. Revolut’s uk entity still offers precious metals trading leaving a two track structure between british and european customers. 

&#x200B;

If you are a uk revolut user reading this, your gold is safe for now but today is still worth paying attention to because it tells you something important about the nature of what you are holding.

&#x200B;

Early revolut investor max karpis explained the decision clearly  revolut evaluates each product on its own p&l basis and anything unprofitable gets cut. High spreads met low volumes in the EU and clause 6.5 was invoked. 

&#x200B;

The UK kept its gold because the economics currently work there but if they stop working, clause 6.5 exists in the uk terms too.

&#x200B;

They are a brilliant product for payments, travel money, and daily banking but  for assets you are holding as a long term store of value like gold, silver, anything you want to still be there in 10 years ,the question is whether your platform treats that asset as a core commitment or a product line that gets reviewed quarterly.

&#x200B;

after watching what happened in Europe I moved my metals off revolut, if you are looking at alternatives there are a handful of platforms like bitpanda, bullionvault and a few others that do physically allocated storage in Swiss vaults with legal title in your name rather than just app based exposure. Not as convenient as Revolut tho but the gold actually exists somewhere with your name on it and no product review changes that.

&#x200B;

UK users are fine today,just worth knowing the clause exists and what it means before June 15 becomes your problem too.

&#x200B;",64,22,1781676813,Former_Novel5626,UKPersonalFinance
1u094dk,Lloyds bank asked for cvc over phone,"Hi all, just wanted to see what you guys think of this, I was sending a large payment to my Revolut account and Lloyd’s obviously said it’s quite a large payment so you need to confirm it’s you, and the app supplied me with the button to press to call Lloyds team, and once I did an ai was there and saying the usual thank you for calling stuff, then it asked for my cvc, I thought it was weird but since it was Lloyds I thought it can’t be bad so I supplied it, but then I had a gut feeling and hung up and immediately cancelled my card, I’m heading into Lloyds now to sort it out but I just wanted to see what you guys thought, cause apparently Lloyds never ask for this number, but if it’s from the Lloyds app what am I to think?",0,15,1780927955,Admirable_Radish5244,UKPersonalFinance
1tyxbvl,Revolut account locked for months with hundreds of thousands,"From the UK, England.

I was buying a new vehicle for work, but I didn't like it, so I returned it, I did this two more times and found a vehicle I liked. I used money that my friend loaned me. The car refunds came into my bank, but then Revolut locked my account.

My account has now been locked for months, and I am unable to access hundreds of thousands of pounds, that I owe my friend. I filed a complaint and Revolut didn't solve my complaint. I have contacted my regulator and the FoS says Revolut is working within their rights as the investigate the issue, and this could take up to 12 months.

What do I do? My friend's life is ruined as all their money is stuck in my Revolut and I have no means to access it. Do I need to get a solicitor and take Revolut to court?",0,21,1780791871,Objective-Cycle-1298,UKPersonalFinance
1tyx9u4,Revolut account locked for months with hundreds of thousands of friend's money,[removed],1,0,1780791706,Ok_Guitar_8637,UKPersonalFinance
1txpawx,Should i move from Lloyds to monzo?,"Hi all,

Has anyone switched from a main highstreet bank to Monzo?

I have been with Lloyds for 20 plus years and it has been my only bank for my main current account, credit card needs.

I do also have a Revolut set up as i travel in Europe a few times a year and there 1k euro fee free transfers a month is why that got set up.

Then i decided to open up a Monzo as i just wanted bills to be paid from the lloyds and all things spending and saving ( nothing substantial.) from the monzo.

I am very impressed with the app systems of both Revolut and Monzo and am now think of moving my Lloyds current account over to Monzo.

I am very disappointed with Lloyds atm. Especially with there credit card as i use Gpay for pretty much everything and my Lloyds credit card is very hit and miss on Gpay as in it is constantly declining in the most embarrassing of situations event though there is a 7.5k limit on there that i have never gotten close to.

There is also the issue of trying to get in contact with staff from Lloyds. A very long wait on the phone just to be hung up or transfered to someone else that also requires wait time usually totalling over an hour!

Lloyds feels to me to be stuck in the past and not up to date like Monzo n Revolut.

Thanks all",31,81,1780675664,milli8891,UKPersonalFinance
1txmqv7,Unable to open executor account,"Hi all, 

Throwaway account to protect identity. 

Background. 

A few years ago I had a Monzo account that was closed without warning or reason given. The only thing I can think of was that I did some matched betting with that account, and apparently they don't like it. 

After that I tried to open another personal account and I was declined by;

Starling,  virgin and Yorkshire (I already had a joint account with Yorkshire, it was where my salary had been paid into for over 10 years, and had previously had two loans with them paid off in full and on time, so was surprised they said no.  I contacted them and spent over an hour on the phone and they said they couldn't understand why either). 

Santander opened one but then closed it within 3 days, again without giving reason. 

Full disclosure;  I do have credit cards but total less than 4k owed, usually over paid, good credit score.   No mortgage as it's fully paid off.  CIFAS came back with nothing recorded.  

I eventually got an account with Revolut. 

Fast forward to current day. 

My brother passed away and I am executor of the estate. I need an executor account and my understanding is I need to open a standard account in my name, then have it coverted to an executor account. I have tried to do this with two banks but both have refused me an account.  

At the moment there is a pension payout, and three properties that will be sold, and nowhere to hold the funds.

I am trying to avoid large solicitors fees and do most of this myself as there are complications in the properties that will take many hours to resolve, and multiple beneficiaries who are keen to maximise ther share. I've already been advised by two solicitors that the fees will likely be around 20% or higher, so I'd like to keep this to a minimum where possible and handle as much of it as I can myself.  But I'm being stopped at the first hurdle due to banking.  

Does anyone know of a way to either find out what is happening that's preventing me from opening an account, or another way to get an executor account?",0,7,1780670131,Throwmeaway482847399,UKPersonalFinance
1twsopa,Monzo closed accounts and all other banks refusing applications,"I’m hoping someone here can point me in the right direction because I’m completely stuck. Over the last few weeks I’ve found myself in a situation that is causing a huge amount of stress and anxiety, and I genuinely don’t know what to do next.

I run a limited company and have banked with Monzo for years. A few weeks ago Monzo informed me they were closing my personal account, joint account and eventually my business account as well. They won’t tell me why. I have been back-and-forth with them for the last five weeks, and I think I've spoken to around 25 different employees there, they escalated it as high as it could go and after multiple appeals, they've re-reviewed my account twice and have told me they are not changing their decision.

I explained to someone that I was speaking to from Monzo that I have been with them since they were called Mondo... I've been a paying customer for six years. I've been a large part of the community, and was even part of the group that tested the new redesigned version of the app when they had their makeover. My car breakdown cover, phone insurance, and travel insurance will all be cancelled now as well. I have a flex account with them, and an overdraft. Everything has run smoothly with them since I first had my account and there has been nothing I can think of which could warrant this action.

Since then I’ve tried opening accounts elsewhere and have had no luck.

Previous accounts I’ve held without issue are; Lloyds, NatWest, FirstDirect, Starling, and Chase UK

Applications made and declined; Virgin Money, Lloyds, HSBC, Barclays, Chase UK, FirstDirect, Revolut (Personal), Revolut (Business), Starling

The Lloyds one was particularly strange. The application was approved, I was given a sort code and account number, and received confirmation that the account had been opened. A couple of days later I chased up a missing welcome email and was told there was a block on the account. The adviser spoke to a specialist team and came back to tell me the account had been closed and the application declined. No explanation was provided.

I even visited my local Lloyds branch and spent quite a while discussing the situation with the staff there. They were genuinely helpful and spent a lot of time trying to work through possible explanations and suggesting routes I could investigate. They couldn’t see the reason themselves and couldn’t tell me why the decision had been made.

I don't believe it's something to do with the business specifically, I do believe it's something to do with me personally. I've come to this conclusion because I'm having trouble is even opening a personal account, and the fact that my business application went through but it was this ""specialist team"" that stepped in and closed it once it was open leads me to believe that the company itself is fine, and whatever is causing it is coming up in the checks when they are running through the directors (I am the sole director).

I’ve already done the usual checks:  
CIFAS DSAR completed - no markers.  
Checked Experian, Equifax and TransUnion.  
No fraud markers.  
No unusual address information.  
No unexpected financial associations.  
No CCJs.  
No insolvency records.  
No unexplained credit applications.

A family member suggested identity theft, but I monitor my credit files regularly and there have been no unexplained applications or activity.

The company itself has no borrowing or credit facilities. Personally I do have some historic debts and credit cards dating back several years, but these are not new, are visible on my credit files, and many of the banks listed above have previously opened accounts for me whilst those balances already existed.

What I’m struggling to understand is what information banks could be seeing that isn’t appearing on:  
CIFAS  
Experian  
Equifax  
TransUnion

Are there other databases, industry systems or fraud-prevention services that consumers don’t typically know about?  
At this point my biggest concern is my business account. I have around three days before it is due to close and I still don’t have a replacement account in place.

This business is my livelihood. It’s how I pay my bills, pay suppliers, send invoices and receive payments. My partner and I recently found out we’re expecting our first child, and instead of looking forward to that, I’ve spent the last few weeks worrying about whether I’ll be able to continue operating my business at all.

I’ve already spoken to the Financial Ombudsman, but I appreciate they can’t force a bank to offer me an account if the bank doesn’t want me as a customer.

Has anyone experienced anything similar or have any suggestions as to what I should be checking next?

I’m feeling completely lost at this point and I've never felt so alone.",317,205,1780590422,ThrowawayXNN,UKPersonalFinance
1tvkesr,"Receiving large USD sum in the UK, which bank account to use?","I will be receiving a few hundred thousands dollars from the sale of shared in my company. 

I have a lloyds premier account where conversion fees are \~3%, and a starling account which does not accept USD.

Which bank account would you recommend I open to receive this transfer while incurring the lowest amount of fees? Wise? Revolut? Monzo? Or any other recommendation?",0,24,1780479815,RecognitionPrimary12,UKPersonalFinance
1tv5x26,Is Revolut's proper bank account decent?,Can anyone vouch for it? Does it play nicely with all the existing Revolut features? ​​​​​​​​​​​​​​​​​​​​​​​​​​​​,0,4,1780438236,Full-Mud3709,UKPersonalFinance
1tv4f6k,Payout provider's form silently rerouted ~£7.5k to the wrong account — recall raised but not guaranteed. What are my options? (Scotland),"Posting from Scotland, so this is Scots law rather than England/Wales.

I'm an LTD and get paid out through a PayPal-owned payout provider (Hyperwallet). When I set up my bank details, the form had three fields: sort code, account number, and a separate ""Building Society Account"" (roll number) field. I entered my correct account number, but also put it into the building society field by mistake. The form didn't reject it or warn me — it silently changed the destination, and the money went to a completely different account number than mine (same sort code, different account) at Revolut. The number on screen looked altered, so I assumed it was just some kind of masking and confirmed it.

Two payouts went out this way before I noticed — roughly £5,065 and £2,430 (\~£7.5k total). Neither reached my account; both landed in someone else's Revolut account.

What's happened so far:

\- Hyperwallet first told me to ""contact my bank"" and said they couldn't refund once it was processed.

\- Revolut (the receiving bank) said they can't reverse it and that only the sending bank can raise a recall.

\- After pushing, Hyperwallet has now officially raised a recall request, but says it's not guaranteed — it depends on whether the funds are still sitting in the recipient's account.

\- It's been about 3 weeks since the payments went out.

My questions:

1. Realistically, what are the chances of getting this back via the recall this far out?
2. If the recall fails, do I have a case that the payout provider is liable to refund me, given their form silently rerouted the money with no warning? (I'm thinking about the burden of proof on the provider under the Payment Services Regulations 2017.)
3. What else should I be doing — formal complaint, Financial Ombudsman, a Police Scotland report, or a civil claim against the account holder?

Any experience with this kind of misdirected-payment situation would be hugely appreciated. Thanks.",3,7,1780434889,Senior_Try8644,UKPersonalFinance
1tuq3jj,Banks Friendly for SW - Any Recommendations?,"Hi everyone,

I'm hoping this is the right place to ask for some advice.

I do legal adult work through sites like Vivastreet, offering massages and adult companionship. I recently left my day job to do this full-time because the income is significantly better and it gives me more flexibility. My long-term goal is to save enough money to buy a house, but I've run into a couple of problems.

The biggest issue is banking. I've had accounts with Monzo and Revolut restricted or closed, which makes it difficult for clients to pay me by bank transfer. I also receive cash payments, but depositing cash into a personal account can quickly trigger limits and additional checks.

I want to do everything properly. Now that this is my full-time work, my plan is to register as self-employed and pay my taxes like any other business. My concern is that the banking issues will make things difficult from both a practical and tax-records perspective.

Has anyone in a similar situation found a UK bank that is comfortable working with legal adult-service providers? Alternatively, is there a particular way I should describe my business when registering? I don't want to misrepresent what I do, but I also don't want to make things unnecessarily difficult for myself.

I'd also appreciate recommendations for any accountants who have experience working with self-employed people in the adult industry and can help me get everything set up correctly.

Thanks in advance for any advice.",14,13,1780404853,midnightqun,UKPersonalFinance
1ttcidp,What’s the worst thing about organising a group holiday?,"Every time my friends and I try to plan a trip it turns into a complete mess 😭

One person ends up booking everything, people take ages to send money, someone drops out last minute, everyone wants different flights/hotels, and somehow there’s always one person chasing everyone.

If you’ve planned a group trip before, what was the worst part? And what budgeting apps/tools did you actually use to keep track of everything? Like is Revolut/Monzo/Splitwise even useful? 

Genuinely curious because I feel like planning the holiday is more stressful than the holiday itself sometimes especially when there’s like 12 of us going this time lol. Help would be appreciated please!",0,36,1780274300,Impressive_Order_546,UKPersonalFinance
1tqxx5w,Monese taking a 99p transaction fee on a £1 transaction?,"Hi, 

I wish I could attach a picture because this is ridiculous.

I needed to top up £10 to my monese account after leaving it empty for so long. I sent £10 from revolut. Tell me why I see that a 99p transaction fee was taken. 

Assuming it was a mistake and would be reversed (because there’s literally no way), I topped up the extra pound £1… for another 99p to be taken!!!! A 99% transaction fee!!!!!

My god is this even legal? I tried contacting support but there’s no agents available.

I can’t even take the money back out as it wants to charge me… you guessed it… another 99p!!!!!

Is there anyway to dispute this? This was never the case before when I used monese. I’m actually in shock. ",0,24,1780051327,Active_Driver_6043,UKPersonalFinance
1tp457f,Best/safest way to handle interpersonal lending online? Anyone used KinPay?,"I have noticed more people borrowing/lending smaller amounts through Facebook groups, Reddit, Discord etc., but most of it still seems very trust-based with screenshots, bank transfers and DMs. I was wondering what people here think is the safest/best way to structure interpersonal lending online?

  
I recently heard about KinPay, which seems to be trying to structure private loans properly instead of people just sending money blindly through Revolut/Venmo/Cash App. Has anyone here used it, or are there other platforms/channels people trust for this kind of thing?

Curious both from a borrower and lender perspective.",1,1,1779885022,FinanceWjay,UKPersonalFinance
1tox5hx,Should I keep trying to get my son to pull his head out of the sand?,"My son (21) was employed by a legit US company between 2024/2025 by a US company and earned about £30,000 over that period (paid in $, via Revolut), probably split unevenly over 2 years. I have encouraged him from the start to keep tax records and register with HMRC as self employed for self assessment. 

I’ve suggested he either submits himself as it’s not a complicated situation or pay an accountant (I’ve given him the details of the one I use) if he simply can’t be bothered and they will submit for him.

So far he’s not done anything and has since been out of work and is surviving on savings from the above job and is claiming benefits while he looks for another job. It is rapidly getting to the point where he will start to run out of savings and I think this is putting him off sorting out his tax affairs. My worry is that if he waits HMRC will come after him for the outstanding tax at some point and will want paying immediately, with interest. I think there is at least a possibility he could continue to be “under the radar” for some time and so maybe waiting is better than giving up a chunk of money he may well need quite soon.

I still think sorting this out sooner rather than later is better as the accountant may be able to reduce the tax liability down to close to zero if he would just get on with it. Any advice ? He seems fairly determined to keep his head buried.",234,89,1779863131,Darkheart001,UKPersonalFinance
1tjoek0,Paragon Vs Clear bank Revolut savings account,I just received an email from Revolut telling me that I can move my savings from my account where the funds are held by Paragon (1.5% APR) to an account where the funds are held by Clearbank (2.5% APR). Is there any reason *not* to move my money? Is Paragon more trustworthy then Clearbank?,4,4,1779378117,Lanky-Active-1086,UKPersonalFinance
1tjh5df,Returning to UK after 8 years abroad - sense-checking my banking setup,"I recently moved back to Yorkshire after nearly eight years in the Netherlands so I am rebuilding my UK financial life and wanted a sense-check on my setup before I commit to anything long-term.

When I was in the Netherlands I used ABN AMRO, ING, and bunq as primary banks. Before I left I was fully using bunq, which an Eurozone based neobank, I guess similar to Monzo and Starling in the UK. I also used Wise and Monzo whilst I was out there. Revolut was handy too for payments. 

I used bunq as my primary for most of my time in the Netherlands so comfortable using neobanks for large balances. 

**Current stack:**

* **Monzo** (primary) - had it since 2021, reactivated it on return. Using it for day-to-day spending and will be receiving salary into it once I start a new job.
* **NatWest** (primary or secondary) I had initially signed up for a Lloyds account for the regular saver at 5% and branch services, but then a few weeks later noticed NatWest had a free £200 switching offer so switched that out. Considering if I use NatWest or Monzo as my main. NatWest have a similar regular saver. 
* **Revolut or Wise** \- keeping active for EUR transactions while I wind down Dutch admin and transfer remaining euros over. Using **Atlantic Money** for larger GBP/EUR conversions (flat fee makes more sense at higher amounts) 

I am also considering using Starling Bank instead of Monzo but they offer a lot less and seem less invested in their core banking product, instead focusing on their Engine by Starling business. 

**Questions:**

1. **Is Monzo viable as a sole primary account in 2026?** Specifically for salary, HMRC, and direct debits. Any employers or institutions still refusing neobanks? Or should I use NatWest. 
2. **Starling alongside Monzo - worth it?** Or just unnecessary duplication?
3. **Credit history** \- I look to have an average to good credit history. Best way to rebuild quickly? Thinking a credit-builder card but open to other suggestions.
4. **Anything I'm obviously missing** for someone re-entering the UK banking system after a long absence?",2,1,1779361626,Tomboed,UKPersonalFinance
1thiqf8,Getting my shit together - How realistic is my budget,"Hi there, long time lurker, first time poster.

I (27M) am living in East London, and I am a consultant engineer. I worked hard at school, left uni with First Class hons Mechanical Engineering degree, and gained my first big boy job in a field I have interest in. My starting salary was higher than national average income, and I am very grateful for what I have managed to achieve.

During uni, I adopted an attitude of spend now, trips and holidays when youre young are the best and I hated the idea of being someone who had graduated and left university with regrets. As such i ate into my savings to the point of basically emptying them.,



Heres my problem, my financial literacy is very poor, and I become very uncomfortable when conversations with friends inevitably turn to money (as they always do these days). Im determined to pull myself up by my bootstraps and do some actual adulting, and I wanted some advice about my current budget plan. 

I am now 2.5 years into professional work, currently on 33.5k a year. I have also been very lucky with making friends with someone who has invited me to live with them in a house for very cheap rent, and so I am in a strong position. The rent is so cheap that i feel foolish for not saving anything month by month

Ive opened a monzo and a revolut account to monitor different types of spending, as well as my current account which I am paid into, and my somewhat sparse savings. 

  
my current breakdown:

Monthly salary: £2538 (this is after student loan payments)

outgoings:  
Rent £700 (includes council tax, water and electric)

Food £400 (I tend to meal prep and eat the same things all the time

Savings £700

Oyster Card £100

Gym: £44

Spotify £13

NHS pre payment £12

Minecraft Realms : £7 (helps me keep in contact with school friends

Vaping £\~50 (bad habits die hard)

Then I have around £450 a month left, which goes towards paying for holidays, train trips to see my parents, and any long term purchases I might need (earpods, creatine, non single use things). This approximates what my spending has been like for the last two months

  
so i guess my questions is this: Am i being as wise as i can be without being incredibly restrictive? I recognise I am lucky to be in this position where I am even able to make savings given I live in London in this current day and age.

What would peoples tips be for growing my financial independence?

Tldr: young professional in London, trying to get his shit together",2,17,1779186363,bingbong8117,UKPersonalFinance
1tgg4va,Switch from Amex to Revolut metal card ?,I currently have the Amex rewards card (blue one) yes I am paying no fee but the points are pretty useless. I’ve been recommended the revolut metal which is actually a debit card £140 a year. What are the thoughts on this ?,1,16,1779092328,Witty_Head1161,UKPersonalFinance
1tdrxcd,I am considering an online bank,"Recently considering opening an online only bank current account for wages. Wondering what are peoples experiences, the big 2 seem to be Revolut and Starling bank. Are they actually any good vs classical high street banks",0,63,1778839913,addbiy3852,UKPersonalFinance
1tcd09g,Switch to Revolut bank or stick with Santander?,"I’ve been banking with Santander for the last 6 years and before that it was Bank of Scotland since I was 15 (I’m 31). I’ve used Revolut a handful of times just from being abroad, and I really like everything about it. I’ve considered switching to them for my main account i.e salary, all my bills, direct debits etc. 

Is anyone banking with them and if so what’s your opinion? Is it wise to step away from a major bank to go with Revolut? I ran it through perplexity AI and the suggestion was basically, ‘it’s better to stick with a major bank like Santander.’ TIA",0,44,1778706632,aitk6n,UKPersonalFinance
1tc51sq,By Barclays account got closed after a week I have opened it,"Hi everyone,

I’m based in the UK and I’m trying to understand what’s going on with my banking situation.

Over the past few months, my accounts with Lloyds, Revolut and Barclays have all been closed. Lloyds was closed in October, Revolut was closed about two weeks ago, and Barclays was closed yesterday. In all cases I was told it was a “commercial decision” and no clear reason was given.

On Lloyds, I deposited around £7,000 in cash over a short period of about one month. The money was given to me by my parents from Ukraine to support me with living and housing costs while I was studying in the UK. The funds were provided to them in cash beforehand and there is no formal documentation available for the original source.

On Revolut, I was also receiving crypto-related deposits from exchanges, and on Barclays I deposited £5,000 in cash.

Now with the most recent closure, the bank has frozen my remaining balance and is asking me to provide proof of funds as part of a review.

I don’t have any CCJs, bankruptcies or fraud markers on my credit report, and I have checked Experian. There is also no CIFAS entry showing. I have been using normal banking services, receiving money, and spending as usual.

At this point I’m just trying to understand if this is a normal AML process in the UK and whether multiple bank closures can trigger this kind of situation across different banks. I’m also unsure what the best way forward is, whether I should just provide all requested documents and wait, or if I should speak to a solicitor.

Any advice from people who have been through something similar would be really appreciated.

Thanks.",0,29,1778690219,Unhappy-Principle333,UKPersonalFinance
1ta0ofw,ISA underlying banks security for cash,"I've been looking to secure my funds for the future, but there's some nice challenge in between...

  
Essentially, the main brokers in UK use almost exclusively the same banks to hold your cash, so if you sell beyond 85k you're not protected, same if you already cash with one of those banks in a current account.

  
The alternative is if I cash out, at that point I may use any major bank like Santander, or any vibe bank like Starling, Monzo, Revolut etc to spread the money, but re-investing them at some point in future would generate the same problem again, as these platforms will use Lloyds, Barclays, Natwest, HSBC, Bank of Scotland (I found just one so far)… I mean, it will happen the same the moment I invest them, regardless if the money will be held in a Standard Investment Account or a Stock and Share ISA Account, did I get it right? **(the money transfer in a Stock and Share ISA with them would move the money away from these alternative banks and use the major banks)**

  
As alternative temporary cash swap, I can buy IGLS as soon as I sell a stock, which is a security and it's exempt from the ""cash guarantee"" problem, then I sell it as soon as I need to buy a stock, the bottom line is do not have any cash sitting in those brokers or anything beyond 85k total for the underlying bank, which also implies that I can't sell for more than 85k at a time.

The table below will explain it better, the banks are numbered for better clarity:

|**Platform**|**Banking license and split**|
|:-|:-|
|II|Barclays (1)Lloyds (2)NatWest (3)|
|HL|Barclays (1)Lloyds Bank Plc (2)Lloyds Bank Corporate Markets Plc (2)Bank of Scotland Plc (4)HSBC Bank Plc (5)|
|AJBell|Barclays Bank plc (1)Lloyds Bank plc 2()NatWest Markets Plc. (3)Bank of Scotland plc (4)HSBC UK Bank plc (5)Royal Bank of Scotland plc (6)|

The only way I can get additional protection is if I use T212 or IBKR, those are cheap for international stocks and ""should"" use JPMorgan and Citi Bank, though the initial routing will be Barclays and there is no way to know for how long they will hold the money there.

  
An alternative is iWeb, which uses the Bank of Scotland, but it's 1.5% FX, it doesn't suit me at the moment.

  
The 120k guarantee doesn't apply for the cash that sits in the ISA, it's always 85k, but I'm not sure about in the event the underlying bank fails.

If the broker fails, ok it's 85k, but if the underlying bank fails, should it be 120k??

  
",0,10,1778499503,Noadv76,UKPersonalFinance
1sytb3c,Second bank account for online payments?,"I use a second bank account with Revolut for online transactions like Amazon, Curry’s, and Argos. This is to keep my main account details protected and not putting all my money into one account.

Is this the way most people do online payments or is there a better should I learn and use a credit card instead? Advice?",1,5,1777453221,Tee-hee64,UKPersonalFinance
1sygswl,Need advice on recovering ~£200k UK civil debt,"Hi all,

I’m in the UK and looking for serious advice regarding a large personal debt recovery situation.

I met someone on a dating app and over the course of a relationship last year (mainly Oct–Dec), I transferred a significant amount of money to them based on an informal agreement that it would be repaid. The total is now around £200k+.

During that period, further payments were requested and I continued sending funds under the understanding it was part of an ongoing repayment arrangement.

Since then:

* only very small repayments have been made (around £10/month)
* the majority of the balance remains outstanding
* I’ve been told there are funds “stuck” in a closed Revolut account (they claim around £150k tied up from car-related refunds), but I have no way of verifying this
* repayment timelines remain unclear and heavily dependent on that issue being resolved

I’ve now contacted a solicitor (Setfords) to begin formal advice, but I’m trying to understand realistic outcomes before I proceed further.

My questions are:

* How realistic is full recovery in cases like this in UK civil court?
* What does enforcement typically look like if it goes to judgment?
* Do courts ever take into account claimed “frozen funds” or external account issues?
* At what point is partial recovery considered the realistic ceiling in cases involving informal agreements?

I’m not looking for judgement or assumptions, just practical advice from people familiar with UK civil debt recovery.

Thanks in advance.",0,26,1777416303,Objective-Cycle-1298,UKPersonalFinance
1sy3gwm,Packaged deals - They may save you money!,"Hey all, 

  
Something which will likely save a lot of people are packaged bank accounts - essentially buying things in a bundle for a discount. 

For me - I want mobile phone insurance, I want travel insurance for my yearly holiday, I need breakdown cover. Now I was paying £30 a month for these (separately).

  
However a quick Look online and i've saved almost £20 a month simply by using a packaged bank accounts which covers all of these (excess is a little higher), but £240 a year saved for 30 mins work. 

  
It may be worth looking into and seeing if it makes sense for you.

  
I personally like Chase for the insurances and surprisingly Revolut metal plan saves me quite a bit with their bundled subscriptions.

",0,13,1777387482,williamukfinance,UKPersonalFinance
1svgci9,"19, saved £1.5k but feel stuck, money just sitting in the bank, how do I start investing?","Hi all,

I’m 19 and currently living at home while I resit my A-levels. Over the past 4–5 months I’ve been doing some tutoring on the side and managed to save about £1.5k, I know it's not a large sum of money but I'd like to do something with it. It’s mainly money for myself (so I don’t have to ask my parents for things like clothes or just spending on my interests), but I’d like to start using it more wisely rather than just letting it sit there.

My family is relatively low income and hasn’t really been involved in investing, my parents tend to stick to gold (My parents are a bit old-school financially and see gold as the safest/best investment), so I don’t have much guidance from home when it comes to this kind of thing.

I’ve recently been trying to learn more about investing, especially stocks, and I read ""*The Psychology of Money""*, which helped me understand risk and long-term thinking. 

The problem is I feel a bit stuck. There’s so much information online, and a lot of it either feels like it’s trying to sell something or stays too general. When it comes to actually choosing what to invest in, I get overwhelmed by all the options such as which website to use when investing (I was going to go with revolut but I *just found out* that they got a Full UK Banking Licence as of march 2026) and like what to actually invest in. So I end up not doing anything and going back to square one, and the whole cycle repeats. 

I understand that everyone is different, some people like to take more risks than others and that no one can really tell me exactly what to invest in. However I'd like some guidance on how to started in a practical way, what should I be focusing on first, and how did you approach your first investment?

Still figuring this out on my own as I don’t have much guidance, so appreciate any advice, Thanks!! :) 

 ",1,15,1777133597,Automatic-Shop58,UKPersonalFinance
1suov9x,"20, moving from £92k (UK) to $200k (SF), trying to structure finances properly before the jump","Hello again r/UKPersonalFinance, burner account, but I’ve posted here before over the past few months when I was trying to get my finances into a better place.

Quick context because I know how this might come across: I’m 20, work in tech, and started doing remote work in this industry around 16, which is how I ended up here without finishing a degree.

I was on \~£85k in London until recently (now \~£92k), and I’ve just accepted a role in San Francisco at $200k base, so I’ll be relocating to the US on a visa next month.

I’m not in any financial trouble! No debt aside from a Plan 5 student loan (\~£37k which I pay back £500 a month of starting this month as Plan 5 student loan repayments have started), and I’ve always been net positive monthly. The issue has been more around structure: everything feels messier than it should.

A big part of that is cashflow. With my current job, I’ve travelled a lot (especially to SF), paying upfront for flights/hotels and getting reimbursed later. On top of that, I’ve been running everything (salary, rent, savings, expenses) through essentially one account. So even though I’m fine overall, my balance jumps around a lot and doesn’t really mean anything day to day.

Spending-wise, I lean convenience-heavy (food delivery, transport, etc.). I've improved a bit recently, but realistically I’m not aiming to be ultra-frugal, I just want things to feel controlled rather than chaotic.

Now that I’m moving to the US, it feels like a good opportunity to reset and set things up properly instead of carrying the same mess over.

A few things I’m trying to figure out before I land:

**1) US banking / setup** In the UK I’ve mainly used Revolut + a backup Barclays account. From what I understand, the US system is more credit-score driven and involves multiple accounts/cards. What would you set up from day one to make things smooth? If it helps I have an AMEX platinum that I've accrued about 140K points on and have spent well over £20K on since November

**2) Rent in SF** I’ve been looking in the $3.5k–$5k range. On paper that seems affordable, but SF seems like one of those places where rules of thumb don’t translate cleanly once you factor in US taxes, healthcare, etc. Does that range seem reasonable on $200k? I will also be asking this in American subreddits. Apologies if this isn't the appropriate place for this question.

**3) Student loan (Plan 5)** My understanding is I’ll just keep paying 9% over the threshold via PAYE. Once earning in USD, does it ever make sense to aggressively pay this down, or is it generally better left alone?

**4) Structuring finances** If you were starting from scratch in this situation, how would you structure accounts / cashflow so things just run quietly in the background?

Really appreciate any advice, especially from people who’ve done UK → US or are working in the US already.",0,15,1777057227,Expensive-Lecture165,UKPersonalFinance
1sum5yu,Revolut messing me about - I want to escalate,"I accidentally sent some funds to my closed Revolut bank account. The money didn’t bounce back within the 5 day automatic period and I realised about 10 days later. I contacted Revolut and they told me to contact my sending bank. I did this and my sending bank started the process to initiate the recall of funds. However my bank has contacted Revolut around 11 times and have had no response. Revolut claims they have not received any communication from my bank and they need to send a new request, which my bank is not willing to do as there as an open request being ignored. I have complained to Revolut about what has happened and been issued with a final response letter deciding not to uphold my complaint. Do I have grounds to take them to the financial ombudsman as they are literally doing nothing to help??? ",10,4,1777051360,Silver-Dig8224,UKPersonalFinance
1sth8zi,Ongoing anxiety over other bank accounts after Monzo bank closure,"Apologies if this doesn't fit the sub, I have asked for advice previously on this subreddit and it helped me a lot so I thought I would try again.

You can see from my previous post history that I had my Monzo bank account closed for what I suspect was from unknowingly receiving a payment from another monzo account connected to fraud. I cannot say this is the case for sure as all I know is that I received payment from what I thought was someone paying me back for food to an account which I was not regularly using anymore (around £8) which I then moved to my main bank account. 

This resulted in my account being in review for about a week before being closed. I discovered 2 other similar small transactions into my account that weren't flagged from months before from Revolut accounts that I must have also moved to my main account, which I brought up with Monzo while my account was in review. After the account closure I promptly made a DSAR request to CIFAS to check if Monzo had put a marker on me, which came up that they held no information on me. 

This happened around 5 months ago now and I have since been able to open another bank account; I opened another about a month after the Monzo account closure. But the anxiety still follows me. I can't find any timeline for how long a bank has the right to put a marker against somebody. I keep thinking ""they didn't put one on when they closed it but what about in 6 months, 1 year!"" I know I didn't do anything wrong at least knowingly and it seems very melodramatic, but the feeling that I'm one late filled piece of paperwork away from something terrible has been giving me anxiety for months now!

I guess I'm posting for reassurance or closure? I don't know really. I just want to know if I'm going to have to just keep making DSAR requests to CIFAS forever, or if there will come a point where I can finally breathe and put it all behind me?",1,11,1776947063,webuiltthiscityonpis,UKPersonalFinance
1spcgqy,Is switching from Natwest to Revolut worth it?,"Now that Revolut is now a bank in the UK, your money is now FSCS protected. I largely think Revolut is more convenient, i.e. bank statements generated extremely fast, more organized. Modern, intuitive UI. And Natwest maintenance has been largely inconvenient to me before, because I needed to pay for an Uber, and suddenly, maintenance. Ik they tell you in the app, but sometimes I go days without opening it. They could at least send a text.

I'll look into it as well, but what are the benefits of having a Natwest account over Revolut, for long time users? Thanks",0,12,1776554053,spring_x,UKPersonalFinance
1sp7wdt,Amex Membership Rewards vs Revolut RevPoints — which is actually better in practice?,"Hey everyone, I’m trying to decide between focusing on American Express Membership Rewards or Revolut RevPoints. I’m looking for the best combination of earning rates, bonuses, and redemption options. How do you all feel about the overall value of Amex points versus RevPoints in real life? Which has been more rewarding for you, and why?",7,28,1776542711,Extension_Laugh4128,UKPersonalFinance
1sokb1f,Bad credit i need to feed children genuine need. Please point me in right direction,How can I get £50 loan to feed my kids UK bank revolut and pay £80 back? I don't want donation just told the right place to help,0,12,1776477036,True_Jicama4471,UKPersonalFinance
1snux92,Read this BEFORE you deposit money in Revolut (FSCS protection confusion),"I noticed many people (including myself) are confused about whether Revolut balances are FSCS protected in the UK.

  
My statement still shows “Revolut Ltd” instead of “Revolut Bank UK Ltd”, which made me realise my funds may still be under e-money safeguarding rather than FSCS deposit protection.

HOW to check if your account is FSCS protected?

just generate a new statement and have a look there if it says Revolut Uk that is not FSCS protected...

Also, check here: [http://fscs.org.uk/check/check-your-money-is-protected/](http://fscs.org.uk/check/check-your-money-is-protected/) 

I’m trying to understand:

* how migration to Revolut Bank UK actually works
* whether most users are still on Revolut Ltd or already migrated to the new Revolut Bank Uk Ltd

Would appreciate clarity from anyone who has already been moved or understands the process!

",1,1,1776414382,hunt3rtheone23,UKPersonalFinance
1snay49,Tax residency for student visa,"Hello,

I am an international student and I started investing recently on Revolut, I put around £1k per month, which might turn about \~£1k gain per year. My question is, is this taxable? If so, who’s in charge in the tax rate?

I am not clear on this thing yet, so anything can help.

Thanks.",1,5,1776361819,Z7o5,UKPersonalFinance
1sma1gw,Are premier accounts any better?,"Do I see it right that apart from the switch bonuses, and better mortgage rates, there’s absolutely no benefit in having a premier account with a reputable bank vs a Monzo/revolut?

Yes they offer some “here’s nothing, hold it tight“ benefits like cinema tickets etc, but their apps are pretty bad (Lloyds, Barclays, NatWest I tried, Monzo and Revolut all day over them), and their so called personal customer care is (I tried with Lloyds) no different than any other - same person with attitude, waiting times, having to spell your account number. I prefer in app chat all day.

what are your opinions about this?",16,57,1776268328,Grgsz,UKPersonalFinance
1sk7047,Cheapest way to transfer GBP to EUR,"I need to convert around £380 to euro every month now to pay off my student debt. I used to do currency conversions with Revolut as it used to be free, but now Revolut is making a small amount by using a less favourable exchange rate with a small margin and it costs me around €1.50 everytime.

Obviously this won't break the bank but I'm wondering if there is still a truly free way to exchange currencies. Does anyone have any suggestions?",0,32,1776076638,GreenHoardingDragon,UKPersonalFinance
1si54cq,Where do you do currency exchange?,"My options are usually trading212 normal Stocks amd Sjares account, or Revolut? ",2,5,1775870038,GroundbreakingCap368,UKPersonalFinance
1sgxa9s,HSBC account frozen for months during review – anyone with similar experience?,"Hi everyone,

I’m currently dealing with a situation where my HSBC Expat account (Jersey) has been frozen since October during a periodic review, and I’m trying to better understand what to expect.

For context:

* I’m a European resident (Spain) and work in online consulting/sales.
* My income comes from a company I collaborate with, and all payments are documented (invoices, contracts, etc.).
* I’ve already provided the bank with financial summaries, bank statements (Revolut/Wise), and explanations about the source of funds.

HSBC mentioned it’s part of a standard review process, but the timeline has been very long, and communication has been quite limited.

I’d like to ask:

* Has anyone experienced something similar with HSBC (especially Expat/Jersey)?
* How long did the process take in your case?
* Did the funds eventually get released without issues?

I’m not looking for legal advice, just trying to understand typical timelines and experiences from others who went through similar reviews.

Thanks in advance to anyone willing to share their experience.",0,4,1775757859,AppealGlobal2554,UKPersonalFinance
1sg3p6w,Barclays switch bonus + Premier eligibility questions,"Hi, sorry if this is a basic question.

I saw the Barclays switch offer for £200 and was thinking of using one of my spare accounts. I have accounts with Monzo and Revolut that I barely use. Can I switch either of those, or does it have to be a “proper” bank account?

Also, they mention needing 2 active direct debits — do these need to be set up before starting the switch, or can I add them after?

I also noticed the £400 Premier offer. My salary doesn’t meet the requirement, but I could deposit £100k temporarily. If I go down that route:

* How long do I actually need to keep the £100k in the account?
* Can I withdraw it after receiving the bonus, or is there a minimum holding period?

Would really appreciate if anyone who’s done this recently can share their experience. Thanks!",2,4,1775678284,fpl_goat,UKPersonalFinance
1sg2vhv,"Recently Turned 18, Which Bank Should I Use?","Turned 18 recently, and in the process of renewing my Passport to open an account, and to access my Child Trust Fund money - just looking for some advice on what bank to go with? It'll just be for everyday spending.

Not sure whether to go down the route of high street banks or if something like Revolut or Monzo could be better?

My town literally has branches of the majority of the main banks; NatWest, Halifax, Barclays, Nationwide, Metro, Co-operative, HSBC, Lloyds and Santander.

Thank you!

",1,7,1775676465,Technical-Call-9498,UKPersonalFinance
1sczbj1,FT subscription via Revolut Metal,Not looking to use the Metal account for anything else. Does the Metal fee payment come out the account and therefore best way to set up is make a regular payment into the account? ,15,15,1775381531,granitedon,UKPersonalFinance
1s6z5zg,Lloyds Premier £500 switch offer: Clarifying the rules and requirements — accessible even on low income or benefits,"I was reading through the terms for the new Lloyds Premier switching offer (and also discussed it with the AI :) ) and noticed a few things that might help anyone who is put off by the seemingly high requirements.

A lot of folks seem to think this £500 is out of reach unless you're earning a massive salary because of the £5,000 monthly pay-in rule. But looking closely at the small print, it's actually much more accessible. Here is my takeaway on how it works in practice.

**The £5k 'Deposit' Rule**

The biggest hurdle for most is the £5,000 requirement. However, the terms don't say you need a £5k balance sitting in the account. It's strictly about the total amount of money *credited* to the account during your first full calendar month.

For example, if someone only has £1,000, they could simply transfer that amount in from another bank, move it back out, and repeat that process five times over the course of the month. Total incoming deposits = £5,000. Just keep in mind that doing this all in one afternoon might look suspicious to their anti-fraud systems, so I'd plan to spread those transfers out over a few weeks. Also, remember that your ""first full month"" doesn't start until the month *after* you open the account.

**Dealing with the £15 Fee**

The Premier account does carry a £15 monthly fee, which sounds annoying. But the catch is that Lloyds waives this fee automatically in any month where your incoming payments hit that £5,000 mark. Plus, once the bonus is paid out, there's nothing stopping you from dropping down to their standard, fee-free Classic account in the app.

**Getting the £200 Spend Done**

You have 35 days to spend £200 on the new debit card. The easiest way to do this without ""wasting"" money is by just shifting your normal household spending onto it — things like the weekly grocery shop or paying Council Tax. The terms explicitly exclude things like cash withdrawals and gambling, so sticking to normal retail spending is the safest bet.

**The Switching Process**

To get the £500, you have to open a new Premier account and switch an account into it using CASS before the 30th of April.

Personally, I would never switch my main, everyday bank account for these offers. I'm using a secondary, empty account from a challenger bank (like Monzo or Chase — note that Revolut is not part of CASS so won't work here) for the switch. The only tricky part is that your old account needs to have 3 active Direct Debits on it *before* you request the switch. Setting up a few £1 charity donations and waiting for them to be collected once is the standard way to handle this.

**Here are some charities you can set up cheap Direct Debits with:**

* [Scottish SPCA](https://www.scottishspca.org/)
* [RSPCA](https://www.rspca.org.uk/)
* [WaterAid](https://www.wateraid.org/)
* [Human Appeal](https://humanappeal.org.uk/)

**Who doesn't qualify?**

Just a heads-up on the main exclusions:

* You can't switch an account that is already with Lloyds, Halifax, or Bank of Scotland.
* If you've received any switch cash from Lloyds, Halifax, or BOS since the 1st of January 2023, you're out of luck.
* The payout timeline is officially listed as 45 to 90 days after account opening, so it requires a bit of patience.
* The switch must come from a genuinely different bank — opening Premier on an existing Lloyds account or upgrading an existing one does not count.
* Existing Lloyds customers can still qualify, as long as the new Premier account is brand new and the switched account comes from a different bank entirely.

Hopefully this breakdown helps someone else who was on the fence about trying for this one. Feel free to ask any questions below!",0,1,1774800530,Aeon8,UKPersonalFinance
