sample_id,test_type,result_value,unit,run_date,operator_id,site_code,status
MLN-2026-00001,pH,733.4045,pass/fail,2025-01-01 00:00:00,A.Kumar,MIL,passed
MLN-2026-00002,microbial_limit,,mg/mL,2025-01-01 10:00:00,R.Tanaka,MIL,passed
MLN-2026-00003,pH,192.5897,EU/mL,2025-01-01 20:00:00,J.Wong,MIL,passed
MLN-2026-00004,microbial_limit,97.6278,pass/fail,2025-01-02 00:00:00,A.Kumar,MIL,passed
MLN-2026-00005,pH,897.7968,mg/mL,2025-02-01 16:00:00,J.Wong,MIL,passed
MLN-2026-00006,microbial_limit,349.902,mg/mL,2025-03-01 02:00:00,UNKNOWN,MIL,failed
MLN-2026-00007,pH,551.3219,pH,2025-03-01 12:00:00,J.Wong,MIL,pending
MLN-2026-00008,endotoxin,359.5495,mg/mL,2025-03-01 22:00:00,A.Kumar,MIL,passed
MLN-2026-00009,potency,125.8111,pass/fail,2025-04-01 08:00:00,A.Kumar,MIL,passed
MLN-2026-00010,pH,589.3358,CFU/g,2025-04-01 18:00:00,T.Smith,MIL,passed
MLN-2026-00011,potency,525.1456,pass/fail,2025-01-05 00:00:00,A.Kumar,MIL,passed
MLN-2026-00012,endotoxin,203.0015,EU/mL,2025-05-01 14:00:00,J.Wong,MIL,failed
MLN-2026-00013,endotoxin,451.8745,mg/mL,2025-06-01 00:00:00,T.Smith,MIL,passed
MLN-2026-00014,microbial_limit,796.9495,mg/mL,2025-06-01 10:00:00,A.Kumar,MIL,passed
MLN-2026-00015,potency,590.4302,mg/mL,2025-06-01 20:00:00,A.Kumar,MIL,passed
MLN-2026-00016,sterility,96.9264,mg/mL,2025-07-01 06:00:00,UNKNOWN,MIL,failed
MLN-2026-00017,microbial_limit,548.026,pH,2025-07-01 16:00:00,T.Smith,MIL,pending
MLN-2026-00018,potency,702.7413,pH,2025-08-01 02:00:00,UNKNOWN,MIL,failed
MLN-2026-00019,pH,792.7055,CFU/g,2025-08-01 12:00:00,UNKNOWN,MIL,failed
MLN-2026-00020,pH,629.1213,mg/mL,2025-08-01 22:00:00,UNKNOWN,MIL,passed
MLN-2026-00021,endotoxin,152.6666,EU/mL,2025-09-01 08:00:00,R.Tanaka,MIL,failed
MLN-2026-00022,sterility,710.1762,CFU/g,2025-09-01 18:00:00,UNKNOWN,MIL,pending
MLN-2026-00023,pH,677.3451,mg/mL,2025-10-01 04:00:00,J.Wong,MIL,passed
MLN-2026-00024,potency,24.4366,pH,2025-10-01 14:00:00,A.Kumar,MIL,passed
MLN-2026-00025,potency,411.7536,EU/mL,2025-11-01 00:00:00,R.Tanaka,MIL,failed
MLN-2026-00026,pH,332.9569,CFU/g,2025-11-01 10:00:00,UNKNOWN,MIL,pending
MLN-2026-00027,potency,669.4154,EU/mL,2025-11-01 20:00:00,A.Kumar,MIL,
MLN-2026-00028,potency,216.1437,mg/mL,2025-12-01 06:00:00,T.Smith,MIL,failed
MLN-2026-00029,endotoxin,590.876,pass/fail,2025-12-01 16:00:00,T.Smith,MIL,passed
MLN-2026-00030,sterility,913.2068,EU/mL,2025-01-13 02:00:00,A.Kumar,MIL,passed
MLN-2026-00031,endotoxin,797.8044,EU/mL,2025-01-13 12:00:00,J.Wong,MIL,pending
MLN-2026-00032,sterility,921.4585,pH,2025-01-13 22:00:00,A.Kumar,MIL,failed
MLN-2026-00033,potency,978.5062,mg/mL,2025-01-14 08:00:00,A.Kumar,MIL,passed
MLN-2026-00034,sterility,10.68,EU/mL,2025-01-14 18:00:00,R.Tanaka,MIL,failed
MLN-2026-00035,potency,622.745,mg/mL,2025-01-15 00:00:00,T.Smith,MIL,passed
MLN-2026-00036,potency,412.8453,pH,2025-01-15 14:00:00,T.Smith,MIL,failed
MLN-2026-00037,endotoxin,859.8559,mg/mL,2025-01-16 00:00:00,UNKNOWN,MIL,failed
MLN-2026-00038,endotoxin,251.8222,pH,2025-01-16 10:00:00,A.Kumar,MIL,failed
MLN-2026-00039,microbial_limit,981.0297,pH,2025-01-16 20:00:00,A.Kumar,MIL,pending
MLN-2026-00040,pH,,CFU/g,2025-01-17 06:00:00,J.Wong,MIL,failed
MLN-2026-00041,microbial_limit,,mg/mL,2025-01-17 16:00:00,T.Smith,MIL,passed
MLN-2026-00042,microbial_limit,85.6087,pass/fail,2025-01-18 02:00:00,J.Wong,MIL,pending
MLN-2026-00043,sterility,183.4661,CFU/g,2025-01-18 12:00:00,R.Tanaka,MIL,failed
MLN-2026-00044,potency,758.4061,pH,2025-01-18 22:00:00,UNKNOWN,MIL,failed
MLN-2026-00045,potency,21.9963,pass/fail,2025-01-19 08:00:00,J.Wong,MIL,passed
MLN-2026-00046,potency,816.8798,EU/mL,2025-01-19 18:00:00,T.Smith,MIL,passed
MLN-2026-00047,pH,,EU/mL,2025-01-20 04:00:00,R.Tanaka,MIL,passed
MLN-2026-00048,sterility,657.1223,CFU/g,2025-01-20 14:00:00,A.Kumar,MIL,failed
MLN-2026-00049,sterility,365.1003,pass/fail,2025-01-21 00:00:00,R.Tanaka,MIL,passed
MLN-2026-00050,potency,611.4987,mg/mL,2025-01-21 10:00:00,J.Wong,MIL,passed
MLN-2026-00051,microbial_limit,696.0344,pass/fail,2025-01-21 20:00:00,T.Smith,MIL,failed
MLN-2026-00052,pH,342.4818,CFU/g,2025-01-22 06:00:00,J.Wong,MIL,failed
MLN-2026-00053,microbial_limit,107.9714,mg/mL,2025-01-22 00:00:00,A.Kumar,MIL,failed
MLN-2026-00054,endotoxin,69.6552,,2025-01-23 02:00:00,A.Kumar,MIL,passed
MLN-2026-00055,sterility,588.9401,EU/mL,2025-01-23 12:00:00,T.Smith,MIL,failed
MLN-2026-00056,sterility,520.6601,pass/fail,2025-01-23 22:00:00,UNKNOWN,MIL,passed
MLN-2026-00057,microbial_limit,,mg/mL,2025-01-24 08:00:00,R.Tanaka,MIL,passed
MLN-2026-00058,pH,509.7404,CFU/g,2025-01-24 18:00:00,R.Tanaka,MIL,pending
MLN-2026-00059,sterility,422.4516,EU/mL,2025-01-25 04:00:00,A.Kumar,MIL,failed
MLN-2026-00060,microbial_limit,,mg/mL,2025-01-25 14:00:00,J.Wong,MIL,passed
MLN-2026-00061,pH,26.4566,pass/fail,2025-01-26 00:00:00,J.Wong,MIL,failed
MLN-2026-00062,microbial_limit,335.5638,EU/mL,2025-01-26 10:00:00,UNKNOWN,MIL,failed
MLN-2026-00063,pH,976.0204,pass/fail,2025-01-26 20:00:00,J.Wong,MIL,passed
MLN-2026-00064,potency,873.5568,pass/fail,2025-01-27 06:00:00,R.Tanaka,MIL,passed
MLN-2026-00065,pH,329.3848,pass/fail,2025-01-27 16:00:00,J.Wong,MIL,passed
MLN-2026-00066,endotoxin,587.7995,EU/mL,2025-01-28 02:00:00,UNKNOWN,MIL,failed
MLN-2026-00067,potency,847.2983,mg/mL,2025-01-28 00:00:00,R.Tanaka,MIL,passed
MLN-2026-00068,microbial_limit,441.2799,pH,2025-01-28 22:00:00,J.Wong,MIL,passed
MLN-2026-00069,potency,17.9677,mg/mL,2025-01-29 08:00:00,R.Tanaka,MIL,pending
MLN-2026-00070,potency,74.5197,EU/mL,2025-01-29 00:00:00,A.Kumar,MIL,passed
MLN-2026-00071,microbial_limit,510.3976,pH,2025-01-30 04:00:00,A.Kumar,MIL,failed
MLN-2026-00072,microbial_limit,,pH,2025-01-30 14:00:00,A.Kumar,MIL,
MLN-2026-00073,endotoxin,693.2126,pH,2025-01-31 00:00:00,J.Wong,MIL,passed
MLN-2026-00074,microbial_limit,70.9255,CFU/g,2025-01-31 10:00:00,UNKNOWN,MIL,failed
MLN-2026-00075,sterility,189.369,EU/mL,2025-01-31 20:00:00,R.Tanaka,MIL,failed
MLN-2026-00076,sterility,771.3254,CFU/g,2025-01-02 06:00:00,T.Smith,MIL,passed
MLN-2026-00077,endotoxin,841.4413,pH,2025-01-02 16:00:00,A.Kumar,MIL,failed
MLN-2026-00078,pH,617.6984,CFU/g,2025-02-02 02:00:00,A.Kumar,MIL,failed
MLN-2026-00079,pH,644.4267,CFU/g,2025-02-02 12:00:00,T.Smith,MIL,failed
MLN-2026-00080,sterility,28.3472,EU/mL,2025-02-02 22:00:00,T.Smith,MIL,failed
MLN-2026-00081,microbial_limit,828.532,pass/fail,2025-03-02 08:00:00,J.Wong,MIL,failed
MLN-2026-00082,endotoxin,788.2773,CFU/g,2025-03-02 18:00:00,R.Tanaka,MIL,passed
MLN-2026-00083,pH,259.0426,CFU/g,2025-04-02 04:00:00,A.Kumar,MIL,passed
MLN-2026-00084,pH,708.6796,pH,2025-04-02 14:00:00,UNKNOWN,MIL,passed
MLN-2026-00085,potency,214.8625,pH,2025-05-02 00:00:00,J.Wong,MIL,passed
MLN-2026-00086,sterility,40.3398,pH,2025-05-02 10:00:00,J.Wong,MIL,failed
MLN-2026-00087,microbial_limit,201.1445,mg/mL,2025-05-02 20:00:00,UNKNOWN,MIL,passed
MLN-2026-00088,endotoxin,178.6371,CFU/g,2025-06-02 06:00:00,UNKNOWN,MIL,failed
MLN-2026-00089,pH,337.7546,pH,2025-06-02 16:00:00,UNKNOWN,MIL,failed
MLN-2026-00090,potency,418.4553,EU/mL,2025-07-02 02:00:00,T.Smith,MIL,failed
MLN-2026-00091,sterility,508.5438,mg/mL,2025-07-02 12:00:00,A.Kumar,MIL,failed
MLN-2026-00092,sterility,476.7591,pass/fail,2025-07-02 22:00:00,T.Smith,MIL,pending
MLN-2026-00093,endotoxin,270.6819,CFU/g,2025-08-02 08:00:00,A.Kumar,MIL,passed
MLN-2026-00094,pH,,CFU/g,2025-08-02 18:00:00,T.Smith,MIL,failed
MLN-2026-00095,endotoxin,605.1056,EU/mL,2025-09-02 04:00:00,R.Tanaka,MIL,failed
MLN-2026-00096,endotoxin,395.7509,pass/fail,2025-09-02 14:00:00,A.Kumar,MIL,passed
MLN-2026-00097,potency,298.6792,pass/fail,2025-10-02 00:00:00,J.Wong,MIL,pending
MLN-2026-00098,sterility,866.9424,mg/mL,2025-10-02 10:00:00,A.Kumar,MIL,failed
MLN-2026-00099,microbial_limit,746.7458,CFU/g,2025-10-02 20:00:00,A.Kumar,MIL,passed
MLN-2026-00100,sterility,857.767,pH,2025-11-02 06:00:00,A.Kumar,MIL,failed
MLN-2026-00101,sterility,494.9878,EU/mL,2025-11-02 16:00:00,R.Tanaka,MIL,passed
MLN-2026-00102,potency,130.9399,EU/mL,2025-12-02 02:00:00,T.Smith,MIL,passed
MLN-2026-00103,microbial_limit,696.2245,EU/mL,2025-02-12 00:00:00,J.Wong,MIL,failed
MLN-2026-00104,pH,206.0817,EU/mL,2025-12-02 22:00:00,T.Smith,MIL,pending
MLN-2026-00105,microbial_limit,441.2353,pH,2025-02-13 08:00:00,T.Smith,MIL,passed
MLN-2026-00106,pH,65.0101,pH,2025-02-13 00:00:00,UNKNOWN,MIL,failed
MLN-2026-00107,microbial_limit,825.3101,mg/mL,2025-02-14 04:00:00,R.Tanaka,MIL,passed
MLN-2026-00108,endotoxin,125.9494,CFU/g,2025-02-14 14:00:00,UNKNOWN,MIL,
MLN-2026-00109,microbial_limit,903.0985,pH,2025-02-15 00:00:00,R.Tanaka,MIL,failed
MLN-2026-00110,potency,864.232,mg/mL,2025-02-15 10:00:00,T.Smith,MIL,pending
MLN-2026-00111,pH,464.5881,pass/fail,2025-02-15 20:00:00,T.Smith,MIL,failed
MLN-2026-00112,sterility,744.3708,CFU/g,2025-02-16 06:00:00,R.Tanaka,MIL,failed
MLN-2026-00113,potency,619.4489,pH,2025-02-16 16:00:00,T.Smith,MIL,passed
MLN-2026-00114,pH,803.0776,pass/fail,2025-02-17 02:00:00,T.Smith,MIL,failed
MLN-2026-00115,pH,431.8108,mg/mL,2025-02-17 12:00:00,J.Wong,MIL,passed
MLN-2026-00116,sterility,785.8106,pH,2025-02-17 22:00:00,UNKNOWN,MIL,failed
MLN-2026-00117,endotoxin,462.4622,pH,2025-02-18 08:00:00,UNKNOWN,MIL,pending
MLN-2026-00118,potency,940.9664,pass/fail,2025-02-18 18:00:00,UNKNOWN,MIL,passed
MLN-2026-00119,sterility,486.3772,pH,2025-02-19 04:00:00,A.Kumar,MIL,failed
MLN-2026-00120,sterility,462.6246,EU/mL,2025-02-19 14:00:00,J.Wong,MIL,passed
MLN-2026-00121,endotoxin,785.074,pH,2025-02-20 00:00:00,UNKNOWN,MIL,failed
MLN-2026-00122,potency,821.5795,CFU/g,2025-02-20 10:00:00,UNKNOWN,MIL,failed
MLN-2026-00123,sterility,,pass/fail,2025-02-20 20:00:00,J.Wong,MIL,failed
MLN-2026-00124,endotoxin,179.806,CFU/g,2025-02-21 06:00:00,T.Smith,MIL,passed
MLN-2026-00125,potency,467.7636,mg/mL,2025-02-21 16:00:00,UNKNOWN,MIL,failed
MLN-2026-00126,microbial_limit,968.0728,CFU/g,2025-02-22 02:00:00,T.Smith,MIL,passed
MLN-2026-00127,pH,752.9887,EU/mL,2025-02-22 12:00:00,UNKNOWN,MIL,passed
MLN-2026-00128,endotoxin,811.1645,EU/mL,2025-02-22 22:00:00,R.Tanaka,MIL,
MLN-2026-00129,pH,32.8352,CFU/g,2025-02-23 08:00:00,A.Kumar,MIL,failed
MLN-2026-00130,microbial_limit,467.8648,mg/mL,2025-02-23 18:00:00,UNKNOWN,MIL,passed
MLN-2026-00131,sterility,646.6247,pH,2025-02-24 04:00:00,R.Tanaka,MIL,passed
MLN-2026-00132,sterility,830.0344,EU/mL,2025-02-24 14:00:00,J.Wong,MIL,pending
MLN-2026-00133,potency,49.2832,,2025-02-25 00:00:00,R.Tanaka,MIL,passed
MLN-2026-00134,endotoxin,852.4404,CFU/g,2025-02-25 10:00:00,J.Wong,MIL,failed
MLN-2026-00135,endotoxin,548.4055,CFU/g,2025-02-25 20:00:00,UNKNOWN,MIL,failed
MLN-2026-00136,potency,197.322,pH,2025-02-26 06:00:00,J.Wong,MIL,passed
MLN-2026-00137,pH,317.262,pass/fail,2025-02-26 16:00:00,R.Tanaka,MIL,pending
MLN-2026-00138,sterility,281.9367,mg/mL,2025-02-27 02:00:00,A.Kumar,MIL,failed
MLN-2026-00139,sterility,530.8637,pass/fail,2025-02-27 12:00:00,T.Smith,MIL,passed
MLN-2026-00140,endotoxin,51.6952,mg/mL,2025-02-27 22:00:00,T.Smith,MIL,passed
MLN-2026-00141,endotoxin,158.5446,mg/mL,2025-02-28 00:00:00,A.Kumar,MIL,passed
MLN-2026-00142,potency,812.6949,,2025-02-28 18:00:00,T.Smith,MIL,passed
MLN-2026-00143,microbial_limit,132.6127,EU/mL,2025-01-03 04:00:00,UNKNOWN,MIL,pending
MLN-2026-00144,pH,233.4039,CFU/g,2025-01-03 14:00:00,UNKNOWN,MIL,passed
MLN-2026-00145,microbial_limit,453.3761,pH,2025-02-03 00:00:00,R.Tanaka,MIL,failed
MLN-2026-00146,microbial_limit,517.1257,mg/mL,2025-02-03 10:00:00,R.Tanaka,MIL,failed
MLN-2026-00147,endotoxin,763.6128,EU/mL,2025-02-03 20:00:00,J.Wong,MIL,passed
MLN-2026-00148,endotoxin,447.338,mg/mL,2025-03-03 06:00:00,R.Tanaka,MIL,passed
MLN-2026-00149,endotoxin,789.8667,mg/mL,2025-03-03 16:00:00,UNKNOWN,MIL,passed
MLN-2026-00150,microbial_limit,618.3501,CFU/g,2025-04-03 02:00:00,R.Tanaka,MIL,pending
MLN-2026-00151,pH,113.1086,EU/mL,2025-04-03 12:00:00,T.Smith,MIL,failed
MLN-2026-00152,endotoxin,156.3399,EU/mL,2025-04-03 22:00:00,J.Wong,MIL,failed
MLN-2026-00153,sterility,437.0394,mg/mL,2025-05-03 08:00:00,J.Wong,MIL,failed
MLN-2026-00154,pH,396.8954,EU/mL,2025-05-03 18:00:00,UNKNOWN,MIL,passed
MLN-2026-00155,sterility,743.5468,EU/mL,2025-03-06 00:00:00,R.Tanaka,MIL,passed
MLN-2026-00156,pH,580.7413,CFU/g,2025-06-03 14:00:00,T.Smith,MIL,failed
MLN-2026-00157,endotoxin,388.1392,pass/fail,2025-07-03 00:00:00,R.Tanaka,MIL,passed
MLN-2026-00158,potency,170.7686,pH,2025-07-03 10:00:00,A.Kumar,MIL,failed
MLN-2026-00159,endotoxin,226.8448,pass/fail,2025-07-03 20:00:00,R.Tanaka,MIL,pending
MLN-2026-00160,microbial_limit,575.5053,EU/mL,2025-08-03 06:00:00,UNKNOWN,MIL,pending
MLN-2026-00161,microbial_limit,,mg/mL,2025-08-03 16:00:00,R.Tanaka,MIL,passed
MLN-2026-00162,pH,514.9324,pH,2025-09-03 02:00:00,J.Wong,MIL,failed
MLN-2026-00163,microbial_limit,170.6857,pH,2025-09-03 12:00:00,T.Smith,MIL,passed
MLN-2026-00164,endotoxin,,mg/mL,2025-09-03 22:00:00,UNKNOWN,MIL,passed
MLN-2026-00165,sterility,852.5402,pH,2025-10-03 08:00:00,A.Kumar,MIL,passed
MLN-2026-00166,endotoxin,257.9469,mg/mL,2025-10-03 18:00:00,T.Smith,MIL,passed
MLN-2026-00167,pH,491.5193,pH,2025-11-03 04:00:00,T.Smith,MIL,passed
MLN-2026-00168,microbial_limit,975.5276,pass/fail,2025-11-03 14:00:00,J.Wong,MIL,passed
MLN-2026-00169,sterility,333.2484,pH,2025-12-03 00:00:00,J.Wong,MIL,failed
MLN-2026-00170,potency,595.0504,CFU/g,2025-12-03 10:00:00,J.Wong,MIL,passed
MLN-2026-00171,sterility,90.2048,mg/mL,2025-12-03 20:00:00,UNKNOWN,MIL,failed
MLN-2026-00172,sterility,606.0189,pH,2025-03-13 06:00:00,R.Tanaka,MIL,passed
MLN-2026-00173,endotoxin,89.6409,mg/mL,2025-03-13 16:00:00,T.Smith,MIL,failed
MLN-2026-00174,potency,959.2358,CFU/g,2025-03-14 02:00:00,R.Tanaka,MIL,failed
MLN-2026-00175,pH,715.6655,pH,2025-03-14 12:00:00,R.Tanaka,MIL,passed
MLN-2026-00176,pH,788.1619,pH,2025-03-14 00:00:00,J.Wong,MIL,passed
MLN-2026-00177,sterility,704.1073,CFU/g,2025-03-15 08:00:00,R.Tanaka,MIL,failed
MLN-2026-00178,sterility,589.7331,CFU/g,2025-03-15 18:00:00,T.Smith,MIL,passed
MLN-2026-00179,microbial_limit,449.9183,CFU/g,2025-03-16 04:00:00,T.Smith,MIL,failed
MLN-2026-00180,potency,858.3748,mg/mL,2025-03-16 14:00:00,A.Kumar,MIL,passed
MLN-2026-00181,sterility,956.8361,CFU/g,2025-03-17 00:00:00,UNKNOWN,MIL,failed
MLN-2026-00182,microbial_limit,499.0412,mg/mL,2025-03-17 10:00:00,R.Tanaka,MIL,passed
MLN-2026-00183,potency,931.5357,pass/fail,2025-03-17 20:00:00,UNKNOWN,MIL,failed
MLN-2026-00184,pH,583.3371,pH,2025-03-18 06:00:00,UNKNOWN,MIL,passed
MLN-2026-00185,microbial_limit,538.3888,pH,2025-03-18 16:00:00,UNKNOWN,MIL,failed
MLN-2026-00186,potency,454.4882,EU/mL,2025-03-19 02:00:00,UNKNOWN,MIL,failed
MLN-2026-00187,microbial_limit,209.2957,pass/fail,2025-03-19 12:00:00,T.Smith,MIL,passed
MLN-2026-00188,sterility,3.7296,CFU/g,2025-03-19 22:00:00,R.Tanaka,MIL,
MLN-2026-00189,endotoxin,241.5138,CFU/g,2025-03-20 08:00:00,A.Kumar,MIL,pending
MLN-2026-00190,pH,509.7281,pass/fail,2025-03-20 18:00:00,UNKNOWN,MIL,failed
MLN-2026-00191,sterility,379.9662,CFU/g,2025-03-21 04:00:00,A.Kumar,MIL,passed
MLN-2026-00192,sterility,448.4907,,2025-03-21 14:00:00,T.Smith,MIL,failed
MLN-2026-00193,potency,980.6484,mg/mL,2025-03-22 00:00:00,T.Smith,MIL,passed
MLN-2026-00194,microbial_limit,350.2789,pH,2025-03-22 10:00:00,J.Wong,MIL,passed
MLN-2026-00195,pH,452.1884,pass/fail,2025-03-22 20:00:00,UNKNOWN,MIL,pending
MLN-2026-00196,sterility,133.5242,pH,2025-03-23 06:00:00,J.Wong,MIL,failed
MLN-2026-00197,potency,47.9673,mg/mL,2025-03-23 16:00:00,A.Kumar,MIL,failed
MLN-2026-00198,pH,775.4118,pass/fail,2025-03-24 02:00:00,R.Tanaka,MIL,failed
MLN-2026-00199,microbial_limit,570.6875,mg/mL,2025-03-24 12:00:00,J.Wong,MIL,failed
MLN-2026-00200,sterility,760.7072,CFU/g,2025-03-24 22:00:00,T.Smith,MIL,passed
MLN-2026-00201,sterility,149.8713,CFU/g,2025-03-25 08:00:00,UNKNOWN,MIL,passed
MLN-2026-00202,sterility,571.8331,CFU/g,2025-03-25 18:00:00,A.Kumar,MIL,pending
MLN-2026-00203,pH,253.6499,mg/mL,2025-03-26 04:00:00,T.Smith,MIL,failed
MLN-2026-00204,pH,228.0695,mg/mL,2025-03-26 14:00:00,R.Tanaka,MIL,failed
MLN-2026-00205,pH,11.5359,mg/mL,2025-03-27 00:00:00,UNKNOWN,MIL,passed
MLN-2026-00206,pH,130.3494,pH,2025-03-27 10:00:00,R.Tanaka,MIL,pending
MLN-2026-00207,potency,309.275,mg/mL,2025-03-27 20:00:00,R.Tanaka,MIL,failed
MLN-2026-00208,endotoxin,116.8876,CFU/g,2025-03-28 06:00:00,UNKNOWN,MIL,failed
MLN-2026-00209,potency,985.8586,EU/mL,2025-03-28 16:00:00,UNKNOWN,MIL,passed
MLN-2026-00210,sterility,308.6396,mg/mL,2025-03-29 02:00:00,R.Tanaka,MIL,passed
MLN-2026-00211,potency,130.3326,EU/mL,2025-03-29 12:00:00,A.Kumar,MIL,failed
MLN-2026-00212,microbial_limit,199.0903,CFU/g,2025-03-29 22:00:00,UNKNOWN,MIL,failed
MLN-2026-00213,pH,587.7074,mg/mL,2025-03-30 08:00:00,T.Smith,MIL,failed
MLN-2026-00214,microbial_limit,64.0529,pH,2025-03-30 18:00:00,J.Wong,MIL,failed
MLN-2026-00215,microbial_limit,862.4355,pH,2025-03-31 04:00:00,A.Kumar,MIL,failed
MLN-2026-00216,sterility,961.5001,EU/mL,2025-03-31 14:00:00,UNKNOWN,MIL,failed
MLN-2026-00217,pH,246.755,pH,2025-01-04 00:00:00,UNKNOWN,MIL,failed
MLN-2026-00218,microbial_limit,,pH,2025-04-01 00:00:00,A.Kumar,MIL,pending
MLN-2026-00219,sterility,22.1442,pH,2025-01-04 20:00:00,J.Wong,MIL,failed
MLN-2026-00220,pH,640.7138,CFU/g,2025-02-04 06:00:00,R.Tanaka,MIL,pending
MLN-2026-00221,endotoxin,413.9319,pH,2025-02-04 16:00:00,T.Smith,MIL,pending
MLN-2026-00222,sterility,270.0658,pass/fail,2025-03-04 02:00:00,UNKNOWN,MIL,failed
MLN-2026-00223,potency,206.845,mg/mL,2025-03-04 12:00:00,J.Wong,MIL,passed
MLN-2026-00224,pH,654.0265,pH,2025-03-04 22:00:00,T.Smith,MIL,failed
MLN-2026-00225,microbial_limit,,pH,2025-04-04 08:00:00,A.Kumar,MIL,passed
MLN-2026-00226,microbial_limit,179.6675,pH,2025-04-04 18:00:00,UNKNOWN,MIL,failed
MLN-2026-00227,potency,689.1122,pass/fail,2025-05-04 04:00:00,R.Tanaka,MIL,pending
MLN-2026-00228,potency,565.0766,pH,2025-05-04 14:00:00,A.Kumar,MIL,failed
MLN-2026-00229,microbial_limit,858.6735,pH,2025-06-04 00:00:00,UNKNOWN,MIL,failed
MLN-2026-00230,pH,117.4847,mg/mL,2025-06-04 10:00:00,J.Wong,MIL,pending
MLN-2026-00231,sterility,785.6687,pass/fail,2025-06-04 20:00:00,T.Smith,MIL,passed
MLN-2026-00232,potency,673.5201,pass/fail,2025-07-04 06:00:00,T.Smith,MIL,passed
MLN-2026-00233,potency,115.0198,pH,2025-07-04 16:00:00,UNKNOWN,MIL,passed
MLN-2026-00234,potency,694.8238,pass/fail,2025-08-04 02:00:00,A.Kumar,MIL,passed
MLN-2026-00235,endotoxin,441.5529,EU/mL,2025-08-04 12:00:00,R.Tanaka,MIL,pending
MLN-2026-00236,pH,944.9853,pass/fail,2025-08-04 22:00:00,J.Wong,MIL,pending
MLN-2026-00237,pH,141.6199,pass/fail,2025-09-04 08:00:00,UNKNOWN,MIL,passed
MLN-2026-00238,pH,,pass/fail,2025-09-04 18:00:00,J.Wong,MIL,pending
MLN-2026-00239,pH,381.9862,CFU/g,2025-10-04 04:00:00,T.Smith,MIL,passed
MLN-2026-00240,pH,956.8151,CFU/g,2025-10-04 14:00:00,R.Tanaka,MIL,failed
MLN-2026-00241,microbial_limit,329.9816,CFU/g,2025-11-04 00:00:00,J.Wong,MIL,failed
MLN-2026-00242,potency,962.1863,pass/fail,2025-04-11 00:00:00,UNKNOWN,MIL,passed
MLN-2026-00243,microbial_limit,901.4868,EU/mL,2025-11-04 20:00:00,R.Tanaka,MIL,passed
MLN-2026-00244,endotoxin,270.3905,pass/fail,2025-12-04 06:00:00,A.Kumar,MIL,passed
MLN-2026-00245,sterility,803.5437,pH,2025-12-04 16:00:00,UNKNOWN,MIL,passed
MLN-2026-00246,potency,995.6042,EU/mL,2025-04-13 02:00:00,J.Wong,MIL,failed
MLN-2026-00247,endotoxin,252.6705,CFU/g,2025-04-13 12:00:00,R.Tanaka,MIL,passed
MLN-2026-00248,microbial_limit,436.7828,mg/mL,2025-04-13 00:00:00,UNKNOWN,MIL,failed
MLN-2026-00249,sterility,520.1855,EU/mL,2025-04-14 08:00:00,R.Tanaka,MIL,failed
MLN-2026-00250,endotoxin,294.9382,CFU/g,2025-04-14 18:00:00,R.Tanaka,MIL,passed
MLN-2026-00251,sterility,15.2747,EU/mL,2025-04-15 00:00:00,R.Tanaka,MIL,failed
MLN-2026-00252,endotoxin,220.137,EU/mL,2025-04-15 00:00:00,J.Wong,MIL,failed
MLN-2026-00253,microbial_limit,,pass/fail,2025-04-16 00:00:00,UNKNOWN,MIL,pending
MLN-2026-00254,sterility,443.6053,pH,2025-04-16 10:00:00,T.Smith,MIL,pending
MLN-2026-00255,endotoxin,171.1108,mg/mL,2025-04-16 20:00:00,T.Smith,MIL,pending
MLN-2026-00256,microbial_limit,873.2556,CFU/g,2025-04-17 06:00:00,J.Wong,MIL,passed
MLN-2026-00257,potency,704.9141,EU/mL,2025-04-17 00:00:00,J.Wong,MIL,passed
MLN-2026-00258,microbial_limit,85.2096,mg/mL,2025-04-18 02:00:00,R.Tanaka,MIL,pending
MLN-2026-00259,microbial_limit,650.096,EU/mL,2025-04-18 12:00:00,UNKNOWN,MIL,passed
MLN-2026-00260,potency,653.6599,pH,2025-04-18 22:00:00,UNKNOWN,MIL,passed
MLN-2026-00261,microbial_limit,956.2216,mg/mL,2025-04-19 08:00:00,A.Kumar,MIL,passed
MLN-2026-00262,potency,3.0308,CFU/g,2025-04-19 18:00:00,A.Kumar,MIL,pending
MLN-2026-00263,potency,247.94,EU/mL,2025-04-20 04:00:00,T.Smith,MIL,passed
MLN-2026-00264,potency,927.7922,pH,2025-04-20 14:00:00,A.Kumar,MIL,passed
MLN-2026-00265,endotoxin,932.1346,mg/mL,2025-04-21 00:00:00,A.Kumar,MIL,pending
MLN-2026-00266,sterility,720.5892,EU/mL,2025-04-21 10:00:00,T.Smith,MIL,failed
MLN-2026-00267,endotoxin,765.7657,EU/mL,2025-04-21 20:00:00,T.Smith,MIL,pending
MLN-2026-00268,potency,91.492,CFU/g,2025-04-22 06:00:00,A.Kumar,MIL,pending
MLN-2026-00269,sterility,513.8807,pH,2025-04-22 16:00:00,UNKNOWN,MIL,failed
MLN-2026-00270,sterility,231.5907,pass/fail,2025-04-23 02:00:00,A.Kumar,MIL,failed
MLN-2026-00271,potency,181.2262,EU/mL,2025-04-23 12:00:00,R.Tanaka,MIL,failed
MLN-2026-00272,sterility,810.3052,mg/mL,2025-04-23 22:00:00,R.Tanaka,MIL,failed
MLN-2026-00273,sterility,135.0468,CFU/g,2025-04-24 08:00:00,R.Tanaka,MIL,pending
MLN-2026-00274,endotoxin,468.657,CFU/g,2025-04-24 18:00:00,J.Wong,MIL,passed
MLN-2026-00275,sterility,938.5789,EU/mL,2025-04-25 04:00:00,R.Tanaka,MIL,failed
MLN-2026-00276,potency,185.8402,EU/mL,2025-04-25 14:00:00,UNKNOWN,MIL,pending
MLN-2026-00277,pH,977.9936,EU/mL,2025-04-26 00:00:00,J.Wong,MIL,passed
MLN-2026-00278,pH,994.288,pass/fail,2025-04-26 10:00:00,J.Wong,MIL,failed
MLN-2026-00279,pH,555.6216,EU/mL,2025-04-26 20:00:00,R.Tanaka,MIL,passed
MLN-2026-00280,potency,170.151,pH,2025-04-27 06:00:00,A.Kumar,MIL,pending
MLN-2026-00281,pH,316.1117,mg/mL,2025-04-27 16:00:00,T.Smith,MIL,passed
MLN-2026-00282,endotoxin,424.4986,EU/mL,2025-04-28 02:00:00,A.Kumar,MIL,failed
MLN-2026-00283,potency,309.3311,pass/fail,2025-04-28 12:00:00,A.Kumar,MIL,passed
MLN-2026-00284,potency,280.6428,mg/mL,2025-04-28 22:00:00,J.Wong,MIL,pending
MLN-2026-00285,potency,972.23,CFU/g,2025-04-29 08:00:00,J.Wong,MIL,failed
MLN-2026-00286,sterility,153.3733,EU/mL,2025-04-29 18:00:00,J.Wong,MIL,failed
MLN-2026-00287,sterility,733.3306,mg/mL,2025-04-30 04:00:00,UNKNOWN,MIL,passed
MLN-2026-00288,sterility,0.4203,CFU/g,2025-04-30 00:00:00,UNKNOWN,MIL,failed
MLN-2026-00289,microbial_limit,596.1867,pass/fail,2025-01-05 00:00:00,T.Smith,MIL,passed
MLN-2026-00290,endotoxin,915.9438,pH,2025-01-05 10:00:00,J.Wong,MIL,pending
MLN-2026-00291,potency,287.9412,EU/mL,2025-01-05 20:00:00,R.Tanaka,MIL,pending
MLN-2026-00292,potency,185.5341,pH,2025-02-05 06:00:00,J.Wong,MIL,failed
MLN-2026-00293,sterility,651.6833,pass/fail,2025-02-05 16:00:00,UNKNOWN,MIL,passed
MLN-2026-00294,potency,712.6043,mg/mL,2025-03-05 02:00:00,J.Wong,MIL,passed
MLN-2026-00295,potency,688.0336,mg/mL,2025-03-05 12:00:00,UNKNOWN,MIL,failed
MLN-2026-00296,pH,319.3237,pass/fail,2025-03-05 22:00:00,J.Wong,MIL,failed
MLN-2026-00297,potency,,pass/fail,2025-04-05 08:00:00,R.Tanaka,MIL,passed
MLN-2026-00298,microbial_limit,955.9192,EU/mL,2025-04-05 18:00:00,T.Smith,MIL,passed
MLN-2026-00299,sterility,923.3003,CFU/g,2025-05-05 04:00:00,R.Tanaka,MIL,passed
MLN-2026-00300,endotoxin,457.322,pH,2025-05-05 14:00:00,UNKNOWN,MIL,pending
MLN-2026-00301,endotoxin,846.1954,pH,2025-06-05 00:00:00,A.Kumar,MIL,failed
MLN-2026-00302,pH,452.329,mg/mL,2025-06-05 10:00:00,R.Tanaka,MIL,pending
MLN-2026-00303,endotoxin,424.3948,mg/mL,2025-06-05 20:00:00,J.Wong,MIL,pending
MLN-2026-00304,endotoxin,156.7714,EU/mL,2025-07-05 06:00:00,T.Smith,MIL,failed
MLN-2026-00305,sterility,426.4118,pass/fail,2025-07-05 16:00:00,J.Wong,MIL,pending
MLN-2026-00306,sterility,537.4216,pH,2025-08-05 02:00:00,J.Wong,MIL,passed
MLN-2026-00307,microbial_limit,22.5141,EU/mL,2025-08-05 12:00:00,R.Tanaka,MIL,pending
MLN-2026-00308,pH,444.1186,mg/mL,2025-08-05 22:00:00,T.Smith,MIL,passed
MLN-2026-00309,endotoxin,781.3584,mg/mL,2025-09-05 08:00:00,A.Kumar,MIL,passed
MLN-2026-00310,microbial_limit,680.0493,pH,2025-09-05 18:00:00,J.Wong,MIL,failed
MLN-2026-00311,pH,635.1606,mg/mL,2025-10-05 04:00:00,T.Smith,MIL,passed
MLN-2026-00312,endotoxin,909.5563,mg/mL,2025-10-05 14:00:00,A.Kumar,MIL,pending
MLN-2026-00313,endotoxin,18.0418,CFU/g,2025-11-05 00:00:00,J.Wong,MIL,failed
MLN-2026-00314,sterility,557.052,pass/fail,2025-11-05 10:00:00,T.Smith,MIL,failed
MLN-2026-00315,potency,787.351,mg/mL,2025-11-05 20:00:00,R.Tanaka,MIL,passed
MLN-2026-00316,pH,541.34,CFU/g,2025-12-05 06:00:00,J.Wong,MIL,passed
MLN-2026-00317,endotoxin,323.9023,EU/mL,2025-12-05 16:00:00,J.Wong,MIL,failed
MLN-2026-00318,pH,136.2592,mg/mL,2025-05-13 00:00:00,T.Smith,MIL,failed
MLN-2026-00319,microbial_limit,887.5642,EU/mL,2025-05-13 12:00:00,J.Wong,MIL,failed
MLN-2026-00320,microbial_limit,470.7677,mg/mL,2025-05-13 22:00:00,A.Kumar,MIL,failed
MLN-2026-00321,potency,878.1164,pH,2025-05-14 08:00:00,J.Wong,MIL,pending
MLN-2026-00322,endotoxin,585.8563,CFU/g,2025-05-14 00:00:00,UNKNOWN,MIL,passed
MLN-2026-00323,sterility,674.1954,CFU/g,2025-05-15 04:00:00,A.Kumar,MIL,failed
MLN-2026-00324,endotoxin,804.2631,,2025-05-15 14:00:00,T.Smith,MIL,passed
MLN-2026-00325,pH,659.159,pass/fail,2025-05-16 00:00:00,A.Kumar,MIL,failed
MLN-2026-00326,microbial_limit,398.0609,CFU/g,2025-05-16 10:00:00,UNKNOWN,MIL,passed
MLN-2026-00327,pH,513.6382,EU/mL,2025-05-16 20:00:00,UNKNOWN,MIL,failed
MLN-2026-00328,potency,803.0475,CFU/g,2025-05-17 06:00:00,J.Wong,MIL,failed
MLN-2026-00329,microbial_limit,373.6566,pass/fail,2025-05-17 16:00:00,J.Wong,MIL,pending
MLN-2026-00330,sterility,388.1276,EU/mL,2025-05-18 00:00:00,R.Tanaka,MIL,failed
MLN-2026-00331,microbial_limit,95.6992,EU/mL,2025-05-18 12:00:00,A.Kumar,MIL,failed
MLN-2026-00332,endotoxin,914.5853,pH,2025-05-18 00:00:00,R.Tanaka,MIL,passed
MLN-2026-00333,endotoxin,91.0454,mg/mL,2025-05-19 08:00:00,UNKNOWN,MIL,failed
MLN-2026-00334,microbial_limit,648.2127,pH,2025-05-19 18:00:00,J.Wong,MIL,passed
MLN-2026-00335,potency,413.2003,mg/mL,2025-05-20 04:00:00,J.Wong,MIL,failed
MLN-2026-00336,endotoxin,405.6253,pH,2025-05-20 14:00:00,J.Wong,MIL,pending
MLN-2026-00337,endotoxin,679.555,mg/mL,2025-05-21 00:00:00,T.Smith,MIL,pending
MLN-2026-00338,sterility,67.1031,,2025-05-21 10:00:00,UNKNOWN,MIL,failed
MLN-2026-00339,microbial_limit,593.7098,EU/mL,2025-05-21 20:00:00,J.Wong,MIL,failed
MLN-2026-00340,endotoxin,772.0341,mg/mL,2025-05-22 06:00:00,UNKNOWN,MIL,failed
MLN-2026-00341,potency,828.2145,CFU/g,2025-05-22 16:00:00,J.Wong,MIL,passed
MLN-2026-00342,pH,170.5387,pass/fail,2025-05-23 02:00:00,A.Kumar,MIL,pending
MLN-2026-00343,microbial_limit,897.4201,pH,2025-05-23 12:00:00,UNKNOWN,MIL,passed
MLN-2026-00344,sterility,,pass/fail,2025-05-23 22:00:00,R.Tanaka,MIL,failed
MLN-2026-00345,endotoxin,881.856,CFU/g,2025-05-24 08:00:00,T.Smith,MIL,pending
MLN-2026-00346,potency,485.2859,pass/fail,2025-05-24 18:00:00,R.Tanaka,MIL,pending
MLN-2026-00347,microbial_limit,542.0379,pass/fail,2025-05-25 04:00:00,UNKNOWN,MIL,passed
MLN-2026-00348,potency,919.0391,CFU/g,2025-05-25 14:00:00,J.Wong,MIL,failed
MLN-2026-00349,potency,,EU/mL,2025-05-26 00:00:00,UNKNOWN,MIL,failed
MLN-2026-00350,sterility,448.1664,mg/mL,2025-05-26 10:00:00,T.Smith,MIL,passed
MLN-2026-00351,microbial_limit,274.4199,pH,2025-05-26 20:00:00,UNKNOWN,MIL,passed
MLN-2026-00352,endotoxin,393.1765,mg/mL,2025-05-27 06:00:00,J.Wong,MIL,passed
MLN-2026-00353,sterility,387.7705,pH,2025-05-27 16:00:00,R.Tanaka,MIL,failed
MLN-2026-00354,endotoxin,286.874,mg/mL,2025-05-28 02:00:00,A.Kumar,MIL,passed
MLN-2026-00355,pH,268.5869,pass/fail,2025-05-28 12:00:00,R.Tanaka,MIL,pending
MLN-2026-00356,potency,861.0643,EU/mL,2025-05-28 22:00:00,J.Wong,MIL,passed
MLN-2026-00357,pH,69.8712,pass/fail,2025-05-29 08:00:00,J.Wong,MIL,passed
MLN-2026-00358,potency,677.6144,EU/mL,2025-05-29 18:00:00,T.Smith,MIL,passed
MLN-2026-00359,sterility,172.8283,CFU/g,2025-05-30 04:00:00,UNKNOWN,MIL,passed
MLN-2026-00360,endotoxin,,pH,2025-05-30 14:00:00,UNKNOWN,MIL,passed
MLN-2026-00361,endotoxin,61.5524,pH,2025-05-31 00:00:00,R.Tanaka,MIL,pending
MLN-2026-00362,sterility,269.9809,CFU/g,2025-05-31 10:00:00,A.Kumar,MIL,passed
MLN-2026-00363,microbial_limit,768.4234,mg/mL,2025-05-31 20:00:00,A.Kumar,MIL,passed
MLN-2026-00364,pH,885.0165,CFU/g,2025-01-06 06:00:00,T.Smith,MIL,failed
MLN-2026-00365,pH,221.5349,CFU/g,2025-01-06 16:00:00,J.Wong,MIL,passed
MLN-2026-00366,endotoxin,463.5532,EU/mL,2025-02-06 02:00:00,T.Smith,MIL,passed
MLN-2026-00367,endotoxin,470.3293,CFU/g,2025-02-06 12:00:00,UNKNOWN,MIL,passed
MLN-2026-00368,endotoxin,873.5766,pH,2025-02-06 22:00:00,J.Wong,MIL,passed
MLN-2026-00369,sterility,762.8014,pass/fail,2025-03-06 08:00:00,T.Smith,MIL,passed
MLN-2026-00370,microbial_limit,513.0821,EU/mL,2025-03-06 18:00:00,R.Tanaka,MIL,failed
MLN-2026-00371,pH,670.7505,EU/mL,2025-04-06 04:00:00,UNKNOWN,MIL,passed
MLN-2026-00372,potency,847.3566,mg/mL,2025-04-06 14:00:00,A.Kumar,MIL,failed
MLN-2026-00373,sterility,9.5489,pass/fail,2025-05-06 00:00:00,T.Smith,MIL,failed
MLN-2026-00374,pH,402.896,EU/mL,2025-06-05 00:00:00,UNKNOWN,MIL,passed
MLN-2026-00375,microbial_limit,907.2441,CFU/g,2025-05-06 20:00:00,UNKNOWN,MIL,passed
MLN-2026-00376,sterility,740.3156,EU/mL,2025-06-06 06:00:00,A.Kumar,MIL,passed
MLN-2026-00377,pH,542.8459,EU/mL,2025-06-06 16:00:00,A.Kumar,MIL,passed
MLN-2026-00378,sterility,529.6492,EU/mL,2025-07-06 02:00:00,A.Kumar,MIL,pending
MLN-2026-00379,pH,347.7766,mg/mL,2025-07-06 12:00:00,T.Smith,MIL,pending
MLN-2026-00380,pH,520.5253,EU/mL,2025-07-06 22:00:00,A.Kumar,MIL,failed
MLN-2026-00381,microbial_limit,655.3866,EU/mL,2025-08-06 08:00:00,R.Tanaka,MIL,passed
MLN-2026-00382,potency,418.3689,mg/mL,2025-08-06 18:00:00,UNKNOWN,MIL,passed
MLN-2026-00383,microbial_limit,714.156,pass/fail,2025-09-06 04:00:00,A.Kumar,MIL,failed
MLN-2026-00384,pH,861.2336,pH,2025-09-06 14:00:00,UNKNOWN,MIL,pending
MLN-2026-00385,sterility,154.6933,mg/mL,2025-10-06 00:00:00,J.Wong,MIL,pending
MLN-2026-00386,microbial_limit,451.5525,mg/mL,2025-10-06 10:00:00,J.Wong,MIL,passed
MLN-2026-00387,potency,408.026,EU/mL,2025-10-06 20:00:00,A.Kumar,MIL,failed
MLN-2026-00388,pH,687.4679,EU/mL,2025-11-06 06:00:00,UNKNOWN,MIL,passed
MLN-2026-00389,microbial_limit,249.875,pH,2025-11-06 16:00:00,J.Wong,MIL,failed
MLN-2026-00390,microbial_limit,640.2545,EU/mL,2025-12-06 02:00:00,A.Kumar,MIL,pending
MLN-2026-00391,microbial_limit,,CFU/g,2025-12-06 12:00:00,UNKNOWN,MIL,failed
MLN-2026-00392,microbial_limit,418.1374,EU/mL,2025-12-06 22:00:00,A.Kumar,MIL,passed
MLN-2026-00393,sterility,911.0166,EU/mL,2025-06-13 00:00:00,UNKNOWN,MIL,pending
MLN-2026-00394,potency,993.1638,CFU/g,2025-06-13 18:00:00,J.Wong,MIL,failed
MLN-2026-00395,potency,106.101,pH,2025-06-14 00:00:00,A.Kumar,MIL,passed
MLN-2026-00396,pH,233.0609,CFU/g,2025-06-14 14:00:00,J.Wong,MIL,pending
MLN-2026-00397,endotoxin,950.3802,mg/mL,2025-06-15 00:00:00,A.Kumar,MIL,failed
MLN-2026-00398,sterility,958.3281,CFU/g,2025-06-15 10:00:00,T.Smith,MIL,failed
MLN-2026-00399,pH,97.7163,pass/fail,2025-06-15 20:00:00,J.Wong,MIL,passed
MLN-2026-00400,pH,15.0084,mg/mL,2025-06-16 06:00:00,J.Wong,MIL,passed
MLN-2026-00401,microbial_limit,161.1084,EU/mL,2025-06-16 16:00:00,R.Tanaka,MIL,failed
MLN-2026-00402,endotoxin,,mg/mL,2025-06-17 02:00:00,J.Wong,MIL,passed
MLN-2026-00403,endotoxin,180.0078,pH,2025-06-17 12:00:00,UNKNOWN,MIL,passed
MLN-2026-00404,sterility,502.5526,pH,2025-06-17 22:00:00,A.Kumar,MIL,passed
MLN-2026-00405,endotoxin,848.4192,CFU/g,2025-06-18 08:00:00,T.Smith,MIL,passed
MLN-2026-00406,pH,20.4114,mg/mL,2025-06-18 18:00:00,UNKNOWN,MIL,passed
MLN-2026-00407,endotoxin,604.4929,EU/mL,2025-06-19 04:00:00,UNKNOWN,MIL,passed
MLN-2026-00408,endotoxin,277.0327,pH,2025-06-19 14:00:00,UNKNOWN,MIL,passed
MLN-2026-00409,potency,862.3363,EU/mL,2025-06-20 00:00:00,UNKNOWN,MIL,passed
MLN-2026-00410,pH,283.4683,pass/fail,2025-06-20 10:00:00,T.Smith,MIL,failed
MLN-2026-00411,endotoxin,686.7589,pH,2025-06-20 20:00:00,R.Tanaka,MIL,failed
MLN-2026-00412,endotoxin,674.2229,CFU/g,2025-06-21 06:00:00,J.Wong,MIL,failed
MLN-2026-00413,microbial_limit,221.5013,pass/fail,2025-06-21 16:00:00,UNKNOWN,MIL,passed
MLN-2026-00414,endotoxin,34.8089,mg/mL,2025-06-22 02:00:00,J.Wong,MIL,failed
MLN-2026-00415,endotoxin,409.2555,EU/mL,2025-06-22 12:00:00,J.Wong,MIL,failed
MLN-2026-00416,potency,289.2003,pH,2025-06-22 22:00:00,UNKNOWN,MIL,passed
MLN-2026-00417,pH,808.9797,pass/fail,2025-06-23 08:00:00,R.Tanaka,MIL,passed
MLN-2026-00418,sterility,800.3662,pass/fail,2025-06-23 18:00:00,J.Wong,MIL,
MLN-2026-00419,pH,457.0294,pH,2025-06-24 04:00:00,A.Kumar,MIL,pending
MLN-2026-00420,microbial_limit,606.5162,mg/mL,2025-06-24 14:00:00,J.Wong,MIL,passed
MLN-2026-00421,pH,604.2635,mg/mL,2025-06-25 00:00:00,UNKNOWN,MIL,passed
MLN-2026-00422,endotoxin,827.1599,CFU/g,2025-06-25 10:00:00,T.Smith,MIL,passed
MLN-2026-00423,microbial_limit,425.0082,mg/mL,2025-06-25 20:00:00,J.Wong,MIL,failed
MLN-2026-00424,pH,275.4539,CFU/g,2025-06-26 06:00:00,R.Tanaka,MIL,failed
MLN-2026-00425,microbial_limit,265.0423,pass/fail,2025-06-26 16:00:00,A.Kumar,MIL,failed
MLN-2026-00426,sterility,536.1969,pH,2025-06-27 02:00:00,A.Kumar,MIL,passed
MLN-2026-00427,pH,449.1537,mg/mL,2025-06-27 12:00:00,T.Smith,MIL,passed
MLN-2026-00428,endotoxin,440.1264,CFU/g,2025-06-27 22:00:00,T.Smith,MIL,failed
MLN-2026-00429,microbial_limit,91.1464,pass/fail,2025-06-28 08:00:00,J.Wong,MIL,passed
MLN-2026-00430,potency,718.6066,mg/mL,2025-06-28 18:00:00,UNKNOWN,MIL,pending
MLN-2026-00431,microbial_limit,213.7446,EU/mL,2025-06-29 04:00:00,R.Tanaka,MIL,passed
MLN-2026-00432,potency,196.9617,pass/fail,2025-06-29 14:00:00,A.Kumar,MIL,passed
MLN-2026-00433,endotoxin,,mg/mL,2025-06-30 00:00:00,T.Smith,MIL,passed
MLN-2026-00434,sterility,227.7861,pass/fail,2025-06-30 00:00:00,R.Tanaka,MIL,pending
MLN-2026-00435,potency,583.8624,pH,2025-06-30 20:00:00,UNKNOWN,MIL,passed
MLN-2026-00436,sterility,371.4696,pH,2025-01-07 06:00:00,A.Kumar,MIL,failed
MLN-2026-00437,microbial_limit,448.9172,pH,2025-01-07 16:00:00,A.Kumar,MIL,failed
MLN-2026-00438,endotoxin,537.1739,,2025-02-07 02:00:00,UNKNOWN,MIL,passed
MLN-2026-00439,potency,203.5435,pH,2025-02-07 12:00:00,A.Kumar,MIL,pending
MLN-2026-00440,microbial_limit,155.7601,EU/mL,2025-02-07 22:00:00,UNKNOWN,MIL,pending
MLN-2026-00441,pH,880.4231,pH,2025-03-07 08:00:00,A.Kumar,MIL,passed
MLN-2026-00442,microbial_limit,433.7294,pass/fail,2025-07-03 00:00:00,J.Wong,MIL,passed
MLN-2026-00443,sterility,412.0995,mg/mL,2025-04-07 04:00:00,UNKNOWN,MIL,passed
MLN-2026-00444,endotoxin,35.6218,mg/mL,2025-04-07 14:00:00,R.Tanaka,MIL,failed
MLN-2026-00445,endotoxin,497.9813,pH,2025-05-07 00:00:00,J.Wong,MIL,passed
MLN-2026-00446,microbial_limit,554.1742,mg/mL,2025-05-07 10:00:00,R.Tanaka,MIL,failed
MLN-2026-00447,pH,558.8453,pH,2025-05-07 20:00:00,A.Kumar,MIL,pending
MLN-2026-00448,sterility,707.0341,pH,2025-06-07 06:00:00,R.Tanaka,MIL,passed
MLN-2026-00449,microbial_limit,177.4901,CFU/g,2025-06-07 16:00:00,J.Wong,MIL,passed
MLN-2026-00450,microbial_limit,252.2306,CFU/g,2025-07-07 02:00:00,UNKNOWN,MIL,failed
MLN-2026-00451,endotoxin,810.7324,CFU/g,2025-07-07 00:00:00,T.Smith,MIL,pending
MLN-2026-00452,sterility,947.1711,EU/mL,2025-07-07 22:00:00,R.Tanaka,MIL,failed
MLN-2026-00453,pH,135.9414,CFU/g,2025-08-07 08:00:00,T.Smith,MIL,failed
MLN-2026-00454,endotoxin,497.6546,pH,2025-08-07 18:00:00,R.Tanaka,MIL,failed
MLN-2026-00455,microbial_limit,214.1841,pass/fail,2025-09-07 04:00:00,R.Tanaka,MIL,pending
MLN-2026-00456,endotoxin,60.0826,CFU/g,2025-09-07 14:00:00,UNKNOWN,MIL,failed
MLN-2026-00457,endotoxin,325.5101,CFU/g,2025-10-07 00:00:00,A.Kumar,MIL,pending
MLN-2026-00458,potency,143.6962,pass/fail,2025-10-07 10:00:00,J.Wong,MIL,failed
MLN-2026-00459,endotoxin,709.936,pH,2025-10-07 20:00:00,J.Wong,MIL,passed
MLN-2026-00460,endotoxin,,EU/mL,2025-11-07 06:00:00,J.Wong,MIL,passed
MLN-2026-00461,sterility,143.843,CFU/g,2025-11-07 16:00:00,A.Kumar,MIL,passed
MLN-2026-00462,endotoxin,9.2515,pass/fail,2025-12-07 02:00:00,T.Smith,MIL,pending
MLN-2026-00463,pH,808.159,pH,2025-12-07 12:00:00,J.Wong,MIL,pending
MLN-2026-00464,microbial_limit,176.2026,mg/mL,2025-07-12 00:00:00,T.Smith,MIL,passed
MLN-2026-00465,sterility,606.2206,EU/mL,2025-07-13 08:00:00,A.Kumar,MIL,
MLN-2026-00466,endotoxin,336.9285,pass/fail,2025-07-13 18:00:00,A.Kumar,MIL,passed
MLN-2026-00467,pH,585.4901,pass/fail,2025-07-14 04:00:00,UNKNOWN,MIL,failed
MLN-2026-00468,microbial_limit,315.6605,pass/fail,2025-07-14 14:00:00,J.Wong,MIL,failed
MLN-2026-00469,sterility,86.9487,CFU/g,2025-07-15 00:00:00,UNKNOWN,MIL,failed
MLN-2026-00470,pH,222.9578,mg/mL,2025-07-15 10:00:00,J.Wong,MIL,passed
MLN-2026-00471,endotoxin,188.0667,EU/mL,2025-07-15 20:00:00,A.Kumar,MIL,passed
MLN-2026-00472,potency,428.0251,pH,2025-07-16 06:00:00,A.Kumar,MIL,failed
MLN-2026-00473,potency,658.2872,pH,2025-07-16 16:00:00,R.Tanaka,MIL,passed
MLN-2026-00474,sterility,263.8134,mg/mL,2025-07-17 02:00:00,R.Tanaka,MIL,failed
MLN-2026-00475,pH,12.0798,pass/fail,2025-07-17 00:00:00,A.Kumar,MIL,pending
MLN-2026-00476,microbial_limit,518.9422,pass/fail,2025-07-17 00:00:00,A.Kumar,MIL,passed
MLN-2026-00477,pH,605.7634,pass/fail,2025-07-18 08:00:00,T.Smith,MIL,failed
MLN-2026-00478,potency,962.8709,pass/fail,2025-07-18 18:00:00,T.Smith,MIL,failed
MLN-2026-00479,sterility,589.4749,pass/fail,2025-07-19 04:00:00,UNKNOWN,MIL,failed
MLN-2026-00480,endotoxin,471.1778,mg/mL,2025-07-19 14:00:00,R.Tanaka,MIL,pending
MLN-2026-00481,pH,573.4059,CFU/g,2025-07-20 00:00:00,R.Tanaka,MIL,pending
MLN-2026-00482,potency,927.9014,EU/mL,2025-07-20 10:00:00,A.Kumar,MIL,pending
MLN-2026-00483,microbial_limit,828.3799,pass/fail,2025-07-20 20:00:00,A.Kumar,MIL,failed
MLN-2026-00484,sterility,322.9855,CFU/g,2025-07-21 06:00:00,UNKNOWN,MIL,pending
MLN-2026-00485,endotoxin,237.262,pH,2025-07-21 00:00:00,R.Tanaka,MIL,pending
MLN-2026-00486,pH,262.641,mg/mL,2025-07-22 02:00:00,T.Smith,MIL,pending
MLN-2026-00487,microbial_limit,504.426,,2025-07-22 12:00:00,J.Wong,MIL,passed
MLN-2026-00488,endotoxin,744.052,pass/fail,2025-07-22 22:00:00,UNKNOWN,MIL,pending
MLN-2026-00489,potency,503.2242,pass/fail,2025-07-23 08:00:00,J.Wong,MIL,failed
MLN-2026-00490,potency,67.8057,pass/fail,2025-07-23 18:00:00,T.Smith,MIL,failed
MLN-2026-00491,microbial_limit,723.5835,CFU/g,2025-07-24 04:00:00,T.Smith,MIL,passed
MLN-2026-00492,potency,805.9721,pass/fail,2025-07-24 14:00:00,J.Wong,MIL,passed
MLN-2026-00493,sterility,,CFU/g,2025-07-25 00:00:00,UNKNOWN,MIL,pending
MLN-2026-00494,microbial_limit,664.1291,pass/fail,2025-07-25 10:00:00,J.Wong,MIL,failed
MLN-2026-00495,potency,426.5976,pH,2025-07-25 20:00:00,UNKNOWN,MIL,failed
MLN-2026-00496,pH,889.1205,pH,2025-07-26 06:00:00,UNKNOWN,MIL,passed
MLN-2026-00497,potency,845.2271,EU/mL,2025-07-26 16:00:00,A.Kumar,MIL,passed
MLN-2026-00498,sterility,525.4367,pass/fail,2025-07-27 02:00:00,R.Tanaka,MIL,failed
MLN-2026-00499,endotoxin,691.5086,pass/fail,2025-07-27 12:00:00,R.Tanaka,MIL,failed
MLN-2026-00500,endotoxin,883.3509,,2025-07-27 22:00:00,T.Smith,MIL,failed
MLN-2026-00501,potency,495.7221,CFU/g,2025-07-28 08:00:00,A.Kumar,MIL,failed
MLN-2026-00502,endotoxin,313.2576,pass/fail,2025-07-28 18:00:00,R.Tanaka,MIL,failed
MLN-2026-00503,potency,753.6686,EU/mL,2025-07-29 04:00:00,UNKNOWN,MIL,passed
MLN-2026-00504,sterility,220.0741,pass/fail,2025-07-29 14:00:00,UNKNOWN,MIL,passed
MLN-2026-00505,endotoxin,388.5373,CFU/g,2025-07-30 00:00:00,J.Wong,MIL,failed
MLN-2026-00506,pH,865.7286,pass/fail,2025-07-30 10:00:00,J.Wong,MIL,failed
MLN-2026-00507,potency,724.4251,CFU/g,2025-07-30 00:00:00,UNKNOWN,MIL,failed
MLN-2026-00508,endotoxin,403.817,pass/fail,2025-07-31 06:00:00,UNKNOWN,MIL,pending
MLN-2026-00509,sterility,214.7524,mg/mL,2025-07-31 16:00:00,J.Wong,MIL,failed
MLN-2026-00510,sterility,355.9748,CFU/g,2025-01-08 02:00:00,R.Tanaka,MIL,failed
MLN-2026-00511,pH,284.1113,EU/mL,2025-01-08 12:00:00,T.Smith,MIL,failed
MLN-2026-00512,sterility,176.0975,mg/mL,2025-01-08 22:00:00,J.Wong,MIL,failed
MLN-2026-00513,sterility,743.3355,pass/fail,2025-02-08 08:00:00,R.Tanaka,MIL,failed
MLN-2026-00514,endotoxin,,CFU/g,2025-02-08 18:00:00,R.Tanaka,MIL,failed
MLN-2026-00515,potency,454.1729,mg/mL,2025-03-08 04:00:00,R.Tanaka,MIL,passed
MLN-2026-00516,microbial_limit,385.8656,EU/mL,2025-03-08 14:00:00,A.Kumar,MIL,passed
MLN-2026-00517,sterility,982.0776,CFU/g,2025-04-08 00:00:00,A.Kumar,MIL,pending
MLN-2026-00518,sterility,391.0983,mg/mL,2025-04-08 10:00:00,R.Tanaka,MIL,failed
MLN-2026-00519,microbial_limit,79.9917,mg/mL,2025-04-08 20:00:00,UNKNOWN,MIL,failed
MLN-2026-00520,sterility,89.8349,mg/mL,2025-05-08 06:00:00,A.Kumar,MIL,passed
MLN-2026-00521,endotoxin,,pH,2025-05-08 16:00:00,J.Wong,MIL,passed
MLN-2026-00522,endotoxin,,pass/fail,2025-06-08 02:00:00,A.Kumar,MIL,passed
MLN-2026-00523,microbial_limit,418.7648,CFU/g,2025-08-06 00:00:00,UNKNOWN,MIL,passed
MLN-2026-00524,sterility,431.8494,CFU/g,2025-06-08 22:00:00,T.Smith,MIL,failed
MLN-2026-00525,sterility,53.942,CFU/g,2025-07-08 08:00:00,A.Kumar,MIL,failed
MLN-2026-00526,potency,516.5513,mg/mL,2025-07-08 18:00:00,R.Tanaka,MIL,pending
MLN-2026-00527,sterility,504.7444,pass/fail,2025-08-08 04:00:00,R.Tanaka,MIL,pending
MLN-2026-00528,endotoxin,149.5578,EU/mL,2025-08-08 14:00:00,R.Tanaka,MIL,pending
MLN-2026-00529,pH,103.8483,CFU/g,2025-09-08 00:00:00,T.Smith,MIL,passed
MLN-2026-00530,pH,123.5813,pass/fail,2025-09-08 10:00:00,UNKNOWN,MIL,failed
MLN-2026-00531,pH,101.0372,pass/fail,2025-09-08 20:00:00,J.Wong,MIL,passed
MLN-2026-00532,pH,609.7121,pH,2025-10-08 06:00:00,UNKNOWN,MIL,pending
MLN-2026-00533,sterility,196.4907,CFU/g,2025-08-10 00:00:00,T.Smith,MIL,failed
MLN-2026-00534,sterility,251.4376,mg/mL,2025-11-08 02:00:00,R.Tanaka,MIL,failed
MLN-2026-00535,potency,173.5804,pass/fail,2025-11-08 12:00:00,UNKNOWN,MIL,passed
MLN-2026-00536,sterility,957.8357,pass/fail,2025-11-08 22:00:00,J.Wong,MIL,passed
MLN-2026-00537,pH,854.6189,EU/mL,2025-12-08 08:00:00,R.Tanaka,MIL,pending
MLN-2026-00538,microbial_limit,230.5025,pH,2025-12-08 18:00:00,J.Wong,MIL,passed
MLN-2026-00539,microbial_limit,327.573,pass/fail,2025-08-13 04:00:00,A.Kumar,MIL,failed
MLN-2026-00540,endotoxin,209.9007,pass/fail,2025-08-13 14:00:00,J.Wong,MIL,failed
MLN-2026-00541,endotoxin,491.881,mg/mL,2025-08-14 00:00:00,R.Tanaka,MIL,passed
MLN-2026-00542,sterility,19.6203,mg/mL,2025-08-14 10:00:00,A.Kumar,MIL,pending
MLN-2026-00543,microbial_limit,671.3713,EU/mL,2025-08-14 20:00:00,R.Tanaka,MIL,passed
MLN-2026-00544,pH,523.1629,EU/mL,2025-08-15 06:00:00,R.Tanaka,MIL,pending
MLN-2026-00545,pH,898.6399,EU/mL,2025-08-15 16:00:00,A.Kumar,MIL,passed
MLN-2026-00546,pH,164.401,mg/mL,2025-08-16 02:00:00,J.Wong,MIL,passed
MLN-2026-00547,sterility,804.1112,mg/mL,2025-08-16 12:00:00,T.Smith,MIL,passed
MLN-2026-00548,sterility,791.9631,pH,2025-08-16 22:00:00,T.Smith,MIL,failed
MLN-2026-00549,potency,127.1899,CFU/g,2025-08-17 08:00:00,T.Smith,MIL,failed
MLN-2026-00550,pH,398.5652,CFU/g,2025-08-17 18:00:00,T.Smith,MIL,pending
MLN-2026-00551,pH,170.1609,pH,2025-08-18 04:00:00,UNKNOWN,MIL,failed
MLN-2026-00552,sterility,254.728,CFU/g,2025-08-18 14:00:00,T.Smith,MIL,passed
MLN-2026-00553,sterility,263.2535,mg/mL,2025-08-19 00:00:00,A.Kumar,MIL,failed
MLN-2026-00554,potency,556.2408,CFU/g,2025-08-19 10:00:00,T.Smith,MIL,failed
MLN-2026-00555,potency,411.4168,mg/mL,2025-08-19 20:00:00,R.Tanaka,MIL,
MLN-2026-00556,endotoxin,947.7333,pH,2025-08-20 00:00:00,T.Smith,MIL,passed
MLN-2026-00557,microbial_limit,126.3789,EU/mL,2025-08-20 16:00:00,J.Wong,MIL,failed
MLN-2026-00558,pH,973.6924,,2025-08-21 02:00:00,A.Kumar,MIL,passed
MLN-2026-00559,pH,230.6463,CFU/g,2025-08-21 12:00:00,A.Kumar,MIL,failed
MLN-2026-00560,potency,772.8762,mg/mL,2025-08-21 22:00:00,UNKNOWN,MIL,failed
MLN-2026-00561,potency,338.9765,CFU/g,2025-08-22 08:00:00,R.Tanaka,MIL,passed
MLN-2026-00562,endotoxin,143.09,CFU/g,2025-08-22 18:00:00,A.Kumar,MIL,passed
MLN-2026-00563,microbial_limit,857.8906,EU/mL,2025-08-23 04:00:00,J.Wong,MIL,failed
MLN-2026-00564,endotoxin,308.8678,CFU/g,2025-08-23 14:00:00,T.Smith,MIL,pending
MLN-2026-00565,microbial_limit,658.8588,EU/mL,2025-08-24 00:00:00,A.Kumar,MIL,pending
MLN-2026-00566,pH,566.448,mg/mL,2025-08-24 10:00:00,J.Wong,MIL,passed
MLN-2026-00567,endotoxin,471.7616,mg/mL,2025-08-24 20:00:00,T.Smith,MIL,passed
MLN-2026-00568,potency,495.8245,EU/mL,2025-08-25 00:00:00,UNKNOWN,MIL,failed
MLN-2026-00569,endotoxin,732.2406,pH,2025-08-25 16:00:00,A.Kumar,MIL,passed
MLN-2026-00570,endotoxin,87.782,mg/mL,2025-08-26 02:00:00,A.Kumar,MIL,failed
MLN-2026-00571,pH,668.184,pH,2025-08-26 12:00:00,J.Wong,MIL,passed
MLN-2026-00572,potency,895.8131,mg/mL,2025-08-26 22:00:00,R.Tanaka,MIL,pending
MLN-2026-00573,potency,57.7976,mg/mL,2025-08-27 08:00:00,UNKNOWN,MIL,passed
MLN-2026-00574,sterility,140.6619,pass/fail,2025-08-27 00:00:00,R.Tanaka,MIL,pending
MLN-2026-00575,sterility,716.6348,CFU/g,2025-08-28 04:00:00,A.Kumar,MIL,passed
MLN-2026-00576,sterility,437.2873,CFU/g,2025-08-28 14:00:00,R.Tanaka,MIL,failed
MLN-2026-00577,pH,403.5546,pH,2025-08-29 00:00:00,T.Smith,MIL,passed
MLN-2026-00578,endotoxin,,CFU/g,2025-08-29 10:00:00,UNKNOWN,MIL,failed
MLN-2026-00579,potency,506.775,pH,2025-08-29 20:00:00,R.Tanaka,MIL,failed
MLN-2026-00580,potency,126.554,mg/mL,2025-08-30 06:00:00,T.Smith,MIL,passed
MLN-2026-00581,endotoxin,476.6257,pass/fail,2025-08-30 16:00:00,J.Wong,MIL,passed
MLN-2026-00582,potency,763.6177,pass/fail,2025-08-31 02:00:00,R.Tanaka,MIL,pending
MLN-2026-00583,endotoxin,258.2718,mg/mL,2025-08-31 12:00:00,UNKNOWN,MIL,failed
MLN-2026-00584,pH,,EU/mL,2025-08-31 22:00:00,T.Smith,MIL,pending
MLN-2026-00585,pH,992.016,EU/mL,2025-01-09 08:00:00,R.Tanaka,MIL,failed
MLN-2026-00586,pH,686.6536,CFU/g,2025-01-09 18:00:00,J.Wong,MIL,failed
MLN-2026-00587,endotoxin,841.3584,pH,2025-02-09 04:00:00,R.Tanaka,MIL,failed
MLN-2026-00588,endotoxin,414.8535,pass/fail,2025-02-09 14:00:00,T.Smith,MIL,passed
MLN-2026-00589,microbial_limit,767.8632,CFU/g,2025-03-09 00:00:00,R.Tanaka,MIL,pending
MLN-2026-00590,potency,40.5188,mg/mL,2025-03-09 10:00:00,UNKNOWN,MIL,passed
MLN-2026-00591,potency,122.92,pass/fail,2025-03-09 20:00:00,A.Kumar,MIL,failed
MLN-2026-00592,microbial_limit,203.0786,pH,2025-04-09 06:00:00,T.Smith,MIL,pending
MLN-2026-00593,microbial_limit,401.9579,pH,2025-04-09 16:00:00,T.Smith,MIL,passed
MLN-2026-00594,pH,845.7464,EU/mL,2025-05-09 02:00:00,T.Smith,MIL,passed
MLN-2026-00595,microbial_limit,346.2726,CFU/g,2025-05-09 12:00:00,T.Smith,MIL,failed
MLN-2026-00596,endotoxin,654.6246,mg/mL,2025-05-09 22:00:00,R.Tanaka,MIL,failed
MLN-2026-00597,sterility,709.3172,pass/fail,2025-06-09 08:00:00,UNKNOWN,MIL,passed
MLN-2026-00598,endotoxin,586.1865,pH,2025-06-09 18:00:00,J.Wong,MIL,passed
MLN-2026-00599,microbial_limit,357.2484,pass/fail,2025-07-09 04:00:00,UNKNOWN,MIL,failed
MLN-2026-00600,potency,577.0576,mg/mL,2025-07-09 14:00:00,T.Smith,MIL,failed
POG-2026-00001,pH,144.51,pass/fail,2025-01-01 00:00:00,COLOMBO_S,POG,pending
POG-2026-00002,conductivity,198.98,EU/mL,2025-01-01 00:00:00,COLOMBO_S,POG,passed
POG-2026-00003,sterility,459.77,uS/cm,2025-01-01 00:00:00,VERDI_A,POG,pending
POG-2026-00004,pH,496.63,pass/fail,2025-01-01 00:00:00,VERDI_A,POG,passed
POG-2026-00005,endotoxin,22.55,pH,2025-01-02 00:00:00,NERI_F,POG,passed
POG-2026-00006,pH,380.53,ppb,2025-01-02 00:00:00,ROSSI_L,POG,failed
POG-2026-00007,TOC,185.92,ppb,2025-01-02 00:00:00,ROSSI_L,POG,pending
POG-2026-00008,conductivity,196.29,pH,2025-01-02 00:00:00,VERDI_A,POG,pending
POG-2026-00009,conductivity,377.16,pH,2025-01-03 00:00:00,ROSSI_L,POG,failed
POG-2026-00010,pH,459.22,ppb,2025-01-03 00:00:00,VERDI_A,POG,pending
POG-2026-00011,sterility,475.47,pass/fail,2025-01-03 00:00:00,COLOMBO_S,POG,passed
POG-2026-00012,endotoxin,288.6,ppb,2025-01-03 00:00:00,NERI_F,POG,passed
POG-2026-00013,conductivity,178.62,pH,2025-01-04 00:00:00,BIANCHI_M,POG,passed
POG-2026-00014,TOC,393.8,uS/cm,2025-01-04 00:00:00,NERI_F,POG,passed
POG-2026-00015,TOC,125.58,EU/mL,2025-01-04 00:00:00,VERDI_A,POG,passed
POG-2026-00016,sterility,282.08,uS/cm,2025-01-04 00:00:00,VERDI_A,POG,passed
POG-2026-00017,conductivity,179.35,uS/cm,2025-01-05 00:00:00,NERI_F,POG,passed
POG-2026-00018,pH,328.35,pH,2025-01-05 00:00:00,VERDI_A,POG,failed
POG-2026-00019,TOC,120.28,ppb,2025-01-05 00:00:00,ROSSI_L,POG,passed
POG-2026-00020,sterility,95.88,pass/fail,2025-01-05 00:00:00,ROSSI_L,POG,passed
POG-2026-00021,conductivity,459.13,uS/cm,2025-01-06 00:00:00,VERDI_A,POG,passed
POG-2026-00022,conductivity,50.99,ppb,2025-01-06 00:00:00,VERDI_A,POG,failed
POG-2026-00023,conductivity,253.03,pass/fail,2025-01-06 00:00:00,ROSSI_L,POG,failed
POG-2026-00024,conductivity,110.5,uS/cm,2025-01-06 00:00:00,VERDI_A,POG,passed
POG-2026-00025,conductivity,19.56,pass/fail,2025-01-07 00:00:00,VERDI_A,POG,passed
POG-2026-00026,TOC,18.11,ppb,2025-01-07 00:00:00,NERI_F,POG,passed
POG-2026-00027,sterility,87.69,EU/mL,2025-01-07 00:00:00,BIANCHI_M,POG,passed
POG-2026-00028,conductivity,433.4,ppb,2025-01-07 00:00:00,ROSSI_L,POG,passed
POG-2026-00029,endotoxin,141.31,pH,2025-01-08 00:00:00,NERI_F,POG,passed
POG-2026-00030,endotoxin,475.23,pass/fail,2025-01-08 00:00:00,BIANCHI_M,POG,passed
POG-2026-00031,sterility,290.85,EU/mL,2025-01-08 00:00:00,VERDI_A,POG,passed
POG-2026-00032,pH,218.36,pass/fail,2025-01-08 00:00:00,VERDI_A,POG,pending
POG-2026-00033,pH,290.09,pass/fail,2025-01-09 00:00:00,NERI_F,POG,pending
POG-2026-00034,pH,258.4,uS/cm,2025-01-09 00:00:00,VERDI_A,POG,passed
POG-2026-00035,endotoxin,379.41,pH,2025-01-09 00:00:00,COLOMBO_S,POG,passed
POG-2026-00036,pH,141.32,pass/fail,2025-01-09 00:00:00,NERI_F,POG,passed
POG-2026-00037,TOC,176.59,ppb,2025-01-10 00:00:00,BIANCHI_M,POG,passed
POG-2026-00038,conductivity,447.06,ppb,2025-01-10 00:00:00,NERI_F,POG,pending
POG-2026-00039,endotoxin,473.23,uS/cm,2025-01-10 00:00:00,ROSSI_L,POG,passed
POG-2026-00040,sterility,446.29,pH,2025-01-10 00:00:00,NERI_F,POG,failed
POG-2026-00041,sterility,209.78,pH,2025-01-11 00:00:00,VERDI_A,POG,passed
POG-2026-00042,conductivity,390.2,ppb,2025-01-11 00:00:00,VERDI_A,POG,pending
POG-2026-00043,endotoxin,238.22,EU/mL,2025-01-11 00:00:00,COLOMBO_S,POG,passed
POG-2026-00044,pH,248.82,uS/cm,2025-01-11 00:00:00,COLOMBO_S,POG,failed
POG-2026-00045,pH,102.42,uS/cm,2025-01-12 00:00:00,COLOMBO_S,POG,passed
POG-2026-00046,TOC,295.61,ppb,2025-01-12 00:00:00,BIANCHI_M,POG,passed
POG-2026-00047,TOC,93.15,ppb,2025-01-12 00:00:00,COLOMBO_S,POG,passed
POG-2026-00048,pH,165.85,EU/mL,2025-01-12 00:00:00,BIANCHI_M,POG,passed
POG-2026-00049,sterility,427.53,EU/mL,2025-01-13 00:00:00,COLOMBO_S,POG,pending
POG-2026-00050,sterility,103.62,pH,2025-01-13 00:00:00,BIANCHI_M,POG,pending
POG-2026-00051,TOC,35.67,uS/cm,2025-01-13 00:00:00,NERI_F,POG,pending
POG-2026-00052,conductivity,34.6,uS/cm,2025-01-13 00:00:00,NERI_F,POG,passed
POG-2026-00053,pH,470.4,ppb,2025-01-14 00:00:00,VERDI_A,POG,failed
POG-2026-00054,TOC,253.51,pH,2025-01-14 00:00:00,BIANCHI_M,POG,passed
POG-2026-00055,TOC,204.77,uS/cm,2025-01-14 00:00:00,ROSSI_L,POG,passed
POG-2026-00056,pH,405.46,pH,2025-01-14 00:00:00,VERDI_A,POG,passed
POG-2026-00057,pH,417.93,pH,2025-01-15 00:00:00,NERI_F,POG,passed
POG-2026-00058,sterility,166.16,ppb,2025-01-15 00:00:00,BIANCHI_M,POG,passed
POG-2026-00059,conductivity,346.84,pH,2025-01-15 00:00:00,COLOMBO_S,POG,passed
POG-2026-00060,conductivity,385.58,EU/mL,2025-01-15 00:00:00,ROSSI_L,POG,passed
POG-2026-00061,pH,327.36,EU/mL,2025-01-16 00:00:00,NERI_F,POG,failed
POG-2026-00062,endotoxin,75.88,pass/fail,2025-01-16 00:00:00,VERDI_A,POG,passed
POG-2026-00063,TOC,437.95,ppb,2025-01-16 00:00:00,BIANCHI_M,POG,passed
POG-2026-00064,TOC,269.59,pass/fail,2025-01-16 00:00:00,ROSSI_L,POG,passed
POG-2026-00065,pH,141.31,EU/mL,2025-01-17 00:00:00,BIANCHI_M,POG,passed
POG-2026-00066,endotoxin,212.67,pass/fail,2025-01-17 00:00:00,COLOMBO_S,POG,passed
POG-2026-00067,sterility,18.88,ppb,2025-01-17 00:00:00,VERDI_A,POG,passed
POG-2026-00068,pH,64.02,ppb,2025-01-17 00:00:00,BIANCHI_M,POG,passed
POG-2026-00069,pH,382.8,pH,2025-01-18 00:00:00,NERI_F,POG,failed
POG-2026-00070,TOC,0.11,uS/cm,2025-01-18 00:00:00,VERDI_A,POG,passed
POG-2026-00071,pH,208.34,pH,2025-01-18 00:00:00,NERI_F,POG,failed
POG-2026-00072,pH,261.3,ppb,2025-01-18 00:00:00,BIANCHI_M,POG,passed
POG-2026-00073,pH,27.41,EU/mL,2025-01-19 00:00:00,VERDI_A,POG,passed
POG-2026-00074,TOC,486.54,EU/mL,2025-01-19 00:00:00,NERI_F,POG,failed
POG-2026-00075,sterility,113.14,pH,2025-01-19 00:00:00,COLOMBO_S,POG,passed
POG-2026-00076,sterility,152.17,ppb,2025-01-19 00:00:00,COLOMBO_S,POG,passed
POG-2026-00077,pH,152.04,EU/mL,2025-01-20 00:00:00,BIANCHI_M,POG,pending
POG-2026-00078,TOC,115.29,ppb,2025-01-20 00:00:00,VERDI_A,POG,passed
POG-2026-00079,sterility,0.84,EU/mL,2025-01-20 00:00:00,ROSSI_L,POG,failed
POG-2026-00080,sterility,364.7,ppb,2025-01-20 00:00:00,VERDI_A,POG,passed
POG-2026-00081,sterility,483.43,pass/fail,2025-01-21 00:00:00,COLOMBO_S,POG,failed
POG-2026-00082,TOC,112.22,ppb,2025-01-21 00:00:00,NERI_F,POG,passed
POG-2026-00083,TOC,331.56,ppb,2025-01-21 00:00:00,ROSSI_L,POG,passed
POG-2026-00084,pH,370.97,pH,2025-01-21 00:00:00,BIANCHI_M,POG,passed
POG-2026-00085,conductivity,424.23,pass/fail,2025-01-22 00:00:00,ROSSI_L,POG,passed
POG-2026-00086,sterility,,uS/cm,2025-01-22 00:00:00,BIANCHI_M,POG,passed
POG-2026-00087,conductivity,151.54,pH,2025-01-22 00:00:00,ROSSI_L,POG,passed
POG-2026-00088,TOC,162.72,uS/cm,2025-01-22 00:00:00,BIANCHI_M,POG,passed
POG-2026-00089,TOC,356.34,EU/mL,2025-01-23 00:00:00,BIANCHI_M,POG,passed
POG-2026-00090,TOC,408.41,uS/cm,2025-01-23 00:00:00,ROSSI_L,POG,passed
POG-2026-00091,conductivity,90.89,ppb,2025-01-23 00:00:00,ROSSI_L,POG,pending
POG-2026-00092,TOC,185.53,uS/cm,2025-01-23 00:00:00,BIANCHI_M,POG,passed
POG-2026-00093,pH,450.98,pH,2025-01-24 00:00:00,COLOMBO_S,POG,passed
POG-2026-00094,TOC,403.37,pH,2025-01-24 00:00:00,ROSSI_L,POG,passed
POG-2026-00095,endotoxin,492.43,uS/cm,2025-01-24 00:00:00,VERDI_A,POG,passed
POG-2026-00096,conductivity,377.15,pH,2025-01-24 00:00:00,NERI_F,POG,pending
POG-2026-00097,endotoxin,196.66,pH,2025-01-25 00:00:00,BIANCHI_M,POG,passed
POG-2026-00098,TOC,295.36,uS/cm,2025-01-25 00:00:00,BIANCHI_M,POG,pending
POG-2026-00099,pH,330.54,pass/fail,2025-01-25 00:00:00,NERI_F,POG,passed
POG-2026-00100,sterility,39.32,pass/fail,2025-01-25 00:00:00,COLOMBO_S,POG,failed
POG-2026-00101,TOC,272.29,EU/mL,2025-01-26 00:00:00,NERI_F,POG,passed
POG-2026-00102,pH,354.69,pH,2025-01-26 00:00:00,ROSSI_L,POG,pending
POG-2026-00103,conductivity,83.74,uS/cm,2025-01-26 00:00:00,NERI_F,POG,passed
POG-2026-00104,endotoxin,390.34,pH,2025-01-26 00:00:00,BIANCHI_M,POG,passed
POG-2026-00105,endotoxin,291.93,ppb,2025-01-27 00:00:00,NERI_F,POG,passed
POG-2026-00106,endotoxin,476.12,pH,2025-01-27 00:00:00,VERDI_A,POG,passed
POG-2026-00107,conductivity,21.31,pH,2025-01-27 00:00:00,ROSSI_L,POG,pending
POG-2026-00108,pH,,pass/fail,2025-01-27 00:00:00,NERI_F,POG,passed
POG-2026-00109,conductivity,300.82,uS/cm,2025-01-28 00:00:00,BIANCHI_M,POG,passed
POG-2026-00110,endotoxin,148.35,pH,2025-01-28 00:00:00,ROSSI_L,POG,failed
POG-2026-00111,TOC,357.24,pass/fail,2025-01-28 00:00:00,BIANCHI_M,POG,passed
POG-2026-00112,sterility,379.53,EU/mL,2025-01-28 00:00:00,COLOMBO_S,POG,pending
POG-2026-00113,conductivity,51.35,pass/fail,2025-01-29 00:00:00,VERDI_A,POG,failed
POG-2026-00114,conductivity,256.98,pass/fail,2025-01-29 00:00:00,COLOMBO_S,POG,passed
POG-2026-00115,pH,254.49,pass/fail,2025-01-29 00:00:00,VERDI_A,POG,pending
POG-2026-00116,pH,184.7,pH,2025-01-29 00:00:00,NERI_F,POG,passed
POG-2026-00117,conductivity,466.47,pH,2025-01-30 00:00:00,ROSSI_L,POG,passed
POG-2026-00118,endotoxin,413.77,EU/mL,2025-01-30 00:00:00,NERI_F,POG,passed
POG-2026-00119,sterility,348.63,ppb,2025-01-30 00:00:00,VERDI_A,POG,passed
POG-2026-00120,pH,357.19,ppb,2025-01-30 00:00:00,VERDI_A,POG,failed
POG-2026-00121,endotoxin,230.91,ppb,2025-01-31 00:00:00,VERDI_A,POG,pending
POG-2026-00122,TOC,460.51,EU/mL,2025-01-31 00:00:00,BIANCHI_M,POG,passed
POG-2026-00123,pH,347.33,ppb,2025-01-31 00:00:00,ROSSI_L,POG,passed
POG-2026-00124,endotoxin,,ppb,2025-01-31 00:00:00,NERI_F,POG,pending
POG-2026-00125,endotoxin,430.86,pass/fail,2025-02-01 00:00:00,NERI_F,POG,passed
POG-2026-00126,sterility,137.11,pH,2025-02-01 00:00:00,COLOMBO_S,POG,passed
POG-2026-00127,sterility,403.55,pH,2025-02-01 00:00:00,VERDI_A,POG,passed
POG-2026-00128,TOC,97.7,pass/fail,2025-02-01 00:00:00,VERDI_A,POG,pending
POG-2026-00129,endotoxin,172.74,pass/fail,2025-02-02 00:00:00,VERDI_A,POG,passed
POG-2026-00130,endotoxin,167.87,pass/fail,2025-02-02 00:00:00,NERI_F,POG,failed
POG-2026-00131,sterility,489.26,pH,2025-02-02 00:00:00,COLOMBO_S,POG,failed
POG-2026-00132,pH,,ppb,2025-02-02 00:00:00,BIANCHI_M,POG,passed
POG-2026-00133,pH,350.61,pass/fail,2025-02-03 00:00:00,ROSSI_L,POG,passed
POG-2026-00134,conductivity,363.56,EU/mL,2025-02-03 00:00:00,BIANCHI_M,POG,failed
POG-2026-00135,sterility,281.08,pass/fail,2025-02-03 00:00:00,NERI_F,POG,passed
POG-2026-00136,conductivity,473.55,uS/cm,2025-02-03 00:00:00,VERDI_A,POG,failed
POG-2026-00137,sterility,248.18,pass/fail,2025-02-04 00:00:00,ROSSI_L,POG,pending
POG-2026-00138,TOC,190.32,pH,2025-02-04 00:00:00,NERI_F,POG,passed
POG-2026-00139,endotoxin,81.6,pass/fail,2025-02-04 00:00:00,NERI_F,POG,failed
POG-2026-00140,TOC,393.12,uS/cm,2025-02-04 00:00:00,NERI_F,POG,failed
POG-2026-00141,sterility,367.25,EU/mL,2025-02-05 00:00:00,ROSSI_L,POG,failed
POG-2026-00142,endotoxin,192.24,ppb,2025-02-05 00:00:00,ROSSI_L,POG,passed
POG-2026-00143,pH,12.69,pass/fail,2025-02-05 00:00:00,COLOMBO_S,POG,passed
POG-2026-00144,pH,419.51,uS/cm,2025-02-05 00:00:00,COLOMBO_S,POG,passed
POG-2026-00145,conductivity,5.81,uS/cm,2025-02-06 00:00:00,BIANCHI_M,POG,failed
POG-2026-00146,sterility,351.88,EU/mL,2025-02-06 00:00:00,ROSSI_L,POG,passed
POG-2026-00147,sterility,485.13,pH,2025-02-06 00:00:00,ROSSI_L,POG,failed
POG-2026-00148,pH,218.89,pass/fail,2025-02-06 00:00:00,ROSSI_L,POG,passed
POG-2026-00149,TOC,117.56,uS/cm,2025-02-07 00:00:00,COLOMBO_S,POG,passed
POG-2026-00150,endotoxin,352.47,EU/mL,2025-02-07 00:00:00,NERI_F,POG,passed
POG-2026-00151,TOC,408.58,ppb,2025-02-07 00:00:00,VERDI_A,POG,failed
POG-2026-00152,TOC,273.26,uS/cm,2025-02-07 00:00:00,COLOMBO_S,POG,passed
POG-2026-00153,pH,483.52,EU/mL,2025-02-08 00:00:00,ROSSI_L,POG,passed
POG-2026-00154,pH,25.93,pH,2025-02-08 00:00:00,COLOMBO_S,POG,passed
POG-2026-00155,pH,252.45,pH,2025-02-08 00:00:00,BIANCHI_M,POG,failed
POG-2026-00156,conductivity,359.26,uS/cm,2025-02-08 00:00:00,ROSSI_L,POG,passed
POG-2026-00157,TOC,431.33,uS/cm,2025-02-09 00:00:00,BIANCHI_M,POG,passed
POG-2026-00158,sterility,89.71,pass/fail,2025-02-09 00:00:00,ROSSI_L,POG,pending
POG-2026-00159,endotoxin,400.02,EU/mL,2025-02-09 00:00:00,COLOMBO_S,POG,failed
POG-2026-00160,conductivity,276.4,uS/cm,2025-02-09 00:00:00,NERI_F,POG,pending
POG-2026-00161,sterility,198.34,pass/fail,2025-02-10 00:00:00,VERDI_A,POG,passed
POG-2026-00162,TOC,65.94,pass/fail,2025-02-10 00:00:00,BIANCHI_M,POG,passed
POG-2026-00163,pH,432.66,uS/cm,2025-02-10 00:00:00,COLOMBO_S,POG,pending
POG-2026-00164,TOC,78.72,pH,2025-02-10 00:00:00,NERI_F,POG,passed
POG-2026-00165,endotoxin,154.96,EU/mL,2025-02-11 00:00:00,COLOMBO_S,POG,failed
POG-2026-00166,conductivity,145.09,EU/mL,2025-02-11 00:00:00,BIANCHI_M,POG,passed
POG-2026-00167,conductivity,435.72,pH,2025-02-11 00:00:00,VERDI_A,POG,passed
POG-2026-00168,endotoxin,336.38,uS/cm,2025-02-11 00:00:00,COLOMBO_S,POG,passed
POG-2026-00169,sterility,398.36,EU/mL,2025-02-12 00:00:00,ROSSI_L,POG,passed
POG-2026-00170,sterility,125.31,uS/cm,2025-02-12 00:00:00,NERI_F,POG,passed
POG-2026-00171,conductivity,312.47,uS/cm,2025-02-12 00:00:00,COLOMBO_S,POG,passed
POG-2026-00172,conductivity,285.92,pass/fail,2025-02-12 00:00:00,NERI_F,POG,pending
POG-2026-00173,pH,416.43,pH,2025-02-13 00:00:00,ROSSI_L,POG,passed
POG-2026-00174,sterility,453.05,uS/cm,2025-02-13 00:00:00,VERDI_A,POG,failed
POG-2026-00175,endotoxin,6.18,ppb,2025-02-13 00:00:00,VERDI_A,POG,failed
POG-2026-00176,sterility,337.04,pH,2025-02-13 00:00:00,ROSSI_L,POG,passed
POG-2026-00177,pH,26.01,EU/mL,2025-02-14 00:00:00,NERI_F,POG,passed
POG-2026-00178,conductivity,274.47,pass/fail,2025-02-14 00:00:00,COLOMBO_S,POG,failed
POG-2026-00179,conductivity,143.89,EU/mL,2025-02-14 00:00:00,ROSSI_L,POG,passed
POG-2026-00180,pH,153.46,EU/mL,2025-02-14 00:00:00,BIANCHI_M,POG,failed
POG-2026-00181,endotoxin,176.54,pH,2025-02-15 00:00:00,NERI_F,POG,failed
POG-2026-00182,conductivity,310.68,EU/mL,2025-02-15 00:00:00,VERDI_A,POG,pending
POG-2026-00183,TOC,167.09,uS/cm,2025-02-15 00:00:00,ROSSI_L,POG,passed
POG-2026-00184,conductivity,366.38,EU/mL,2025-02-15 00:00:00,VERDI_A,POG,passed
POG-2026-00185,TOC,202.32,pass/fail,2025-02-16 00:00:00,NERI_F,POG,passed
POG-2026-00186,pH,34.27,pass/fail,2025-02-16 00:00:00,VERDI_A,POG,passed
POG-2026-00187,pH,391.9,ppb,2025-02-16 00:00:00,ROSSI_L,POG,pending
POG-2026-00188,conductivity,142.95,pass/fail,2025-02-16 00:00:00,NERI_F,POG,passed
POG-2026-00189,sterility,216.44,EU/mL,2025-02-17 00:00:00,BIANCHI_M,POG,passed
POG-2026-00190,TOC,342.75,pass/fail,2025-02-17 00:00:00,ROSSI_L,POG,failed
POG-2026-00191,endotoxin,166.29,pH,2025-02-17 00:00:00,COLOMBO_S,POG,passed
POG-2026-00192,conductivity,28.39,pass/fail,2025-02-17 00:00:00,ROSSI_L,POG,passed
POG-2026-00193,endotoxin,187.02,uS/cm,2025-02-18 00:00:00,NERI_F,POG,passed
POG-2026-00194,conductivity,472.23,pH,2025-02-18 00:00:00,ROSSI_L,POG,pending
POG-2026-00195,sterility,320.9,ppb,2025-02-18 00:00:00,BIANCHI_M,POG,passed
POG-2026-00196,sterility,335.77,uS/cm,2025-02-18 00:00:00,BIANCHI_M,POG,pending
POG-2026-00197,sterility,316.18,EU/mL,2025-02-19 00:00:00,COLOMBO_S,POG,passed
POG-2026-00198,sterility,99.58,EU/mL,2025-02-19 00:00:00,VERDI_A,POG,failed
POG-2026-00199,pH,209.23,EU/mL,2025-02-19 00:00:00,NERI_F,POG,failed
POG-2026-00200,pH,375.49,uS/cm,2025-02-19 00:00:00,NERI_F,POG,passed
POG-2026-00201,TOC,50.78,uS/cm,2025-02-20 00:00:00,VERDI_A,POG,passed
POG-2026-00202,endotoxin,139.0,uS/cm,2025-02-20 00:00:00,BIANCHI_M,POG,passed
POG-2026-00203,conductivity,138.23,pH,2025-02-20 00:00:00,BIANCHI_M,POG,failed
POG-2026-00204,conductivity,216.07,pH,2025-02-20 00:00:00,ROSSI_L,POG,passed
POG-2026-00205,pH,490.19,EU/mL,2025-02-21 00:00:00,COLOMBO_S,POG,passed
POG-2026-00206,conductivity,33.84,pass/fail,2025-02-21 00:00:00,COLOMBO_S,POG,passed
POG-2026-00207,pH,259.4,EU/mL,2025-02-21 00:00:00,COLOMBO_S,POG,passed
POG-2026-00208,TOC,89.76,ppb,2025-02-21 00:00:00,ROSSI_L,POG,passed
POG-2026-00209,endotoxin,485.34,pH,2025-02-22 00:00:00,COLOMBO_S,POG,passed
POG-2026-00210,TOC,56.74,uS/cm,2025-02-22 00:00:00,VERDI_A,POG,passed
POG-2026-00211,sterility,201.86,pH,2025-02-22 00:00:00,ROSSI_L,POG,pending
POG-2026-00212,sterility,368.97,uS/cm,2025-02-22 00:00:00,VERDI_A,POG,failed
POG-2026-00213,sterility,352.31,ppb,2025-02-23 00:00:00,ROSSI_L,POG,passed
POG-2026-00214,TOC,211.42,ppb,2025-02-23 00:00:00,COLOMBO_S,POG,pending
POG-2026-00215,conductivity,173.33,pH,2025-02-23 00:00:00,VERDI_A,POG,failed
POG-2026-00216,endotoxin,198.87,uS/cm,2025-02-23 00:00:00,VERDI_A,POG,pending
POG-2026-00217,sterility,132.21,ppb,2025-02-24 00:00:00,VERDI_A,POG,passed
POG-2026-00218,sterility,102.75,EU/mL,2025-02-24 00:00:00,ROSSI_L,POG,passed
POG-2026-00219,sterility,241.57,EU/mL,2025-02-24 00:00:00,NERI_F,POG,passed
POG-2026-00220,endotoxin,134.34,uS/cm,2025-02-24 00:00:00,COLOMBO_S,POG,failed
POG-2026-00221,sterility,143.8,pH,2025-02-25 00:00:00,VERDI_A,POG,passed
POG-2026-00222,endotoxin,328.41,ppb,2025-02-25 00:00:00,NERI_F,POG,passed
POG-2026-00223,sterility,484.27,pH,2025-02-25 00:00:00,COLOMBO_S,POG,passed
POG-2026-00224,TOC,301.86,EU/mL,2025-02-25 00:00:00,COLOMBO_S,POG,passed
POG-2026-00225,TOC,38.58,ppb,2025-02-26 00:00:00,VERDI_A,POG,passed
POG-2026-00226,endotoxin,37.88,pH,2025-02-26 00:00:00,VERDI_A,POG,passed
POG-2026-00227,TOC,475.72,pass/fail,2025-02-26 00:00:00,ROSSI_L,POG,passed
POG-2026-00228,endotoxin,148.72,uS/cm,2025-02-26 00:00:00,NERI_F,POG,passed
POG-2026-00229,TOC,46.12,uS/cm,2025-02-27 00:00:00,NERI_F,POG,pending
POG-2026-00230,TOC,299.56,pass/fail,2025-02-27 00:00:00,VERDI_A,POG,failed
POG-2026-00231,endotoxin,311.86,EU/mL,2025-02-27 00:00:00,COLOMBO_S,POG,pending
POG-2026-00232,conductivity,324.29,ppb,2025-02-27 00:00:00,VERDI_A,POG,failed
POG-2026-00233,TOC,133.77,uS/cm,2025-02-28 00:00:00,COLOMBO_S,POG,passed
POG-2026-00234,sterility,7.65,pass/fail,2025-02-28 00:00:00,COLOMBO_S,POG,passed
POG-2026-00235,conductivity,482.51,pass/fail,2025-02-28 00:00:00,VERDI_A,POG,failed
POG-2026-00236,endotoxin,125.52,EU/mL,2025-02-28 00:00:00,BIANCHI_M,POG,passed
POG-2026-00237,conductivity,338.05,EU/mL,2025-03-01 00:00:00,NERI_F,POG,passed
POG-2026-00238,pH,353.34,pH,2025-03-01 00:00:00,COLOMBO_S,POG,passed
POG-2026-00239,pH,305.04,uS/cm,2025-03-01 00:00:00,COLOMBO_S,POG,passed
POG-2026-00240,TOC,156.52,pH,2025-03-01 00:00:00,BIANCHI_M,POG,passed
POG-2026-00241,TOC,135.62,pass/fail,2025-03-02 00:00:00,ROSSI_L,POG,passed
POG-2026-00242,sterility,298.87,ppb,2025-03-02 00:00:00,BIANCHI_M,POG,passed
POG-2026-00243,conductivity,433.06,ppb,2025-03-02 00:00:00,BIANCHI_M,POG,failed
POG-2026-00244,pH,,EU/mL,2025-03-02 00:00:00,COLOMBO_S,POG,passed
POG-2026-00245,TOC,,ppb,2025-03-03 00:00:00,NERI_F,POG,passed
POG-2026-00246,conductivity,77.5,ppb,2025-03-03 00:00:00,BIANCHI_M,POG,passed
POG-2026-00247,TOC,472.37,ppb,2025-03-03 00:00:00,ROSSI_L,POG,failed
POG-2026-00248,TOC,368.29,pass/fail,2025-03-03 00:00:00,VERDI_A,POG,passed
POG-2026-00249,pH,441.51,ppb,2025-03-04 00:00:00,BIANCHI_M,POG,passed
POG-2026-00250,pH,101.4,ppb,2025-03-04 00:00:00,BIANCHI_M,POG,passed
POG-2026-00251,TOC,293.83,ppb,2025-03-04 00:00:00,ROSSI_L,POG,passed
POG-2026-00252,endotoxin,350.6,pH,2025-03-04 00:00:00,NERI_F,POG,pending
POG-2026-00253,TOC,340.09,pass/fail,2025-03-05 00:00:00,BIANCHI_M,POG,pending
POG-2026-00254,TOC,204.14,EU/mL,2025-03-05 00:00:00,BIANCHI_M,POG,passed
POG-2026-00255,sterility,7.8,pH,2025-03-05 00:00:00,NERI_F,POG,passed
POG-2026-00256,sterility,291.5,uS/cm,2025-03-05 00:00:00,ROSSI_L,POG,failed
POG-2026-00257,sterility,126.63,pass/fail,2025-03-06 00:00:00,BIANCHI_M,POG,passed
POG-2026-00258,endotoxin,225.18,pass/fail,2025-03-06 00:00:00,NERI_F,POG,passed
POG-2026-00259,endotoxin,478.79,uS/cm,2025-03-06 00:00:00,BIANCHI_M,POG,passed
POG-2026-00260,TOC,199.58,uS/cm,2025-03-06 00:00:00,VERDI_A,POG,pending
POG-2026-00261,sterility,419.92,uS/cm,2025-03-07 00:00:00,COLOMBO_S,POG,passed
POG-2026-00262,endotoxin,94.35,EU/mL,2025-03-07 00:00:00,VERDI_A,POG,passed
POG-2026-00263,pH,336.26,ppb,2025-03-07 00:00:00,BIANCHI_M,POG,failed
POG-2026-00264,TOC,488.51,pass/fail,2025-03-07 00:00:00,ROSSI_L,POG,passed
POG-2026-00265,conductivity,51.04,ppb,2025-03-08 00:00:00,COLOMBO_S,POG,passed
POG-2026-00266,TOC,4.26,ppb,2025-03-08 00:00:00,VERDI_A,POG,pending
POG-2026-00267,conductivity,216.85,uS/cm,2025-03-08 00:00:00,NERI_F,POG,passed
POG-2026-00268,sterility,46.4,EU/mL,2025-03-08 00:00:00,ROSSI_L,POG,passed
POG-2026-00269,conductivity,374.22,pH,2025-03-09 00:00:00,VERDI_A,POG,passed
POG-2026-00270,sterility,457.28,EU/mL,2025-03-09 00:00:00,NERI_F,POG,passed
POG-2026-00271,pH,217.07,ppb,2025-03-09 00:00:00,BIANCHI_M,POG,passed
POG-2026-00272,conductivity,129.43,EU/mL,2025-03-09 00:00:00,NERI_F,POG,passed
POG-2026-00273,TOC,217.26,uS/cm,2025-03-10 00:00:00,VERDI_A,POG,passed
POG-2026-00274,sterility,361.75,pH,2025-03-10 00:00:00,VERDI_A,POG,failed
POG-2026-00275,TOC,4.63,uS/cm,2025-03-10 00:00:00,BIANCHI_M,POG,passed
POG-2026-00276,endotoxin,294.77,pH,2025-03-10 00:00:00,NERI_F,POG,passed
POG-2026-00277,sterility,306.68,ppb,2025-03-11 00:00:00,NERI_F,POG,passed
POG-2026-00278,conductivity,318.88,pH,2025-03-11 00:00:00,BIANCHI_M,POG,failed
POG-2026-00279,sterility,121.09,pH,2025-03-11 00:00:00,NERI_F,POG,passed
POG-2026-00280,TOC,357.05,pH,2025-03-11 00:00:00,BIANCHI_M,POG,passed
POG-2026-00281,pH,45.79,EU/mL,2025-03-12 00:00:00,ROSSI_L,POG,passed
POG-2026-00282,sterility,99.72,EU/mL,2025-03-12 00:00:00,VERDI_A,POG,passed
POG-2026-00283,conductivity,438.75,ppb,2025-03-12 00:00:00,ROSSI_L,POG,passed
POG-2026-00284,endotoxin,369.39,pH,2025-03-12 00:00:00,COLOMBO_S,POG,failed
POG-2026-00285,pH,6.97,pass/fail,2025-03-13 00:00:00,COLOMBO_S,POG,passed
POG-2026-00286,endotoxin,124.26,ppb,2025-03-13 00:00:00,COLOMBO_S,POG,passed
POG-2026-00287,sterility,107.28,pH,2025-03-13 00:00:00,BIANCHI_M,POG,passed
POG-2026-00288,TOC,135.48,pH,2025-03-13 00:00:00,NERI_F,POG,failed
POG-2026-00289,TOC,123.86,EU/mL,2025-03-14 00:00:00,ROSSI_L,POG,passed
POG-2026-00290,conductivity,31.36,ppb,2025-03-14 00:00:00,ROSSI_L,POG,passed
POG-2026-00291,TOC,229.52,pH,2025-03-14 00:00:00,ROSSI_L,POG,passed
POG-2026-00292,pH,366.39,pH,2025-03-14 00:00:00,ROSSI_L,POG,passed
POG-2026-00293,TOC,303.41,ppb,2025-03-15 00:00:00,COLOMBO_S,POG,passed
POG-2026-00294,conductivity,336.47,pass/fail,2025-03-15 00:00:00,ROSSI_L,POG,passed
POG-2026-00295,sterility,40.67,ppb,2025-03-15 00:00:00,NERI_F,POG,passed
POG-2026-00296,sterility,475.75,ppb,2025-03-15 00:00:00,COLOMBO_S,POG,passed
POG-2026-00297,TOC,419.26,pass/fail,2025-03-16 00:00:00,ROSSI_L,POG,passed
POG-2026-00298,endotoxin,402.56,ppb,2025-03-16 00:00:00,BIANCHI_M,POG,passed
POG-2026-00299,sterility,411.51,pH,2025-03-16 00:00:00,VERDI_A,POG,passed
POG-2026-00300,TOC,466.36,ppb,2025-03-16 00:00:00,VERDI_A,POG,failed
POG-2026-00301,conductivity,272.17,pass/fail,2025-03-17 00:00:00,VERDI_A,POG,pending
POG-2026-00302,TOC,100.22,uS/cm,2025-03-17 00:00:00,COLOMBO_S,POG,pending
POG-2026-00303,sterility,308.43,ppb,2025-03-17 00:00:00,ROSSI_L,POG,pending
POG-2026-00304,conductivity,371.47,EU/mL,2025-03-17 00:00:00,COLOMBO_S,POG,passed
POG-2026-00305,TOC,368.98,pH,2025-03-18 00:00:00,NERI_F,POG,failed
POG-2026-00306,pH,260.77,pH,2025-03-18 00:00:00,BIANCHI_M,POG,passed
POG-2026-00307,conductivity,34.32,EU/mL,2025-03-18 00:00:00,BIANCHI_M,POG,passed
POG-2026-00308,pH,185.62,EU/mL,2025-03-18 00:00:00,VERDI_A,POG,passed
POG-2026-00309,endotoxin,460.39,ppb,2025-03-19 00:00:00,VERDI_A,POG,passed
POG-2026-00310,conductivity,292.27,EU/mL,2025-03-19 00:00:00,VERDI_A,POG,failed
POG-2026-00311,pH,269.21,uS/cm,2025-03-19 00:00:00,ROSSI_L,POG,passed
POG-2026-00312,sterility,134.5,pass/fail,2025-03-19 00:00:00,NERI_F,POG,passed
POG-2026-00313,sterility,184.29,EU/mL,2025-03-20 00:00:00,NERI_F,POG,pending
POG-2026-00314,endotoxin,447.68,EU/mL,2025-03-20 00:00:00,NERI_F,POG,passed
POG-2026-00315,conductivity,333.26,uS/cm,2025-03-20 00:00:00,NERI_F,POG,passed
POG-2026-00316,conductivity,393.71,pH,2025-03-20 00:00:00,VERDI_A,POG,pending
POG-2026-00317,conductivity,227.23,pH,2025-03-21 00:00:00,BIANCHI_M,POG,passed
POG-2026-00318,endotoxin,315.16,ppb,2025-03-21 00:00:00,VERDI_A,POG,passed
POG-2026-00319,conductivity,124.27,uS/cm,2025-03-21 00:00:00,NERI_F,POG,passed
POG-2026-00320,sterility,352.76,pass/fail,2025-03-21 00:00:00,VERDI_A,POG,passed
POG-2026-00321,pH,213.86,pass/fail,2025-03-22 00:00:00,NERI_F,POG,pending
POG-2026-00322,sterility,221.33,uS/cm,2025-03-22 00:00:00,COLOMBO_S,POG,passed
POG-2026-00323,sterility,324.7,pass/fail,2025-03-22 00:00:00,BIANCHI_M,POG,passed
POG-2026-00324,pH,468.15,pH,2025-03-22 00:00:00,COLOMBO_S,POG,passed
POG-2026-00325,sterility,32.1,pass/fail,2025-03-23 00:00:00,ROSSI_L,POG,passed
POG-2026-00326,endotoxin,412.39,pass/fail,2025-03-23 00:00:00,VERDI_A,POG,pending
POG-2026-00327,pH,146.26,uS/cm,2025-03-23 00:00:00,ROSSI_L,POG,passed
POG-2026-00328,sterility,222.02,uS/cm,2025-03-23 00:00:00,VERDI_A,POG,passed
POG-2026-00329,TOC,11.05,pass/fail,2025-03-24 00:00:00,COLOMBO_S,POG,passed
POG-2026-00330,sterility,150.59,EU/mL,2025-03-24 00:00:00,NERI_F,POG,failed
POG-2026-00331,endotoxin,251.37,uS/cm,2025-03-24 00:00:00,NERI_F,POG,pending
POG-2026-00332,conductivity,28.18,ppb,2025-03-24 00:00:00,VERDI_A,POG,passed
POG-2026-00333,sterility,245.6,ppb,2025-03-25 00:00:00,NERI_F,POG,passed
POG-2026-00334,conductivity,463.56,pH,2025-03-25 00:00:00,COLOMBO_S,POG,passed
POG-2026-00335,TOC,52.79,pass/fail,2025-03-25 00:00:00,NERI_F,POG,failed
POG-2026-00336,sterility,382.24,EU/mL,2025-03-25 00:00:00,COLOMBO_S,POG,passed
POG-2026-00337,pH,204.89,pH,2025-03-26 00:00:00,ROSSI_L,POG,pending
POG-2026-00338,conductivity,327.62,pass/fail,2025-03-26 00:00:00,COLOMBO_S,POG,passed
POG-2026-00339,TOC,130.19,uS/cm,2025-03-26 00:00:00,BIANCHI_M,POG,pending
POG-2026-00340,pH,79.83,ppb,2025-03-26 00:00:00,BIANCHI_M,POG,passed
POG-2026-00341,pH,80.32,EU/mL,2025-03-27 00:00:00,BIANCHI_M,POG,passed
POG-2026-00342,pH,35.34,ppb,2025-03-27 00:00:00,VERDI_A,POG,passed
POG-2026-00343,pH,92.9,uS/cm,2025-03-27 00:00:00,VERDI_A,POG,passed
POG-2026-00344,sterility,332.14,pass/fail,2025-03-27 00:00:00,VERDI_A,POG,pending
POG-2026-00345,sterility,440.86,uS/cm,2025-03-28 00:00:00,COLOMBO_S,POG,failed
POG-2026-00346,sterility,407.08,uS/cm,2025-03-28 00:00:00,VERDI_A,POG,failed
POG-2026-00347,TOC,342.6,ppb,2025-03-28 00:00:00,ROSSI_L,POG,passed
POG-2026-00348,TOC,55.3,EU/mL,2025-03-28 00:00:00,BIANCHI_M,POG,passed
POG-2026-00349,TOC,144.66,uS/cm,2025-03-29 00:00:00,COLOMBO_S,POG,failed
POG-2026-00350,endotoxin,154.97,ppb,2025-03-29 00:00:00,BIANCHI_M,POG,passed
POG-2026-00351,TOC,125.05,EU/mL,2025-03-29 00:00:00,VERDI_A,POG,passed
POG-2026-00352,sterility,257.55,pass/fail,2025-03-29 00:00:00,COLOMBO_S,POG,passed
POG-2026-00353,sterility,267.82,pass/fail,2025-03-30 00:00:00,NERI_F,POG,passed
POG-2026-00354,endotoxin,178.51,pH,2025-03-30 00:00:00,ROSSI_L,POG,passed
POG-2026-00355,endotoxin,176.96,ppb,2025-03-30 00:00:00,VERDI_A,POG,passed
POG-2026-00356,TOC,414.29,EU/mL,2025-03-30 00:00:00,VERDI_A,POG,passed
POG-2026-00357,conductivity,394.67,uS/cm,2025-03-31 00:00:00,ROSSI_L,POG,pending
POG-2026-00358,endotoxin,153.97,pass/fail,2025-03-31 00:00:00,ROSSI_L,POG,passed
POG-2026-00359,pH,456.9,EU/mL,2025-03-31 00:00:00,NERI_F,POG,passed
POG-2026-00360,sterility,476.41,ppb,2025-03-31 00:00:00,VERDI_A,POG,passed
POG-2026-00361,pH,163.44,pH,2025-04-01 00:00:00,VERDI_A,POG,failed
POG-2026-00362,sterility,177.28,pass/fail,2025-04-01 00:00:00,BIANCHI_M,POG,passed
POG-2026-00363,sterility,252.87,EU/mL,2025-04-01 00:00:00,COLOMBO_S,POG,passed
POG-2026-00364,endotoxin,470.57,EU/mL,2025-04-01 00:00:00,COLOMBO_S,POG,passed
POG-2026-00365,endotoxin,438.17,EU/mL,2025-04-02 00:00:00,BIANCHI_M,POG,passed
POG-2026-00366,pH,51.37,ppb,2025-04-02 00:00:00,COLOMBO_S,POG,passed
POG-2026-00367,sterility,196.43,ppb,2025-04-02 00:00:00,ROSSI_L,POG,failed
POG-2026-00368,pH,276.73,ppb,2025-04-02 00:00:00,COLOMBO_S,POG,pending
POG-2026-00369,conductivity,251.62,uS/cm,2025-04-03 00:00:00,COLOMBO_S,POG,passed
POG-2026-00370,pH,97.01,EU/mL,2025-04-03 00:00:00,BIANCHI_M,POG,passed
POG-2026-00371,TOC,429.42,pass/fail,2025-04-03 00:00:00,NERI_F,POG,pending
POG-2026-00372,pH,338.5,ppb,2025-04-03 00:00:00,COLOMBO_S,POG,passed
POG-2026-00373,TOC,418.97,ppb,2025-04-04 00:00:00,COLOMBO_S,POG,failed
POG-2026-00374,TOC,429.4,EU/mL,2025-04-04 00:00:00,NERI_F,POG,passed
POG-2026-00375,TOC,374.2,ppb,2025-04-04 00:00:00,BIANCHI_M,POG,pending
POG-2026-00376,conductivity,219.66,uS/cm,2025-04-04 00:00:00,NERI_F,POG,failed
POG-2026-00377,pH,305.31,uS/cm,2025-04-05 00:00:00,BIANCHI_M,POG,pending
POG-2026-00378,pH,80.27,ppb,2025-04-05 00:00:00,ROSSI_L,POG,failed
POG-2026-00379,conductivity,336.86,EU/mL,2025-04-05 00:00:00,BIANCHI_M,POG,passed
POG-2026-00380,sterility,89.71,EU/mL,2025-04-05 00:00:00,ROSSI_L,POG,pending
POG-2026-00381,endotoxin,347.01,EU/mL,2025-04-06 00:00:00,ROSSI_L,POG,passed
POG-2026-00382,pH,114.88,pH,2025-04-06 00:00:00,BIANCHI_M,POG,passed
POG-2026-00383,endotoxin,58.86,ppb,2025-04-06 00:00:00,VERDI_A,POG,failed
POG-2026-00384,conductivity,82.73,EU/mL,2025-04-06 00:00:00,BIANCHI_M,POG,failed
POG-2026-00385,sterility,1.1,uS/cm,2025-04-07 00:00:00,COLOMBO_S,POG,pending
POG-2026-00386,sterility,359.4,pass/fail,2025-04-07 00:00:00,COLOMBO_S,POG,passed
POG-2026-00387,sterility,366.23,pass/fail,2025-04-07 00:00:00,VERDI_A,POG,failed
POG-2026-00388,conductivity,257.52,EU/mL,2025-04-07 00:00:00,ROSSI_L,POG,failed
POG-2026-00389,TOC,80.77,pass/fail,2025-04-08 00:00:00,VERDI_A,POG,passed
POG-2026-00390,TOC,41.87,pass/fail,2025-04-08 00:00:00,COLOMBO_S,POG,passed
POG-2026-00391,endotoxin,9.66,pH,2025-04-08 00:00:00,VERDI_A,POG,passed
POG-2026-00392,TOC,82.96,uS/cm,2025-04-08 00:00:00,BIANCHI_M,POG,passed
POG-2026-00393,TOC,445.44,uS/cm,2025-04-09 00:00:00,VERDI_A,POG,pending
POG-2026-00394,sterility,120.84,pH,2025-04-09 00:00:00,ROSSI_L,POG,passed
POG-2026-00395,sterility,177.2,pH,2025-04-09 00:00:00,BIANCHI_M,POG,failed
POG-2026-00396,endotoxin,52.76,pass/fail,2025-04-09 00:00:00,NERI_F,POG,pending
POG-2026-00397,pH,111.26,ppb,2025-04-10 00:00:00,COLOMBO_S,POG,passed
POG-2026-00398,endotoxin,259.66,pass/fail,2025-04-10 00:00:00,COLOMBO_S,POG,failed
POG-2026-00399,endotoxin,303.92,pH,2025-04-10 00:00:00,VERDI_A,POG,passed
POG-2026-00400,conductivity,122.75,uS/cm,2025-04-10 00:00:00,BIANCHI_M,POG,pending
POG-2026-00401,conductivity,28.96,pass/fail,2025-04-11 00:00:00,NERI_F,POG,passed
POG-2026-00402,endotoxin,195.58,ppb,2025-04-11 00:00:00,BIANCHI_M,POG,pending
POG-2026-00403,endotoxin,117.18,pass/fail,2025-04-11 00:00:00,COLOMBO_S,POG,passed
POG-2026-00404,endotoxin,109.86,EU/mL,2025-04-11 00:00:00,BIANCHI_M,POG,passed
POG-2026-00405,TOC,479.94,pass/fail,2025-04-12 00:00:00,NERI_F,POG,failed
POG-2026-00406,conductivity,308.19,pH,2025-04-12 00:00:00,VERDI_A,POG,passed
POG-2026-00407,endotoxin,278.48,uS/cm,2025-04-12 00:00:00,ROSSI_L,POG,passed
POG-2026-00408,sterility,207.95,uS/cm,2025-04-12 00:00:00,BIANCHI_M,POG,passed
POG-2026-00409,sterility,214.53,pH,2025-04-13 00:00:00,ROSSI_L,POG,failed
POG-2026-00410,TOC,270.5,EU/mL,2025-04-13 00:00:00,COLOMBO_S,POG,passed
POG-2026-00411,TOC,348.25,pH,2025-04-13 00:00:00,VERDI_A,POG,passed
POG-2026-00412,pH,351.1,pass/fail,2025-04-13 00:00:00,VERDI_A,POG,passed
POG-2026-00413,pH,85.93,pH,2025-04-14 00:00:00,BIANCHI_M,POG,passed
POG-2026-00414,pH,250.11,pH,2025-04-14 00:00:00,VERDI_A,POG,passed
POG-2026-00415,TOC,206.04,EU/mL,2025-04-14 00:00:00,BIANCHI_M,POG,passed
POG-2026-00416,TOC,435.28,pass/fail,2025-04-14 00:00:00,BIANCHI_M,POG,passed
POG-2026-00417,TOC,315.75,ppb,2025-04-15 00:00:00,ROSSI_L,POG,passed
POG-2026-00418,sterility,266.3,ppb,2025-04-15 00:00:00,VERDI_A,POG,passed
POG-2026-00419,TOC,57.79,uS/cm,2025-04-15 00:00:00,BIANCHI_M,POG,pending
POG-2026-00420,sterility,,pH,2025-04-15 00:00:00,ROSSI_L,POG,passed
POG-2026-00421,pH,58.69,uS/cm,2025-04-16 00:00:00,NERI_F,POG,passed
POG-2026-00422,pH,168.67,EU/mL,2025-04-16 00:00:00,ROSSI_L,POG,failed
POG-2026-00423,pH,71.51,ppb,2025-04-16 00:00:00,ROSSI_L,POG,passed
POG-2026-00424,endotoxin,346.07,pH,2025-04-16 00:00:00,BIANCHI_M,POG,failed
POG-2026-00425,endotoxin,103.21,EU/mL,2025-04-17 00:00:00,COLOMBO_S,POG,passed
POG-2026-00426,conductivity,195.99,EU/mL,2025-04-17 00:00:00,COLOMBO_S,POG,passed
POG-2026-00427,conductivity,447.85,pH,2025-04-17 00:00:00,COLOMBO_S,POG,passed
POG-2026-00428,conductivity,102.24,EU/mL,2025-04-17 00:00:00,ROSSI_L,POG,failed
POG-2026-00429,endotoxin,253.95,pH,2025-04-18 00:00:00,BIANCHI_M,POG,failed
POG-2026-00430,endotoxin,209.69,pH,2025-04-18 00:00:00,VERDI_A,POG,passed
POG-2026-00431,conductivity,9.16,pass/fail,2025-04-18 00:00:00,ROSSI_L,POG,passed
POG-2026-00432,conductivity,396.4,uS/cm,2025-04-18 00:00:00,ROSSI_L,POG,pending
POG-2026-00433,TOC,34.62,EU/mL,2025-04-19 00:00:00,BIANCHI_M,POG,passed
POG-2026-00434,conductivity,237.18,EU/mL,2025-04-19 00:00:00,NERI_F,POG,passed
POG-2026-00435,TOC,280.38,pass/fail,2025-04-19 00:00:00,ROSSI_L,POG,pending
POG-2026-00436,sterility,314.25,pass/fail,2025-04-19 00:00:00,NERI_F,POG,failed
POG-2026-00437,endotoxin,344.35,pass/fail,2025-04-20 00:00:00,NERI_F,POG,passed
POG-2026-00438,conductivity,126.71,ppb,2025-04-20 00:00:00,COLOMBO_S,POG,failed
POG-2026-00439,endotoxin,5.09,ppb,2025-04-20 00:00:00,BIANCHI_M,POG,pending
POG-2026-00440,endotoxin,361.75,ppb,2025-04-20 00:00:00,NERI_F,POG,passed
POG-2026-00441,endotoxin,267.87,pH,2025-04-21 00:00:00,BIANCHI_M,POG,passed
POG-2026-00442,sterility,418.08,EU/mL,2025-04-21 00:00:00,COLOMBO_S,POG,passed
POG-2026-00443,pH,410.71,uS/cm,2025-04-21 00:00:00,BIANCHI_M,POG,pending
POG-2026-00444,conductivity,421.68,pH,2025-04-21 00:00:00,ROSSI_L,POG,failed
POG-2026-00445,pH,242.6,EU/mL,2025-04-22 00:00:00,NERI_F,POG,passed
POG-2026-00446,pH,166.88,EU/mL,2025-04-22 00:00:00,BIANCHI_M,POG,pending
POG-2026-00447,pH,395.8,pass/fail,2025-04-22 00:00:00,VERDI_A,POG,passed
POG-2026-00448,endotoxin,225.7,pass/fail,2025-04-22 00:00:00,BIANCHI_M,POG,passed
POG-2026-00449,TOC,91.8,pH,2025-04-23 00:00:00,NERI_F,POG,passed
POG-2026-00450,endotoxin,427.5,pass/fail,2025-04-23 00:00:00,COLOMBO_S,POG,passed
POG-2026-00451,endotoxin,441.29,EU/mL,2025-04-23 00:00:00,COLOMBO_S,POG,pending
POG-2026-00452,pH,233.21,pass/fail,2025-04-23 00:00:00,NERI_F,POG,passed
POG-2026-00453,endotoxin,37.94,ppb,2025-04-24 00:00:00,ROSSI_L,POG,failed
POG-2026-00454,pH,193.97,pass/fail,2025-04-24 00:00:00,ROSSI_L,POG,passed
POG-2026-00455,TOC,401.79,EU/mL,2025-04-24 00:00:00,COLOMBO_S,POG,passed
POG-2026-00456,conductivity,450.9,pH,2025-04-24 00:00:00,COLOMBO_S,POG,pending
POG-2026-00457,pH,101.82,uS/cm,2025-04-25 00:00:00,NERI_F,POG,passed
POG-2026-00458,TOC,33.58,pass/fail,2025-04-25 00:00:00,ROSSI_L,POG,passed
POG-2026-00459,conductivity,438.69,EU/mL,2025-04-25 00:00:00,COLOMBO_S,POG,passed
POG-2026-00460,sterility,194.76,uS/cm,2025-04-25 00:00:00,ROSSI_L,POG,pending
POG-2026-00461,pH,270.93,uS/cm,2025-04-26 00:00:00,COLOMBO_S,POG,passed
POG-2026-00462,pH,484.04,ppb,2025-04-26 00:00:00,BIANCHI_M,POG,passed
POG-2026-00463,sterility,33.38,uS/cm,2025-04-26 00:00:00,VERDI_A,POG,passed
POG-2026-00464,sterility,324.19,EU/mL,2025-04-26 00:00:00,BIANCHI_M,POG,passed
POG-2026-00465,pH,37.15,EU/mL,2025-04-27 00:00:00,COLOMBO_S,POG,failed
POG-2026-00466,sterility,187.8,pass/fail,2025-04-27 00:00:00,VERDI_A,POG,passed
POG-2026-00467,endotoxin,401.93,pass/fail,2025-04-27 00:00:00,VERDI_A,POG,passed
POG-2026-00468,conductivity,216.79,pass/fail,2025-04-27 00:00:00,COLOMBO_S,POG,passed
POG-2026-00469,conductivity,498.59,uS/cm,2025-04-28 00:00:00,COLOMBO_S,POG,passed
POG-2026-00470,conductivity,279.57,uS/cm,2025-04-28 00:00:00,ROSSI_L,POG,pending
POG-2026-00471,endotoxin,160.65,ppb,2025-04-28 00:00:00,COLOMBO_S,POG,passed
POG-2026-00472,sterility,110.13,pass/fail,2025-04-28 00:00:00,NERI_F,POG,pending
POG-2026-00473,TOC,175.33,pH,2025-04-29 00:00:00,COLOMBO_S,POG,passed
POG-2026-00474,sterility,186.33,ppb,2025-04-29 00:00:00,NERI_F,POG,passed
POG-2026-00475,pH,34.45,pH,2025-04-29 00:00:00,COLOMBO_S,POG,pending
POG-2026-00476,conductivity,184.85,uS/cm,2025-04-29 00:00:00,ROSSI_L,POG,passed
POG-2026-00477,sterility,232.17,ppb,2025-04-30 00:00:00,NERI_F,POG,failed
POG-2026-00478,TOC,361.4,ppb,2025-04-30 00:00:00,BIANCHI_M,POG,pending
POG-2026-00479,pH,328.4,EU/mL,2025-04-30 00:00:00,NERI_F,POG,passed
POG-2026-00480,endotoxin,354.41,uS/cm,2025-04-30 00:00:00,ROSSI_L,POG,passed
POG-2026-00481,endotoxin,4.28,uS/cm,2025-05-01 00:00:00,NERI_F,POG,failed
POG-2026-00482,TOC,108.91,ppb,2025-05-01 00:00:00,COLOMBO_S,POG,passed
POG-2026-00483,pH,330.88,uS/cm,2025-05-01 00:00:00,COLOMBO_S,POG,passed
POG-2026-00484,conductivity,242.05,ppb,2025-05-01 00:00:00,ROSSI_L,POG,passed
POG-2026-00485,sterility,2.76,EU/mL,2025-05-02 00:00:00,VERDI_A,POG,passed
POG-2026-00486,pH,402.27,ppb,2025-05-02 00:00:00,COLOMBO_S,POG,failed
POG-2026-00487,endotoxin,386.43,uS/cm,2025-05-02 00:00:00,BIANCHI_M,POG,passed
POG-2026-00488,TOC,274.25,uS/cm,2025-05-02 00:00:00,ROSSI_L,POG,passed
POG-2026-00489,TOC,33.33,ppb,2025-05-03 00:00:00,NERI_F,POG,passed
POG-2026-00490,sterility,383.28,ppb,2025-05-03 00:00:00,NERI_F,POG,passed
POG-2026-00491,TOC,291.9,ppb,2025-05-03 00:00:00,BIANCHI_M,POG,passed
POG-2026-00492,TOC,391.0,pass/fail,2025-05-03 00:00:00,COLOMBO_S,POG,failed
POG-2026-00493,pH,375.9,uS/cm,2025-05-04 00:00:00,ROSSI_L,POG,passed
POG-2026-00494,conductivity,401.52,uS/cm,2025-05-04 00:00:00,BIANCHI_M,POG,failed
POG-2026-00495,sterility,259.05,pass/fail,2025-05-04 00:00:00,COLOMBO_S,POG,pending
POG-2026-00496,pH,70.25,ppb,2025-05-04 00:00:00,ROSSI_L,POG,passed
POG-2026-00497,conductivity,335.61,EU/mL,2025-05-05 00:00:00,NERI_F,POG,passed
POG-2026-00498,pH,310.27,ppb,2025-05-05 00:00:00,ROSSI_L,POG,passed
POG-2026-00499,pH,371.15,ppb,2025-05-05 00:00:00,VERDI_A,POG,passed
POG-2026-00500,TOC,85.02,pass/fail,2025-05-05 00:00:00,ROSSI_L,POG,pending
POG-2026-00501,conductivity,97.57,uS/cm,2025-05-06 00:00:00,VERDI_A,POG,pending
POG-2026-00502,sterility,445.22,ppb,2025-05-06 00:00:00,ROSSI_L,POG,passed
POG-2026-00503,sterility,375.01,uS/cm,2025-05-06 00:00:00,VERDI_A,POG,passed
POG-2026-00504,conductivity,454.12,pH,2025-05-06 00:00:00,NERI_F,POG,pending
POG-2026-00505,TOC,379.38,uS/cm,2025-05-07 00:00:00,COLOMBO_S,POG,pending
POG-2026-00506,endotoxin,298.62,EU/mL,2025-05-07 00:00:00,VERDI_A,POG,passed
POG-2026-00507,pH,327.1,EU/mL,2025-05-07 00:00:00,VERDI_A,POG,passed
POG-2026-00508,TOC,444.58,ppb,2025-05-07 00:00:00,NERI_F,POG,passed
POG-2026-00509,conductivity,289.45,uS/cm,2025-05-08 00:00:00,VERDI_A,POG,pending
POG-2026-00510,pH,316.23,ppb,2025-05-08 00:00:00,BIANCHI_M,POG,passed
POG-2026-00511,sterility,78.32,pass/fail,2025-05-08 00:00:00,NERI_F,POG,passed
POG-2026-00512,endotoxin,237.01,EU/mL,2025-05-08 00:00:00,BIANCHI_M,POG,passed
POG-2026-00513,sterility,358.23,ppb,2025-05-09 00:00:00,NERI_F,POG,passed
POG-2026-00514,conductivity,135.54,pass/fail,2025-05-09 00:00:00,VERDI_A,POG,passed
POG-2026-00515,pH,101.21,ppb,2025-05-09 00:00:00,BIANCHI_M,POG,pending
POG-2026-00516,conductivity,156.98,uS/cm,2025-05-09 00:00:00,VERDI_A,POG,passed
POG-2026-00517,pH,120.83,uS/cm,2025-05-10 00:00:00,NERI_F,POG,passed
POG-2026-00518,TOC,107.53,uS/cm,2025-05-10 00:00:00,VERDI_A,POG,passed
POG-2026-00519,endotoxin,212.48,uS/cm,2025-05-10 00:00:00,BIANCHI_M,POG,passed
POG-2026-00520,TOC,453.93,pH,2025-05-10 00:00:00,BIANCHI_M,POG,passed
POG-2026-00521,TOC,253.58,pass/fail,2025-05-11 00:00:00,VERDI_A,POG,passed
POG-2026-00522,conductivity,94.04,pass/fail,2025-05-11 00:00:00,ROSSI_L,POG,passed
POG-2026-00523,endotoxin,38.58,uS/cm,2025-05-11 00:00:00,NERI_F,POG,passed
POG-2026-00524,pH,348.11,pH,2025-05-11 00:00:00,NERI_F,POG,passed
POG-2026-00525,pH,191.46,uS/cm,2025-05-12 00:00:00,VERDI_A,POG,passed
POG-2026-00526,sterility,410.93,pH,2025-05-12 00:00:00,ROSSI_L,POG,pending
POG-2026-00527,pH,329.79,uS/cm,2025-05-12 00:00:00,BIANCHI_M,POG,pending
POG-2026-00528,conductivity,398.14,EU/mL,2025-05-12 00:00:00,COLOMBO_S,POG,passed
POG-2026-00529,TOC,136.05,EU/mL,2025-05-13 00:00:00,COLOMBO_S,POG,passed
POG-2026-00530,TOC,346.21,ppb,2025-05-13 00:00:00,VERDI_A,POG,pending
POG-2026-00531,TOC,132.1,uS/cm,2025-05-13 00:00:00,ROSSI_L,POG,passed
POG-2026-00532,endotoxin,469.54,pass/fail,2025-05-13 00:00:00,ROSSI_L,POG,failed
POG-2026-00533,pH,318.22,ppb,2025-05-14 00:00:00,NERI_F,POG,pending
POG-2026-00534,conductivity,162.32,EU/mL,2025-05-14 00:00:00,BIANCHI_M,POG,passed
POG-2026-00535,endotoxin,134.83,uS/cm,2025-05-14 00:00:00,ROSSI_L,POG,passed
POG-2026-00536,sterility,95.54,ppb,2025-05-14 00:00:00,COLOMBO_S,POG,pending
POG-2026-00537,conductivity,347.35,uS/cm,2025-05-15 00:00:00,BIANCHI_M,POG,passed
POG-2026-00538,conductivity,109.44,EU/mL,2025-05-15 00:00:00,BIANCHI_M,POG,passed
POG-2026-00539,conductivity,297.69,ppb,2025-05-15 00:00:00,VERDI_A,POG,passed
POG-2026-00540,TOC,132.39,EU/mL,2025-05-15 00:00:00,ROSSI_L,POG,passed
POG-2026-00541,conductivity,331.02,pH,2025-05-16 00:00:00,VERDI_A,POG,failed
POG-2026-00542,pH,407.49,EU/mL,2025-05-16 00:00:00,ROSSI_L,POG,failed
POG-2026-00543,conductivity,389.03,uS/cm,2025-05-16 00:00:00,NERI_F,POG,pending
POG-2026-00544,TOC,380.45,pass/fail,2025-05-16 00:00:00,VERDI_A,POG,passed
POG-2026-00545,conductivity,93.94,EU/mL,2025-05-17 00:00:00,VERDI_A,POG,passed
POG-2026-00546,sterility,44.28,pass/fail,2025-05-17 00:00:00,COLOMBO_S,POG,passed
POG-2026-00547,sterility,349.5,pH,2025-05-17 00:00:00,VERDI_A,POG,passed
POG-2026-00548,TOC,184.24,ppb,2025-05-17 00:00:00,ROSSI_L,POG,passed
POG-2026-00549,pH,216.23,ppb,2025-05-18 00:00:00,COLOMBO_S,POG,pending
POG-2026-00550,pH,15.67,pass/fail,2025-05-18 00:00:00,VERDI_A,POG,pending
POG-2026-00551,endotoxin,129.86,ppb,2025-05-18 00:00:00,VERDI_A,POG,passed
POG-2026-00552,TOC,16.93,EU/mL,2025-05-18 00:00:00,NERI_F,POG,passed
POG-2026-00553,conductivity,439.6,pass/fail,2025-05-19 00:00:00,VERDI_A,POG,passed
POG-2026-00554,TOC,121.77,uS/cm,2025-05-19 00:00:00,BIANCHI_M,POG,passed
POG-2026-00555,endotoxin,278.71,EU/mL,2025-05-19 00:00:00,COLOMBO_S,POG,failed
POG-2026-00556,TOC,19.59,EU/mL,2025-05-19 00:00:00,BIANCHI_M,POG,passed
POG-2026-00557,TOC,333.46,EU/mL,2025-05-20 00:00:00,COLOMBO_S,POG,pending
POG-2026-00558,endotoxin,161.58,uS/cm,2025-05-20 00:00:00,NERI_F,POG,passed
POG-2026-00559,pH,448.97,pH,2025-05-20 00:00:00,VERDI_A,POG,passed
POG-2026-00560,conductivity,444.07,ppb,2025-05-20 00:00:00,VERDI_A,POG,failed
POG-2026-00561,endotoxin,162.71,pass/fail,2025-05-21 00:00:00,VERDI_A,POG,passed
POG-2026-00562,sterility,450.49,pH,2025-05-21 00:00:00,COLOMBO_S,POG,passed
POG-2026-00563,pH,498.08,pass/fail,2025-05-21 00:00:00,VERDI_A,POG,passed
POG-2026-00564,sterility,412.73,ppb,2025-05-21 00:00:00,BIANCHI_M,POG,passed
POG-2026-00565,pH,422.45,uS/cm,2025-05-22 00:00:00,VERDI_A,POG,failed
POG-2026-00566,conductivity,124.58,EU/mL,2025-05-22 00:00:00,NERI_F,POG,passed
POG-2026-00567,conductivity,288.39,EU/mL,2025-05-22 00:00:00,BIANCHI_M,POG,failed
POG-2026-00568,TOC,33.72,uS/cm,2025-05-22 00:00:00,VERDI_A,POG,passed
POG-2026-00569,sterility,47.55,pH,2025-05-23 00:00:00,VERDI_A,POG,passed
POG-2026-00570,pH,499.45,pH,2025-05-23 00:00:00,ROSSI_L,POG,failed
POG-2026-00571,conductivity,163.39,pass/fail,2025-05-23 00:00:00,COLOMBO_S,POG,passed
POG-2026-00572,endotoxin,374.12,uS/cm,2025-05-23 00:00:00,BIANCHI_M,POG,passed
POG-2026-00573,conductivity,403.35,pH,2025-05-24 00:00:00,ROSSI_L,POG,passed
POG-2026-00574,endotoxin,429.03,uS/cm,2025-05-24 00:00:00,NERI_F,POG,passed
POG-2026-00575,pH,498.81,ppb,2025-05-24 00:00:00,COLOMBO_S,POG,passed
POG-2026-00576,conductivity,120.82,EU/mL,2025-05-24 00:00:00,BIANCHI_M,POG,passed
POG-2026-00577,conductivity,20.27,EU/mL,2025-05-25 00:00:00,VERDI_A,POG,passed
POG-2026-00578,pH,205.65,EU/mL,2025-05-25 00:00:00,BIANCHI_M,POG,passed
POG-2026-00579,conductivity,65.13,uS/cm,2025-05-25 00:00:00,VERDI_A,POG,pending
POG-2026-00580,endotoxin,11.31,uS/cm,2025-05-25 00:00:00,COLOMBO_S,POG,passed
POG-2026-00581,conductivity,180.28,pass/fail,2025-05-26 00:00:00,VERDI_A,POG,pending
POG-2026-00582,sterility,,EU/mL,2025-05-26 00:00:00,NERI_F,POG,passed
POG-2026-00583,TOC,283.13,pass/fail,2025-05-26 00:00:00,VERDI_A,POG,passed
POG-2026-00584,endotoxin,156.46,EU/mL,2025-05-26 00:00:00,NERI_F,POG,pending
POG-2026-00585,sterility,327.21,pass/fail,2025-05-27 00:00:00,COLOMBO_S,POG,passed
POG-2026-00586,pH,116.09,pass/fail,2025-05-27 00:00:00,COLOMBO_S,POG,failed
POG-2026-00587,endotoxin,7.29,ppb,2025-05-27 00:00:00,BIANCHI_M,POG,passed
POG-2026-00588,TOC,382.2,pass/fail,2025-05-27 00:00:00,NERI_F,POG,passed
POG-2026-00589,TOC,311.91,uS/cm,2025-05-28 00:00:00,NERI_F,POG,passed
POG-2026-00590,pH,381.18,pass/fail,2025-05-28 00:00:00,ROSSI_L,POG,passed
POG-2026-00591,pH,19.57,EU/mL,2025-05-28 00:00:00,ROSSI_L,POG,pending
POG-2026-00592,endotoxin,418.58,pass/fail,2025-05-28 00:00:00,ROSSI_L,POG,passed
POG-2026-00593,conductivity,309.8,pH,2025-05-29 00:00:00,VERDI_A,POG,pending
POG-2026-00594,pH,281.74,EU/mL,2025-05-29 00:00:00,ROSSI_L,POG,pending
POG-2026-00595,conductivity,312.34,pH,2025-05-29 00:00:00,NERI_F,POG,passed
POG-2026-00596,sterility,432.23,EU/mL,2025-05-29 00:00:00,VERDI_A,POG,passed
POG-2026-00597,TOC,293.51,uS/cm,2025-05-30 00:00:00,COLOMBO_S,POG,pending
POG-2026-00598,conductivity,290.52,uS/cm,2025-05-30 00:00:00,BIANCHI_M,POG,pending
POG-2026-00599,TOC,495.34,uS/cm,2025-05-30 00:00:00,ROSSI_L,POG,passed
POG-2026-00600,conductivity,378.39,pH,2025-05-30 00:00:00,COLOMBO_S,POG,passed
POG-2026-00601,sterility,221.2,ppb,2025-05-31 00:00:00,NERI_F,POG,passed
POG-2026-00602,pH,353.73,EU/mL,2025-05-31 00:00:00,BIANCHI_M,POG,failed
POG-2026-00603,sterility,194.68,uS/cm,2025-05-31 00:00:00,COLOMBO_S,POG,passed
POG-2026-00604,pH,,EU/mL,2025-05-31 00:00:00,BIANCHI_M,POG,failed
POG-2026-00605,pH,298.47,pH,2025-06-01 00:00:00,ROSSI_L,POG,passed
POG-2026-00606,TOC,464.1,ppb,2025-06-01 00:00:00,NERI_F,POG,passed
POG-2026-00607,sterility,464.58,pH,2025-06-01 00:00:00,BIANCHI_M,POG,passed
POG-2026-00608,conductivity,171.02,EU/mL,2025-06-01 00:00:00,COLOMBO_S,POG,passed
POG-2026-00609,sterility,263.89,ppb,2025-06-02 00:00:00,ROSSI_L,POG,passed
POG-2026-00610,TOC,105.9,ppb,2025-06-02 00:00:00,ROSSI_L,POG,passed
POG-2026-00611,pH,497.82,pH,2025-06-02 00:00:00,COLOMBO_S,POG,passed
POG-2026-00612,TOC,490.56,uS/cm,2025-06-02 00:00:00,COLOMBO_S,POG,passed
POG-2026-00613,endotoxin,324.79,EU/mL,2025-06-03 00:00:00,BIANCHI_M,POG,passed
POG-2026-00614,endotoxin,402.23,pass/fail,2025-06-03 00:00:00,VERDI_A,POG,pending
POG-2026-00615,conductivity,357.58,pass/fail,2025-06-03 00:00:00,ROSSI_L,POG,passed
POG-2026-00616,TOC,296.62,pH,2025-06-03 00:00:00,BIANCHI_M,POG,passed
POG-2026-00617,conductivity,26.77,EU/mL,2025-06-04 00:00:00,COLOMBO_S,POG,passed
POG-2026-00618,conductivity,227.44,EU/mL,2025-06-04 00:00:00,BIANCHI_M,POG,pending
POG-2026-00619,endotoxin,337.43,pH,2025-06-04 00:00:00,COLOMBO_S,POG,passed
POG-2026-00620,conductivity,338.8,EU/mL,2025-06-04 00:00:00,NERI_F,POG,failed
POG-2026-00621,endotoxin,186.62,uS/cm,2025-06-05 00:00:00,COLOMBO_S,POG,failed
POG-2026-00622,pH,470.85,pH,2025-06-05 00:00:00,COLOMBO_S,POG,passed
POG-2026-00623,TOC,83.76,uS/cm,2025-06-05 00:00:00,COLOMBO_S,POG,passed
POG-2026-00624,conductivity,250.23,EU/mL,2025-06-05 00:00:00,VERDI_A,POG,failed
POG-2026-00625,endotoxin,345.47,pH,2025-06-06 00:00:00,COLOMBO_S,POG,passed
POG-2026-00626,sterility,348.6,EU/mL,2025-06-06 00:00:00,ROSSI_L,POG,passed
POG-2026-00627,conductivity,324.35,pH,2025-06-06 00:00:00,ROSSI_L,POG,failed
POG-2026-00628,pH,137.72,EU/mL,2025-06-06 00:00:00,BIANCHI_M,POG,passed
POG-2026-00629,pH,78.19,uS/cm,2025-06-07 00:00:00,VERDI_A,POG,failed
POG-2026-00630,sterility,318.01,uS/cm,2025-06-07 00:00:00,BIANCHI_M,POG,passed
POG-2026-00631,endotoxin,299.69,EU/mL,2025-06-07 00:00:00,ROSSI_L,POG,failed
POG-2026-00632,conductivity,89.76,pH,2025-06-07 00:00:00,ROSSI_L,POG,passed
POG-2026-00633,endotoxin,352.6,pass/fail,2025-06-08 00:00:00,NERI_F,POG,passed
POG-2026-00634,pH,227.64,uS/cm,2025-06-08 00:00:00,COLOMBO_S,POG,passed
POG-2026-00635,endotoxin,333.91,uS/cm,2025-06-08 00:00:00,ROSSI_L,POG,pending
POG-2026-00636,pH,418.7,pass/fail,2025-06-08 00:00:00,BIANCHI_M,POG,passed
POG-2026-00637,endotoxin,84.95,EU/mL,2025-06-09 00:00:00,BIANCHI_M,POG,passed
POG-2026-00638,sterility,9.67,pH,2025-06-09 00:00:00,COLOMBO_S,POG,passed
POG-2026-00639,TOC,389.57,EU/mL,2025-06-09 00:00:00,COLOMBO_S,POG,passed
POG-2026-00640,sterility,,ppb,2025-06-09 00:00:00,NERI_F,POG,passed
POG-2026-00641,sterility,349.85,uS/cm,2025-06-10 00:00:00,VERDI_A,POG,passed
POG-2026-00642,TOC,419.09,ppb,2025-06-10 00:00:00,BIANCHI_M,POG,passed
POG-2026-00643,TOC,401.43,uS/cm,2025-06-10 00:00:00,COLOMBO_S,POG,passed
POG-2026-00644,conductivity,480.46,uS/cm,2025-06-10 00:00:00,BIANCHI_M,POG,passed
POG-2026-00645,conductivity,268.01,ppb,2025-06-11 00:00:00,COLOMBO_S,POG,passed
POG-2026-00646,sterility,244.3,ppb,2025-06-11 00:00:00,ROSSI_L,POG,failed
POG-2026-00647,sterility,201.0,EU/mL,2025-06-11 00:00:00,BIANCHI_M,POG,passed
POG-2026-00648,pH,76.93,ppb,2025-06-11 00:00:00,ROSSI_L,POG,passed
POG-2026-00649,pH,286.35,EU/mL,2025-06-12 00:00:00,BIANCHI_M,POG,passed
POG-2026-00650,conductivity,138.58,EU/mL,2025-06-12 00:00:00,VERDI_A,POG,pending
POG-2026-00651,conductivity,460.66,EU/mL,2025-06-12 00:00:00,NERI_F,POG,pending
POG-2026-00652,pH,291.64,uS/cm,2025-06-12 00:00:00,ROSSI_L,POG,failed
POG-2026-00653,pH,296.46,uS/cm,2025-06-13 00:00:00,COLOMBO_S,POG,passed
POG-2026-00654,endotoxin,177.53,ppb,2025-06-13 00:00:00,VERDI_A,POG,passed
POG-2026-00655,endotoxin,26.09,uS/cm,2025-06-13 00:00:00,BIANCHI_M,POG,passed
POG-2026-00656,pH,15.97,ppb,2025-06-13 00:00:00,ROSSI_L,POG,passed
POG-2026-00657,endotoxin,211.73,uS/cm,2025-06-14 00:00:00,BIANCHI_M,POG,passed
POG-2026-00658,TOC,42.37,pH,2025-06-14 00:00:00,BIANCHI_M,POG,failed
POG-2026-00659,conductivity,303.46,pH,2025-06-14 00:00:00,BIANCHI_M,POG,pending
POG-2026-00660,conductivity,440.5,ppb,2025-06-14 00:00:00,NERI_F,POG,failed
POG-2026-00661,pH,441.47,uS/cm,2025-06-15 00:00:00,NERI_F,POG,passed
POG-2026-00662,sterility,329.56,uS/cm,2025-06-15 00:00:00,COLOMBO_S,POG,failed
POG-2026-00663,pH,105.69,EU/mL,2025-06-15 00:00:00,ROSSI_L,POG,passed
POG-2026-00664,endotoxin,,pass/fail,2025-06-15 00:00:00,VERDI_A,POG,passed
POG-2026-00665,sterility,443.06,ppb,2025-06-16 00:00:00,VERDI_A,POG,failed
POG-2026-00666,endotoxin,98.41,pass/fail,2025-06-16 00:00:00,VERDI_A,POG,passed
POG-2026-00667,TOC,368.74,pass/fail,2025-06-16 00:00:00,BIANCHI_M,POG,passed
POG-2026-00668,endotoxin,143.33,ppb,2025-06-16 00:00:00,NERI_F,POG,passed
POG-2026-00669,TOC,401.34,uS/cm,2025-06-17 00:00:00,ROSSI_L,POG,failed
POG-2026-00670,TOC,498.62,ppb,2025-06-17 00:00:00,BIANCHI_M,POG,failed
POG-2026-00671,endotoxin,15.11,pass/fail,2025-06-17 00:00:00,NERI_F,POG,passed
POG-2026-00672,endotoxin,448.69,uS/cm,2025-06-17 00:00:00,NERI_F,POG,failed
POG-2026-00673,TOC,311.35,pH,2025-06-18 00:00:00,ROSSI_L,POG,passed
POG-2026-00674,sterility,486.69,ppb,2025-06-18 00:00:00,ROSSI_L,POG,passed
POG-2026-00675,TOC,232.56,ppb,2025-06-18 00:00:00,ROSSI_L,POG,failed
POG-2026-00676,conductivity,423.71,uS/cm,2025-06-18 00:00:00,BIANCHI_M,POG,failed
POG-2026-00677,TOC,31.29,pH,2025-06-19 00:00:00,COLOMBO_S,POG,pending
POG-2026-00678,sterility,167.71,pH,2025-06-19 00:00:00,ROSSI_L,POG,passed
POG-2026-00679,conductivity,33.6,uS/cm,2025-06-19 00:00:00,COLOMBO_S,POG,failed
POG-2026-00680,pH,487.67,EU/mL,2025-06-19 00:00:00,BIANCHI_M,POG,passed
POG-2026-00681,pH,408.51,ppb,2025-06-20 00:00:00,COLOMBO_S,POG,pending
POG-2026-00682,sterility,426.29,ppb,2025-06-20 00:00:00,VERDI_A,POG,passed
POG-2026-00683,TOC,468.99,pass/fail,2025-06-20 00:00:00,COLOMBO_S,POG,failed
POG-2026-00684,endotoxin,42.64,uS/cm,2025-06-20 00:00:00,ROSSI_L,POG,passed
POG-2026-00685,sterility,192.86,pass/fail,2025-06-21 00:00:00,BIANCHI_M,POG,passed
POG-2026-00686,conductivity,35.61,pass/fail,2025-06-21 00:00:00,ROSSI_L,POG,passed
POG-2026-00687,conductivity,105.48,pH,2025-06-21 00:00:00,VERDI_A,POG,passed
POG-2026-00688,pH,114.76,ppb,2025-06-21 00:00:00,ROSSI_L,POG,passed
POG-2026-00689,conductivity,234.61,pass/fail,2025-06-22 00:00:00,ROSSI_L,POG,pending
POG-2026-00690,sterility,134.35,pH,2025-06-22 00:00:00,ROSSI_L,POG,passed
POG-2026-00691,conductivity,50.58,uS/cm,2025-06-22 00:00:00,NERI_F,POG,passed
POG-2026-00692,sterility,83.83,pass/fail,2025-06-22 00:00:00,VERDI_A,POG,passed
POG-2026-00693,endotoxin,73.72,ppb,2025-06-23 00:00:00,ROSSI_L,POG,passed
POG-2026-00694,pH,486.54,pass/fail,2025-06-23 00:00:00,ROSSI_L,POG,passed
POG-2026-00695,conductivity,379.67,uS/cm,2025-06-23 00:00:00,ROSSI_L,POG,passed
POG-2026-00696,sterility,483.88,pass/fail,2025-06-23 00:00:00,BIANCHI_M,POG,passed
POG-2026-00697,TOC,219.93,ppb,2025-06-24 00:00:00,NERI_F,POG,passed
POG-2026-00698,pH,139.26,pH,2025-06-24 00:00:00,BIANCHI_M,POG,passed
POG-2026-00699,endotoxin,399.17,ppb,2025-06-24 00:00:00,NERI_F,POG,passed
POG-2026-00700,sterility,163.19,pH,2025-06-24 00:00:00,ROSSI_L,POG,passed
POG-2026-00701,endotoxin,149.76,EU/mL,2025-06-25 00:00:00,VERDI_A,POG,passed
POG-2026-00702,endotoxin,116.33,ppb,2025-06-25 00:00:00,COLOMBO_S,POG,passed
POG-2026-00703,conductivity,64.93,ppb,2025-06-25 00:00:00,COLOMBO_S,POG,pending
POG-2026-00704,conductivity,128.31,uS/cm,2025-06-25 00:00:00,ROSSI_L,POG,pending
POG-2026-00705,sterility,177.72,pass/fail,2025-06-26 00:00:00,BIANCHI_M,POG,failed
POG-2026-00706,TOC,,pH,2025-06-26 00:00:00,VERDI_A,POG,passed
POG-2026-00707,sterility,31.38,pH,2025-06-26 00:00:00,NERI_F,POG,failed
POG-2026-00708,TOC,105.33,uS/cm,2025-06-26 00:00:00,ROSSI_L,POG,failed
POG-2026-00709,endotoxin,404.53,uS/cm,2025-06-27 00:00:00,VERDI_A,POG,failed
POG-2026-00710,pH,,pass/fail,2025-06-27 00:00:00,VERDI_A,POG,passed
POG-2026-00711,sterility,171.39,pass/fail,2025-06-27 00:00:00,NERI_F,POG,passed
POG-2026-00712,sterility,432.34,ppb,2025-06-27 00:00:00,VERDI_A,POG,failed
POG-2026-00713,TOC,77.55,EU/mL,2025-06-28 00:00:00,BIANCHI_M,POG,passed
POG-2026-00714,endotoxin,41.46,pass/fail,2025-06-28 00:00:00,BIANCHI_M,POG,passed
POG-2026-00715,endotoxin,242.32,uS/cm,2025-06-28 00:00:00,BIANCHI_M,POG,passed
POG-2026-00716,TOC,151.28,pass/fail,2025-06-28 00:00:00,VERDI_A,POG,passed
POG-2026-00717,endotoxin,281.75,pH,2025-06-29 00:00:00,BIANCHI_M,POG,passed
POG-2026-00718,conductivity,401.92,EU/mL,2025-06-29 00:00:00,NERI_F,POG,passed
POG-2026-00719,pH,68.66,ppb,2025-06-29 00:00:00,VERDI_A,POG,passed
POG-2026-00720,sterility,290.39,pH,2025-06-29 00:00:00,COLOMBO_S,POG,passed
POG-2026-00721,pH,252.8,pH,2025-06-30 00:00:00,VERDI_A,POG,passed
POG-2026-00722,sterility,72.12,EU/mL,2025-06-30 00:00:00,NERI_F,POG,passed
POG-2026-00723,conductivity,312.04,ppb,2025-06-30 00:00:00,COLOMBO_S,POG,passed
POG-2026-00724,endotoxin,136.89,uS/cm,2025-06-30 00:00:00,VERDI_A,POG,failed
POG-2026-00725,TOC,243.97,ppb,2025-07-01 00:00:00,BIANCHI_M,POG,failed
POG-2026-00726,conductivity,,pass/fail,2025-07-01 00:00:00,ROSSI_L,POG,passed
POG-2026-00727,pH,229.85,pH,2025-07-01 00:00:00,ROSSI_L,POG,passed
POG-2026-00728,TOC,153.3,pass/fail,2025-07-01 00:00:00,BIANCHI_M,POG,passed
POG-2026-00729,endotoxin,411.21,uS/cm,2025-07-02 00:00:00,ROSSI_L,POG,pending
POG-2026-00730,conductivity,28.58,pass/fail,2025-07-02 00:00:00,ROSSI_L,POG,passed
POG-2026-00731,TOC,,ppb,2025-07-02 00:00:00,BIANCHI_M,POG,passed
POG-2026-00732,conductivity,229.27,pass/fail,2025-07-02 00:00:00,BIANCHI_M,POG,passed
POG-2026-00733,conductivity,362.53,uS/cm,2025-07-03 00:00:00,VERDI_A,POG,passed
POG-2026-00734,endotoxin,287.19,uS/cm,2025-07-03 00:00:00,VERDI_A,POG,pending
POG-2026-00735,sterility,333.64,uS/cm,2025-07-03 00:00:00,BIANCHI_M,POG,failed
POG-2026-00736,TOC,388.55,ppb,2025-07-03 00:00:00,NERI_F,POG,passed
POG-2026-00737,endotoxin,431.12,uS/cm,2025-07-04 00:00:00,ROSSI_L,POG,passed
POG-2026-00738,conductivity,157.01,pH,2025-07-04 00:00:00,VERDI_A,POG,passed
POG-2026-00739,endotoxin,269.06,uS/cm,2025-07-04 00:00:00,ROSSI_L,POG,passed
POG-2026-00740,sterility,420.07,pass/fail,2025-07-04 00:00:00,COLOMBO_S,POG,passed
POG-2026-00741,TOC,494.73,pass/fail,2025-07-05 00:00:00,BIANCHI_M,POG,passed
POG-2026-00742,sterility,444.77,pass/fail,2025-07-05 00:00:00,NERI_F,POG,passed
POG-2026-00743,pH,185.8,ppb,2025-07-05 00:00:00,COLOMBO_S,POG,passed
POG-2026-00744,TOC,97.66,pass/fail,2025-07-05 00:00:00,COLOMBO_S,POG,pending
POG-2026-00745,sterility,244.75,ppb,2025-07-06 00:00:00,COLOMBO_S,POG,passed
POG-2026-00746,conductivity,370.85,ppb,2025-07-06 00:00:00,BIANCHI_M,POG,failed
POG-2026-00747,TOC,246.34,uS/cm,2025-07-06 00:00:00,VERDI_A,POG,failed
POG-2026-00748,TOC,241.64,pH,2025-07-06 00:00:00,BIANCHI_M,POG,passed
POG-2026-00749,endotoxin,419.13,uS/cm,2025-07-07 00:00:00,VERDI_A,POG,failed
POG-2026-00750,conductivity,180.77,uS/cm,2025-07-07 00:00:00,COLOMBO_S,POG,passed
VIM-2026-00001,sterility,4.475,pass/fail,2025-01-01 00:00:00,OP004,VIM,passed
VIM-2026-00002,bioburden,5.699,EU/mL,2025-01-01 00:00:00,OP003,VIM,pending
VIM-2026-00003,pH,11.99,EU/mL,2025-01-01 00:00:00,OP005,VIM,passed
VIM-2026-00004,sterility,4.778,pass/fail,2025-02-01 00:00:00,OP001,VIM,passed
VIM-2026-00005,sterility,2.788,pass/fail,2025-02-01 00:00:00,OP005,VIM,passed
VIM-2026-00006,bioburden,8.017,pass/fail,2025-02-01 00:00:00,OP001,VIM,passed
VIM-2026-00007,pH,13.138,CFU/mL,2025-03-01 00:00:00,OP002,VIM,passed
VIM-2026-00008,pH,9.896,EU/mL,2025-03-01 00:00:00,OP001,VIM,passed
VIM-2026-00009,sterility,8.196,CFU/mL,2025-03-01 00:00:00,OP004,VIM,failed
VIM-2026-00010,endotoxin,,CFU/mL,2025-04-01 00:00:00,OP003,VIM,failed
VIM-2026-00011,sterility,8.803,pass/fail,2025-04-01 00:00:00,OP002,VIM,passed
VIM-2026-00012,sterility,13.866,pass/fail,2025-04-01 00:00:00,OP001,VIM,pending
VIM-2026-00013,sterility,2.391,pH,2025-05-01 00:00:00,OP005,VIM,passed
VIM-2026-00014,sterility,7.497,pH,2025-05-01 00:00:00,OP002,VIM,passed
VIM-2026-00015,bioburden,12.345,CFU/mL,2025-05-01 00:00:00,OP002,VIM,passed
VIM-2026-00016,pH,10.5,EU/mL,2025-06-01 00:00:00,OP001,VIM,pending
VIM-2026-00017,bioburden,9.91,pass/fail,2025-06-01 00:00:00,OP002,VIM,passed
VIM-2026-00018,bioburden,,pass/fail,2025-06-01 00:00:00,OP005,VIM,passed
VIM-2026-00019,bioburden,5.353,CFU/mL,2025-07-01 00:00:00,OP002,VIM,passed
VIM-2026-00020,sterility,4.463,pH,2025-07-01 00:00:00,OP005,VIM,passed
VIM-2026-00021,endotoxin,11.426,EU/mL,2025-07-01 00:00:00,OP001,VIM,passed
VIM-2026-00022,pH,11.437,pH,2025-08-01 00:00:00,OP003,VIM,passed
VIM-2026-00023,endotoxin,12.205,pH,2025-08-01 00:00:00,OP002,VIM,passed
VIM-2026-00024,bioburden,12.829,pH,2025-08-01 00:00:00,OP003,VIM,passed
VIM-2026-00025,bioburden,7.403,pH,2025-09-01 00:00:00,OP005,VIM,passed
VIM-2026-00026,endotoxin,7.27,pass/fail,2025-09-01 00:00:00,OP002,VIM,passed
VIM-2026-00027,endotoxin,11.277,pass/fail,2025-09-01 00:00:00,OP004,VIM,passed
VIM-2026-00028,endotoxin,9.275,pH,2025-10-01 00:00:00,OP003,VIM,passed
VIM-2026-00029,bioburden,,EU/mL,2025-10-01 00:00:00,OP002,VIM,passed
VIM-2026-00030,bioburden,11.243,CFU/mL,2025-10-01 00:00:00,OP003,VIM,passed
VIM-2026-00031,pH,12.515,EU/mL,2025-11-01 00:00:00,OP002,VIM,passed
VIM-2026-00032,pH,5.063,EU/mL,2025-11-01 00:00:00,OP001,VIM,pending
VIM-2026-00033,bioburden,5.57,EU/mL,2025-11-01 00:00:00,OP003,VIM,passed
VIM-2026-00034,endotoxin,1.769,pH,2025-12-01 00:00:00,OP004,VIM,passed
VIM-2026-00035,endotoxin,8.307,pass/fail,2025-12-01 00:00:00,OP004,VIM,passed
VIM-2026-00036,pH,0.985,EU/mL,2025-12-01 00:00:00,OP005,VIM,passed
VIM-2026-00037,bioburden,6.786,pH,2025-01-13 00:00:00,UNKNOWN,VIM,passed
VIM-2026-00038,pH,7.826,EU/mL,2025-01-13 00:00:00,OP003,VIM,passed
VIM-2026-00039,pH,4.368,EU/mL,2025-01-13 00:00:00,OP005,VIM,passed
VIM-2026-00040,sterility,8.476,pH,2025-01-14 00:00:00,OP003,VIM,passed
VIM-2026-00041,sterility,0.912,pass/fail,2025-01-14 00:00:00,OP002,VIM,pending
VIM-2026-00042,sterility,1.004,pass/fail,2025-01-14 00:00:00,OP004,VIM,failed
VIM-2026-00043,endotoxin,11.605,CFU/mL,2025-01-15 00:00:00,OP001,VIM,passed
VIM-2026-00044,bioburden,5.363,pH,2025-01-15 00:00:00,OP004,VIM,passed
VIM-2026-00045,bioburden,2.215,CFU/mL,2025-01-15 00:00:00,OP005,VIM,failed
VIM-2026-00046,bioburden,7.55,CFU/mL,2025-01-16 00:00:00,OP001,VIM,passed
VIM-2026-00047,bioburden,10.895,CFU/mL,2025-01-16 00:00:00,OP005,VIM,passed
VIM-2026-00048,sterility,3.414,pass/fail,2025-01-16 00:00:00,OP002,VIM,pending
VIM-2026-00049,endotoxin,8.909,pH,2025-01-17 00:00:00,OP001,VIM,passed
VIM-2026-00050,endotoxin,1.652,CFU/mL,2025-01-17 00:00:00,OP005,VIM,passed
VIM-2026-00051,sterility,1.198,pH,2025-01-17 00:00:00,OP002,VIM,pending
VIM-2026-00052,endotoxin,7.673,pH,2025-01-18 00:00:00,OP004,VIM,passed
VIM-2026-00053,sterility,7.799,pass/fail,2025-01-18 00:00:00,OP002,VIM,passed
VIM-2026-00054,bioburden,9.105,CFU/mL,2025-01-18 00:00:00,OP003,VIM,passed
VIM-2026-00055,sterility,10.302,CFU/mL,2025-01-19 00:00:00,OP002,VIM,failed
VIM-2026-00056,bioburden,,pH,2025-01-19 00:00:00,OP002,VIM,pending
VIM-2026-00057,bioburden,7.47,EU/mL,2025-01-19 00:00:00,OP003,VIM,failed
VIM-2026-00058,pH,4.86,pass/fail,2025-01-20 00:00:00,OP005,VIM,passed
VIM-2026-00059,sterility,11.235,pass/fail,2025-01-20 00:00:00,OP005,VIM,failed
VIM-2026-00060,pH,4.156,pass/fail,2025-01-20 00:00:00,OP002,VIM,pending
VIM-2026-00061,sterility,6.426,pass/fail,2025-01-21 00:00:00,OP003,VIM,passed
VIM-2026-00062,sterility,1.559,CFU/mL,2025-01-21 00:00:00,OP003,VIM,pending
VIM-2026-00063,pH,0.842,CFU/mL,2025-01-21 00:00:00,OP004,VIM,failed
VIM-2026-00064,pH,,EU/mL,2025-01-22 00:00:00,OP005,VIM,passed
VIM-2026-00065,sterility,11.786,pass/fail,2025-01-22 00:00:00,OP001,VIM,passed
VIM-2026-00066,endotoxin,9.896,pass/fail,2025-01-22 00:00:00,OP005,VIM,passed
VIM-2026-00067,bioburden,6.021,pH,2025-01-23 00:00:00,OP005,VIM,passed
VIM-2026-00068,pH,2.839,CFU/mL,2025-01-23 00:00:00,OP004,VIM,passed
VIM-2026-00069,bioburden,2.612,pass/fail,2025-01-23 00:00:00,OP001,VIM,passed
VIM-2026-00070,endotoxin,3.878,EU/mL,2025-01-24 00:00:00,OP004,VIM,pending
VIM-2026-00071,endotoxin,7.915,EU/mL,2025-01-24 00:00:00,OP001,VIM,pending
VIM-2026-00072,endotoxin,10.147,CFU/mL,2025-01-24 00:00:00,OP002,VIM,failed
VIM-2026-00073,pH,9.413,EU/mL,2025-01-25 00:00:00,OP001,VIM,passed
VIM-2026-00074,endotoxin,4.279,EU/mL,2025-01-25 00:00:00,OP004,VIM,passed
VIM-2026-00075,pH,13.391,CFU/mL,2025-01-25 00:00:00,OP005,VIM,passed
VIM-2026-00076,endotoxin,10.462,pass/fail,2025-01-26 00:00:00,OP001,VIM,passed
VIM-2026-00077,bioburden,7.984,pass/fail,2025-01-26 00:00:00,OP001,VIM,failed
VIM-2026-00078,bioburden,8.758,EU/mL,2025-01-26 00:00:00,OP003,VIM,pending
VIM-2026-00079,sterility,6.165,EU/mL,2025-01-27 00:00:00,OP005,VIM,passed
VIM-2026-00080,bioburden,3.844,pass/fail,2025-01-27 00:00:00,OP002,VIM,pending
VIM-2026-00081,sterility,5.306,CFU/mL,2025-01-27 00:00:00,OP004,VIM,pending
VIM-2026-00082,bioburden,10.731,EU/mL,2025-01-28 00:00:00,OP002,VIM,passed
VIM-2026-00083,pH,0.694,pH,2025-01-28 00:00:00,OP005,VIM,pending
VIM-2026-00084,bioburden,2.067,CFU/mL,2025-01-28 00:00:00,OP001,VIM,passed
VIM-2026-00085,sterility,1.121,EU/mL,2025-01-29 00:00:00,OP001,VIM,passed
VIM-2026-00086,sterility,1.05,EU/mL,2025-01-29 00:00:00,OP005,VIM,passed
VIM-2026-00087,endotoxin,12.049,pH,2025-01-29 00:00:00,OP001,VIM,passed
VIM-2026-00088,pH,9.999,pH,2025-01-30 00:00:00,OP001,VIM,passed
VIM-2026-00089,bioburden,6.901,pass/fail,2025-01-30 00:00:00,OP001,VIM,passed
VIM-2026-00090,endotoxin,1.821,CFU/mL,2025-01-30 00:00:00,OP004,VIM,passed
VIM-2026-00091,bioburden,7.137,CFU/mL,2025-01-31 00:00:00,OP004,VIM,passed
VIM-2026-00092,bioburden,6.892,pass/fail,2025-01-31 00:00:00,OP003,VIM,passed
VIM-2026-00093,endotoxin,2.838,CFU/mL,2025-01-31 00:00:00,OP002,VIM,passed
VIM-2026-00094,endotoxin,6.357,CFU/mL,2025-01-02 00:00:00,OP005,VIM,passed
VIM-2026-00095,endotoxin,5.88,CFU/mL,2025-01-02 00:00:00,OP005,VIM,passed
VIM-2026-00096,endotoxin,8.814,CFU/mL,2025-01-02 00:00:00,OP005,VIM,passed
VIM-2026-00097,endotoxin,9.074,CFU/mL,2025-02-02 00:00:00,OP003,VIM,passed
VIM-2026-00098,bioburden,1.112,pH,2025-02-02 00:00:00,OP004,VIM,passed
VIM-2026-00099,endotoxin,5.557,CFU/mL,2025-02-02 00:00:00,OP003,VIM,passed
VIM-2026-00100,pH,8.949,pH,2025-03-02 00:00:00,OP005,VIM,failed
VIM-2026-00101,sterility,7.292,CFU/mL,2025-03-02 00:00:00,OP002,VIM,passed
VIM-2026-00102,endotoxin,12.063,pass/fail,2025-03-02 00:00:00,OP001,VIM,passed
VIM-2026-00103,endotoxin,9.392,EU/mL,2025-04-02 00:00:00,OP004,VIM,pending
VIM-2026-00104,bioburden,2.7,pH,2025-04-02 00:00:00,OP004,VIM,failed
VIM-2026-00105,endotoxin,1.453,CFU/mL,2025-04-02 00:00:00,OP003,VIM,pending
VIM-2026-00106,endotoxin,9.173,pass/fail,2025-05-02 00:00:00,OP004,VIM,failed
VIM-2026-00107,endotoxin,0.858,EU/mL,2025-05-02 00:00:00,OP005,VIM,passed
VIM-2026-00108,bioburden,8.408,pH,2025-05-02 00:00:00,OP005,VIM,passed
VIM-2026-00109,endotoxin,13.193,EU/mL,2025-06-02 00:00:00,OP003,VIM,passed
VIM-2026-00110,sterility,8.269,pass/fail,2025-06-02 00:00:00,OP005,VIM,passed
VIM-2026-00111,bioburden,5.74,pH,2025-06-02 00:00:00,OP002,VIM,passed
VIM-2026-00112,sterility,9.184,EU/mL,2025-07-02 00:00:00,OP003,VIM,passed
VIM-2026-00113,bioburden,6.686,CFU/mL,2025-07-02 00:00:00,OP002,VIM,passed
VIM-2026-00114,endotoxin,7.866,pH,2025-07-02 00:00:00,OP001,VIM,failed
VIM-2026-00115,sterility,13.21,EU/mL,2025-08-02 00:00:00,OP002,VIM,failed
VIM-2026-00116,bioburden,5.712,pass/fail,2025-08-02 00:00:00,OP001,VIM,passed
VIM-2026-00117,pH,13.476,pass/fail,2025-08-02 00:00:00,OP001,VIM,failed
VIM-2026-00118,endotoxin,12.722,pH,2025-09-02 00:00:00,OP002,VIM,passed
VIM-2026-00119,bioburden,3.143,EU/mL,2025-09-02 00:00:00,OP003,VIM,pending
VIM-2026-00120,pH,1.436,pH,2025-09-02 00:00:00,OP005,VIM,passed
VIM-2026-00121,bioburden,1.861,pH,2025-10-02 00:00:00,OP005,VIM,pending
VIM-2026-00122,pH,0.746,EU/mL,2025-10-02 00:00:00,OP001,VIM,passed
VIM-2026-00123,endotoxin,1.775,EU/mL,2025-10-02 00:00:00,OP001,VIM,passed
VIM-2026-00124,sterility,9.721,CFU/mL,2025-11-02 00:00:00,OP003,VIM,passed
VIM-2026-00125,pH,1.461,EU/mL,2025-11-02 00:00:00,OP004,VIM,passed
VIM-2026-00126,bioburden,4.806,pass/fail,2025-11-02 00:00:00,OP002,VIM,passed
VIM-2026-00127,endotoxin,11.906,pH,2025-12-02 00:00:00,OP001,VIM,passed
VIM-2026-00128,pH,0.814,pH,2025-12-02 00:00:00,OP005,VIM,passed
VIM-2026-00129,bioburden,11.495,pass/fail,2025-12-02 00:00:00,OP003,VIM,passed
VIM-2026-00130,bioburden,4.305,EU/mL,2025-02-13 00:00:00,OP002,VIM,passed
VIM-2026-00131,bioburden,2.095,pass/fail,2025-02-13 00:00:00,OP003,VIM,pending
VIM-2026-00132,pH,9.906,pass/fail,2025-02-13 00:00:00,OP002,VIM,passed
VIM-2026-00133,pH,8.991,CFU/mL,2025-02-14 00:00:00,OP002,VIM,passed
VIM-2026-00134,pH,12.346,pass/fail,2025-02-14 00:00:00,OP001,VIM,passed
VIM-2026-00135,sterility,10.423,pH,2025-02-14 00:00:00,OP003,VIM,failed
VIM-2026-00136,pH,11.347,pass/fail,2025-02-15 00:00:00,UNKNOWN,VIM,passed
VIM-2026-00137,pH,4.307,pH,2025-02-15 00:00:00,OP005,VIM,pending
VIM-2026-00138,pH,2.895,pH,2025-02-15 00:00:00,OP005,VIM,failed
VIM-2026-00139,sterility,10.633,pH,2025-02-16 00:00:00,OP001,VIM,passed
VIM-2026-00140,pH,11.392,EU/mL,2025-02-16 00:00:00,OP001,VIM,passed
VIM-2026-00141,bioburden,,CFU/mL,2025-02-16 00:00:00,OP004,VIM,pending
VIM-2026-00142,pH,6.07,pH,2025-02-17 00:00:00,OP005,VIM,failed
VIM-2026-00143,bioburden,5.522,pH,2025-02-17 00:00:00,OP002,VIM,passed
VIM-2026-00144,bioburden,10.982,EU/mL,2025-02-17 00:00:00,OP003,VIM,passed
VIM-2026-00145,bioburden,5.101,pH,2025-02-18 00:00:00,OP001,VIM,failed
VIM-2026-00146,sterility,13.065,pass/fail,2025-02-18 00:00:00,OP003,VIM,passed
VIM-2026-00147,sterility,12.089,pass/fail,2025-02-18 00:00:00,OP003,VIM,pending
VIM-2026-00148,sterility,6.291,CFU/mL,2025-02-19 00:00:00,OP004,VIM,passed
VIM-2026-00149,pH,10.637,pH,2025-02-19 00:00:00,OP005,VIM,passed
VIM-2026-00150,bioburden,10.686,EU/mL,2025-02-19 00:00:00,OP001,VIM,failed
VIM-2026-00151,sterility,1.892,pass/fail,2025-02-20 00:00:00,OP003,VIM,passed
VIM-2026-00152,sterility,12.684,EU/mL,2025-02-20 00:00:00,OP001,VIM,passed
VIM-2026-00153,pH,7.321,EU/mL,2025-02-20 00:00:00,OP002,VIM,passed
VIM-2026-00154,sterility,11.657,pass/fail,2025-02-21 00:00:00,OP004,VIM,passed
VIM-2026-00155,pH,4.821,EU/mL,2025-02-21 00:00:00,OP002,VIM,passed
VIM-2026-00156,endotoxin,12.59,pass/fail,2025-02-21 00:00:00,OP001,VIM,passed
VIM-2026-00157,sterility,5.754,EU/mL,2025-02-22 00:00:00,OP001,VIM,passed
VIM-2026-00158,endotoxin,0.646,pass/fail,2025-02-22 00:00:00,OP005,VIM,failed
VIM-2026-00159,pH,12.723,pH,2025-02-22 00:00:00,OP003,VIM,passed
VIM-2026-00160,bioburden,1.732,CFU/mL,2025-02-23 00:00:00,OP003,VIM,passed
VIM-2026-00161,sterility,4.811,pass/fail,2025-02-23 00:00:00,OP002,VIM,passed
VIM-2026-00162,pH,13.326,pass/fail,2025-02-23 00:00:00,OP004,VIM,pending
VIM-2026-00163,bioburden,13.333,CFU/mL,2025-02-24 00:00:00,OP003,VIM,failed
VIM-2026-00164,bioburden,8.241,pass/fail,2025-02-24 00:00:00,OP005,VIM,passed
VIM-2026-00165,endotoxin,9.03,pass/fail,2025-02-24 00:00:00,OP002,VIM,passed
VIM-2026-00166,pH,6.554,EU/mL,2025-02-25 00:00:00,OP002,VIM,passed
VIM-2026-00167,bioburden,4.458,CFU/mL,2025-02-25 00:00:00,OP005,VIM,failed
VIM-2026-00168,sterility,4.937,pH,2025-02-25 00:00:00,OP004,VIM,pending
VIM-2026-00169,sterility,9.579,pass/fail,2025-02-26 00:00:00,OP005,VIM,passed
VIM-2026-00170,endotoxin,10.657,CFU/mL,2025-02-26 00:00:00,OP004,VIM,failed
VIM-2026-00171,bioburden,11.186,EU/mL,2025-02-26 00:00:00,OP005,VIM,failed
VIM-2026-00172,pH,11.16,pH,2025-02-27 00:00:00,OP005,VIM,passed
VIM-2026-00173,sterility,1.731,CFU/mL,2025-02-27 00:00:00,OP001,VIM,passed
VIM-2026-00174,bioburden,7.175,pH,2025-02-27 00:00:00,OP002,VIM,passed
VIM-2026-00175,bioburden,,pH,2025-02-28 00:00:00,OP005,VIM,passed
VIM-2026-00176,endotoxin,7.919,pH,2025-02-28 00:00:00,OP005,VIM,pending
VIM-2026-00177,sterility,6.461,pass/fail,2025-02-28 00:00:00,OP003,VIM,passed
VIM-2026-00178,sterility,12.484,pass/fail,2025-01-03 00:00:00,OP002,VIM,passed
VIM-2026-00179,pH,5.237,EU/mL,2025-01-03 00:00:00,OP003,VIM,passed
VIM-2026-00180,sterility,2.08,EU/mL,2025-01-03 00:00:00,OP002,VIM,passed
VIM-2026-00181,pH,2.43,CFU/mL,2025-02-03 00:00:00,OP003,VIM,passed
VIM-2026-00182,sterility,10.78,EU/mL,2025-02-03 00:00:00,OP005,VIM,passed
VIM-2026-00183,endotoxin,8.846,pH,2025-02-03 00:00:00,OP005,VIM,passed
VIM-2026-00184,sterility,1.865,pH,2025-03-03 00:00:00,OP001,VIM,passed
VIM-2026-00185,pH,1.635,pass/fail,2025-03-03 00:00:00,OP003,VIM,passed
VIM-2026-00186,pH,9.963,pH,2025-03-03 00:00:00,OP004,VIM,passed
VIM-2026-00187,endotoxin,1.482,CFU/mL,2025-04-03 00:00:00,OP001,VIM,passed
VIM-2026-00188,sterility,11.595,pH,2025-04-03 00:00:00,OP003,VIM,passed
VIM-2026-00189,sterility,10.034,pH,2025-04-03 00:00:00,OP003,VIM,passed
VIM-2026-00190,endotoxin,1.598,CFU/mL,2025-05-03 00:00:00,OP001,VIM,passed
VIM-2026-00191,sterility,1.645,EU/mL,2025-05-03 00:00:00,OP005,VIM,passed
VIM-2026-00192,sterility,13.82,EU/mL,2025-05-03 00:00:00,OP003,VIM,passed
VIM-2026-00193,pH,5.553,CFU/mL,2025-06-03 00:00:00,OP005,VIM,failed
VIM-2026-00194,sterility,5.504,pass/fail,2025-06-03 00:00:00,OP001,VIM,passed
VIM-2026-00195,sterility,11.473,pH,2025-06-03 00:00:00,OP005,VIM,passed
VIM-2026-00196,endotoxin,13.288,CFU/mL,2025-07-03 00:00:00,OP002,VIM,failed
VIM-2026-00197,endotoxin,13.811,pH,2025-07-03 00:00:00,OP004,VIM,passed
VIM-2026-00198,bioburden,10.671,pass/fail,2025-07-03 00:00:00,OP003,VIM,passed
VIM-2026-00199,pH,5.58,pH,2025-08-03 00:00:00,OP004,VIM,pending
VIM-2026-00200,sterility,1.627,CFU/mL,2025-08-03 00:00:00,OP005,VIM,failed
VIM-2026-00201,sterility,10.991,pH,2025-08-03 00:00:00,OP003,VIM,passed
VIM-2026-00202,bioburden,8.038,EU/mL,2025-09-03 00:00:00,OP005,VIM,passed
VIM-2026-00203,sterility,6.227,pass/fail,2025-09-03 00:00:00,OP002,VIM,passed
VIM-2026-00204,pH,12.736,pass/fail,2025-09-03 00:00:00,OP001,VIM,passed
VIM-2026-00205,bioburden,2.001,pass/fail,2025-10-03 00:00:00,OP003,VIM,passed
VIM-2026-00206,pH,7.15,CFU/mL,2025-10-03 00:00:00,OP002,VIM,passed
VIM-2026-00207,bioburden,0.653,pass/fail,2025-10-03 00:00:00,OP002,VIM,passed
VIM-2026-00208,bioburden,6.827,EU/mL,2025-11-03 00:00:00,OP003,VIM,passed
VIM-2026-00209,endotoxin,1.26,CFU/mL,2025-11-03 00:00:00,OP005,VIM,failed
VIM-2026-00210,pH,2.104,EU/mL,2025-11-03 00:00:00,OP002,VIM,passed
VIM-2026-00211,sterility,2.087,pH,2025-12-03 00:00:00,OP004,VIM,passed
VIM-2026-00212,sterility,9.264,pH,2025-12-03 00:00:00,OP002,VIM,passed
VIM-2026-00213,pH,10.572,pH,2025-12-03 00:00:00,OP005,VIM,passed
VIM-2026-00214,sterility,8.375,pH,2025-03-13 00:00:00,OP005,VIM,passed
VIM-2026-00215,sterility,13.489,EU/mL,2025-03-13 00:00:00,OP004,VIM,passed
VIM-2026-00216,pH,5.561,CFU/mL,2025-03-13 00:00:00,OP002,VIM,passed
VIM-2026-00217,bioburden,4.357,CFU/mL,2025-03-14 00:00:00,OP005,VIM,passed
VIM-2026-00218,pH,12.226,pass/fail,2025-03-14 00:00:00,OP003,VIM,passed
VIM-2026-00219,bioburden,3.519,EU/mL,2025-03-14 00:00:00,OP001,VIM,passed
VIM-2026-00220,sterility,13.504,pH,2025-03-15 00:00:00,OP001,VIM,passed
VIM-2026-00221,sterility,0.664,EU/mL,2025-03-15 00:00:00,OP001,VIM,passed
VIM-2026-00222,sterility,13.593,pass/fail,2025-03-15 00:00:00,OP002,VIM,pending
VIM-2026-00223,endotoxin,1.083,pass/fail,2025-03-16 00:00:00,OP004,VIM,passed
VIM-2026-00224,bioburden,12.53,EU/mL,2025-03-16 00:00:00,OP005,VIM,passed
VIM-2026-00225,endotoxin,7.624,EU/mL,2025-03-16 00:00:00,OP003,VIM,passed
VIM-2026-00226,endotoxin,13.905,EU/mL,2025-03-17 00:00:00,OP003,VIM,passed
VIM-2026-00227,pH,1.496,CFU/mL,2025-03-17 00:00:00,OP002,VIM,pending
VIM-2026-00228,endotoxin,7.977,pH,2025-03-17 00:00:00,OP001,VIM,passed
VIM-2026-00229,pH,13.586,EU/mL,2025-03-18 00:00:00,OP002,VIM,failed
VIM-2026-00230,pH,7.562,EU/mL,2025-03-18 00:00:00,OP004,VIM,passed
VIM-2026-00231,endotoxin,8.997,EU/mL,2025-03-18 00:00:00,OP004,VIM,passed
VIM-2026-00232,bioburden,9.893,pass/fail,2025-03-19 00:00:00,OP005,VIM,passed
VIM-2026-00233,bioburden,6.636,pass/fail,2025-03-19 00:00:00,OP005,VIM,failed
VIM-2026-00234,bioburden,8.972,CFU/mL,2025-03-19 00:00:00,OP004,VIM,passed
VIM-2026-00235,bioburden,8.388,pH,2025-03-20 00:00:00,OP004,VIM,passed
VIM-2026-00236,bioburden,12.666,CFU/mL,2025-03-20 00:00:00,OP004,VIM,pending
VIM-2026-00237,endotoxin,1.114,pH,2025-03-20 00:00:00,OP002,VIM,passed
VIM-2026-00238,endotoxin,4.293,pass/fail,2025-03-21 00:00:00,OP004,VIM,passed
VIM-2026-00239,sterility,13.331,pass/fail,2025-03-21 00:00:00,OP003,VIM,passed
VIM-2026-00240,bioburden,12.519,pass/fail,2025-03-21 00:00:00,OP001,VIM,pending
VIM-2026-00241,endotoxin,6.651,CFU/mL,2025-03-22 00:00:00,OP004,VIM,passed
VIM-2026-00242,sterility,8.872,EU/mL,2025-03-22 00:00:00,OP001,VIM,failed
VIM-2026-00243,bioburden,4.245,EU/mL,2025-03-22 00:00:00,OP002,VIM,failed
VIM-2026-00244,pH,3.04,pass/fail,2025-03-23 00:00:00,OP001,VIM,passed
VIM-2026-00245,sterility,6.76,EU/mL,2025-03-23 00:00:00,OP002,VIM,passed
VIM-2026-00246,endotoxin,5.27,EU/mL,2025-03-23 00:00:00,OP003,VIM,passed
VIM-2026-00247,pH,8.379,CFU/mL,2025-03-24 00:00:00,OP002,VIM,passed
VIM-2026-00248,pH,1.549,pH,2025-03-24 00:00:00,OP002,VIM,failed
VIM-2026-00249,pH,13.654,pass/fail,2025-03-24 00:00:00,OP005,VIM,pending
VIM-2026-00250,sterility,13.814,pass/fail,2025-03-25 00:00:00,OP004,VIM,passed
VIM-2026-00251,endotoxin,9.925,CFU/mL,2025-03-25 00:00:00,OP004,VIM,passed
VIM-2026-00252,pH,7.737,CFU/mL,2025-03-25 00:00:00,OP003,VIM,passed
VIM-2026-00253,bioburden,4.679,EU/mL,2025-03-26 00:00:00,OP003,VIM,passed
VIM-2026-00254,pH,11.486,pass/fail,2025-03-26 00:00:00,OP004,VIM,passed
VIM-2026-00255,pH,9.744,pH,2025-03-26 00:00:00,OP005,VIM,passed
VIM-2026-00256,sterility,2.695,CFU/mL,2025-03-27 00:00:00,OP004,VIM,passed
VIM-2026-00257,sterility,12.798,pH,2025-03-27 00:00:00,OP005,VIM,passed
VIM-2026-00258,endotoxin,,pH,2025-03-27 00:00:00,OP003,VIM,passed
VIM-2026-00259,bioburden,13.322,pass/fail,2025-03-28 00:00:00,OP001,VIM,passed
VIM-2026-00260,sterility,10.297,pass/fail,2025-03-28 00:00:00,OP003,VIM,passed
VIM-2026-00261,pH,8.781,CFU/mL,2025-03-28 00:00:00,OP003,VIM,failed
VIM-2026-00262,endotoxin,6.146,pass/fail,2025-03-29 00:00:00,OP002,VIM,passed
VIM-2026-00263,pH,13.092,pass/fail,2025-03-29 00:00:00,OP002,VIM,pending
VIM-2026-00264,pH,12.192,pass/fail,2025-03-29 00:00:00,OP002,VIM,pending
VIM-2026-00265,sterility,1.11,pH,2025-03-30 00:00:00,OP002,VIM,passed
VIM-2026-00266,endotoxin,0.856,CFU/mL,2025-03-30 00:00:00,OP005,VIM,failed
VIM-2026-00267,bioburden,5.582,EU/mL,2025-03-30 00:00:00,OP004,VIM,passed
VIM-2026-00268,bioburden,11.442,pH,2025-03-31 00:00:00,OP001,VIM,passed
VIM-2026-00269,sterility,13.828,pass/fail,2025-03-31 00:00:00,OP003,VIM,passed
VIM-2026-00270,sterility,2.531,pH,2025-03-31 00:00:00,OP005,VIM,passed
VIM-2026-00271,endotoxin,8.521,pass/fail,2025-01-04 00:00:00,OP001,VIM,passed
VIM-2026-00272,bioburden,5.642,pass/fail,2025-01-04 00:00:00,UNKNOWN,VIM,passed
VIM-2026-00273,bioburden,13.594,pH,2025-01-04 00:00:00,OP005,VIM,passed
VIM-2026-00274,bioburden,11.869,CFU/mL,2025-02-04 00:00:00,OP003,VIM,passed
VIM-2026-00275,pH,,pass/fail,2025-02-04 00:00:00,OP004,VIM,passed
VIM-2026-00276,bioburden,6.827,CFU/mL,2025-02-04 00:00:00,OP002,VIM,failed
VIM-2026-00277,pH,6.1,EU/mL,2025-03-04 00:00:00,OP004,VIM,passed
VIM-2026-00278,endotoxin,4.191,pass/fail,2025-03-04 00:00:00,OP003,VIM,passed
VIM-2026-00279,pH,1.261,CFU/mL,2025-03-04 00:00:00,OP003,VIM,failed
VIM-2026-00280,endotoxin,12.174,CFU/mL,2025-04-04 00:00:00,OP003,VIM,passed
VIM-2026-00281,bioburden,11.474,EU/mL,2025-04-04 00:00:00,OP001,VIM,passed
VIM-2026-00282,bioburden,13.996,CFU/mL,2025-04-04 00:00:00,OP004,VIM,passed
VIM-2026-00283,endotoxin,13.955,CFU/mL,2025-05-04 00:00:00,UNKNOWN,VIM,passed
VIM-2026-00284,sterility,7.998,EU/mL,2025-05-04 00:00:00,OP005,VIM,pending
VIM-2026-00285,endotoxin,10.881,pass/fail,2025-05-04 00:00:00,OP005,VIM,passed
VIM-2026-00286,sterility,13.254,CFU/mL,2025-06-04 00:00:00,UNKNOWN,VIM,pending
VIM-2026-00287,pH,11.97,CFU/mL,2025-06-04 00:00:00,OP003,VIM,passed
VIM-2026-00288,pH,3.839,CFU/mL,2025-06-04 00:00:00,OP004,VIM,passed
VIM-2026-00289,pH,6.582,pH,2025-07-04 00:00:00,OP003,VIM,passed
VIM-2026-00290,bioburden,2.244,EU/mL,2025-07-04 00:00:00,OP001,VIM,passed
VIM-2026-00291,pH,13.38,pH,2025-07-04 00:00:00,OP005,VIM,passed
VIM-2026-00292,sterility,8.683,EU/mL,2025-08-04 00:00:00,OP003,VIM,pending
VIM-2026-00293,pH,3.587,pass/fail,2025-08-04 00:00:00,OP003,VIM,failed
VIM-2026-00294,endotoxin,9.568,pass/fail,2025-08-04 00:00:00,OP001,VIM,passed
VIM-2026-00295,endotoxin,8.845,CFU/mL,2025-09-04 00:00:00,OP002,VIM,pending
VIM-2026-00296,bioburden,5.335,EU/mL,2025-09-04 00:00:00,UNKNOWN,VIM,failed
VIM-2026-00297,endotoxin,2.033,pass/fail,2025-09-04 00:00:00,OP002,VIM,passed
VIM-2026-00298,sterility,9.566,EU/mL,2025-10-04 00:00:00,OP005,VIM,passed
VIM-2026-00299,pH,7.524,pass/fail,2025-10-04 00:00:00,OP003,VIM,passed
VIM-2026-00300,bioburden,10.926,pH,2025-10-04 00:00:00,OP001,VIM,passed
VIM-2026-00301,pH,7.522,pass/fail,2025-11-04 00:00:00,OP001,VIM,passed
VIM-2026-00302,pH,12.004,pH,2025-11-04 00:00:00,OP004,VIM,passed
VIM-2026-00303,sterility,7.951,pass/fail,2025-11-04 00:00:00,OP002,VIM,failed
VIM-2026-00304,endotoxin,8.073,CFU/mL,2025-12-04 00:00:00,OP004,VIM,passed
VIM-2026-00305,endotoxin,12.335,pH,2025-12-04 00:00:00,OP003,VIM,passed
VIM-2026-00306,pH,5.947,pass/fail,2025-12-04 00:00:00,OP004,VIM,pending
VIM-2026-00307,bioburden,2.309,CFU/mL,2025-04-13 00:00:00,OP001,VIM,pending
VIM-2026-00308,endotoxin,0.889,pH,2025-04-13 00:00:00,OP001,VIM,passed
VIM-2026-00309,bioburden,10.694,CFU/mL,2025-04-13 00:00:00,OP005,VIM,pending
VIM-2026-00310,endotoxin,8.874,EU/mL,2025-04-14 00:00:00,OP005,VIM,passed
VIM-2026-00311,bioburden,10.005,EU/mL,2025-04-14 00:00:00,OP003,VIM,passed
VIM-2026-00312,sterility,3.375,pH,2025-04-14 00:00:00,OP002,VIM,passed
VIM-2026-00313,bioburden,2.341,pass/fail,2025-04-15 00:00:00,OP004,VIM,passed
VIM-2026-00314,sterility,0.696,pH,2025-04-15 00:00:00,OP003,VIM,passed
VIM-2026-00315,sterility,5.233,CFU/mL,2025-04-15 00:00:00,OP005,VIM,passed
VIM-2026-00316,bioburden,8.464,pass/fail,2025-04-16 00:00:00,OP004,VIM,passed
VIM-2026-00317,sterility,5.795,EU/mL,2025-04-16 00:00:00,OP005,VIM,passed
VIM-2026-00318,pH,6.406,pass/fail,2025-04-16 00:00:00,OP004,VIM,passed
VIM-2026-00319,sterility,12.706,EU/mL,2025-04-17 00:00:00,OP002,VIM,failed
VIM-2026-00320,endotoxin,5.201,pass/fail,2025-04-17 00:00:00,OP003,VIM,passed
VIM-2026-00321,bioburden,7.439,pass/fail,2025-04-17 00:00:00,OP004,VIM,passed
VIM-2026-00322,pH,11.079,pass/fail,2025-04-18 00:00:00,OP001,VIM,passed
VIM-2026-00323,bioburden,5.853,CFU/mL,2025-04-18 00:00:00,OP001,VIM,passed
VIM-2026-00324,endotoxin,8.898,CFU/mL,2025-04-18 00:00:00,OP004,VIM,passed
VIM-2026-00325,endotoxin,12.142,pH,2025-04-19 00:00:00,OP004,VIM,failed
VIM-2026-00326,endotoxin,13.319,pH,2025-04-19 00:00:00,OP004,VIM,passed
VIM-2026-00327,sterility,2.485,EU/mL,2025-04-19 00:00:00,OP001,VIM,passed
VIM-2026-00328,sterility,13.009,CFU/mL,2025-04-20 00:00:00,OP001,VIM,passed
VIM-2026-00329,bioburden,7.144,EU/mL,2025-04-20 00:00:00,OP004,VIM,passed
VIM-2026-00330,bioburden,3.986,pH,2025-04-20 00:00:00,OP005,VIM,passed
VIM-2026-00331,pH,6.698,EU/mL,2025-04-21 00:00:00,OP005,VIM,passed
VIM-2026-00332,pH,13.73,pH,2025-04-21 00:00:00,OP002,VIM,passed
VIM-2026-00333,bioburden,7.15,CFU/mL,2025-04-21 00:00:00,OP003,VIM,passed
VIM-2026-00334,sterility,4.938,pass/fail,2025-04-22 00:00:00,OP005,VIM,passed
VIM-2026-00335,endotoxin,9.051,CFU/mL,2025-04-22 00:00:00,OP001,VIM,passed
VIM-2026-00336,bioburden,3.742,EU/mL,2025-04-22 00:00:00,OP005,VIM,failed
VIM-2026-00337,pH,1.524,EU/mL,2025-04-23 00:00:00,OP002,VIM,failed
VIM-2026-00338,sterility,2.24,CFU/mL,2025-04-23 00:00:00,OP002,VIM,failed
VIM-2026-00339,bioburden,2.229,CFU/mL,2025-04-23 00:00:00,UNKNOWN,VIM,passed
VIM-2026-00340,bioburden,2.551,pH,2025-04-24 00:00:00,OP005,VIM,passed
VIM-2026-00341,sterility,2.374,EU/mL,2025-04-24 00:00:00,OP001,VIM,passed
VIM-2026-00342,bioburden,9.152,EU/mL,2025-04-24 00:00:00,OP001,VIM,passed
VIM-2026-00343,sterility,2.955,CFU/mL,2025-04-25 00:00:00,OP004,VIM,passed
VIM-2026-00344,endotoxin,5.167,pass/fail,2025-04-25 00:00:00,OP001,VIM,passed
VIM-2026-00345,sterility,12.607,EU/mL,2025-04-25 00:00:00,OP003,VIM,passed
VIM-2026-00346,sterility,6.898,pass/fail,2025-04-26 00:00:00,OP003,VIM,pending
VIM-2026-00347,sterility,9.512,CFU/mL,2025-04-26 00:00:00,OP001,VIM,passed
VIM-2026-00348,bioburden,2.826,CFU/mL,2025-04-26 00:00:00,OP001,VIM,passed
VIM-2026-00349,bioburden,3.096,pH,2025-04-27 00:00:00,OP004,VIM,passed
VIM-2026-00350,sterility,1.052,EU/mL,2025-04-27 00:00:00,OP001,VIM,failed
VIM-2026-00351,bioburden,2.781,pass/fail,2025-04-27 00:00:00,OP004,VIM,passed
VIM-2026-00352,pH,4.261,pH,2025-04-28 00:00:00,OP004,VIM,passed
VIM-2026-00353,pH,2.89,EU/mL,2025-04-28 00:00:00,OP001,VIM,passed
VIM-2026-00354,bioburden,1.697,pH,2025-04-28 00:00:00,OP002,VIM,passed
VIM-2026-00355,bioburden,2.129,CFU/mL,2025-04-29 00:00:00,OP002,VIM,passed
VIM-2026-00356,sterility,6.721,EU/mL,2025-04-29 00:00:00,OP004,VIM,failed
VIM-2026-00357,endotoxin,3.286,pH,2025-04-29 00:00:00,OP001,VIM,passed
VIM-2026-00358,bioburden,5.418,pH,2025-04-30 00:00:00,OP002,VIM,passed
VIM-2026-00359,pH,7.296,pass/fail,2025-04-30 00:00:00,OP001,VIM,passed
VIM-2026-00360,sterility,9.82,pH,2025-04-30 00:00:00,OP001,VIM,passed
VIM-2026-00361,bioburden,1.031,EU/mL,2025-01-05 00:00:00,OP001,VIM,passed
VIM-2026-00362,pH,11.292,EU/mL,2025-01-05 00:00:00,OP005,VIM,passed
VIM-2026-00363,pH,8.977,pass/fail,2025-01-05 00:00:00,OP001,VIM,passed
VIM-2026-00364,endotoxin,1.604,EU/mL,2025-02-05 00:00:00,OP005,VIM,passed
VIM-2026-00365,sterility,12.293,CFU/mL,2025-02-05 00:00:00,OP004,VIM,passed
VIM-2026-00366,sterility,12.932,EU/mL,2025-02-05 00:00:00,OP002,VIM,passed
VIM-2026-00367,endotoxin,1.325,EU/mL,2025-03-05 00:00:00,OP002,VIM,passed
VIM-2026-00368,endotoxin,4.238,pH,2025-03-05 00:00:00,OP002,VIM,pending
VIM-2026-00369,sterility,11.384,pH,2025-03-05 00:00:00,OP002,VIM,passed
VIM-2026-00370,sterility,10.602,EU/mL,2025-04-05 00:00:00,OP002,VIM,passed
VIM-2026-00371,bioburden,2.991,pass/fail,2025-04-05 00:00:00,OP002,VIM,failed
VIM-2026-00372,bioburden,3.326,pH,2025-04-05 00:00:00,OP002,VIM,passed
VIM-2026-00373,endotoxin,5.501,pass/fail,2025-05-05 00:00:00,OP004,VIM,pending
VIM-2026-00374,bioburden,7.041,EU/mL,2025-05-05 00:00:00,OP001,VIM,passed
VIM-2026-00375,pH,8.846,EU/mL,2025-05-05 00:00:00,OP003,VIM,pending
VIM-2026-00376,bioburden,5.48,CFU/mL,2025-06-05 00:00:00,OP005,VIM,passed
VIM-2026-00377,bioburden,6.744,pH,2025-06-05 00:00:00,OP003,VIM,passed
VIM-2026-00378,pH,,EU/mL,2025-06-05 00:00:00,OP003,VIM,passed
VIM-2026-00379,endotoxin,0.995,CFU/mL,2025-07-05 00:00:00,OP001,VIM,pending
VIM-2026-00380,pH,3.908,pH,2025-07-05 00:00:00,OP001,VIM,failed
VIM-2026-00381,bioburden,10.13,EU/mL,2025-07-05 00:00:00,OP001,VIM,passed
VIM-2026-00382,endotoxin,12.585,EU/mL,2025-08-05 00:00:00,OP002,VIM,passed
VIM-2026-00383,bioburden,7.408,pH,2025-08-05 00:00:00,OP004,VIM,pending
VIM-2026-00384,pH,7.684,pH,2025-08-05 00:00:00,OP002,VIM,passed
VIM-2026-00385,pH,1.947,pH,2025-09-05 00:00:00,OP004,VIM,failed
VIM-2026-00386,bioburden,6.54,EU/mL,2025-09-05 00:00:00,OP004,VIM,failed
VIM-2026-00387,sterility,,EU/mL,2025-09-05 00:00:00,OP003,VIM,passed
VIM-2026-00388,sterility,3.773,CFU/mL,2025-10-05 00:00:00,OP003,VIM,passed
VIM-2026-00389,pH,4.135,pass/fail,2025-10-05 00:00:00,OP004,VIM,passed
VIM-2026-00390,pH,5.593,pH,2025-10-05 00:00:00,OP004,VIM,passed
VIM-2026-00391,sterility,0.771,EU/mL,2025-11-05 00:00:00,OP002,VIM,pending
VIM-2026-00392,sterility,4.848,EU/mL,2025-11-05 00:00:00,OP002,VIM,passed
VIM-2026-00393,bioburden,3.355,pH,2025-11-05 00:00:00,OP003,VIM,pending
VIM-2026-00394,bioburden,4.921,pass/fail,2025-12-05 00:00:00,OP001,VIM,passed
VIM-2026-00395,sterility,2.117,pH,2025-12-05 00:00:00,OP004,VIM,pending
VIM-2026-00396,bioburden,12.522,pass/fail,2025-12-05 00:00:00,OP002,VIM,passed
VIM-2026-00397,bioburden,8.513,EU/mL,2025-05-13 00:00:00,OP003,VIM,passed
VIM-2026-00398,endotoxin,9.668,pass/fail,2025-05-13 00:00:00,OP002,VIM,passed
VIM-2026-00399,bioburden,11.154,CFU/mL,2025-05-13 00:00:00,OP004,VIM,failed
VIM-2026-00400,pH,7.229,EU/mL,2025-05-14 00:00:00,OP004,VIM,passed
VIM-2026-00401,bioburden,1.673,CFU/mL,2025-05-14 00:00:00,OP005,VIM,failed
VIM-2026-00402,bioburden,7.751,pH,2025-05-14 00:00:00,OP001,VIM,passed
VIM-2026-00403,sterility,8.422,pH,2025-05-15 00:00:00,OP005,VIM,passed
VIM-2026-00404,pH,10.563,pH,2025-05-15 00:00:00,OP003,VIM,passed
VIM-2026-00405,bioburden,6.327,pass/fail,2025-05-15 00:00:00,OP002,VIM,passed
VIM-2026-00406,bioburden,2.222,EU/mL,2025-05-16 00:00:00,OP003,VIM,passed
VIM-2026-00407,endotoxin,4.331,pH,2025-05-16 00:00:00,OP004,VIM,pending
VIM-2026-00408,bioburden,5.402,pH,2025-05-16 00:00:00,OP005,VIM,pending
VIM-2026-00409,bioburden,9.22,EU/mL,2025-05-17 00:00:00,OP005,VIM,pending
VIM-2026-00410,endotoxin,8.206,pH,2025-05-17 00:00:00,OP005,VIM,failed
VIM-2026-00411,sterility,5.307,CFU/mL,2025-05-17 00:00:00,OP003,VIM,passed
VIM-2026-00412,bioburden,13.818,EU/mL,2025-05-18 00:00:00,OP004,VIM,passed
VIM-2026-00413,endotoxin,8.678,EU/mL,2025-05-18 00:00:00,OP002,VIM,passed
VIM-2026-00414,pH,3.703,EU/mL,2025-05-18 00:00:00,OP002,VIM,failed
VIM-2026-00415,sterility,1.874,CFU/mL,2025-05-19 00:00:00,OP003,VIM,passed
VIM-2026-00416,pH,2.564,EU/mL,2025-05-19 00:00:00,OP005,VIM,passed
VIM-2026-00417,pH,3.82,CFU/mL,2025-05-19 00:00:00,OP001,VIM,passed
VIM-2026-00418,endotoxin,2.669,EU/mL,2025-05-20 00:00:00,OP003,VIM,passed
VIM-2026-00419,bioburden,3.019,pass/fail,2025-05-20 00:00:00,OP003,VIM,pending
VIM-2026-00420,endotoxin,4.349,pH,2025-05-20 00:00:00,OP004,VIM,failed
VIM-2026-00421,endotoxin,2.841,pass/fail,2025-05-21 00:00:00,OP002,VIM,passed
VIM-2026-00422,endotoxin,12.606,pH,2025-05-21 00:00:00,OP003,VIM,pending
VIM-2026-00423,endotoxin,1.583,CFU/mL,2025-05-21 00:00:00,OP003,VIM,passed
VIM-2026-00424,sterility,7.581,pass/fail,2025-05-22 00:00:00,OP005,VIM,passed
VIM-2026-00425,bioburden,6.04,EU/mL,2025-05-22 00:00:00,OP005,VIM,passed
VIM-2026-00426,pH,13.762,pH,2025-05-22 00:00:00,OP001,VIM,passed
VIM-2026-00427,pH,2.013,pH,2025-05-23 00:00:00,OP004,VIM,passed
VIM-2026-00428,bioburden,5.871,pass/fail,2025-05-23 00:00:00,OP001,VIM,pending
VIM-2026-00429,pH,13.588,CFU/mL,2025-05-23 00:00:00,OP005,VIM,passed
VIM-2026-00430,bioburden,12.184,pass/fail,2025-05-24 00:00:00,OP002,VIM,pending
VIM-2026-00431,pH,11.53,CFU/mL,2025-05-24 00:00:00,OP005,VIM,passed
VIM-2026-00432,endotoxin,3.982,CFU/mL,2025-05-24 00:00:00,OP004,VIM,passed
VIM-2026-00433,pH,2.807,pH,2025-05-25 00:00:00,OP005,VIM,passed
VIM-2026-00434,bioburden,,pass/fail,2025-05-25 00:00:00,OP004,VIM,passed
VIM-2026-00435,bioburden,13.047,pass/fail,2025-05-25 00:00:00,OP004,VIM,passed
VIM-2026-00436,bioburden,8.016,CFU/mL,2025-05-26 00:00:00,OP004,VIM,pending
VIM-2026-00437,bioburden,8.217,pass/fail,2025-05-26 00:00:00,OP004,VIM,passed
VIM-2026-00438,bioburden,4.28,EU/mL,2025-05-26 00:00:00,OP004,VIM,passed
VIM-2026-00439,sterility,10.888,EU/mL,2025-05-27 00:00:00,OP002,VIM,passed
VIM-2026-00440,sterility,3.025,pass/fail,2025-05-27 00:00:00,OP001,VIM,passed
VIM-2026-00441,pH,4.87,pass/fail,2025-05-27 00:00:00,OP003,VIM,passed
VIM-2026-00442,bioburden,6.243,CFU/mL,2025-05-28 00:00:00,OP001,VIM,passed
VIM-2026-00443,pH,7.353,EU/mL,2025-05-28 00:00:00,OP004,VIM,passed
VIM-2026-00444,bioburden,3.773,EU/mL,2025-05-28 00:00:00,OP002,VIM,passed
VIM-2026-00445,bioburden,2.05,pH,2025-05-29 00:00:00,OP005,VIM,passed
VIM-2026-00446,sterility,8.743,CFU/mL,2025-05-29 00:00:00,OP002,VIM,passed
VIM-2026-00447,sterility,,pH,2025-05-29 00:00:00,OP004,VIM,passed
VIM-2026-00448,endotoxin,8.347,EU/mL,2025-05-30 00:00:00,OP002,VIM,passed
VIM-2026-00449,sterility,2.584,CFU/mL,2025-05-30 00:00:00,OP002,VIM,pending
VIM-2026-00450,endotoxin,6.995,pass/fail,2025-05-30 00:00:00,OP004,VIM,passed
VIM-2026-00451,endotoxin,,CFU/mL,2025-05-31 00:00:00,OP002,VIM,passed
VIM-2026-00452,endotoxin,1.2,pass/fail,2025-05-31 00:00:00,OP003,VIM,passed
VIM-2026-00453,endotoxin,5.044,pass/fail,2025-05-31 00:00:00,OP003,VIM,pending
VIM-2026-00454,endotoxin,2.315,CFU/mL,2025-01-06 00:00:00,OP002,VIM,passed
VIM-2026-00455,pH,1.356,pass/fail,2025-01-06 00:00:00,OP005,VIM,passed
VIM-2026-00456,sterility,13.864,pH,2025-01-06 00:00:00,OP004,VIM,pending
VIM-2026-00457,endotoxin,4.852,EU/mL,2025-02-06 00:00:00,UNKNOWN,VIM,passed
VIM-2026-00458,bioburden,11.433,pass/fail,2025-02-06 00:00:00,OP005,VIM,passed
VIM-2026-00459,sterility,3.938,pH,2025-02-06 00:00:00,OP002,VIM,passed
VIM-2026-00460,sterility,9.7,pass/fail,2025-03-06 00:00:00,OP005,VIM,passed
VIM-2026-00461,endotoxin,10.763,EU/mL,2025-03-06 00:00:00,OP001,VIM,pending
VIM-2026-00462,pH,8.541,pH,2025-03-06 00:00:00,OP003,VIM,failed
VIM-2026-00463,endotoxin,6.866,EU/mL,2025-04-06 00:00:00,OP002,VIM,passed
VIM-2026-00464,pH,6.06,EU/mL,2025-04-06 00:00:00,OP004,VIM,passed
VIM-2026-00465,bioburden,5.21,pH,2025-04-06 00:00:00,OP002,VIM,passed
VIM-2026-00466,sterility,13.049,pH,2025-05-06 00:00:00,OP004,VIM,passed
VIM-2026-00467,bioburden,11.713,pH,2025-05-06 00:00:00,OP002,VIM,failed
VIM-2026-00468,pH,13.528,CFU/mL,2025-05-06 00:00:00,OP005,VIM,passed
VIM-2026-00469,pH,2.178,pH,2025-06-06 00:00:00,OP005,VIM,passed
VIM-2026-00470,bioburden,10.367,pH,2025-06-06 00:00:00,UNKNOWN,VIM,failed
VIM-2026-00471,pH,13.168,pH,2025-06-06 00:00:00,OP001,VIM,passed
VIM-2026-00472,bioburden,2.947,pH,2025-07-06 00:00:00,OP004,VIM,passed
VIM-2026-00473,sterility,1.398,pass/fail,2025-07-06 00:00:00,OP005,VIM,passed
VIM-2026-00474,bioburden,10.505,CFU/mL,2025-07-06 00:00:00,OP001,VIM,pending
VIM-2026-00475,sterility,8.255,EU/mL,2025-08-06 00:00:00,OP004,VIM,passed
VIM-2026-00476,bioburden,11.865,pH,2025-08-06 00:00:00,OP002,VIM,passed
VIM-2026-00477,pH,2.387,pass/fail,2025-08-06 00:00:00,OP001,VIM,passed
VIM-2026-00478,bioburden,11.236,pass/fail,2025-09-06 00:00:00,OP003,VIM,passed
VIM-2026-00479,pH,3.222,pass/fail,2025-09-06 00:00:00,OP001,VIM,failed
VIM-2026-00480,bioburden,2.709,EU/mL,2025-09-06 00:00:00,OP001,VIM,failed
VIM-2026-00481,bioburden,2.718,pH,2025-10-06 00:00:00,OP004,VIM,passed
VIM-2026-00482,endotoxin,11.497,CFU/mL,2025-10-06 00:00:00,OP002,VIM,passed
VIM-2026-00483,pH,9.48,CFU/mL,2025-10-06 00:00:00,OP003,VIM,passed
VIM-2026-00484,endotoxin,7.561,pass/fail,2025-11-06 00:00:00,OP005,VIM,passed
VIM-2026-00485,pH,5.344,EU/mL,2025-11-06 00:00:00,OP005,VIM,passed
VIM-2026-00486,endotoxin,12.342,EU/mL,2025-11-06 00:00:00,OP001,VIM,pending
VIM-2026-00487,sterility,5.798,EU/mL,2025-12-06 00:00:00,OP004,VIM,passed
VIM-2026-00488,bioburden,11.524,CFU/mL,2025-12-06 00:00:00,OP004,VIM,passed
VIM-2026-00489,pH,6.428,pass/fail,2025-12-06 00:00:00,OP005,VIM,passed
VIM-2026-00490,pH,5.589,pH,2025-06-13 00:00:00,UNKNOWN,VIM,failed
VIM-2026-00491,bioburden,6.746,CFU/mL,2025-06-13 00:00:00,OP002,VIM,failed
VIM-2026-00492,pH,4.569,pass/fail,2025-06-13 00:00:00,OP003,VIM,pending
VIM-2026-00493,pH,10.593,pass/fail,2025-06-14 00:00:00,OP002,VIM,passed
VIM-2026-00494,endotoxin,7.287,pH,2025-06-14 00:00:00,OP005,VIM,passed
VIM-2026-00495,pH,3.635,pH,2025-06-14 00:00:00,OP002,VIM,pending
VIM-2026-00496,sterility,12.644,pH,2025-06-15 00:00:00,OP004,VIM,passed
VIM-2026-00497,sterility,5.683,EU/mL,2025-06-15 00:00:00,OP001,VIM,passed
VIM-2026-00498,bioburden,7.838,pH,2025-06-15 00:00:00,OP001,VIM,failed
VIM-2026-00499,pH,,pass/fail,2025-06-16 00:00:00,OP005,VIM,failed
VIM-2026-00500,bioburden,8.927,pH,2025-06-16 00:00:00,OP004,VIM,passed
