Administrative,Administrative_Duration,Informational,Informational_Duration,ProductRelated,ProductRelated_Duration,BounceRates,ExitRates,PageValues,SpecialDay,Month,OperatingSystems,Browser,Region,TrafficType,VisitorType,Weekend,Revenue
-8,732.25,0,0.0,34,1345.755952,0.005128205,0.013341952,12.27419487,0.8055432936244835,May,3,3,3,2,Returning_Visitor,0,0
0,-631.0599578049133,0,0.0,4,157.2,0.04,0.1,0.0,0.0,Oct,1,8,3,1,Returning_Visitor,1,0
0,667.3526453585539,0,0.0,4,42.0,0.18072852070301554,0.05,64.2210657358123,0.0,Dec,2,10,1,2,Returning_Visitor,0,0
-8,754.8491181159598,0,579.8473338727696,-111,1205.566667,0.1875968937258854,0.0375,19.23625,0.8,May,3,2,2,2,Returning_Visitor,0,1
0,679.3871778982859,0,0.0,32,827.6462121,0.0,0.00058651,63.436756602046636,0.0,Mar,2,2,7,2,Returning_Visitor,0,1
5,140.8,4,254.75,61,1740.052778,0.007179487,0.023796204,14.62413644,0.0,Nov,2,2,2,2,Returning_Visitor,1,0
8,103.0,0,0.0,19,2081.5,0.0,-0.14193706577056733,24.54706296,0.0,Nov,2,2,3,2,New_Visitor,1,1
0,0.0,0,0.0,9,7516.076786771977,0.0,0.0125,0.0,0.0,Mar,3,2,9,2,New_Visitor,0,0
0,0.0,25,0.0,6,317.5,0.0,0.04,0.0,0.0,May,1,1,3,4,New_Visitor,1,0
0,637.0054074440063,25,0.0,63,5220.083333,0.0,0.003329865,51.46331148,0.0,Mar,2,5,3,1,Returning_Visitor,1,1
-9,0.0,0,0.0,1,0.0,0.2,0.218668230315898,0.0,-0.7243229738965489,May,1,1,6,1,Returning_Visitor,0,0
0,0.0,1,12.0,22,1668.95,0.0,0.00952381,12.18867006,0.0,Dec,2,2,1,2,New_Visitor,1,1
0,656.7333388637619,0,0.0,5,177.6666667,0.0,0.22463704276314633,-55.480439354031205,0.0,May,1,1,1,4,New_Visitor,0,0
8,784.5236891818276,0,0.0,178,1784.755219,0.000352113,0.001928521,-62.52878544694892,0.0,Sep,3,2,1,2,Returning_Visitor,0,0
-8,23.0,25,0.0,19,723.4833333,0.003508772,0.022807018,17.68865669,-0.6392903097077959,Jul,2,2,2,2,Returning_Visitor,0,0
8,-464.9151376296004,1,168.2,33,755.8769841,-0.13567803199575162,-0.13713396926872748,0.0,0.0,Oct,2,2,3,3,Returning_Visitor,0,0
2,11.5,0,0.0,12,1562.0,0.023,-0.14613341083898754,33.1128,0.8599754840270755,May,2,2,1,1,Returning_Visitor,0,0
0,0.0,0,-507.0238954101363,181,8171.331500455804,0.075,-0.12514692742328062,0.0,0.0,May,2,2,1,1,Returning_Visitor,0,0
0,0.0,0,595.195476313249,2,30.0,0.0,0.1,0.0,0.0,Mar,3,2,4,1,Returning_Visitor,0,0
-7,741.0131768405854,0,0.0,15,347.7321429,0.0,0.012280702,-64.88888557096358,0.7286690225536381,Nov,1,1,1,2,New_Visitor,0,0
0,-537.5949546368327,0,0.0,1,0.0,0.2,0.2,0.0,0.0,Mar,1,1,4,1,Returning_Visitor,0,0
2,7.0,25,0.0,15,533.11,0.011111111,0.05,4.307627247,0.0,Nov,2,2,1,3,Returning_Visitor,0,0
10,198.2430556,3,276.25,176,4344.919986,0.002531646,0.01196589,0.0,0.0,Dec,4,2,4,2,Returning_Visitor,0,0
14,576.6208333,0,0.0,57,1878.195833,0.003472222,0.010446429,5.002669777,0.0,Nov,2,2,4,8,New_Visitor,0,1
3,745.8446007850349,0,0.0,98,3653.641667,0.002680653,0.21472002772861243,0.0,0.7115157828602853,Nov,2,5,9,2,Returning_Visitor,0,0
1,0.0,0,0.0,18,224.5,0.0375,-0.11747727041281102,0.0,0.0,May,3,2,4,4,Returning_Visitor,1,0
2,33.75,0,0.0,6,96.0,0.0,-0.1345450269157133,0.0,0.0,Dec,2,2,4,2,New_Visitor,0,0
6,107.3666667,0,0.0,11,151.3,0.005555556,0.04,0.0,0.0,Nov,2,2,1,3,Returning_Visitor,0,0
3,47.0,0,0.0,22,486.5,0.0,0.030666667,0.0,0.0,May,3,2,3,11,Returning_Visitor,0,0
12,106.8,0,0.0,166,327.5380952,0.1998433451868545,0.00625,0.0,-0.6620163286790189,Oct,3,2,3,2,New_Visitor,0,0
1,118.8,0,500.58327555862485,8,259.2,0.0,0.007407407,0.0,0.8645695129442511,Sep,2,2,4,2,New_Visitor,0,0
0,0.0,0,0.0,174,56.0,0.0,0.033333333,0.0,0.8,May,2,2,1,13,Returning_Visitor,0,0
0,0.0,25,0.0,4,112.5,0.0,0.05,0.0,0.0,May,3,2,1,6,Returning_Visitor,0,0
-8,0.0,0,0.0,3,24.0,0.066666667,0.133333333,0.0,0.0,Mar,3,2,3,1,Returning_Visitor,1,0
4,221.0,0,0.0,15,338.8571429,-0.14155813270774106,0.030769231,0.0,0.0,May,2,2,6,2,Returning_Visitor,0,0
0,0.0,0,0.0,56,3543.809524,0.004464286,0.021785714,0.0,0.0,Nov,2,7,5,1,Returning_Visitor,1,0
15,91.5,0,0.0,106,2980.889179,0.001851852,0.010139398,1.912422222,-0.7417735965630481,May,4,2,3,6,Returning_Visitor,0,0
3,86.75,2,51.0,11,145.6666667,0.007692308,0.2045449954121749,0.0,0.0,Dec,1,1,1,2,New_Visitor,0,0
2,126.0,0,0.0,6,-5064.444748694149,0.05,0.04375,0.0,0.0,Dec,3,2,5,3,Returning_Visitor,1,0
14,0.0,0,0.0,26,364.6666667,0.065384615,0.086538462,0.0,0.8,May,2,2,3,13,Returning_Visitor,0,0
0,0.0,25,0.0,4,0.0,0.2,-0.1259398815446115,0.0,-0.5467814196402758,Nov,3,2,1,3,Returning_Visitor,0,0
1,14.0,0,0.0,5,92.33333333,0.0,0.016666667,0.0,0.0,Dec,2,4,1,1,New_Visitor,0,0
1,720.5552396003505,0,569.7547099933169,9,949.6,0.0,0.046666667,0.0,0.0,Oct,1,8,5,11,Returning_Visitor,0,0
1,4.0,25,0.0,37,1296.942857,0.013888889,0.039814815,0.0,0.8,May,2,2,4,2,Returning_Visitor,0,0
6,176.6,2,468.48724923991443,45,789.3666667,0.20257376941335464,0.004255319,0.0,0.0,June,2,5,7,2,New_Visitor,0,0
0,-636.9603477116203,0,0.0,23,1544.595238,0.058550725,0.092944664,0.0,-0.6197981970237124,Nov,3,2,8,13,Returning_Visitor,1,0
2,17.0,0,0.0,20,1415.625,-0.1404530079024987,-0.148096512425527,32.578313,0.0,Mar,3,3,1,10,Returning_Visitor,0,0
-10,40.5,0,0.0,180,170.0,0.0,0.016666667,0.0,0.0,Dec,2,4,1,2,Returning_Visitor,0,0
1,7.0,0,0.0,50,-6363.077176558906,0.023809524,0.031399417,0.0,0.0,Nov,3,2,3,3,Returning_Visitor,0,0
4,71.2,0,0.0,6,7452.72562129465,0.0,0.1967580466822661,0.0,0.0,Aug,1,1,1,5,New_Visitor,0,0
-10,0.0,0,0.0,29,488.4090909,0.014285714,0.02173913,0.0,0.0,Nov,1,8,1,11,New_Visitor,0,1
2,-480.0350766519572,0,0.0,8,71.0,0.022222222,0.044444444,0.0,0.0,May,2,2,1,13,Returning_Visitor,0,0
5,123.0,1,12.25,26,934.15,0.014814815,0.034567901,0.0,0.0,Dec,1,1,3,3,Returning_Visitor,0,0
1,49.0,0,0.0,112,8770.279656217708,0.003933137,0.019128308,0.0,0.0,Dec,1,1,4,2,Returning_Visitor,0,0
4,44.0,25,0.0,90,6951.972222,0.19542448569370696,0.015013034,0.0,0.0,Feb,4,1,1,3,Returning_Visitor,0,0
0,0.0,0,0.0,27,1838.15,0.053205128,0.056282051,0.0,0.0,June,3,2,2,3,Returning_Visitor,0,0
12,1276.264286,0,0.0,118,3215.173074,0.0,0.005446194,22.45841786,0.0,Nov,3,2,8,3,Returning_Visitor,0,1
6,93.125,0,0.0,164,424.125,0.0,0.020689655,0.0,0.0,Dec,1,8,1,1,Returning_Visitor,0,0
-10,135.2,5,-409.8737400042482,68,3974.534501,0.013513514,0.19145267118922876,0.0,0.0,Nov,3,2,1,13,Returning_Visitor,1,0
9,252.667619,1,0.0,67,-5643.493754322893,0.022685185,0.029967788,0.131837013,0.0,Oct,3,2,1,13,Returning_Visitor,0,1
0,0.0,0,0.0,13,7024.647058348859,0.0,0.030769231,0.0,0.0,Nov,2,2,1,2,Returning_Visitor,0,0
1,0.0,25,0.0,-140,82.2,0.057142857,0.114285714,-64.32788263932854,-0.6203013030875079,June,3,2,2,4,Returning_Visitor,0,0
3,258.0,2,-412.2667648936028,25,1364.8125,0.029761905,0.035714286,3.18693501,0.0,Dec,1,1,3,10,Returning_Visitor,1,0
2,17.0,0,0.0,6,35.2,-0.16839445486674554,0.075,0.0,0.0,Aug,2,2,7,1,Returning_Visitor,0,0
3,58.5,25,-484.5283117819009,17,281.6666667,0.007058824,0.017647059,0.0,0.0,Feb,1,1,3,4,Returning_Visitor,0,0
0,0.0,0,0.0,20,379.4166667,0.1948291581872082,0.0295,0.0,1.0,May,3,2,1,2,Returning_Visitor,1,0
5,116.0,0,0.0,31,7272.945296869191,0.012903226,0.023870968,0.0,0.8472499614337323,Dec,3,2,8,2,Returning_Visitor,0,0
2,48.0,25,0.0,51,1671.375,0.001098901,0.1961502882387782,-55.51729997788214,0.0,Mar,2,2,1,6,Returning_Visitor,1,0
1,73.75,0,0.0,45,2674.339216,-0.13962155033053067,0.020139353,0.0,0.0,Nov,1,1,8,1,Returning_Visitor,0,0
2,53.85,0,489.77606781741406,2,161.2,0.0,0.0,-54.187696450293544,0.0,Aug,2,4,3,1,Returning_Visitor,0,0
0,0.0,0,0.0,1,0.0,0.2,0.2,0.0,-0.6090728516322652,Nov,3,2,7,13,Returning_Visitor,0,0
7,131.8333333,0,-461.0709603615852,63,2074.611111,0.010793651,0.02000962,0.0,0.0,Dec,3,2,3,10,Returning_Visitor,0,0
0,0.0,0,0.0,-124,166.1666667,0.0,0.025,0.0,0.0,May,2,2,3,4,Returning_Visitor,0,0
2,792.0874171156232,0,0.0,55,1988.931429,0.007272727,0.005330144,5.79089525,0.0,Jul,1,1,1,2,Returning_Visitor,0,0
0,0.0,0,0.0,8,6918.282117019495,0.0,0.00952381,0.0,0.0,Nov,2,5,3,8,New_Visitor,1,0
0,0.0,25,0.0,10,99.0,0.04,0.046666667,0.0,0.6,May,3,2,1,3,Returning_Visitor,0,0
-9,0.0,0,0.0,4,123.0,0.0,0.066666667,0.0,0.0,May,3,2,4,3,Returning_Visitor,0,0
0,0.0,0,0.0,18,588.5,0.051851852,0.08962963,0.0,0.6991656024766102,Dec,3,2,4,1,Returning_Visitor,0,0
10,197.1666667,0,0.0,35,-6348.026049625042,0.0,0.010452962,39.75577236,0.6766577064948719,May,2,2,3,3,Returning_Visitor,0,0
0,0.0,0,0.0,38,3287.0,0.036842105,0.075814536,-60.938843548514456,0.6725705329701184,June,2,5,1,1,Returning_Visitor,0,0
-7,786.174728113574,1,33.0,38,1190.616667,0.21477524232147907,0.011333333,-53.075293947451385,0.0,May,2,2,1,2,New_Visitor,0,0
0,0.0,25,-423.9591402735881,166,-5096.46781139017,-0.1594770185150307,0.066666667,0.0,0.0,Nov,2,2,9,3,Returning_Visitor,0,0
0,-584.5163144304889,0,0.0,7,242.75,0.014285714,-0.1353106046627115,0.0,0.6846527598712892,Nov,3,2,3,11,Returning_Visitor,1,0
0,0.0,0,0.0,2,11.0,0.0,0.1,-65.88170950059,0.0,Nov,3,2,1,10,Returning_Visitor,0,0
4,56.0,0,0.0,186,709.0,0.0,-0.10853227686508306,0.0,0.0,Mar,2,2,1,2,New_Visitor,0,0
2,766.9294947380344,0,0.0,12,497.0,0.0,0.047619048,10.62514286,0.6,May,2,2,1,6,Returning_Visitor,0,0
0,0.0,0,0.0,62,3564.590227,0.021980198,0.052175571,0.0,0.0,Aug,3,2,4,2,Returning_Visitor,0,0
2,706.5586551024746,0,464.40149605713435,-105,-6258.601885129719,0.009722222,0.021345899,0.770991864,0.0,Jul,2,2,4,13,Returning_Visitor,0,0
13,0.0,25,494.44157830454895,2,9.0,0.0,0.1,0.0,0.0,Dec,2,2,1,3,Returning_Visitor,0,0
0,0.0,0,0.0,9,640.6666667,0.20859694233991538,0.011111111,0.0,0.0,Mar,3,2,7,1,Returning_Visitor,1,0
0,-630.45073481132,0,0.0,4,107.0,0.0,0.05,0.0,0.6,May,3,2,3,13,Returning_Visitor,0,0
0,0.0,0,0.0,12,687.4833333,0.0,0.0375,66.32627703579796,0.0,Nov,1,1,1,2,Returning_Visitor,0,0
15,126.0,0,0.0,2,14.35,0.0,0.05,-60.130388258744134,0.0,Aug,3,2,6,5,New_Visitor,1,0
12,61.0,0,0.0,14,175.6666667,0.0,0.010588235,0.0,0.0,Mar,2,2,5,2,Returning_Visitor,0,0
0,0.0,25,0.0,1,0.0,0.17807209711713537,0.2,0.0,0.0,Mar,1,1,1,9,Returning_Visitor,1,0
12,678.4695878273005,0,0.0,5,244.7,0.2174566804436254,0.033333333,0.0,0.0,Nov,2,2,4,1,Returning_Visitor,1,0
12,-508.8285681703827,25,0.0,10,455.0,0.0,0.022222222,25.7526389,0.0,Dec,1,1,2,2,New_Visitor,0,1
2,48.83333333,6,370.875,22,526.0281385,0.032142857,0.032738095,22.93531071,0.6,May,1,1,1,2,Returning_Visitor,0,0
1,41.5,25,-468.47796315994344,12,237.5,0.015384615,0.046153846,0.0,0.0,Dec,1,8,2,1,Returning_Visitor,0,0
0,0.0,3,101.0,7,208.5,0.18669123565447815,0.21708094657050764,-58.75222851119084,0.0,May,2,2,1,5,New_Visitor,0,0
7,64.75,1,17.0,100,2463.244841,0.001886792,0.014944594,0.0,0.0,May,2,2,1,4,Returning_Visitor,0,0
10,85.04,0,0.0,114,-5832.867491981948,0.1839852686708703,0.009414895,0.0,0.0,Nov,2,2,3,2,Returning_Visitor,0,0
0,0.0,25,0.0,166,1145.416667,0.009090909,0.048484848,62.8950716417598,0.0,Nov,3,2,8,10,Returning_Visitor,1,0
-9,90.0,25,0.0,37,592.8375,0.009817814,0.051919272,0.0,0.0,Nov,2,2,1,11,Returning_Visitor,0,0
0,0.0,0,-472.8801118992665,90,-6136.971821320268,0.002222222,0.012763533,0.0,0.8,May,2,2,3,1,Returning_Visitor,0,0
2,675.3333333,25,-530.9784675683028,46,1103.916667,0.0,0.004081633,0.0,0.8,May,2,4,4,4,Returning_Visitor,0,0
12,315.9666667,1,0.0,15,406.575,0.019047619,0.032380952,0.0,0.0,Mar,3,2,3,2,Returning_Visitor,0,0
12,-525.4142606346401,0,0.0,2,96.25,0.19805924301543743,-0.15060261687619148,0.0,0.0,Dec,8,13,9,20,Other,0,0
14,78.6,0,0.0,2,18.2,0.0,0.02,-61.629194556813374,0.0,Jul,3,2,3,2,New_Visitor,1,1
8,147.0,0,0.0,23,627.0,0.006896552,-0.13620136265982324,25.19297315,0.6915713194811248,Dec,1,1,8,2,Returning_Visitor,0,0
0,0.0,0,0.0,17,8812.559109454045,0.19309087697171307,0.001666667,109.176,0.0,Mar,2,2,9,2,New_Visitor,0,1
3,60.83333333,0,0.0,167,7895.641252119492,0.021052632,0.041140351,0.0,0.0,Mar,2,2,3,10,Returning_Visitor,0,0
10,1455.35,0,0.0,167,7789.229067488174,0.007142857,0.029065112,0.0,0.8304686257459248,Nov,2,2,1,2,Returning_Visitor,1,0
1,19.0,0,0.0,29,605.6722222,-0.14893744001508938,0.20414091846479313,0.0,0.8,May,3,2,3,6,Returning_Visitor,0,0
3,49.33333333,2,346.1666667,9,194.3333333,0.0,0.002857143,0.0,0.6,May,2,2,1,2,Returning_Visitor,0,0
2,150.6,0,0.0,86,2554.562381,0.023255814,0.041100372,0.0,0.0,Sep,2,2,1,1,Returning_Visitor,0,0
0,0.0,1,44.0,170,1089.75,0.1917868962963758,0.005853659,0.0,0.0,Mar,2,2,3,2,New_Visitor,0,0
0,0.0,0,487.6830133319901,16,385.5,0.1759818145959468,0.0125,0.0,0.0,Dec,2,2,4,1,Returning_Visitor,0,0
0,0.0,0,0.0,39,7214.3152927741685,0.01025641,0.028972694,0.0,0.0,Dec,1,1,4,2,Returning_Visitor,1,0
-9,0.0,0,0.0,13,365.75,0.20732670430725542,0.030769231,0.0,1.0,May,3,2,3,4,Returning_Visitor,1,0
0,664.5910081600438,0,-453.4652568171954,17,935.25,0.0,0.009803922,0.0,0.0,Nov,2,2,1,2,New_Visitor,0,0
0,716.7958414264278,0,0.0,93,4261.842857,0.002930403,0.21969540546727362,0.0,0.0,Mar,3,3,8,1,Returning_Visitor,0,0
8,115.2,1,11.0,18,436.6,0.19112093423531729,0.008695652,0.0,0.0,Nov,2,2,7,2,Returning_Visitor,0,0
0,0.0,0,0.0,174,0.0,-0.14246543097216083,0.2,-65.15682235944385,0.0,Mar,2,2,7,10,Returning_Visitor,0,0
0,0.0,0,0.0,5,218.0,0.0,0.04,0.0,0.0,Mar,2,2,1,2,Returning_Visitor,0,0
1,793.2055908834366,0,0.0,16,-4693.560648452287,0.0,0.007142857,0.0,0.8053887066459076,Dec,1,1,1,2,New_Visitor,0,0
0,0.0,25,0.0,195,0.0,0.2,0.2,0.0,0.0,Dec,3,2,2,10,Other,0,0
1,2.0,0,0.0,5,86.6,0.0,0.1,0.0,0.0,Sep,3,2,3,2,Returning_Visitor,0,0
2,28.0,0,0.0,9,163.375,0.0,0.211013022371914,0.0,0.0,Dec,1,2,3,2,New_Visitor,0,0
2,992.7142857,5,809.5,28,1793.214286,0.005714286,0.016428571,9.69917706,0.0,Nov,2,2,1,10,Returning_Visitor,0,1
2,74.0,0,0.0,13,429.0,0.013333333,0.040444444,0.0,0.0,Mar,2,4,3,6,Returning_Visitor,0,0
-8,-486.20756558330334,0,0.0,1,8238.868420980038,0.1,-0.12122255126159949,0.0,0.0,June,3,2,1,4,Returning_Visitor,0,0
0,0.0,25,0.0,3,36.6,0.0,0.033333333,0.0,0.7378357698758705,Aug,2,2,6,2,Returning_Visitor,0,0
1,76.0,0,0.0,37,821.3333333,0.0,0.014285714,0.0,0.0,May,2,2,4,4,Returning_Visitor,0,0
0,0.0,25,0.0,3,0.0,0.2,0.2,0.0,0.7901144728698052,May,2,2,3,1,Returning_Visitor,0,0
-7,0.0,0,0.0,37,785.3833333,0.05,0.079573935,0.0,0.6,May,2,2,3,11,Returning_Visitor,0,0
7,170.8333333,1,39.0,4,45.33333333,0.0,0.011111111,0.0,0.7222386822813827,May,3,2,1,2,Returning_Visitor,0,0
0,0.0,0,0.0,84,8740.293234072304,0.004703833,0.013205032,0.0,0.6776382388535268,Nov,1,1,1,2,Returning_Visitor,1,0
6,145.0,0,0.0,13,644.0,0.0,0.013333333,0.0,-0.7161810573038004,Mar,2,2,1,2,New_Visitor,0,0
0,0.0,0,0.0,1,8680.617839852486,0.2,0.2,71.62879449473664,0.8,May,2,2,1,1,Returning_Visitor,0,0
4,131.1,0,0.0,13,777.05,0.0,0.003921569,0.0,0.0,Oct,2,2,1,2,Returning_Visitor,0,0
0,0.0,0,0.0,24,488.3333333,0.0,0.004347826,72.30208696,0.0,May,2,2,1,4,New_Visitor,0,1
4,71.3,0,0.0,66,4415.333333,0.009950249,0.02453119,0.0,0.4,May,2,2,6,11,Returning_Visitor,0,0
1,-611.4025988868458,1,13.5,-139,1005.849206,0.0,0.007986111,0.0,0.0,Mar,1,1,3,3,Returning_Visitor,0,0
14,0.0,0,0.0,203,74.0,0.0,0.04,-52.595820860138375,0.0,Mar,2,2,1,10,Returning_Visitor,0,0
0,0.0,0,0.0,11,276.0,0.0,0.011111111,0.0,-0.6990976553319199,May,2,2,1,1,Returning_Visitor,0,0
0,0.0,0,0.0,10,148.5,0.09,0.096666667,0.0,0.4,May,1,1,1,2,Returning_Visitor,0,0
0,0.0,0,0.0,9,268.5,0.055555556,0.1,0.0,0.8,May,2,2,1,6,Returning_Visitor,0,0
0,0.0,0,0.0,16,318.0666667,0.025,0.033333333,0.0,0.0,Jul,3,2,3,1,Returning_Visitor,0,0
0,0.0,0,558.5253404097571,2,5.0,0.0,0.1,0.0,0.0,Mar,2,2,1,13,Returning_Visitor,1,0
0,0.0,25,0.0,42,2058.25,0.021138211,0.051219512,0.0,0.2,May,2,10,7,1,Returning_Visitor,0,0
12,975.6466667,4,276.08,53,2822.623603,0.006666667,0.017015392,0.0,-0.6490752705746791,Sep,3,2,8,2,Returning_Visitor,1,0
3,48.4,0,0.0,137,3004.628109,-0.14255357609032077,0.011750149,64.13984856670434,0.8602875782123012,Oct,2,4,9,2,Returning_Visitor,0,0
0,0.0,0,0.0,22,337.1,0.0,-0.1288686063226129,0.0,-0.6935783875549789,Aug,2,4,1,3,Returning_Visitor,0,0
2,16.0,0,536.9001133059994,42,7269.682845677281,0.0,0.012804878,62.408140567461494,-0.7362330388300373,Nov,2,2,1,2,Returning_Visitor,0,0
0,0.0,2,63.5,14,376.0,0.0375,0.040625,79.67701175473074,-0.6246148959581922,Nov,2,2,2,11,Returning_Visitor,1,1
8,-599.6749294082514,2,33.5,71,1714.778571,0.018333333,0.035661897,-65.89088188838971,0.0,Nov,2,2,1,1,Returning_Visitor,0,0
0,0.0,0,582.6942593000082,16,680.75,0.0,0.014285714,0.0,0.0,May,2,2,1,2,Returning_Visitor,0,0
0,0.0,0,-392.1857210932375,3,40.4,0.0,0.066666667,72.57010808641577,0.0,June,2,2,1,4,Returning_Visitor,1,0
0,0.0,0,0.0,13,283.5,0.0,0.030769231,0.0,0.4,May,2,2,5,3,Returning_Visitor,0,0
0,0.0,0,-442.41371376976724,8,70.2,0.18991635251235747,0.061111111,70.19782073520932,0.0,Mar,1,2,8,1,Returning_Visitor,0,0
5,66.6,0,0.0,13,523.6,0.0,0.013333333,0.0,0.0,Oct,2,2,6,3,Returning_Visitor,0,0
2,109.0,5,125.0,1,34.0,0.0,0.00952381,0.0,0.0,May,3,2,1,4,Returning_Visitor,0,0
2,353.0,0,0.0,-117,2874.083333,0.025,0.20727716590931916,0.0,0.0,May,2,2,3,6,Returning_Visitor,0,0
0,0.0,0,0.0,5,42.0,0.18617814563659474,0.08,0.0,0.0,May,2,2,2,13,Returning_Visitor,0,0
6,342.1,0,0.0,82,895.1111111,-0.16004635516247817,-0.12432712199869439,0.0,0.0,Sep,2,2,1,3,Returning_Visitor,0,0
2,77.0,0,-485.4649529534499,32,1223.416667,0.0,0.010784314,215.0094118,0.0,May,3,2,4,2,Returning_Visitor,0,1
0,0.0,25,0.0,-112,438.6666667,0.023076923,-0.14296379068374343,0.0,0.0,Nov,1,1,1,3,Returning_Visitor,0,0
2,13.0,0,0.0,17,209.7,0.023529412,0.038235294,0.0,0.7869049644367975,June,1,1,3,4,Returning_Visitor,0,0
14,0.0,0,0.0,4,7512.689138779957,0.1,0.15,-63.83861370867753,0.6,May,2,2,1,3,Returning_Visitor,0,0
1,0.0,0,475.73438571282503,35,499.4,0.011764706,0.028151261,0.0,0.0,Mar,2,2,3,1,Returning_Visitor,1,0
0,0.0,0,0.0,17,-5674.686421317653,0.0,0.035294118,0.0,0.6,May,4,1,3,3,Returning_Visitor,0,0
0,0.0,0,0.0,1,0.0,0.2,0.2,0.0,0.0,Mar,2,2,4,1,Returning_Visitor,0,0
0,0.0,0,567.3590500722145,1,0.0,0.2,0.2,0.0,0.0,May,2,2,1,3,Returning_Visitor,0,0
0,0.0,25,0.0,1,0.0,0.2,0.2,0.0,0.0,June,3,2,3,13,Returning_Visitor,0,0
0,0.0,0,0.0,-140,276.35,0.0,0.007142857,0.0,0.0,June,1,1,1,2,Returning_Visitor,0,0
4,312.75,25,0.0,14,702.9166667,0.1841310553767271,0.014259259,0.0,0.0,Mar,3,2,1,2,New_Visitor,0,0
1,23.0,2,272.5,30,974.2698413,0.006451613,0.007885305,78.63158389896883,0.0,May,2,2,4,1,Returning_Visitor,1,1
0,0.0,0,539.2320044808722,5,72.5,0.21410562673767097,0.04,0.0,0.0,May,2,6,6,3,Returning_Visitor,0,0
4,60.0,2,83.5,125,3727.32381,0.0,-0.11033554793862219,0.0,0.0,May,2,2,7,2,Returning_Visitor,0,0
0,0.0,0,0.0,5,59.25,0.2002097878471209,0.1,0.0,0.0,Nov,2,6,2,2,Returning_Visitor,0,0
0,0.0,0,0.0,202,0.0,0.2,0.2,0.0,-0.5791099981346883,Aug,2,5,7,1,Returning_Visitor,0,0
0,0.0,0,497.5627480641912,7,317.0,0.025,0.23557554072227868,0.0,0.2,May,2,2,2,6,Returning_Visitor,0,0
5,44.74,3,129.75,-111,390.4566667,0.0,0.019230769,0.0,-0.6657209783167508,Aug,2,2,1,4,Returning_Visitor,0,0
8,131.3333333,1,4.0,-127,-5137.584100045844,0.0,0.004166667,0.0,0.0,May,2,2,4,4,Returning_Visitor,1,0
6,91.75,0,564.1691111670419,11,380.6666667,0.1808913682320538,0.005128205,64.69058307382896,0.0,Dec,2,2,1,2,Returning_Visitor,1,0
5,265.0433333,1,-468.20774691100365,38,8034.934264142145,0.013333333,0.040833333,0.0,0.0,Aug,2,2,8,1,Returning_Visitor,0,0
0,0.0,0,0.0,1,-5825.22419765049,0.2,0.2,0.0,0.0,Mar,3,2,3,9,Returning_Visitor,1,0
0,0.0,0,0.0,7,110.0,0.057142857,0.142857143,0.0,0.0,Mar,3,2,8,1,Returning_Visitor,0,0
0,0.0,0,0.0,5,-6215.604277105213,0.12,0.16,0.0,0.0,Mar,1,10,1,1,Returning_Visitor,0,0
0,747.1819788139575,25,0.0,4,151.5,-0.14095638371271557,0.05,0.0,0.0,Mar,3,2,1,1,Returning_Visitor,0,0
0,-542.0682352773791,0,0.0,2,4.0,0.0,0.1,0.0,0.0,Mar,2,2,4,1,Returning_Visitor,0,0
0,0.0,1,85.0,2,35.5,0.0,0.066666667,78.85679179170107,0.4,May,1,2,8,1,Returning_Visitor,0,0
4,622.3390382077527,0,0.0,8,372.25,0.022222222,0.00952381,0.0,0.0,Dec,1,2,1,8,Returning_Visitor,0,0
1,2.0,6,546.9165813365913,140,3252.200476,0.005479452,0.024292237,0.0,0.0,Jul,2,2,4,1,Returning_Visitor,0,0
3,142.1333333,2,141.2,8,361.2333333,-0.13559192350838223,0.038888889,0.0,0.0,Oct,1,1,1,2,Returning_Visitor,1,0
4,33.0,0,0.0,19,502.4583333,0.16900716844189273,-0.12753900652599823,0.0,0.0,Mar,2,2,1,1,Returning_Visitor,0,0
8,1592.916667,2,146.6666667,14,-6342.772927090716,0.0,0.031578947,0.0,0.0,Nov,4,1,3,8,New_Visitor,0,1
1,40.0,25,279.5,62,1088.830952,0.000980392,0.007230392,11.48461765,0.0,Mar,3,2,1,9,Returning_Visitor,1,1
1,627.1487201423673,0,0.0,14,306.5,0.0,0.004444444,0.0,0.0,Mar,2,2,3,2,Returning_Visitor,0,0
0,0.0,0,0.0,1,0.0,0.2,0.2,0.0,0.0,May,3,2,7,1,Returning_Visitor,0,0
3,40.0,0,563.405079551203,9,1362.0,0.0,0.008333333,0.0,0.7316303266318068,Mar,2,2,7,6,Returning_Visitor,0,0
2,90.0,1,48.5,-122,3789.583333,0.0,0.023170732,0.0,0.0,Dec,2,2,4,2,Returning_Visitor,1,0
3,29.25,0,0.0,-121,8510.107329381983,0.0,0.005714286,-63.4970529668473,0.0,Dec,2,4,3,2,New_Visitor,0,1
0,0.0,0,0.0,1,36.0,0.0,0.066666667,0.0,0.0,Mar,3,2,6,2,Returning_Visitor,1,0
7,78.3,5,120.0,87,1363.263492,0.004301075,0.008090118,30.80927957,0.6,May,2,2,3,2,Returning_Visitor,0,1
3,19.0,0,0.0,8,7939.749305217155,0.0,0.23196028694184387,0.0,0.8086437902347248,Feb,2,4,2,3,Returning_Visitor,0,0
2,28.0,0,0.0,7,115.6666667,0.0,0.02,0.0,1.0,May,1,1,1,5,New_Visitor,1,0
0,0.0,0,0.0,178,-5969.6928505462365,0.0,0.005098039,0.0,-0.6345152920029831,May,3,2,1,2,Returning_Visitor,0,0
0,0.0,0,0.0,6,330.0,0.066666667,0.1,0.0,0.0,Mar,3,2,8,10,Returning_Visitor,0,0
0,0.0,0,479.4523158927208,-118,-5232.210693624413,0.0,0.23131141945541045,0.0,1.0,Feb,2,2,5,1,Returning_Visitor,1,0
0,0.0,0,0.0,23,502.4666667,0.0,0.035507246,0.0,0.8,May,2,2,7,1,Returning_Visitor,0,0
-8,183.0833333,1,485.3415280645119,349,6879.801826,0.000568182,0.004306345,1.625051033,0.0,Nov,4,2,9,10,Returning_Visitor,0,0
0,0.0,0,-468.9872181704145,6,184.0,0.18442805077505336,0.116666667,0.0,0.0,Nov,2,10,4,3,Returning_Visitor,0,0
0,0.0,0,0.0,16,-4893.51082595665,0.04375,0.072916667,0.0,0.0,Nov,2,2,3,13,Returning_Visitor,0,0
0,0.0,0,0.0,-120,33.0,0.0,0.1,0.0,0.2,Feb,1,1,1,3,Returning_Visitor,0,0
2,-500.0137881065032,1,0.0,19,555.4,0.027272727,0.053030303,0.0,0.0,Oct,3,2,1,2,Returning_Visitor,0,0
12,0.0,0,-437.70933654601345,7,138.8733333,0.0,0.0,179.307293,0.0,Nov,2,2,4,2,New_Visitor,1,1
0,0.0,0,598.4851514670345,3,8.0,-0.1575951981889023,0.133333333,0.0,0.0,Mar,2,4,1,3,Returning_Visitor,0,0
0,0.0,0,0.0,6,90.16666667,0.033333333,0.23272654323710512,62.618017737333005,0.0,Nov,3,2,4,1,Returning_Visitor,1,0
7,147.7907692,2,537.6775925147133,28,8339.852273866818,0.006666667,0.021453423,11.284275,0.0,May,3,2,1,3,Returning_Visitor,1,0
5,548.3142857,25,448.5,102,5703.476786,0.00173913,0.01470751,0.0,0.0,May,2,2,1,4,Returning_Visitor,1,0
-7,937.1746032,3,-467.2837919537238,109,6682.677557,0.000833333,0.005345441,2.526616865,0.0,Mar,1,2,3,2,Returning_Visitor,0,0
0,0.0,0,0.0,53,1768.657051,0.0,0.003921569,0.0,0.0,Nov,2,4,3,2,Returning_Visitor,0,0
0,736.0588227826454,0,0.0,7,99.7,0.0,0.014285714,0.0,-0.5534499232987278,May,1,1,1,1,Returning_Visitor,0,0
0,0.0,3,83.0,18,511.5,0.21714700854528748,0.028571429,0.0,0.0,May,2,2,6,1,Returning_Visitor,0,0
2,13.0,0,0.0,66,2061.926508,0.013235294,-0.10693263610176992,0.0,-0.7383728758605514,Jul,3,2,6,3,Returning_Visitor,0,0
1,48.4,0,0.0,22,2707.386667,0.0,0.009722222,64.34818842909259,0.0,Sep,3,2,1,1,Returning_Visitor,1,0
3,120.6,3,183.8,85,1813.753466,0.0,0.005699436,0.858361456,0.0,Aug,2,2,3,4,Returning_Visitor,0,0
2,10.0,1,17.0,21,8485.934660930932,0.0,0.013043478,0.0,0.0,May,2,2,4,4,Returning_Visitor,0,0
2,49.5,0,0.0,260,8555.765985,0.005401961,0.017330846,0.0,0.0,Nov,1,2,1,2,Returning_Visitor,0,1
5,243.0,25,106.0,22,1654.722222,0.028571429,0.028214286,31.178125,0.0,May,4,2,1,1,Returning_Visitor,0,0
3,152.0,1,64.4,9,358.4,0.0,0.015384615,0.0,0.0,Oct,2,2,1,2,New_Visitor,1,0
0,-538.1692917654407,25,577.5030821851907,10,140.0,0.04,0.07,0.0,0.8,May,1,8,3,1,Returning_Visitor,0,0
7,199.8333333,0,0.0,27,669.9333333,0.21716757980192378,0.0,0.0,0.0,Aug,2,5,1,2,New_Visitor,1,0
0,628.4648278097578,0,0.0,15,440.0,-0.15020670974494216,0.033333333,0.0,0.8,May,4,1,4,2,Returning_Visitor,0,0
0,0.0,0,0.0,37,1234.525,0.0,0.020720721,0.0,0.0,Dec,1,2,5,3,Returning_Visitor,0,0
2,-615.2948397175408,25,0.0,14,643.0,0.0,0.013333333,35.0928,0.8173182801207477,Mar,2,2,5,1,Returning_Visitor,0,1
0,0.0,0,0.0,17,559.75,0.011764706,0.019607843,0.0,0.0,Nov,1,1,3,3,Returning_Visitor,0,0
13,65.5,0,0.0,72,1243.80882,0.000675676,0.007297297,0.0,0.0,May,2,2,4,2,Returning_Visitor,0,0
0,0.0,0,0.0,10,824.0,0.06,0.09,0.0,0.0,Dec,1,1,1,3,Returning_Visitor,0,0
3,66.5,25,-478.7029141867705,152,3684.321458,0.005194805,0.010451453,12.64606692,0.0,Nov,2,2,1,2,Returning_Visitor,0,1
0,0.0,0,0.0,4,8017.565982822616,0.0,0.05,0.0,0.0,May,1,1,1,2,Returning_Visitor,1,0
0,0.0,25,0.0,5,42.2,0.0,0.04,0.0,0.0,June,2,2,3,1,Returning_Visitor,0,0
0,-485.6079857864215,25,0.0,3,77.0,0.0,0.066666667,0.0,0.0,Mar,4,2,6,1,Returning_Visitor,0,0
-7,33.2,0,0.0,1,7.0,0.0,-0.13996783166885204,76.27211609172174,0.0,Oct,2,5,3,2,New_Visitor,1,0
0,0.0,0,0.0,5,36.0,0.15,0.20336931229461214,-60.115555517279205,0.0,Mar,3,2,3,1,Returning_Visitor,0,0
0,795.6367309083648,0,0.0,-105,-5325.950262226978,0.0,-0.13486134700694336,0.0,0.0,May,2,4,1,2,Returning_Visitor,0,0
12,140.55,25,24.7,149,8147.111565,0.011111111,0.050691712,0.0,0.0,Nov,2,2,3,2,Returning_Visitor,0,0
5,262.1212121,1,0.0,117,7468.860173,0.012900188,0.020948132,3.014025584,-0.6075067538582295,Nov,3,2,1,2,Returning_Visitor,0,0
2,90.0,0,-491.3232133630989,184,650.6666667,0.20503355478926355,0.045217391,0.0,0.0,May,2,2,4,1,Returning_Visitor,0,0
14,39.0,25,0.0,2,4.0,0.1977764108377936,0.04,66.36013453274215,0.0,Mar,2,5,1,1,Returning_Visitor,0,0
3,96.8,25,0.0,29,7704.330248637656,0.026075269,-0.13972615580264466,0.0,0.0,Sep,2,2,3,1,Returning_Visitor,0,0
3,47.8,25,489.6926438795424,33,451.1890072,0.0,0.00240967,66.46655355966139,0.0,Aug,1,1,2,3,Returning_Visitor,1,0
0,0.0,0,0.0,16,838.1666667,0.0125,0.034375,0.0,0.8286810945924419,May,1,1,2,4,Returning_Visitor,0,0
2,95.0,0,467.22226085539216,15,449.5,-0.15571162074807102,0.04375,0.0,0.0,Mar,2,2,4,1,Returning_Visitor,0,0
0,0.0,0,0.0,168,1429.501111,0.005263158,0.018947368,75.91454001903635,0.0,June,2,2,1,3,Returning_Visitor,0,0
0,0.0,0,0.0,-104,92.25,0.041666667,-0.116907477154308,0.0,0.0,Nov,3,2,4,13,Returning_Visitor,0,0
0,0.0,0,0.0,16,450.8333333,0.04375,0.21969237963693838,0.0,0.0,May,2,2,2,1,Returning_Visitor,0,0
0,790.7703865649479,0,0.0,8,357.25,0.0,0.0625,0.0,0.0,Mar,2,10,4,3,Returning_Visitor,1,0
1,58.0,0,-503.0725108288644,33,647.625,0.0,0.00625,0.0,0.0,Dec,3,2,3,2,New_Visitor,0,0
0,0.0,25,0.0,15,7850.93781334245,0.0,0.006666667,-65.23057205232527,0.0,Feb,1,1,4,4,Returning_Visitor,0,0
0,0.0,25,0.0,2,9.0,0.0,0.1,0.0,0.8411657955991471,Mar,2,2,1,3,Returning_Visitor,1,0
-9,-572.2158155491584,0,0.0,56,959.8117424,-0.12608562360760078,0.011420635,11.61864445,0.8149607784239077,Nov,2,2,1,1,Returning_Visitor,1,0
1,70.5,0,0.0,12,541.5357143,0.0,0.008333333,115.7819471,0.0,Nov,2,5,3,2,New_Visitor,1,1
-7,135.5,0,-400.58685847498043,-134,1238.375,0.005405405,0.030510511,7.941531532,0.0,May,2,2,1,2,Returning_Visitor,0,0
3,63.5,0,-502.784926839726,94,4620.088889,0.002150538,0.010752688,0.0,0.0,Dec,2,2,1,2,Returning_Visitor,1,0
-8,0.0,25,-414.4563369874246,14,502.9166667,0.0,0.021428571,0.0,0.0,Dec,1,1,2,1,Returning_Visitor,0,0
0,0.0,0,0.0,30,1726.75,0.0,0.015555556,-54.115823431645396,0.0,Nov,2,4,3,2,New_Visitor,0,0
0,0.0,0,0.0,12,136.5,0.016666667,0.033333333,0.0,0.0,May,2,2,3,3,Returning_Visitor,0,0
1,0.0,0,-465.7425838757779,16,2007.0,0.01875,0.054166667,0.0,0.0,Nov,1,1,3,1,Returning_Visitor,0,0
6,257.5,0,0.0,-103,2533.333333,0.014634146,0.031707317,6.651334683,0.0,Nov,2,2,3,1,Returning_Visitor,0,1
0,0.0,0,0.0,-141,2676.0,0.030769231,0.04556213,0.0,0.6,May,2,6,2,6,Returning_Visitor,0,0
0,0.0,0,589.3784566800097,8,82.83333333,0.0,0.00625,0.0,0.0,May,1,1,1,4,Returning_Visitor,1,0
13,45.0,0,-487.76980933848677,13,1610.916667,0.0,0.007142857,0.0,0.0,Mar,1,1,1,3,New_Visitor,1,0
0,0.0,0,0.0,-104,250.8,0.0,0.01,0.0,0.0,Mar,2,2,4,3,Returning_Visitor,0,0
0,0.0,0,0.0,8,-6186.505818886651,0.19469470469876501,0.014285714,0.0,0.0,Dec,1,1,1,1,Returning_Visitor,1,0
0,0.0,25,88.6,35,7074.5348276929235,0.0,0.001388889,0.0,0.718206173917939,Jul,1,1,3,1,Returning_Visitor,0,0
13,407.57,0,0.0,146,2650.780526,0.0,0.011184211,0.0,0.0,Oct,4,1,1,2,Returning_Visitor,1,0
0,0.0,0,0.0,10,-4739.06237291326,-0.14317825935819348,0.14,0.0,0.0,May,3,2,2,13,Returning_Visitor,0,0
0,0.0,0,0.0,1,70.5,0.0,0.1,0.0,0.0,Nov,2,10,1,3,Returning_Visitor,0,0
0,764.726140533241,25,595.2085716427252,5,162.5,0.04,0.073333333,0.0,0.0,May,3,2,1,3,Returning_Visitor,0,0
5,205.5,1,8.0,171,7828.873819579967,0.0,0.017261905,4.744206349,0.0,May,3,2,8,2,Returning_Visitor,1,0
3,24.0,0,0.0,35,529.2916667,0.0,0.021621622,0.0,0.0,Nov,2,2,1,1,Returning_Visitor,0,0
0,0.0,0,0.0,38,1633.833333,0.0,0.007894737,0.0,0.7764443455195728,May,2,2,1,1,Returning_Visitor,1,0
0,763.5268711577133,2,10.0,15,178.0,0.019607843,0.043137255,0.0,0.0,May,2,2,1,4,Returning_Visitor,0,0
14,62.0,0,0.0,179,1935.335516,0.0,0.008031496,0.0,0.8624062505528088,Nov,4,2,3,3,Returning_Visitor,0,0
0,690.2418611755222,0,0.0,31,502.9666667,0.012903226,0.04516129,73.69436815497782,0.0,Oct,2,2,2,1,Returning_Visitor,0,0
0,0.0,0,0.0,14,1404.75,0.0,0.021428571,0.0,0.0,Dec,2,2,1,2,New_Visitor,0,0
10,644.3625576973843,1,46.4,271,12292.46381,0.005995204,0.02001083,0.038034542,-0.671110126110171,Jul,2,2,2,3,Returning_Visitor,1,0
14,0.0,25,0.0,1,0.0,0.2,0.2,0.0,0.0,Nov,2,2,1,1,Returning_Visitor,0,0
-7,54.8,1,28.2,24,203.0677778,0.0,0.008,-62.01374190350842,0.0,June,2,2,1,4,Returning_Visitor,0,1
-7,248.2285714,0,0.0,66,1158.782857,0.009722222,0.022569444,0.0,0.0,Aug,3,2,1,3,Returning_Visitor,0,0
0,700.2109221603669,0,0.0,7,7377.105243751981,0.0,0.038095238,0.0,1.0,May,1,1,2,2,Returning_Visitor,1,0
0,0.0,0,0.0,35,729.2916667,-0.12436703449244088,0.009387755,-53.15908127120597,0.0,Dec,2,2,3,2,Returning_Visitor,0,0
15,317.0189394,3,126.75,238,9956.225533,0.0052,0.016955684,6.556237434,0.0,Nov,2,4,3,1,Returning_Visitor,1,1
9,115.4,0,0.0,29,1514.703333,0.005,0.011342593,4.702065533,0.0,Jul,3,2,8,1,Returning_Visitor,1,0
5,184.3333333,1,108.0,10,558.8,0.0,-0.11607638040696147,0.0,0.8547520413458001,Mar,3,2,7,8,New_Visitor,0,0
0,0.0,0,0.0,2,139.0,0.0,0.1,0.0,0.8,May,2,2,1,4,Returning_Visitor,0,0
1,5.0,25,0.0,41,764.1333333,0.0,0.014444444,0.0,0.0,June,2,2,1,4,Returning_Visitor,0,0
1,29.2,0,0.0,7,75.6,-0.14746995737226387,-0.11859039695313284,0.0,0.0,Aug,1,1,4,2,New_Visitor,1,0
10,208.5133333,25,0.0,17,369.1,-0.1721828111593836,0.004,0.0,0.0,Sep,3,2,1,6,New_Visitor,0,0
1,11.0,0,0.0,-99,43.7,0.0,0.057142857,0.0,0.0,Oct,2,2,1,2,Returning_Visitor,0,0
-7,0.0,0,0.0,1,0.0,0.2,0.21990282722971277,0.0,0.0,May,6,2,3,5,Returning_Visitor,0,0
-10,20.2,0,0.0,-99,-4989.293661121337,0.0,0.009183673,0.0,0.0,Aug,2,2,1,5,Returning_Visitor,0,0
1,18.0,1,16.0,33,504.0,0.006060606,0.033333333,0.0,0.0,May,2,4,1,4,Returning_Visitor,0,0
1,0.0,0,0.0,1,17.2,0.05,0.15,0.0,0.0,Aug,2,2,1,5,Returning_Visitor,0,0
0,0.0,25,0.0,181,8633.033820514183,0.2,0.2,0.0,0.7444536688222494,Feb,2,2,4,1,Returning_Visitor,1,0
0,0.0,0,0.0,20,7288.298713308199,0.0,0.052,0.0,0.0,May,2,2,1,13,Returning_Visitor,0,0
0,0.0,0,0.0,37,1048.980263,0.1783013080875454,0.024074074,0.0,0.0,Nov,2,2,7,2,Returning_Visitor,1,0
0,0.0,0,0.0,164,592.5,0.0,0.022222222,0.0,0.0,Dec,2,2,1,2,Returning_Visitor,0,0
12,705.6725422670509,0,0.0,7,139.0,0.022222222,-0.12017887747693451,-64.49102318252216,0.0,Mar,2,5,6,2,Returning_Visitor,1,0
0,-513.4833906500145,0,0.0,4,34.0,-0.14398614994672174,-0.14186805528045435,0.0,0.0,Mar,3,2,6,1,Returning_Visitor,0,0
0,0.0,25,0.0,3,395.0,0.0,0.066666667,0.0,-0.7247104343507285,Feb,1,1,3,3,Returning_Visitor,0,0
3,665.6083901225077,0,0.0,71,2065.838165,0.006103286,-0.14739112225020776,0.0,0.0,Nov,2,2,1,2,Returning_Visitor,0,0
-10,732.4563045789502,0,0.0,9,154.0,0.0,0.030769231,0.0,-0.7208545496459606,May,1,1,1,1,Returning_Visitor,0,0
-10,9.0,0,0.0,12,764.75,0.0,0.023076923,9.641076923,0.4,May,2,2,8,2,New_Visitor,0,1
3,777.5296993999953,0,0.0,37,518.0,0.0,0.015384615,0.0,0.0,May,2,10,1,3,Returning_Visitor,0,0
-10,7.0,0,0.0,63,2219.866667,0.003174603,0.023129252,0.0,0.0,Nov,2,2,4,2,Returning_Visitor,1,0
5,168.0,0,0.0,31,1239.083333,0.006666667,0.02,0.0,0.0,May,3,2,6,13,Returning_Visitor,0,0
3,46.9,0,0.0,26,-4863.301942280737,0.0,0.007142857,53.88782441,0.0,Nov,2,5,1,5,New_Visitor,0,1
14,31.5,0,0.0,-143,402.5,0.0,-0.14486059077423652,0.0,0.0,Mar,2,2,7,1,Returning_Visitor,0,0
0,0.0,0,0.0,2,54.0,0.05,0.15,0.0,0.0,May,1,1,1,1,Returning_Visitor,0,0
14,0.0,0,0.0,2,0.0,0.2,-0.1126717352360658,0.0,0.8664617518260761,June,2,2,2,3,Returning_Visitor,0,0
0,0.0,0,0.0,18,1748.0,0.19986677705672587,0.064705882,0.0,0.0,May,1,1,1,3,Returning_Visitor,0,0
0,0.0,0,0.0,27,1010.633333,0.0,0.012962963,0.0,0.0,June,2,2,1,2,Returning_Visitor,0,0
4,207.0,0,0.0,31,1592.233333,0.0,0.011574074,57.06546413,0.0,Dec,2,2,4,1,Returning_Visitor,0,0
6,143.5,2,303.0,-133,2199.976786,0.008333333,0.027665354,0.0,0.0,Nov,1,1,1,2,Returning_Visitor,1,0
0,0.0,0,0.0,5,8061.667471333359,0.2,-0.13438499277010768,0.0,0.0,May,3,2,6,13,Returning_Visitor,0,0
15,677.1911765,0,0.0,152,3561.130212,0.0,0.008686559,-56.48171551303218,0.0,Dec,2,2,6,1,Returning_Visitor,0,1
15,0.0,0,0.0,6,231.8,0.066666667,0.20635880593023082,0.0,0.0,Oct,2,5,3,2,Returning_Visitor,0,0
0,0.0,0,0.0,14,253.1666667,0.014285714,0.04047619,0.0,0.6,May,3,2,8,13,Returning_Visitor,0,0
2,34.0,2,9.0,174,4994.24915,-0.16372228817588522,0.015842941,0.0,0.0,Nov,2,2,1,8,Returning_Visitor,0,0
14,0.0,0,0.0,71,1094.310476,0.0,0.1939564927404594,4.718931118,0.0,Oct,4,1,2,2,Returning_Visitor,0,0
9,81.0,25,-409.5097808818635,34,1219.113725,0.007017544,0.022556391,9.517421053,0.0,Mar,3,2,3,1,Returning_Visitor,0,1
13,0.0,0,0.0,14,406.8666667,0.0,0.007142857,0.0,-0.5516699636558531,Mar,2,4,1,1,Returning_Visitor,0,0
0,0.0,0,-472.946233244073,17,601.0333333,0.062745098,0.092156863,18.87145759,0.0,Aug,3,2,3,1,Returning_Visitor,0,1
0,644.1406071951293,2,546.473367417628,19,1227.153333,0.00952381,0.04399093,0.0,0.0,Sep,1,1,1,2,Returning_Visitor,1,0
0,0.0,0,0.0,41,3389.8,0.032478632,0.05019425,0.0,0.0,Sep,2,4,3,1,Returning_Visitor,0,0
0,0.0,25,0.0,188,8120.78645995515,0.0,0.033333333,0.0,-0.5685749033842433,May,4,2,4,4,Returning_Visitor,0,0
3,711.2079095724408,0,0.0,10,278.4333333,0.007142857,-0.10972043962130126,32.70034468,0.0,Jul,2,2,6,1,Returning_Visitor,0,1
0,0.0,0,0.0,113,5178.531731,0.003896104,0.030191572,-53.24340870448704,0.7350083096464315,Nov,2,2,3,2,Returning_Visitor,0,1
4,736.0193901203546,1,8.0,59,1828.774603,0.17777325611325767,0.023361582,26.93792373,0.0,May,2,2,7,6,Returning_Visitor,0,0
1,27.2,0,0.0,9,396.0,0.0,0.02,-56.13641164812273,0.0,Nov,2,4,1,2,Returning_Visitor,0,0
9,354.2916667,0,0.0,79,4409.3,0.007228916,0.011546722,12.07905093,0.0,Nov,3,2,2,3,Returning_Visitor,0,1
0,0.0,0,0.0,31,6968.291327022604,0.019354839,0.030322581,0.0,0.0,Nov,2,2,2,3,Returning_Visitor,0,0
-8,-492.30853982208896,0,0.0,7,139.3333333,0.0,0.2146210500569773,0.0,0.0,Mar,3,2,7,8,New_Visitor,1,0
13,0.0,0,0.0,11,631.4,0.054545455,0.048484848,66.32533610584393,0.0,Aug,1,1,1,3,Returning_Visitor,0,0
5,105.5,0,0.0,16,733.252381,0.0,0.006862745,0.0,0.0,May,3,2,1,6,New_Visitor,0,0
-9,701.5751909064768,0,0.0,5,74.5,0.20376233175571729,0.08,0.0,0.6,May,1,1,1,3,Returning_Visitor,0,0
2,-615.6873515229141,2,12.5,9,979.0,0.01025641,-0.1232377265196869,0.0,0.0,Oct,1,1,4,3,Returning_Visitor,0,0
3,89.6,0,0.0,-108,1721.906667,0.0,0.005932203,204.0079491,0.0,Nov,2,2,1,4,Returning_Visitor,1,1
9,189.1098485,3,39.0,73,3059.013889,0.012345679,0.024897119,16.74209908,0.0,Nov,2,2,3,2,Returning_Visitor,1,1
-7,603.9,2,52.4,46,1760.657143,0.01010929,0.0254213,-67.026382801559,0.0,Sep,1,1,6,4,Returning_Visitor,1,0
0,0.0,0,0.0,18,7334.720323419616,0.0,0.020833333,75.55085970319915,0.6,May,2,5,1,4,Returning_Visitor,0,0
2,96.0,0,-432.03285903807324,5,122.0,0.028571429,0.05,0.0,0.0,May,1,1,1,15,Returning_Visitor,1,0
0,0.0,25,0.0,3,8650.195967830801,0.0,0.066666667,-53.20427343448997,-0.6667442302900684,Feb,1,2,6,6,Returning_Visitor,1,0
1,12.0,0,0.0,172,4097.708838,0.002061856,0.2281118316184859,0.0,0.0,Nov,2,2,3,2,Returning_Visitor,0,0
1,159.2,0,571.5371520901413,21,8239.493947748775,0.0,0.009090909,0.0,0.0,Aug,3,2,1,1,Returning_Visitor,1,0
0,0.0,0,578.0842782500062,21,517.4238095,0.019047619,0.20534975826820057,0.0,0.0,Mar,2,5,2,1,Returning_Visitor,0,0
-8,0.0,0,587.1626573878586,38,-5382.761825489639,0.0,0.23882653746212165,23.6645871,0.0,Dec,2,2,1,2,Returning_Visitor,0,1
12,203.28,4,241.7,-109,1975.125,0.003636364,0.015186147,0.0,0.0,Nov,4,2,4,2,Returning_Visitor,0,0
0,0.0,0,0.0,12,309.3666667,0.014285714,0.019047619,14.37785831,-0.6692007438014482,Sep,3,2,1,6,New_Visitor,0,1
0,0.0,0,0.0,49,1023.96,0.034693878,0.057823129,0.0,0.0,Aug,2,2,3,3,Returning_Visitor,0,0
0,0.0,0,0.0,2,70.5,0.0,0.05,0.0,0.0,Dec,3,2,7,2,Other,0,0
4,94.25,3,79.5,77,3719.643711,0.002469136,0.010684624,74.57593717553475,0.0,Nov,3,2,3,3,Returning_Visitor,0,1
0,0.0,25,0.0,6,53.0,0.0,0.06,73.35029547593125,0.0,Mar,2,2,7,3,Returning_Visitor,1,0
-10,120.0,0,0.0,5,198.0,0.0,0.014285714,0.0,0.0,May,3,3,4,2,New_Visitor,1,0
0,0.0,0,0.0,15,7404.452104813276,0.21628333615588388,0.04,0.0,-0.6194785606557881,May,2,2,1,3,Returning_Visitor,1,0
4,-526.3437683742342,0,0.0,41,1130.80754,-0.13028134457008966,0.018783069,78.71420547749932,-0.7318187708083107,Dec,3,2,1,2,Returning_Visitor,0,0
0,0.0,25,510.28897088140354,3,17.0,0.0,0.033333333,0.0,0.0,Mar,1,1,1,3,Returning_Visitor,0,0
2,-574.9556758780686,0,0.0,23,398.4,0.0,0.20663338095942319,0.0,0.0,Dec,2,2,3,6,Returning_Visitor,0,0
9,441.85,0,0.0,122,2577.449603,0.0,0.010463332,75.27712913,0.0,Nov,1,1,1,2,Returning_Visitor,0,1
2,117.0,0,511.38224546796914,-133,309.9333333,0.0,0.013333333,0.0,-0.6635304542026988,Mar,2,2,2,2,New_Visitor,0,0
1,143.0,4,48.0,16,333.75,-0.15449162587098436,0.003333333,0.0,0.0,Mar,1,1,1,2,New_Visitor,0,0
0,0.0,0,0.0,27,701.9,-0.16351510190267518,0.028395062,0.0,0.0,Aug,3,2,7,6,Returning_Visitor,0,0
14,0.0,0,0.0,21,1148.5,0.0,0.019047619,0.0,0.788874754573938,May,2,4,8,4,Returning_Visitor,1,0
1,8.0,1,101.0,12,205.9761905,0.015384615,0.21585555675811485,0.0,0.0,Mar,2,4,3,1,Returning_Visitor,0,0
0,0.0,0,0.0,13,748.2333333,0.0,0.0,0.0,0.0,Oct,1,1,1,2,Returning_Visitor,0,0
12,41.5,0,483.497111277535,5,68.75,0.0,0.0375,0.0,-0.7244112709807782,Nov,1,2,1,8,New_Visitor,0,0
8,377.5128205,3,265.0,196,2062.890972,0.2030764329672779,0.026580162,1.70506715,0.0,Mar,1,1,4,2,Returning_Visitor,0,1
-9,0.0,0,0.0,42,1185.666667,0.0,0.004761905,0.0,0.0,Mar,2,2,1,1,Returning_Visitor,0,0
0,0.0,0,0.0,9,389.0,0.122222222,0.122222222,0.0,0.2,May,3,2,2,13,Returning_Visitor,0,0
10,183.75,1,15.0,-105,2860.5,0.009876543,0.025308642,8.488518519,0.0,May,4,1,4,3,Returning_Visitor,1,0
0,-509.34294159236583,25,0.0,4,213.5,0.0,0.1,-66.88244151508871,0.0,Dec,2,10,9,1,Returning_Visitor,0,0
3,-534.0186471401961,0,0.0,-109,8399.124108284888,0.012765957,0.014184397,17.21022568,0.0,Jul,1,1,1,3,Returning_Visitor,0,0
3,45.8,0,497.5376413212377,63,2435.697531,0.18329061873943253,0.017460317,0.0,0.0,Jul,3,2,4,3,Returning_Visitor,0,0
4,26.0,0,-509.9182999291618,18,727.6190476,0.0,0.013333333,-51.65841263838561,0.0,May,2,2,5,3,New_Visitor,1,0
13,691.2271118540039,25,0.0,-129,1077.25,0.019047619,0.047619048,0.0,0.8108983014227265,Nov,3,2,1,10,Returning_Visitor,0,0
12,1098.5,25,0.0,115,6367.506345,0.016,0.030930013,0.0,0.0,Nov,1,1,1,3,Returning_Visitor,0,1
0,0.0,0,0.0,18,636.5,0.0,0.027777778,0.0,0.0,Dec,2,2,3,2,Returning_Visitor,0,0
0,0.0,0,0.0,8,-5293.660250249926,0.0,0.025,0.0,0.0,Mar,2,2,3,3,Returning_Visitor,1,0
17,698.1333333,1,9.0,83,4306.612355,0.001075269,0.019375648,0.0,0.0,Oct,7,1,2,1,Returning_Visitor,1,1
-9,65.16666667,0,0.0,31,-5729.451958277288,0.0,0.008823529,0.0,0.6,May,2,2,8,3,Returning_Visitor,0,0
-9,0.0,2,139.75,141,4567.942696,0.002944942,0.02119383,0.0,-0.6277926802941601,Dec,2,5,3,2,Returning_Visitor,0,0
1,7.0,0,-406.6954156743493,27,1739.575,0.038095238,0.06037037,0.0,0.0,Jul,2,2,7,1,Returning_Visitor,0,0
0,771.5436258607521,0,0.0,11,547.5,0.018181818,0.024747475,0.0,1.0,May,3,3,3,1,Returning_Visitor,1,0
0,661.4887787786895,0,0.0,9,470.0,0.0375,0.066666667,0.0,0.0,Dec,2,4,1,1,Returning_Visitor,0,0
4,687.2537358818997,0,0.0,17,283.7916667,0.0,0.030952381,0.0,0.0,Dec,2,2,1,13,Returning_Visitor,1,0
0,0.0,0,0.0,10,279.3333333,0.02,0.025,0.0,0.0,Nov,3,2,9,2,New_Visitor,0,0
0,0.0,0,-487.98995151674774,20,381.0,0.045,0.075,0.0,0.0,June,1,1,2,3,Returning_Visitor,0,0
11,169.8833333,2,160.4,25,489.15,0.0125,0.0171875,0.0,0.0,Aug,3,2,3,5,Returning_Visitor,1,0
0,681.8232537070304,0,0.0,19,753.3,-0.12484754377133886,0.002222222,0.0,0.0,Aug,2,4,1,4,Returning_Visitor,0,0
0,0.0,0,0.0,4,6.0,-0.16226923613949495,0.15,0.0,0.2,May,2,2,3,13,Returning_Visitor,0,0
1,43.0,0,0.0,38,1348.7,0.0,0.028376068,2.561538462,0.0,May,2,6,1,1,Returning_Visitor,0,0
1,0.0,1,578.3738200904759,22,671.8666667,0.017391304,0.02057971,0.0,0.0,Nov,3,2,7,10,Returning_Visitor,0,0
8,269.0,25,0.0,33,1109.883333,0.013888889,0.027742165,0.0,-0.6559989244567015,Mar,1,1,4,1,Returning_Visitor,0,0
0,0.0,0,0.0,24,530.0,0.0,0.01,0.0,0.0,May,2,6,3,4,Returning_Visitor,1,0
13,0.0,0,0.0,-105,270.5833333,0.04,0.07,61.67413112147743,0.0,Dec,1,1,5,8,Returning_Visitor,1,0
1,125.0,0,0.0,24,677.3333333,0.0,-0.12439698271075092,0.0,0.0,Nov,3,2,8,1,Returning_Visitor,0,0
-8,0.0,0,596.0986631610823,21,1128.583333,0.0,0.013043478,3.685400817,-0.6041606237103654,Dec,2,2,1,2,Returning_Visitor,0,0
0,655.7921329130066,0,0.0,36,777.2175325,0.029166667,0.018068783,0.0,1.0,May,1,1,7,3,Returning_Visitor,1,0
3,92.6,0,0.0,9,626.6,0.0,0.2172794159099508,78.47535807449194,0.0,Nov,2,2,5,2,Returning_Visitor,1,0
0,0.0,0,0.0,29,873.75,0.0,0.031034483,0.0,0.0,Nov,2,2,5,2,Returning_Visitor,1,1
0,0.0,0,-501.3899220602916,1,0.0,0.2,0.2,0.0,0.0,Mar,2,2,8,1,Returning_Visitor,0,0
0,0.0,0,0.0,5,249.0,0.0,0.04,0.0,0.0,May,2,2,1,6,Returning_Visitor,0,0
12,65.68,1,42.4,12,285.68,0.19475540859081722,-0.10765041830434896,0.0,0.0,Aug,2,6,4,3,Returning_Visitor,1,0
3,115.0,0,0.0,6,-4603.828184722113,0.0,0.022222222,0.0,0.0,Dec,1,1,7,2,New_Visitor,1,0
0,0.0,0,0.0,1,0.0,0.2,0.2,0.0,0.6,Feb,4,2,1,3,Returning_Visitor,0,0
0,0.0,25,0.0,1,0.0,0.2,0.2,0.0,0.0,May,2,2,9,4,Returning_Visitor,0,0
10,706.290665274985,0,0.0,60,8787.809852054188,0.004545455,-0.151598763331675,-68.2859539154997,0.0,Dec,2,2,4,1,Returning_Visitor,0,0
0,0.0,0,0.0,20,-6119.410155354435,0.015,0.045416667,0.0,0.0,May,3,2,1,1,Returning_Visitor,0,0
0,-585.2417091342959,0,0.0,12,282.75,0.016666667,0.052777778,0.0,0.7738318659855499,Nov,2,2,1,13,Returning_Visitor,0,0
2,38.0,0,0.0,77,1230.312302,0.18919291068945593,0.003492063,79.0,0.6,May,2,4,4,2,Returning_Visitor,0,0
0,770.1302874473845,0,-431.3394598892861,4,298.0,0.21050333897542,-0.11361530244556944,0.0,0.0,Mar,2,2,1,13,Returning_Visitor,0,0
18,-484.66563212723497,0,0.0,58,1992.717308,0.008955224,0.015829187,0.0,0.0,Nov,3,2,6,2,Returning_Visitor,0,0
0,0.0,0,558.7201608592216,193,7087.316033465788,0.0,0.025,77.55803264970001,0.6,Feb,1,1,1,4,Returning_Visitor,0,0
-9,0.0,0,0.0,28,219.8,0.1930563205480957,0.037931034,0.0,0.0,Nov,2,2,1,1,Returning_Visitor,1,0
0,0.0,0,0.0,37,8411.387666299328,0.0,0.013513514,-68.23664454171453,-0.6469391337161743,Mar,2,2,1,8,Returning_Visitor,0,0
1,55.0,2,18.0,9,548.0,0.0,0.04,17.2704,-0.5962529342939183,May,2,4,3,4,Returning_Visitor,0,1
0,790.2806280885972,1,108.8,10,322.3666667,0.0,0.21625707061969845,61.80843596,0.0,Nov,2,5,4,2,Returning_Visitor,0,1
1,-578.9663652559149,1,14.0,37,935.5571429,0.0,0.23237837285096957,67.73686486,0.0,May,2,2,1,3,Returning_Visitor,0,0
4,52.0,0,0.0,166,8219.513508369215,0.0,0.010526316,0.0,0.83855385111271,May,2,2,1,16,New_Visitor,0,0
0,0.0,0,0.0,4,56.5,0.05,0.1,0.0,0.4,May,1,1,1,3,Returning_Visitor,0,0
0,0.0,0,0.0,13,427.3,0.0,0.038461538,65.84455367105392,0.0,Sep,2,5,1,1,Returning_Visitor,0,0
1,19.0,1,14.0,74,2408.579762,0.0,0.19959019388191146,0.0,0.0,Nov,2,2,1,2,Returning_Visitor,0,0
7,351.0833333,1,131.0,192,3271.030448,-0.13940755387616116,0.005527012,13.78150822,-0.6207555380998909,Nov,1,1,2,4,Returning_Visitor,0,0
9,-598.104547423659,1,109.0,33,752.4592075,0.002777778,0.006415344,-58.017107579465865,0.0,May,1,1,1,15,Returning_Visitor,1,0
6,125.25,2,89.0,201,-5796.271169463166,-0.14680759584637731,0.015188129,74.91464785484811,0.0,Nov,2,2,1,2,Returning_Visitor,1,1
12,99.75,0,0.0,89,2520.056936,-0.12513162867150587,0.012934783,-63.396201130344004,0.6999323927798615,Nov,2,2,1,3,Returning_Visitor,0,1
0,0.0,0,0.0,13,197.2,0.20127265211963177,0.038461538,0.0,0.0,May,2,2,7,3,Returning_Visitor,0,0
4,101.7,0,0.0,40,708.5547619,0.009302326,-0.14061053802040183,-58.011102976032106,0.0,Aug,2,2,3,13,Returning_Visitor,0,0
0,0.0,0,0.0,-141,420.0,0.0,0.007692308,0.0,-0.7029515833608547,May,2,2,9,1,Returning_Visitor,1,0
2,-502.3654421845944,25,-520.5869237865782,17,1370.067857,0.02173913,0.035072464,0.0,0.0,May,1,1,6,1,Returning_Visitor,0,0
2,15.0,0,0.0,3,21.0,0.18329301913811705,0.05,0.0,0.0,Mar,3,2,4,8,Returning_Visitor,0,0
0,0.0,0,0.0,-117,47.5,0.0,0.05,0.0,0.0,Nov,2,5,1,2,Returning_Visitor,0,0
0,0.0,25,18.0,1,46.0,-0.14604165214822729,-0.15032251957462237,0.0,0.7599962635397708,Mar,2,2,7,10,Returning_Visitor,0,0
13,-627.7602514335557,0,0.0,13,8025.549126170673,0.2,0.2,0.0,0.8,May,3,2,2,6,Returning_Visitor,0,0
2,5.0,0,0.0,0,0.0,0.0,0.066666667,0.0,0.8,May,1,1,8,5,New_Visitor,0,0
14,286.5333333,25,118.8,31,835.71,0.0,0.23714921888488316,33.05509961,0.0,Nov,2,2,7,2,Returning_Visitor,0,1
0,0.0,0,0.0,187,600.3966667,0.023333333,0.04,0.0,0.0,Aug,3,2,2,13,Returning_Visitor,1,0
0,0.0,0,0.0,2,14.0,-0.16650225972166544,0.1,0.0,0.2,May,3,2,3,1,Returning_Visitor,0,0
2,35.5,0,0.0,29,3296.65,0.009677419,0.021935484,18.25059634,0.0,Dec,4,2,9,8,Returning_Visitor,0,0
0,0.0,0,0.0,15,695.4,0.014285714,0.028571429,-53.11871190890675,0.0,Mar,2,2,2,1,Returning_Visitor,0,0
8,227.5326923,3,292.6842105,66,3025.521713,0.015995116,0.025541275,7.371682608,0.0,Mar,3,2,3,6,Returning_Visitor,0,1
2,667.868427809903,0,0.0,10,591.1666667,0.02,0.016,0.0,0.0,Mar,3,2,1,2,Returning_Visitor,0,0
0,0.0,0,0.0,14,825.3333333,0.0,0.0,50.4111604,0.0,Aug,2,2,8,4,Returning_Visitor,0,1
13,23.0,0,0.0,15,656.25,0.028571429,0.028571429,0.0,0.0,Mar,1,1,8,2,Returning_Visitor,1,0
3,64.5,0,0.0,14,-4920.904970520136,-0.14976208400832944,0.2023898674566243,0.0,0.0,Nov,1,1,3,2,Returning_Visitor,1,0
0,0.0,0,0.0,7,261.5,0.0,0.00952381,0.0,0.0,Mar,2,2,4,1,Returning_Visitor,0,0
0,0.0,25,0.0,4,880.0,-0.15468463735695356,0.05,0.0,-0.7021643129607058,May,2,2,7,1,Returning_Visitor,1,0
0,0.0,0,0.0,5,67.0,0.12,0.14,-56.8278551517725,0.6,May,1,1,6,3,Returning_Visitor,0,0
14,64.5,0,0.0,36,766.2166667,-0.16016059301469457,0.001851852,0.0,0.0,Dec,3,2,3,2,New_Visitor,0,0
1,-567.8922182187155,25,0.0,164,1200.5,-0.13276419418473703,0.23411092754656027,17.98756852,0.0,Dec,2,10,3,6,Returning_Visitor,0,0
4,103.0,1,-461.4713702849303,189,-5271.126936433954,0.0,0.010526316,0.0,0.0,Mar,3,2,3,6,Returning_Visitor,1,0
1,103.0,0,0.0,20,1140.666667,0.0,0.005,19.18108767,0.0,Dec,3,2,3,2,New_Visitor,0,1
3,-590.3531656020796,0,0.0,5,91.0,0.0,0.0125,0.0,0.0,May,2,2,6,18,Returning_Visitor,1,0
0,0.0,0,0.0,39,1294.599603,0.002702703,0.011568387,0.0,0.0,Nov,3,2,1,20,Returning_Visitor,1,0
0,0.0,0,0.0,4,259.0,0.1,0.15,0.0,0.6,May,2,4,3,1,Returning_Visitor,0,0
0,0.0,1,464.8205766911593,10,-6197.270495801096,0.0,0.02,0.0,0.0,May,2,2,1,2,Returning_Visitor,0,0
1,7.0,25,0.0,21,803.0,0.031578947,0.21369331566761018,7.014753437,0.0,Nov,3,2,3,3,Returning_Visitor,0,1
0,0.0,0,0.0,8,152.0,0.0375,0.070833333,0.0,0.6,May,3,2,1,2,Returning_Visitor,0,0
6,71.5,0,0.0,47,1532.2,0.009929078,0.019797366,27.26888014,0.0,Mar,2,2,1,1,Returning_Visitor,0,1
0,0.0,0,0.0,40,974.0833333,0.006837607,0.028205128,70.18490694008936,-0.565454810400568,Nov,2,2,1,3,Returning_Visitor,0,0
-8,-502.70183855335125,3,115.0,45,2889.25,0.0,0.007,54.9759,0.0,May,2,2,1,4,Returning_Visitor,0,1
4,112.5,0,0.0,26,1657.0,0.007407407,0.020987654,5.237224754,0.0,Nov,2,2,1,13,Returning_Visitor,0,0
0,0.0,0,0.0,7,162.25,0.071428571,0.09047619,0.0,0.0,Dec,2,2,3,3,Returning_Visitor,0,0
0,0.0,0,0.0,1,0.0,0.2,0.2,0.0,0.0,Feb,3,2,3,3,Returning_Visitor,0,0
0,0.0,25,0.0,13,7687.171184268599,0.20039964691339435,0.038461538,0.0,0.6,May,2,2,1,2,Returning_Visitor,0,0
6,106.5,0,0.0,3,70.5,0.0,0.022222222,0.0,0.0,May,2,2,4,3,Returning_Visitor,0,0
6,32.06666667,0,0.0,41,1921.10307,0.014074074,0.032987654,5.290262526,0.0,Jul,2,2,3,1,Returning_Visitor,0,0
4,141.7619048,25,0.0,20,850.0357143,0.025,0.2082664642147643,0.0,0.0,May,2,2,6,4,Returning_Visitor,0,0
0,0.0,0,0.0,168,1424.866667,0.004081633,0.020779221,0.0,0.6,May,2,2,4,1,Returning_Visitor,0,0
14,0.0,0,0.0,60,1995.416667,0.0,0.003389831,61.58171224,0.0,Nov,2,4,1,7,New_Visitor,0,1
0,0.0,0,0.0,3,71.16666667,0.19904218426360137,-0.14707148156409994,0.0,0.0,Nov,3,2,1,3,Returning_Visitor,0,1
0,0.0,0,0.0,17,532.75,0.013333333,0.20798563912158288,0.0,0.0,Dec,1,1,3,1,Returning_Visitor,1,0
2,56.4,1,0.0,72,2101.467925,0.006140351,0.029986961,0.0,0.0,Aug,1,1,2,2,Returning_Visitor,0,0
-10,337.5416667,2,23.0,32,1249.866144,0.0055,0.02577466,0.0,0.0,Dec,2,2,1,2,Returning_Visitor,0,0
1,670.1814705571858,2,111.0,13,1001.0,0.0,0.013333333,0.0,0.0,Mar,2,2,1,1,Returning_Visitor,0,0
6,479.25,0,0.0,51,2156.525403,0.0,0.011878788,6.229994739,0.6861461852614524,Nov,2,2,1,2,Returning_Visitor,0,1
5,76.33333333,2,0.0,-104,1420.547902,0.015384615,0.042694343,0.0,0.0,May,3,2,1,4,Returning_Visitor,0,0
3,138.5,6,292.0,26,807.0833333,0.2030871175875057,0.011458333,0.0,-0.6277192484966748,Dec,3,2,1,8,Returning_Visitor,1,0
0,0.0,0,0.0,5,54.33333333,0.0,0.02,0.0,0.0,Dec,1,2,1,3,Returning_Visitor,0,0
0,757.5076939314844,0,589.4327150911183,6,7737.215266181224,0.0,0.22687874142298353,62.716976888977364,0.0,Dec,6,2,4,1,Returning_Visitor,0,0
0,0.0,25,0.0,23,1888.5,0.0,0.008695652,46.00643478,0.0,May,2,2,4,4,New_Visitor,1,1
1,11.5,0,0.0,19,887.8,0.008823529,0.032679739,0.0,0.0,Nov,3,2,1,3,Returning_Visitor,0,0
0,0.0,0,0.0,9,148.3333333,0.066666667,0.088888889,0.0,0.0,Dec,2,2,3,2,Returning_Visitor,0,0
4,82.5,3,419.0,22,-4785.844217710688,0.0,0.007407407,0.0,0.0,Mar,2,2,2,2,New_Visitor,1,0
1,56.5,0,0.0,16,541.875,0.0,0.0125,15.14864831,0.0,Nov,2,4,9,8,New_Visitor,0,1
0,0.0,0,0.0,2,8.0,0.0,-0.11994292064514551,0.0,0.0,Mar,2,2,5,1,Returning_Visitor,1,0
13,0.0,0,0.0,-122,283.5,0.0,0.010526316,0.0,0.8,May,2,4,1,6,Returning_Visitor,0,0
0,0.0,0,565.2675301488952,-99,0.0,0.2,0.2,0.0,0.2,May,1,2,3,4,Returning_Visitor,0,0
4,695.4053227353104,25,-460.02161804921974,3,21.0,0.0,0.033333333,0.0,0.0,Nov,1,1,2,2,New_Visitor,0,0
0,0.0,0,533.427911286951,13,454.5,0.0,0.016666667,0.0,0.0,May,3,2,4,13,Returning_Visitor,0,0
6,615.25,0,0.0,68,2524.719048,0.0,0.000175593,71.92671341498134,0.0,Mar,1,2,6,1,Returning_Visitor,0,0
0,0.0,25,0.0,1,0.0,-0.1696045882981048,0.2,0.0,0.0,Nov,2,2,2,3,Returning_Visitor,0,0
2,18.0,0,0.0,5,298.0,0.0,0.028571429,0.0,0.8,Feb,2,2,8,4,Returning_Visitor,0,0
0,0.0,0,0.0,5,74.0,0.0,0.08,0.0,0.8,May,2,2,1,13,Returning_Visitor,0,0
1,4.0,0,0.0,1,4.0,0.0,0.016666667,0.0,-0.7251559465796167,May,2,2,3,5,Returning_Visitor,0,0
15,174.5,0,0.0,10,195.5,0.0,0.006060606,0.0,0.0,Mar,1,1,3,2,Returning_Visitor,0,0
-10,0.0,0,0.0,1,0.0,0.2,0.2,0.0,-0.5535320029856176,Nov,3,2,1,3,Returning_Visitor,0,0
-10,93.0,3,808.5,33,1310.472222,0.018518519,0.1924721794059747,0.0,0.4,May,2,2,6,4,Returning_Visitor,0,0
0,0.0,0,0.0,8,427.75,0.0,0.0125,65.33196851078078,0.0,Dec,4,2,1,2,New_Visitor,0,0
-7,241.8611111,3,-501.3925750131322,154,4755.224054,0.009808489,0.029142563,-49.90107875870207,0.0,Nov,1,2,2,1,Returning_Visitor,0,0
0,0.0,0,0.0,17,927.1666667,0.0,0.014705882,0.0,0.0,Mar,1,1,2,3,Returning_Visitor,0,0
4,45.75,0,0.0,18,1273.083333,0.0,-0.11352384182928182,6.750968245,0.0,Dec,1,1,1,1,Returning_Visitor,0,1
0,0.0,0,0.0,6,143.5,0.0,-0.14094709591135907,0.0,-0.5936909667398133,Dec,1,1,8,10,Returning_Visitor,0,0
0,0.0,0,0.0,-116,2767.625,0.0,0.006896552,52.67778465,0.0,Nov,8,13,9,20,Other,0,1
15,219.0,25,0.0,12,526.3333333,0.022222222,0.058571429,0.0,0.0,Mar,1,1,3,1,Returning_Visitor,0,0
0,0.0,0,-420.9019845658154,9,368.5,0.0,0.008333333,0.0,0.0,May,2,2,4,1,Returning_Visitor,0,0
3,137.0,4,219.0,-122,924.0,0.18862410275825142,0.028571429,29.90282143,0.2,May,2,2,9,2,New_Visitor,0,1
0,0.0,0,0.0,2,166.0,0.0,0.22546181856563535,0.0,0.0,Dec,8,13,9,20,Other,0,0
4,585.8,0,0.0,29,1582.533333,0.2110464818695825,0.022222222,0.0,0.6751583408030783,Oct,2,2,4,1,Returning_Visitor,0,0
13,345.0166667,0,0.0,90,1816.555008,0.0,0.004861111,86.31034266,0.7096436890465335,Aug,4,2,3,4,Returning_Visitor,0,0
0,0.0,0,0.0,4,249.0,-0.13831276290564948,0.025,0.0,0.7078653821596627,Dec,2,4,1,1,Returning_Visitor,0,0
0,0.0,0,0.0,2,17.0,0.0,0.20029357179594,0.0,0.0,May,2,2,2,4,Returning_Visitor,0,0
3,15.0,0,0.0,12,1138.25,0.030769231,0.048717949,0.0,-0.5627426251300051,Dec,1,1,1,3,Returning_Visitor,0,0
6,728.2238525225107,3,243.0,-126,1971.194444,-0.15888127349067305,0.030238095,24.897,0.0,May,2,2,5,4,Returning_Visitor,0,1
0,0.0,3,470.0,84,-4565.945987158898,0.004909561,0.02088789,10.21229767,0.6780002458681201,May,2,4,1,1,Returning_Visitor,0,0
7,765.304739490917,2,-412.3039838385971,13,200.25,0.02,0.03,-66.03756436600698,0.0,Dec,2,2,7,1,Returning_Visitor,1,0
5,87.75,25,0.0,6,8470.087595869089,-0.158321293501631,0.009090909,0.0,0.0,Nov,1,1,2,2,New_Visitor,1,0
0,0.0,0,0.0,4,132.5,0.17194975965895848,0.183333333,0.0,0.6734467171765756,Nov,3,2,4,13,Returning_Visitor,1,0
14,711.8759976022009,0,0.0,15,528.0,0.026666667,0.055555556,0.0,0.0,May,2,2,4,3,Returning_Visitor,0,0
4,396.5,0,0.0,-104,415.5,0.0,0.0125,0.0,0.0,Dec,1,1,3,8,New_Visitor,0,0
0,-487.1531278801959,2,445.0,38,996.5166667,0.000854701,0.016544567,0.0,0.0,Mar,2,2,3,2,Returning_Visitor,0,0
0,0.0,0,0.0,8,856.4166667,0.0,0.028571429,44.56114286,-0.6093749298762559,May,2,4,9,5,Returning_Visitor,0,1
0,0.0,25,0.0,204,2404.831006,0.001428571,0.003142857,0.0,0.0,Nov,1,1,4,2,Returning_Visitor,0,0
0,0.0,0,511.38886935674543,2,135.0,0.0,-0.10886164930158977,-58.072772511759354,0.0,Mar,1,1,1,2,Returning_Visitor,0,0
1,9.5,0,0.0,23,8631.921661952585,0.015217391,0.012463768,0.0,0.0,Feb,1,1,1,2,Returning_Visitor,1,0
1,6.0,0,0.0,44,2011.305556,0.0,0.012301587,0.0,0.0,Nov,2,2,1,3,Returning_Visitor,0,0
0,0.0,0,572.2559871564368,3,0.0,0.2,0.2,63.09406275096969,0.0,Nov,3,2,1,13,Returning_Visitor,0,0
1,64.4,0,0.0,22,2364.65,0.2174847797992301,0.043478261,0.0,-0.6408567422393545,Oct,2,2,1,2,Returning_Visitor,0,0
6,-564.2945700475994,0,0.0,169,342.125,0.0,0.007142857,64.24276735489619,0.0,Nov,1,2,3,2,New_Visitor,0,0
14,290.3333333,0,-395.4418590291991,60,2818.094444,0.20527422189954292,0.018387097,2.050814516,0.7550331400831727,May,1,1,6,2,Returning_Visitor,0,0
1,30.2,0,0.0,20,293.0333333,0.019047619,0.025396825,9.775216594,0.0,Nov,1,2,1,1,Returning_Visitor,0,0
2,671.0,0,0.0,163,1106.0,0.0,0.04,0.0,0.0,Dec,2,2,4,1,Returning_Visitor,0,0
3,173.9444444,0,0.0,14,890.5277778,0.0,0.028571429,52.74177636,0.0,Dec,4,5,5,10,Returning_Visitor,0,1
0,0.0,0,0.0,8,105.0,0.0,0.0125,0.0,0.0,May,4,1,1,3,Returning_Visitor,0,0
8,889.1666667,0,0.0,137,5588.185426,0.000729167,0.026320008,6.898232461,0.0,Nov,2,2,1,3,Returning_Visitor,0,1
0,791.1463620251582,1,0.0,24,2244.666667,0.2057264005051609,0.028,0.0,0.0,Mar,2,2,1,1,Returning_Visitor,0,0
0,0.0,0,0.0,10,902.6666667,0.0,0.03,0.0,0.0,Nov,2,2,3,20,Returning_Visitor,1,0
1,81.0,0,0.0,12,131.5,0.0,0.003076923,0.0,1.0,May,3,2,1,4,Returning_Visitor,1,0
0,0.0,0,0.0,9,104.8333333,0.17802154872714068,0.1910450988581072,-53.1001659585537,0.0,Mar,2,2,4,2,Returning_Visitor,0,0
4,93.6,0,0.0,8,7099.88480189386,0.090909091,0.103030303,0.0,0.0,Sep,2,2,1,3,Returning_Visitor,0,0
-7,0.0,0,0.0,7,1264.833333,0.073376623,0.075604396,0.0,0.0,Dec,3,2,1,13,Returning_Visitor,0,0
1,40.25,0,0.0,19,501.7666667,0.0,0.010526316,0.0,-0.7160775690962228,May,2,2,1,4,Returning_Visitor,0,0
0,0.0,0,0.0,48,4346.916667,-0.1719620268211401,0.2072531962620465,0.0,0.0,May,3,2,2,13,Returning_Visitor,0,0
5,398.0666667,1,19.2,17,-5894.224844615695,0.059064327,0.20994883834008926,0.0,0.0,Aug,2,2,3,4,Returning_Visitor,0,0
0,774.9383706957825,0,0.0,6,83.0,0.016666667,0.2220855830143521,0.0,0.0,Mar,3,2,8,8,Returning_Visitor,0,0
5,107.0,2,15.0,250,8622.38,0.005670471,0.02250017,71.92270893003221,0.0,Nov,3,2,1,1,Returning_Visitor,0,1
0,0.0,0,0.0,-114,607.9666667,-0.12975928584351706,0.004166667,66.53809770206605,0.0,Nov,4,1,1,2,New_Visitor,0,1
1,55.5,0,0.0,8,-4575.619843259894,0.0,0.2237119560581798,73.7714800677811,0.0,Nov,2,2,3,10,Returning_Visitor,0,0
0,0.0,0,-465.18012845392656,45,844.25,0.0,0.01037037,72.44865572646363,0.0,Mar,1,1,3,1,Returning_Visitor,0,0
-9,0.0,0,-487.23180664861275,52,2086.242857,0.015384615,0.020352564,0.0,0.0,Feb,2,2,7,1,Returning_Visitor,0,0
6,99.5,0,0.0,11,143.0,0.0,0.014285714,0.0,0.0,May,2,10,8,2,Returning_Visitor,0,0
2,44.0,25,0.0,8,182.0,0.0,0.005,0.0,0.0,May,2,4,1,2,New_Visitor,0,0
8,112.27,0,0.0,149,-6021.5384310126765,0.01025641,0.027991453,0.0,0.0,Sep,2,5,1,1,Returning_Visitor,0,0
-7,9.0,0,0.0,7,638.0,0.0375,0.045833333,-67.44556813112578,0.0,Mar,1,1,1,3,Returning_Visitor,0,0
-8,166.375,25,0.0,39,8408.001205509092,0.001515152,0.011818182,50.17693633,0.0,Dec,1,1,1,2,Returning_Visitor,0,0
0,-575.7691616806454,0,0.0,13,231.5,0.015384615,0.046153846,0.0,0.0,May,1,1,3,4,Returning_Visitor,0,0
0,0.0,0,0.0,5,23.0,0.08,0.12,0.0,0.0,Mar,2,2,1,1,Returning_Visitor,0,0
0,0.0,0,0.0,13,208.8333333,-0.16170647023108442,0.2205494536595875,0.0,0.4,May,2,2,6,4,Returning_Visitor,0,0
0,0.0,0,0.0,5,57.0,0.08,0.12,0.0,0.8674156730005208,Mar,2,5,2,1,Returning_Visitor,0,0
0,641.8064906151182,0,-407.870037058053,14,2530.5,0.014285714,0.052380952,0.0,0.6,May,2,2,9,3,Returning_Visitor,0,0
2,729.666374679707,0,0.0,28,968.6666667,0.013793103,0.024712644,14.02863873,0.0,Nov,2,5,1,3,Returning_Visitor,0,1
0,0.0,0,0.0,3,242.0,0.066666667,0.133333333,0.0,0.0,May,3,2,4,3,Returning_Visitor,0,0
12,-524.6386711075743,3,424.5,115,3382.287999,0.005346832,0.021971597,0.0,0.0,May,2,2,2,6,Returning_Visitor,0,0
15,79.33333333,3,242.0555556,17,1142.816919,0.006818182,0.018519814,62.16886364,-0.6870173010810984,Mar,3,2,6,2,Returning_Visitor,0,0
0,0.0,0,0.0,3,54.5,0.0,0.066666667,-58.692077803972666,0.0,Nov,2,5,2,3,Returning_Visitor,0,0
2,24.42857143,7,278.1666667,76,2735.728571,0.002439024,0.024843206,8.631719512,0.0,Mar,2,5,2,7,Returning_Visitor,0,1
1,-629.0379559731274,0,0.0,46,1687.85,0.1712097297807364,-0.12573463182455735,18.844,0.0,May,2,2,3,4,Returning_Visitor,0,0
5,143.8333333,1,475.5640710681323,19,1762.5,0.0,0.013461538,31.54642738,0.0,Mar,3,2,1,2,Returning_Visitor,0,1
13,-632.7970295482677,0,-405.2222787803396,8,458.5,0.025,0.03,0.0,-0.5412343727529205,Sep,3,2,1,11,Returning_Visitor,0,0
0,0.0,0,0.0,3,-4782.076685617881,0.0,0.033333333,0.0,0.0,Nov,1,2,1,1,Returning_Visitor,0,0
2,47.0,25,0.0,11,624.0,0.0,0.020512821,66.17241436760935,0.0,Mar,2,2,1,1,Returning_Visitor,0,0
9,509.8333333,2,468.05204526007407,27,1438.854167,0.020952381,0.043333333,69.43988159949676,0.0,Dec,1,1,3,2,Returning_Visitor,0,0
14,0.0,0,582.9204923086279,-117,32.0,0.0,0.22112641338169636,0.0,0.0,Feb,2,2,1,3,Returning_Visitor,0,0
2,12.0,25,0.0,45,547.5,0.033469388,0.054460641,13.18408163,0.8,May,2,10,3,2,Returning_Visitor,0,0
0,-484.95322526776835,0,0.0,174,-5216.215180507817,0.0,0.04,0.0,0.0,May,2,2,4,3,Returning_Visitor,0,0
0,0.0,0,0.0,-124,123.5,0.0,0.057142857,0.0,0.0,May,1,1,1,3,Returning_Visitor,0,0
12,81.75,0,-407.20162121893316,152,4838.29406,0.003046557,0.022523524,0.789591795,0.0,Nov,2,2,2,2,Returning_Visitor,1,0
8,269.0416667,3,64.5,-109,6400.430101,0.006967985,0.017556729,4.213364204,0.0,Nov,1,1,1,1,Returning_Visitor,0,1
-9,54.4,0,0.0,68,-6035.846818776273,0.002898551,0.008789401,0.0,0.0,June,4,1,4,1,Returning_Visitor,0,0
0,0.0,2,-506.0480978674075,6,131.0,0.0,0.025,0.0,-0.6599221234370969,Mar,2,2,3,2,Returning_Visitor,0,0
-7,58.0,25,-453.9205042530615,10,657.2619048,0.0,0.004166667,0.0,0.0,Mar,1,1,2,2,New_Visitor,0,0
0,750.2303747932004,0,0.0,13,244.1666667,0.0,0.030769231,0.0,0.0,Mar,2,5,3,3,Returning_Visitor,0,0
0,0.0,0,0.0,7,56.625,0.028571429,0.066666667,0.0,0.0,Dec,3,2,1,20,Returning_Visitor,0,0
7,161.25,1,0.0,32,1038.797619,0.0,0.015714286,59.96777143,0.2,May,1,1,4,2,Returning_Visitor,0,1
0,0.0,0,0.0,12,366.5,0.0,0.016666667,287.9537928,-0.6114241054537384,Dec,2,2,1,2,New_Visitor,0,1
5,423.5,2,111.5,6,7409.700851844729,0.05,0.055555556,0.0,0.2,May,2,2,4,6,Returning_Visitor,0,0
3,134.0,0,-516.5902574347048,5,78.5,0.0,0.19634054573541987,0.0,0.0,May,2,2,7,2,Returning_Visitor,1,0
2,684.1340102941667,0,0.0,18,584.74,0.005882353,0.023529412,72.87759807400813,0.7084188601298275,Aug,1,1,3,2,Returning_Visitor,0,0
1,4.0,0,0.0,47,2386.066667,0.004444444,0.030864198,0.0,0.0,Nov,2,2,1,1,Returning_Visitor,0,0
12,0.0,0,0.0,9,206.6,0.0,0.005555556,0.0,0.0,Jul,2,4,3,4,New_Visitor,0,0
0,0.0,0,0.0,7,180.0,0.0,0.00952381,0.0,0.0,May,2,2,6,1,Returning_Visitor,0,0
5,92.75,1,74.75,84,2756.215152,0.20757951731150937,-0.1350753683090532,0.0,0.0,Mar,2,2,9,3,New_Visitor,1,0
0,0.0,0,0.0,1,0.0,0.2,0.2,0.0,0.0,May,1,1,4,2,New_Visitor,0,0
0,0.0,0,0.0,41,1423.833333,0.007317073,0.030243902,0.0,0.0,Dec,2,2,1,1,Returning_Visitor,0,0
0,0.0,0,0.0,2,13.0,0.0,0.1,0.0,0.0,Dec,1,1,3,2,Returning_Visitor,1,0
3,63.0,2,204.25,20,7142.118774940033,0.009090909,0.013636364,0.0,0.0,Dec,3,2,7,2,New_Visitor,0,1
8,-460.52030487257025,8,179.5,157,16093.30941,0.007903295,0.027247449,2.051882078,0.0,June,2,2,1,5,Returning_Visitor,1,0
-10,19.75,2,0.0,29,942.3958333,0.20685934787163768,0.075942002,0.0,-0.6431974409689154,Dec,3,2,1,2,Returning_Visitor,0,0
0,0.0,0,0.0,21,1294.566667,0.035,0.067,0.0,0.0,Oct,1,1,1,1,Returning_Visitor,0,0
6,-614.2268032824593,0,0.0,40,8637.795642436253,0.0,-0.14023893776086366,0.0,0.0,Mar,4,1,3,1,Returning_Visitor,1,0
0,0.0,3,55.4,36,1018.018025,0.01025641,-0.1460445334386998,0.0,0.8365083396435747,Nov,2,2,1,2,Returning_Visitor,0,0
0,0.0,0,0.0,23,1375.916667,0.039130435,0.093478261,0.0,0.0,Nov,3,2,8,13,Returning_Visitor,0,0
0,0.0,0,0.0,12,582.5,0.18729614384821777,0.006666667,78.27964093753448,0.0,May,2,4,4,2,New_Visitor,1,0
-9,664.9555489993427,0,0.0,1,0.0,0.2,0.2,66.97608182903984,0.0,Dec,2,4,3,1,Returning_Visitor,0,0
0,0.0,0,0.0,10,478.5,0.0,0.02,0.0,0.0,Nov,4,1,1,2,New_Visitor,0,0
0,0.0,25,-390.0660075667778,7,-5474.2881507747015,0.00952381,0.031428571,0.0,0.0,Sep,3,2,1,4,Returning_Visitor,0,0
-8,0.0,0,0.0,25,7469.671207984332,0.0,0.003466667,0.0,0.70490619510714,May,2,2,1,4,Returning_Visitor,0,0
15,161.2,25,515.1759304523907,7,7366.854514944486,0.044444444,0.055555556,-57.60966387459682,0.0,Oct,3,2,2,1,Returning_Visitor,0,0
6,132.025,3,79.7,45,1620.141667,0.0,0.009333333,0.0,0.0,Oct,1,1,1,2,Returning_Visitor,0,0
-10,0.0,0,0.0,32,893.45,0.0,0.011458333,0.0,0.0,Oct,4,1,1,5,Returning_Visitor,0,0
14,0.0,0,0.0,195,42.0,0.05,-0.12841948348440077,-62.3850767203329,0.4,Feb,2,2,1,4,Returning_Visitor,0,0
4,98.6,0,-471.00353979741,10,63.6,0.090909091,0.090909091,74.34020867178101,0.0,Sep,1,1,4,3,Returning_Visitor,0,0
0,0.0,25,0.0,4,163.5,0.0,0.025,0.0,0.0,Nov,3,6,2,2,Returning_Visitor,0,0
6,241.1666667,25,0.0,193,8517.019564454931,0.005128205,0.021367521,0.0,0.0,Mar,1,1,1,3,Returning_Visitor,0,0
0,0.0,2,46.0,9,546.0,0.0,0.02,0.0,0.0,Mar,2,6,1,2,Returning_Visitor,0,0
7,41.375,0,0.0,67,3014.290476,0.20381960958763842,-0.12518060002726009,4.18760274,0.8,May,3,2,3,3,Returning_Visitor,0,0
0,0.0,0,496.77034205459273,103,1934.992857,0.029901961,0.044501535,0.0,0.8,May,3,2,1,13,Returning_Visitor,0,0
0,0.0,0,0.0,11,577.75,0.018181818,0.033333333,0.0,0.0,Nov,3,2,1,3,Returning_Visitor,0,0
8,114.08,0,0.0,37,747.48,0.041463415,0.052845528,0.0,0.0,Jul,2,10,3,3,Returning_Visitor,0,0
2,45.0,25,597.1820436485378,-99,1541.327451,0.000653595,-0.1422136146168083,0.0,0.8,May,3,3,8,4,Returning_Visitor,0,0
0,0.0,0,0.0,25,883.9761905,0.02,0.029333333,0.0,0.0,Sep,3,2,3,4,Returning_Visitor,1,0
4,80.6,25,0.0,39,639.4933333,-0.13873233780919783,0.005,0.0,-0.5689770955255495,Nov,1,2,1,20,Returning_Visitor,0,0
0,721.6995080223105,0,0.0,8,198.9,0.0875,0.116666667,0.0,0.0,Jul,1,1,1,3,Returning_Visitor,0,0
-7,0.0,0,0.0,33,663.2333333,0.026470588,0.059803922,0.0,0.7507178256739995,May,3,2,3,13,Returning_Visitor,0,0
9,663.4199111686365,5,923.9,115,7243.649316,0.003225806,0.018928571,74.63894793338036,0.0,Aug,2,2,8,4,Returning_Visitor,0,1
3,86.1,2,28.4,-119,5.0,0.0,0.033333333,0.0,0.7037189709278261,Jul,2,2,1,5,New_Visitor,0,0
0,0.0,25,0.0,0,-6144.613639603537,0.2,0.2,0.0,0.0,May,2,2,8,3,Returning_Visitor,0,0
0,-582.1993662938894,1,273.0,22,2386.0,0.0,0.020289855,0.0,0.0,Dec,2,2,6,2,New_Visitor,0,1
0,-484.9619183143425,25,1779.166667,12,1886.5,0.007017544,0.019298246,0.0,0.6,May,2,2,6,3,New_Visitor,0,0
3,29.0,0,-404.29216657096185,2,7.0,0.0,0.04,0.0,0.0,Dec,2,2,3,2,New_Visitor,0,0
0,0.0,0,494.8731419861648,7,114.6,0.028571429,0.033333333,77.73055484135644,0.0,Mar,3,2,1,10,Returning_Visitor,0,0
6,253.75,3,33.0,19,7931.389863510939,0.023076923,0.03034188,0.0,0.2,May,3,2,2,3,Returning_Visitor,0,0
9,223.0,1,93.0,165,2893.940476,0.002409639,0.014859438,67.44795763437322,0.6942301742167948,Nov,1,2,3,8,Returning_Visitor,0,0
14,0.0,25,0.0,48,691.3572797,0.034873188,0.082209406,0.0,0.0,Nov,3,2,3,3,Returning_Visitor,0,0
3,681.8867836968122,0,0.0,2,26.0,0.013333333,0.07,0.0,1.0,May,1,1,3,4,Returning_Visitor,1,0
4,237.0,3,-462.84899184363184,-138,379.3,0.021212121,0.057575758,0.0,0.0,Oct,7,1,1,3,Returning_Visitor,0,0
3,36.2,0,0.0,16,166.7062706,0.17570570606444016,0.014705882,0.0,0.0,Aug,2,2,6,5,New_Visitor,0,0
0,-620.7012717746995,25,0.0,59,3033.689449,0.00756193,0.015479685,0.0,0.0,Nov,1,2,3,2,Returning_Visitor,0,0
2,374.0,0,0.0,3,1370.0,0.0,0.025,0.0,-0.606373077163756,Mar,2,2,1,8,Returning_Visitor,0,0
13,169.5666667,25,0.0,21,1853.535714,0.0,0.2177315100284542,0.0,-0.7282963646824666,May,3,2,4,4,Returning_Visitor,1,0
7,132.0,25,577.164398803448,125,3674.803673,0.023134328,0.032705748,5.613708292,0.0,Aug,3,2,3,13,Returning_Visitor,0,0
14,423.0,0,0.0,24,1203.533333,-0.16578810128750215,0.011111111,0.0,0.0,Oct,4,1,1,4,New_Visitor,0,0
3,30.25,0,0.0,21,327.2666667,0.017391304,0.02826087,68.85704348,0.0,May,2,2,1,3,Returning_Visitor,0,1
4,676.5548049175896,7,89.53333333,87,4131.156044,0.006593407,0.037080939,0.0,0.0,Sep,2,2,1,3,Returning_Visitor,0,0
0,0.0,0,0.0,4,173.5,0.0,0.05,0.0,0.0,Mar,3,3,4,3,Returning_Visitor,1,0
4,80.0,0,0.0,165,8277.782784284658,0.012345679,-0.14170784779930984,0.0,0.6,May,3,2,3,4,Returning_Visitor,0,0
0,0.0,0,0.0,7,67.33333333,0.1,0.097142857,0.0,0.0,May,3,2,1,3,Returning_Visitor,0,0
0,0.0,0,0.0,20,7680.690983177681,-0.16775269922582653,-0.12532754845906602,0.0,0.0,Dec,3,2,3,13,Returning_Visitor,0,0
4,52.0,1,7.0,46,-4744.4922897321985,0.18306060656727463,0.021383648,16.94643793,0.0,Mar,2,2,3,8,Returning_Visitor,0,1
5,209.625,2,118.75,21,398.0,0.006896552,0.02183908,0.0,0.0,Dec,2,2,4,2,New_Visitor,0,0
0,0.0,0,0.0,21,642.4642857,0.028571429,0.233608701208643,0.0,0.0,Dec,2,2,6,2,Returning_Visitor,1,0
4,80.0,25,553.4665652772894,326,-5448.094805944239,0.001849665,0.017527555,0.0,0.0,Nov,2,2,1,2,Returning_Visitor,0,1
6,111.0,0,561.4280968733397,12,202.25,0.025,0.029166667,0.0,0.0,Mar,3,2,1,1,Returning_Visitor,1,0
9,219.9333333,0,0.0,56,1371.415714,0.2075645014422749,0.011752445,-60.83527858750971,0.0,Oct,3,2,1,5,Returning_Visitor,1,0
-8,88.0,0,584.5627944220727,11,522.6666667,0.0,0.022222222,0.0,0.0,May,3,3,1,4,Returning_Visitor,0,0
10,785.4940117017995,3,9.0,122,6919.899495,0.004615385,0.022008376,0.0,0.0,Dec,2,2,1,2,Returning_Visitor,0,0
0,0.0,0,0.0,28,1202.0,0.0,0.014285714,0.0,0.0,Mar,2,2,1,10,Returning_Visitor,0,0
0,-508.7459571846307,1,0.0,14,7220.122178207588,0.013333333,0.017777778,0.0,0.0,June,1,1,1,2,Returning_Visitor,1,0
18,1103.330357,8,696.8333333,359,12959.91515,0.000795756,0.008975428,7.231074783,0.0,Nov,2,2,1,2,Returning_Visitor,0,1
15,0.0,1,35.5,130,-4691.951005811013,0.007633588,0.028972728,0.0,0.0,Nov,2,2,1,2,Returning_Visitor,1,0
0,0.0,0,0.0,12,418.3333333,-0.1527996590551154,0.004545455,0.0,0.0,May,2,4,9,5,Returning_Visitor,0,0
4,30.3,0,0.0,7,493.4,0.0,0.2333071389713523,0.0,0.0,Oct,2,5,1,2,New_Visitor,0,1
14,345.8333333,0,0.0,52,3258.071212,0.0,0.00327381,0.0,0.0,May,1,2,2,2,Returning_Visitor,1,0
1,63.5,0,0.0,7,58.9,0.0,0.025,0.0,0.0,Dec,1,1,2,2,New_Visitor,0,0
0,0.0,25,-502.3867200591784,15,1137.0,0.04,0.044444444,0.0,0.8,May,4,2,1,6,Returning_Visitor,0,0
5,143.4428571,1,19.6,184,3579.7859,0.0,0.00381931,138.3208342,0.0,Oct,2,2,3,20,Returning_Visitor,0,0
6,228.0,5,89.33333333,18,513.4666667,0.0,0.003461538,66.40221020880016,-0.5963006549390828,Mar,1,1,3,3,New_Visitor,0,0
0,680.218476627984,0,0.0,10,194.0,0.02,0.04,0.0,0.0,Mar,2,5,7,1,Returning_Visitor,0,0
0,0.0,25,0.0,6,-5736.895582974344,0.0,0.016666667,0.0,0.0,Dec,8,13,9,20,Other,0,0
15,0.0,0,0.0,47,1093.833333,0.004444444,-0.13745646674470688,-65.43338804603853,0.6908852639927734,Dec,2,2,2,1,Returning_Visitor,0,0
0,0.0,0,-417.0728324264712,17,477.7166667,0.0,0.0,0.0,0.0,Sep,2,2,6,2,New_Visitor,1,0
0,0.0,0,0.0,-135,314.75,0.006666667,0.046666667,0.0,0.0,Nov,4,2,9,3,Returning_Visitor,0,0
2,67.75,0,0.0,11,417.9892857,0.016666667,0.043148148,0.0,0.6876269949094803,Nov,3,2,1,2,Returning_Visitor,0,0
0,0.0,1,13.1,62,1918.966667,0.01031746,0.022246642,0.0,0.0,Aug,2,4,1,4,Returning_Visitor,0,0
4,-486.0369081318232,0,0.0,13,288.0,0.0125,0.0375,0.0,0.7194788269541985,Mar,1,1,4,2,Returning_Visitor,1,0
0,0.0,25,0.0,10,8489.510498746768,0.0,0.025,0.0,0.0,Mar,3,2,2,1,Returning_Visitor,0,0
7,56.3,0,0.0,15,315.4,0.0,-0.11193161003738589,-51.733839442868614,0.0,Oct,2,2,1,2,New_Visitor,0,0
0,0.0,25,0.0,7,53.0,0.028571429,0.057142857,0.0,0.0,Dec,1,1,1,2,Returning_Visitor,0,0
0,0.0,1,59.5,44,2284.488095,-0.14576843521675997,0.003359173,0.0,0.8449951555502362,Dec,3,3,2,8,Returning_Visitor,0,0
9,257.0933333,2,39.4,98,3364.64045,-0.16462085266638485,0.034691241,35.03953094,0.8035419330139464,Sep,3,2,8,13,Returning_Visitor,0,0
0,-625.4653396709032,0,0.0,1,0.0,0.2,0.2,0.0,0.7918426627225212,May,2,2,1,1,Returning_Visitor,0,0
3,14.0,0,0.0,25,7235.272799248384,0.008333333,0.020833333,0.0,0.0,May,2,2,3,13,Returning_Visitor,1,0
3,30.5,0,0.0,20,1839.833333,0.19536730820391168,0.007539683,0.0,0.0,May,2,2,7,3,Returning_Visitor,0,0
0,694.2828092061095,0,0.0,14,166.1666667,0.028571429,0.051190476,0.0,0.0,May,2,2,1,3,Returning_Visitor,0,0
0,0.0,0,0.0,7,1544.75,0.014285714,0.033333333,0.0,0.0,Dec,1,1,3,1,Returning_Visitor,0,0
9,-557.0817922046015,2,26.66666667,67,1783.122222,0.0,0.005855856,0.0,0.0,May,1,1,2,4,Returning_Visitor,0,0
-9,-596.5545329112008,0,0.0,1,0.0,0.2,0.22822277432527477,0.0,0.0,May,3,3,1,3,Returning_Visitor,0,0
0,0.0,0,0.0,26,419.352381,0.007692308,0.037130178,0.0,0.8,May,2,4,3,2,Returning_Visitor,0,0
7,70.5,0,0.0,24,463.6940476,0.013620072,0.045071685,0.0,0.0,June,2,2,1,1,Returning_Visitor,0,0
22,1951.279141,25,99.0,55,3373.015865,0.016438356,0.038292564,8.508237502,0.0,May,2,2,3,1,Returning_Visitor,0,0
0,0.0,0,0.0,-140,7490.299533708382,0.021212121,0.059848485,0.0,0.0,June,4,1,1,3,Returning_Visitor,0,0
12,-546.3753660445678,0,0.0,2,0.0,0.2,0.2,0.0,0.0,May,2,2,5,13,Returning_Visitor,0,0
6,96.85714286,0,0.0,28,672.5452381,0.0,0.020707071,-64.40733692596771,0.0,Mar,1,1,2,10,Returning_Visitor,0,1
0,-582.4405911166905,0,0.0,11,203.5,0.018181818,0.042424242,0.0,0.0,Dec,4,5,3,3,Returning_Visitor,0,0
-7,23.2,1,73.6,17,566.5666667,0.0,0.0,63.49098455031001,0.0,Jul,1,1,1,2,Returning_Visitor,0,0
0,0.0,0,0.0,-114,232.8333333,0.033333333,0.046666667,0.0,0.7161191113107775,May,1,1,3,1,Returning_Visitor,0,0
-10,0.0,0,0.0,1,0.0,0.2,0.2,0.0,0.0,Nov,1,1,1,3,Returning_Visitor,0,0
12,187.6944444,5,495.5,122,2743.213113,0.000199005,0.005114363,1.483210939,0.0,Nov,2,2,1,2,Returning_Visitor,0,1
-8,104.5,1,497.7332147036584,25,796.3,0.0,0.024074074,0.0,0.8,May,2,6,1,4,Returning_Visitor,0,0
14,-585.2549266231019,0,0.0,22,7274.386475120706,0.034782609,-0.13765214769055645,66.35516353083686,-0.6617793574885789,Nov,3,2,2,8,Returning_Visitor,0,0
0,0.0,0,0.0,3,164.0,0.0,0.066666667,0.0,0.0,Nov,1,1,1,3,Returning_Visitor,1,0
0,0.0,0,0.0,23,-4916.670516047909,0.1,-0.1408311044864875,0.0,0.8,May,2,2,7,3,Returning_Visitor,0,0
3,430.8333333,1,262.0,49,2338.567766,0.023529412,0.028907563,9.609529412,0.6,May,3,2,4,4,Returning_Visitor,0,1
0,0.0,0,0.0,21,1598.25,0.022222222,0.047301587,0.0,0.0,Nov,4,1,4,1,Returning_Visitor,0,0
0,0.0,25,0.0,1,0.0,-0.15085706249959202,0.22381410607785895,0.0,0.0,Mar,3,3,3,3,Returning_Visitor,0,0
6,192.5,0,-489.98689579002615,14,327.0,0.0,0.00625,0.0,0.0,Mar,1,1,1,9,Returning_Visitor,1,0
0,0.0,25,0.0,2,46.0,0.0,0.1,0.0,0.0,May,2,4,3,4,Returning_Visitor,0,0
2,76.0,0,479.4252470530143,170,831.1111111,0.0,0.0125,77.97458009,0.7465765213142525,Dec,2,2,4,2,Returning_Visitor,1,1
0,0.0,25,0.0,5,-6081.760581922386,0.04,0.053333333,0.0,-0.5931129389088619,Mar,2,2,1,2,Returning_Visitor,0,0
1,770.8488840415664,0,0.0,3,-6153.232045983655,0.0,0.025,0.0,0.0,Dec,2,2,1,2,New_Visitor,0,0
7,105.75,0,0.0,124,3394.130159,0.001587302,0.012918871,5.921482086,-0.7208137248778651,May,2,2,3,11,Returning_Visitor,1,0
9,524.9333333,2,30.66666667,31,1157.444833,0.005698006,0.02881889,10.79674946,0.0,Nov,2,2,3,1,Returning_Visitor,1,0
12,637.9388889,25,0.0,61,1797.298291,0.025147059,0.029877803,0.0,0.0,May,3,2,1,1,Returning_Visitor,0,0
7,237.5,1,0.0,37,1302.518056,0.16975593238040312,0.023185941,-51.01118533605781,0.0,Dec,3,2,2,2,Returning_Visitor,0,1
0,0.0,0,0.0,11,8074.057020660853,0.018181818,0.036363636,0.0,1.0,May,3,2,2,1,Returning_Visitor,1,0
1,77.1,0,0.0,-129,365.5833333,0.017142857,0.026857143,0.0,0.0,Nov,2,2,1,4,Returning_Visitor,0,0
0,0.0,0,0.0,4,86.0,0.0,0.025,0.0,0.0,Dec,2,5,1,8,New_Visitor,1,0
6,374.0,0,0.0,83,791.9559524,0.013636364,0.025536616,0.0,0.6,May,3,2,1,1,Returning_Visitor,0,0
2,46.3,0,0.0,170,48.4,0.0,0.05,0.0,0.0,Oct,1,1,1,3,Returning_Visitor,0,0
15,793.9554538847812,0,0.0,43,1606.45,0.0,0.004761905,-61.183069977032446,0.0,June,4,1,1,2,New_Visitor,0,1
3,118.5,0,0.0,11,241.625,0.0,0.012727273,0.0,0.0,Dec,3,2,3,1,Returning_Visitor,1,0
-9,0.0,0,0.0,2,0.0,0.2,0.2,0.0,0.0,June,3,2,3,13,Returning_Visitor,0,0
3,134.0,0,469.31841130611946,53,1659.319697,0.19455844515785145,0.23819457548085632,62.34813701,-0.6705107791779668,Mar,4,1,1,2,Returning_Visitor,0,1
0,0.0,0,0.0,8,358.0,0.05,0.075,0.0,1.0,May,1,1,1,2,Returning_Visitor,1,0
1,20.0,0,-428.16654553421745,283,9354.484111,0.003043735,0.023041703,0.0,0.0,Nov,2,2,1,3,Returning_Visitor,0,0
0,0.0,0,0.0,5,22.0,0.08,0.12,0.0,0.0,May,3,2,3,13,Returning_Visitor,0,0
7,133.1666667,2,80.0,10,-6211.648343619303,0.18243234070048855,0.008333333,0.0,0.0,May,2,2,1,3,New_Visitor,0,0
0,-621.7695671402072,0,0.0,29,1155.5,0.05862069,0.095402299,0.0,0.8,May,2,2,1,13,Returning_Visitor,0,0
0,0.0,0,0.0,-143,71.6,0.028571429,0.071428571,0.0,0.0,Nov,1,1,9,4,Returning_Visitor,0,0
-10,30.2,25,0.0,32,776.8833333,0.0,-0.12152155379663139,0.0,0.0,Jul,2,4,1,5,New_Visitor,0,0
4,138.3333333,0,0.0,3,277.5,0.0,0.011111111,0.0,0.0,May,3,3,3,2,New_Visitor,0,0
-10,51.0,2,176.0,37,1420.733333,0.0,-0.1331482173210851,102.3538378,0.0,May,2,5,7,4,Returning_Visitor,1,1
2,248.0,1,0.0,44,815.475,0.19664539993621707,0.023550725,67.80668584333841,0.0,May,2,2,1,3,Returning_Visitor,0,0
-9,24.2,0,0.0,168,52.4,0.0,0.04,0.0,0.0,Sep,2,2,3,5,New_Visitor,0,0
2,38.33333333,25,0.0,68,2277.377056,0.009758454,0.029851908,12.76243133,1.0,May,2,2,2,2,Returning_Visitor,1,0
0,0.0,1,492.8436179774586,14,443.2083333,-0.13340308992002142,-0.15003212623554957,0.0,0.0,May,2,2,1,6,Returning_Visitor,0,0
1,45.4,0,0.0,41,1227.713333,0.019512195,0.20216052030687207,0.0,-0.6783697489475631,Oct,1,1,3,3,Returning_Visitor,0,0
8,440.4615385,1,0.0,89,3236.865632,0.012544803,0.027526998,7.329008963,0.0,Nov,1,1,1,10,Returning_Visitor,1,0
0,0.0,1,81.0,82,3214.020563,0.2162287055248753,0.007723577,4.667079268,0.0,Mar,3,3,2,10,Returning_Visitor,0,1
0,0.0,0,0.0,11,461.0,0.036363636,0.054545455,0.0,0.0,Dec,2,2,5,6,Returning_Visitor,0,0
4,122.5,0,0.0,66,1706.712281,0.0,0.22941965412449417,0.0,0.0,May,2,2,1,4,Returning_Visitor,0,0
2,96.0,2,507.86648894071845,53,2130.025,0.2059390915387558,0.010061728,0.0,0.0,May,2,2,3,4,Returning_Visitor,0,0
1,20.0,0,0.0,21,-4763.48504002102,-0.16152793361052936,0.002105263,0.0,0.0,May,2,2,1,2,Returning_Visitor,1,0
2,11.0,0,0.0,20,363.6666667,0.01,0.016666667,0.0,0.0,Mar,2,2,1,3,Returning_Visitor,1,0
1,10.0,0,501.8952692830659,171,700.0,0.0,0.011111111,29.62188989,0.0,Dec,2,2,9,10,Returning_Visitor,0,1
0,0.0,0,0.0,5,124.0,0.0,0.06,0.0,0.0,Nov,1,1,3,11,Returning_Visitor,0,0
1,5.5,0,0.0,103,2429.279762,0.034951923,0.1977971709254222,0.0,0.0,Nov,3,2,1,13,Returning_Visitor,0,0
13,0.0,0,0.0,10,196.5,0.044444444,0.066666667,0.0,0.6,May,2,2,1,3,Returning_Visitor,0,0
2,16.2,0,-420.1154935490348,-140,268.0,0.0,0.2061348874266021,68.1484391982879,-0.5931575282289047,Nov,2,2,5,5,New_Visitor,0,0
15,27.0,0,0.0,4,-4882.510858336171,0.0,0.025,0.0,0.0,May,1,1,1,4,New_Visitor,0,0
-10,1153.682251,3,108.0,205,8637.565103412493,0.001746725,0.21214786266043842,-67.4314819447667,0.0,Nov,2,5,3,3,Returning_Visitor,1,0
-9,0.0,0,0.0,10,-6436.269162610403,0.04,0.076666667,0.0,0.0,Nov,3,2,1,3,Returning_Visitor,0,0
12,106.8,0,0.0,20,470.8666667,0.027272727,0.045454545,0.0,0.0,Oct,2,2,1,13,Returning_Visitor,0,0
1,3.0,0,0.0,13,543.0,0.0,0.008333333,0.0,0.8316600455023356,Dec,2,2,1,2,New_Visitor,0,0
2,16.5,0,0.0,48,869.1,0.008510638,0.014967916,3.060765957,0.0,May,2,10,4,3,Returning_Visitor,0,0
1,78.0,25,0.0,189,25.75,0.0,0.066666667,0.0,-0.6584687215466175,Nov,4,2,6,8,New_Visitor,0,0
2,-565.9674629784753,0,0.0,18,470.8966667,0.0,-0.1289714153367364,0.0,0.0,Nov,2,2,2,4,New_Visitor,0,0
7,151.0,0,0.0,44,1406.1,-0.12650332751482773,0.006501458,0.0,0.0,Mar,1,1,4,2,Returning_Visitor,0,0
2,792.5123727108693,0,490.0933855702046,5,7029.585312770735,0.0,0.00952381,32.73373471,0.0,Nov,2,4,4,5,New_Visitor,0,0
2,28.0,0,0.0,51,2587.766667,0.0,0.007434641,21.47448516,0.0,Nov,4,2,3,10,Returning_Visitor,0,1
15,284.2,0,0.0,22,2366.6,0.036,0.064,0.0,0.0,Oct,1,1,8,1,Returning_Visitor,1,0
1,149.5,0,0.0,32,1562.333333,0.038709677,0.062580645,7.636645161,0.2,May,2,2,3,2,Returning_Visitor,0,0
2,33.0,0,580.9657802260465,9,354.0,0.0,0.02,0.0,0.0,Mar,3,2,1,3,New_Visitor,0,0
0,0.0,0,0.0,4,76.75,0.0,-0.11176719150542075,0.0,-0.6518444540367293,Nov,1,1,8,2,New_Visitor,0,1
0,0.0,0,0.0,4,13.0,0.133333333,0.133333333,0.0,0.4,May,2,5,1,3,Returning_Visitor,0,0
3,397.7,4,1093.3,66,4152.7631,0.014979592,0.017561939,6.282904602,0.0,Sep,3,2,8,4,Returning_Visitor,1,0
0,0.0,0,0.0,1,7346.827903920512,-0.17104820880574906,0.2,0.0,0.0,May,2,5,2,1,Returning_Visitor,0,0
9,659.5019692898389,5,-435.2395925994728,83,2694.507143,0.0,0.009090909,0.0,0.0,Nov,2,4,1,2,Returning_Visitor,0,1
-10,0.0,0,0.0,203,66.5,0.066666667,0.166666667,0.0,0.0,Nov,3,2,3,13,Returning_Visitor,0,0
5,761.2409346570396,3,53.0,22,406.0,0.002564103,0.013461538,77.01628906845707,0.0,Mar,4,1,1,1,Returning_Visitor,0,0
0,0.0,0,0.0,-129,0.0,0.2,0.2,70.79268324738108,0.0,Mar,2,2,1,1,Returning_Visitor,0,0
2,743.6665673444301,25,0.0,20,559.3809524,0.0,0.22034357831734547,0.0,1.0,May,2,2,1,4,New_Visitor,1,0
0,-521.6306693675424,0,0.0,196,1599.5,0.0,0.007142857,0.0,0.0,Nov,4,2,1,3,Returning_Visitor,0,0
0,0.0,0,0.0,4,15.0,0.1,0.15,0.0,0.6,May,1,1,3,3,Returning_Visitor,0,0
0,-527.664765561543,0,0.0,12,197.5,0.0,0.008333333,0.0,-0.6733684802269817,May,2,5,7,1,Returning_Visitor,0,0
14,20.0,0,0.0,72,3220.887143,0.19588426654273314,0.061688596,0.975803268,0.0,Oct,4,1,2,1,Returning_Visitor,0,0
8,82.85,0,0.0,84,2289.079157,0.002556818,0.013110506,0.0,0.0,June,1,1,7,3,Returning_Visitor,0,0
1,0.0,0,0.0,20,809.0,0.00952381,0.028571429,25.75735474,0.0,Dec,2,5,1,1,Returning_Visitor,0,0
5,415.55,0,0.0,115,4424.621667,0.004273504,0.023036223,13.29131586,0.0,Aug,2,4,4,1,Returning_Visitor,1,1
0,0.0,0,570.4949782742111,17,1673.653846,0.039215686,0.05122549,0.0,0.0,May,3,2,3,4,Returning_Visitor,0,0
15,12.0,2,-513.4783150540824,18,-4686.698769521515,0.005454545,0.032251082,73.99555280002109,0.7866320747913497,Nov,3,2,1,2,New_Visitor,0,0
-10,23.0,0,560.6786772095344,3,1225.2,0.0,-0.1165310385650655,10.99901844,0.0,Sep,2,2,1,1,Returning_Visitor,1,1
16,-467.9552970979629,3,153.5,156,3899.001328,0.000170068,0.011252929,1.534835979,0.0,May,2,2,2,4,Returning_Visitor,0,0
2,-592.0172580312977,2,587.5542993602231,26,600.5733333,0.013793103,0.022413793,2.812474051,0.0,Aug,2,2,1,2,Returning_Visitor,0,0
0,0.0,0,0.0,18,346.5666667,0.02962963,0.062962963,0.0,0.0,Nov,2,2,3,2,Returning_Visitor,0,0
-7,337.9,1,6.0,123,2396.272456,0.17539133290135042,0.008565782,1.952553388,0.0,June,2,2,1,2,Returning_Visitor,0,0
0,0.0,0,0.0,11,580.25,-0.15101205267766563,0.044444444,0.0,0.0,Nov,3,2,1,2,Returning_Visitor,1,0
2,73.6,0,0.0,38,813.6016667,0.004878049,0.037398374,-53.79406408921247,-0.6620322812737862,Nov,1,1,3,1,Returning_Visitor,0,0
1,23.0,1,284.0,78,2448.536054,0.19245167816720377,0.233443227195396,0.0,-0.7189330833488705,Dec,2,2,3,10,Returning_Visitor,0,0
0,0.0,0,0.0,201,657.5,0.0,0.011111111,0.0,0.0,May,2,2,1,13,Returning_Visitor,0,0
0,0.0,0,0.0,3,75.0,0.066666667,0.133333333,0.0,-0.6788405138859539,Dec,3,2,1,20,Returning_Visitor,0,0
0,0.0,25,0.0,2,0.0,0.2,0.2,0.0,0.0,Mar,2,2,1,13,Returning_Visitor,0,0
0,0.0,25,0.0,205,7342.13119248873,0.2,0.2,0.0,0.0,Mar,3,2,1,3,Returning_Visitor,1,0
0,0.0,0,0.0,201,726.0,0.075,0.108333333,0.0,0.6,May,2,2,1,19,Returning_Visitor,0,0
0,0.0,0,0.0,21,360.0833333,0.0,0.00952381,68.29005264034498,0.0,May,1,1,6,15,Returning_Visitor,0,0
2,135.0,1,2.0,11,711.5666667,0.0,0.19622722503722823,0.0,0.0,Mar,3,2,1,2,Returning_Visitor,0,0
1,39.0,25,0.0,15,787.0,0.0,0.021875,0.0,0.0,Mar,4,1,1,10,Returning_Visitor,0,0
6,89.46666667,1,32.0,81,1141.061905,0.001605136,0.004809853,27.89977528,0.0,May,4,2,6,3,Returning_Visitor,1,0
0,-586.1461437511534,25,0.0,9,250.2,0.022222222,0.033333333,0.0,0.0,June,2,2,4,1,Returning_Visitor,0,0
0,0.0,0,0.0,8,8136.9115933020275,0.05,0.15,0.0,0.813207683879249,Aug,1,1,1,3,Returning_Visitor,0,0
1,508.8,0,0.0,7,379.8,0.0,0.05,0.0,0.0,Jul,1,1,1,1,Returning_Visitor,0,0
0,0.0,0,0.0,33,1703.321429,0.0,0.042424242,0.0,0.6,May,2,5,3,1,Returning_Visitor,0,0
0,0.0,0,0.0,22,431.0833333,0.018181818,0.022727273,0.0,0.7169068786760636,May,3,2,7,13,Returning_Visitor,0,0
2,19.4,3,45.26666667,10,7259.258949241807,0.0,0.052857143,0.0,-0.6851038426312381,Sep,2,2,1,5,Returning_Visitor,0,0
10,259.1666667,0,0.0,46,1535.242063,0.021938776,0.031768707,9.001857143,0.4,May,1,1,3,4,Returning_Visitor,0,0
0,0.0,25,0.0,18,5188.5,0.2044008919006339,0.19681830695858737,0.0,0.0,Mar,2,5,1,1,Returning_Visitor,0,0
5,69.0,4,163.0,50,2424.75,0.0,0.023333333,70.73533995217949,0.0,May,2,2,3,3,Returning_Visitor,0,0
0,0.0,0,0.0,1,7747.298782427648,0.2,0.2,0.0,0.0,Mar,2,2,2,1,Returning_Visitor,0,0
1,-521.4449123125705,1,10.0,18,445.0,0.0,0.003508772,0.0,-0.5991894436756428,Nov,1,1,4,3,Returning_Visitor,0,0
10,1271.5,0,0.0,41,1221.138095,0.0,0.007801418,77.6553770054829,0.7307042747611712,May,2,2,2,4,Returning_Visitor,0,1
4,39.8,0,0.0,9,-4928.189037408509,0.0,0.006666667,0.0,0.0,Aug,2,2,1,5,New_Visitor,0,1
0,0.0,0,0.0,5,155.25,0.0,0.12,0.0,0.0,Nov,1,1,1,1,Returning_Visitor,0,0
5,140.5833333,25,87.0,69,1918.902722,0.003424658,-0.12499850141321912,-58.83155352747788,0.0,Nov,2,2,3,2,Returning_Visitor,0,0
0,-499.6887888898226,0,0.0,12,252.75,0.0,0.016666667,0.0,0.7004060546592604,Dec,2,2,7,3,Returning_Visitor,0,0
14,0.0,0,-391.27850538848827,-113,493.75,0.0,-0.11953927833792832,0.0,0.0,Nov,2,2,4,20,Other,0,0
4,209.5,25,0.0,23,1780.7,0.0,0.011538462,66.78307635598641,0.0,Nov,2,2,3,2,New_Visitor,0,0
0,0.0,0,0.0,2,7752.4047457731,-0.14290784701651116,0.20468073584433139,0.0,0.0,Nov,2,4,3,2,New_Visitor,0,0
0,0.0,0,0.0,201,121.5,0.025,0.066666667,66.29640547040384,0.0,May,2,4,1,2,Returning_Visitor,1,0
2,54.0,0,-496.4539075010606,178,220.9666667,0.020512821,0.029487179,0.0,0.0,May,1,1,4,6,Returning_Visitor,0,0
0,0.0,0,0.0,13,646.7916667,0.005128205,-0.10472620400647059,0.0,0.8,May,1,1,2,1,Returning_Visitor,0,0
1,5.0,0,0.0,-111,2731.5,0.0,0.012357724,0.0,0.0,Jul,2,10,2,2,Returning_Visitor,1,0
1,-496.153048087487,0,0.0,2,20.0,0.0,0.05,0.0,-0.7132788062526151,Mar,3,2,3,2,Returning_Visitor,0,0
4,91.0,3,135.5,69,3596.933967,0.004761905,0.00985167,0.0,0.0,May,1,1,1,4,Returning_Visitor,0,0
0,0.0,0,0.0,39,1183.5,0.012820513,0.033333333,0.0,0.0,May,2,2,7,1,Returning_Visitor,0,0
0,0.0,0,566.6580638380979,11,572.0,0.036363636,0.072727273,0.0,0.0,Nov,1,1,4,3,Returning_Visitor,0,0
0,0.0,0,0.0,-128,0.0,0.2,0.2,0.0,0.0,Mar,1,1,4,1,Returning_Visitor,0,0
5,75.89285714,0,0.0,169,4522.409524,0.015757576,0.042922078,3.229518182,0.8050825346158638,May,2,2,6,2,Returning_Visitor,1,0
6,104.0,25,0.0,-114,269.5,0.0,0.021568627,0.0,0.0,Mar,1,1,1,3,Returning_Visitor,0,0
8,738.6823830058299,0,0.0,-117,345.0,0.0,0.016666667,-52.43772657738114,0.0,Dec,2,2,3,3,Returning_Visitor,0,1
1,11.5,0,-423.1783734033038,22,683.0524892,-0.12671858015156703,0.051268674,-57.756013848837426,0.8194743882546097,May,3,3,5,3,Returning_Visitor,0,0
0,0.0,0,0.0,-138,651.0,0.005405405,0.018918919,0.0,0.0,Mar,2,2,3,1,Returning_Visitor,0,0
5,215.5,0,0.0,61,1238.066667,0.004761905,0.020740741,73.52580472170018,0.6,May,3,2,3,13,Returning_Visitor,0,0
0,0.0,0,0.0,3,31.0,0.1928872329369306,0.133333333,-57.70514951501181,0.0,May,2,2,4,3,Returning_Visitor,0,0
0,0.0,0,0.0,28,160.0,0.0,0.014285714,0.0,0.6,May,2,2,2,2,Returning_Visitor,0,0
0,0.0,0,0.0,3,0.0,0.2,0.2,0.0,0.0,June,3,2,1,1,Returning_Visitor,0,0
5,57.33333333,3,167.8,222,6942.783547,-0.13949182758822665,0.015536555,2.780937777,0.0,Dec,2,2,3,2,Returning_Visitor,0,0
-8,0.0,2,21.0,0,0.0,0.0,0.05,0.0,0.0,Dec,1,1,4,10,New_Visitor,0,0
5,497.75,1,10.0,-135,4977.85,0.215171555374994,0.015536723,-54.18954319220947,0.0,May,2,2,1,5,Returning_Visitor,0,1
-8,182.6428571,3,119.375,64,2671.06994,0.000275482,0.017352092,37.59646822,0.0,Nov,2,5,6,2,Returning_Visitor,0,1
4,32.33333333,0,0.0,18,374.6,0.0,0.010526316,0.0,0.0,Sep,2,2,3,3,New_Visitor,0,0
0,0.0,0,0.0,44,831.6083333,0.0,0.013178295,0.0,0.7951315398907033,May,2,2,2,2,Returning_Visitor,0,0
5,38.57777778,2,9.0,7,584.3777778,0.0,0.064351852,0.0,0.0,Jul,1,1,1,2,Returning_Visitor,1,1
-7,0.0,0,0.0,8,758.1666667,0.025,0.05,76.27257151335719,0.0,Mar,1,1,1,1,Returning_Visitor,0,0
10,491.6666667,25,0.0,48,1939.571111,0.003773585,-0.11628734202167604,0.0,0.0,Nov,2,2,7,20,Returning_Visitor,0,1
4,74.33333333,3,10.0,2,73.0,0.0,0.044444444,0.0,0.0,May,3,2,1,6,New_Visitor,0,0
1,4.333333333,0,-464.8501602356499,-105,14.33333333,0.006666667,0.074444444,-59.8644051734545,0.0,June,4,2,1,5,Returning_Visitor,1,1
0,0.0,0,0.0,1,0.0,0.2,0.2,0.0,0.0,May,2,2,7,4,Returning_Visitor,0,0
1,160.2,0,-521.136202669953,13,381.6166667,0.0,0.011904762,0.0,0.0,Oct,1,2,3,2,New_Visitor,0,0
27,853.735949,2,-410.69133097989464,584,24844.1562,0.00209938,0.009346937,4.511100422,0.0,Nov,2,4,3,8,Returning_Visitor,0,0
13,498.9,0,0.0,221,3111.362121,0.0,0.006020558,5.268190163,0.0,Oct,2,5,4,2,Returning_Visitor,0,0
0,0.0,0,0.0,16,519.75,0.0125,0.04,63.05398233475757,0.0,Mar,3,2,3,3,Returning_Visitor,0,0
6,162.5,0,-455.9414642269569,39,1634.095238,0.0,0.011111111,-66.40297232393486,0.0,May,3,3,5,2,Returning_Visitor,0,0
12,35.66666667,2,523.6617316202196,43,2797.816667,0.0,0.006666667,0.0,0.0,May,2,2,7,2,Returning_Visitor,1,0
1,71.6,0,0.0,7,286.7,0.0,0.008333333,0.0,0.0,Aug,1,1,7,3,New_Visitor,0,0
0,0.0,25,0.0,28,-5975.991433237064,0.0,0.022857143,0.0,0.0,Nov,2,2,1,3,Returning_Visitor,0,0
1,412.0,0,0.0,54,2377.0,-0.1443464441063811,0.005090909,0.0,0.7848402343566054,Mar,2,2,9,10,Returning_Visitor,0,0
5,44.5,1,4.0,37,836.3333333,-0.1481178173777168,0.045416667,0.0,0.0,Mar,2,2,4,1,Returning_Visitor,0,0
-7,25.2,4,86.6,21,8195.708500865087,0.016666667,-0.13162582885346094,0.0,-0.723468900589065,Oct,2,2,7,3,Returning_Visitor,1,0
12,0.0,0,0.0,13,472.9952381,0.015384615,0.030769231,0.0,0.0,May,2,4,2,3,Returning_Visitor,1,0
0,0.0,25,552.3324730286857,188,149.5,0.0,0.066666667,-67.02251087624306,0.4,May,2,2,1,13,Returning_Visitor,0,0
4,698.7011720758403,25,-391.1425653284017,29,749.125,0.005882353,0.02745098,0.0,0.0,Nov,1,1,3,2,Returning_Visitor,0,1
4,822.7666667,25,0.0,17,1229.466667,-0.1575121132241404,0.041269841,0.0,0.0,June,2,2,1,16,Returning_Visitor,0,1
9,500.0,0,0.0,54,2201.710714,0.000595238,0.011252834,2.82745293,0.0,Dec,2,5,1,1,Returning_Visitor,0,0
6,709.9589784820915,25,-414.70750912685526,18,941.9166667,0.0,-0.15207152005802593,0.0,0.0,Nov,2,2,1,2,New_Visitor,0,0
0,0.0,25,0.0,6,78.0,0.20106675003558996,0.077777778,0.0,0.0,May,1,1,1,15,Returning_Visitor,1,0
0,0.0,0,0.0,5,217.0,0.0,0.02,0.0,0.0,May,2,5,6,6,Returning_Visitor,0,0
0,0.0,0,-408.90909002945904,11,1267.25,0.02,0.03,74.65887084898996,0.0,Nov,1,8,2,11,New_Visitor,1,0
12,381.5,1,547.4447271067779,154,7835.874629,0.012549679,0.2166878933427969,0.0,0.0,Aug,3,2,1,2,Returning_Visitor,1,0
2,7.0,0,0.0,40,7845.5317304204955,0.0,0.015238095,0.0,0.0,Oct,2,2,9,4,Returning_Visitor,0,0
5,193.0,1,13.0,66,2049.458471,0.004489796,0.012765306,29.45815149,0.0,Mar,3,2,3,1,Returning_Visitor,1,0
0,0.0,0,0.0,-131,210.2,0.055555556,0.068055556,0.0,0.7694592897605556,May,3,2,4,20,Returning_Visitor,0,0
11,1640.590909,25,0.0,16,1849.833333,0.0,-0.11190973936029933,10.78136364,0.0,Mar,1,1,2,3,Returning_Visitor,0,0
3,15.0,25,0.0,102,4021.172222,0.0,0.01,0.0,0.0,Nov,2,2,1,2,Returning_Visitor,1,0
7,111.0,2,-483.429882162488,131,5396.264881,0.003928571,-0.14458107961003216,7.513426372,0.0,Nov,2,1,1,2,Returning_Visitor,0,1
0,-495.0474859885658,0,0.0,169,292.9,0.028,0.11952381,0.0,0.0,Feb,2,4,3,1,Returning_Visitor,0,0
11,631.4166667,5,-493.24076436096425,501,21672.24425,0.003964723,0.19893937572250986,-63.811263108867614,0.0,Nov,2,2,1,2,Returning_Visitor,0,1
0,0.0,0,0.0,7,278.75,0.028571429,0.042857143,61.81024924688195,0.0,Dec,3,2,1,20,New_Visitor,0,0
0,0.0,3,56.0,10,369.0,0.0,0.016666667,0.0,0.0,Mar,1,1,4,2,New_Visitor,1,0
2,622.67291482207,1,136.5,12,977.5333333,0.0,0.015384615,0.0,0.0,Dec,2,2,1,2,Returning_Visitor,0,0
0,0.0,0,495.6630769224009,1,0.0,0.2,0.2,0.0,0.0,Dec,2,2,3,1,Other,1,0
0,0.0,0,0.0,108,4590.431277,0.005555556,0.022751323,0.0,0.0,Nov,2,2,2,1,Returning_Visitor,0,0
0,0.0,0,0.0,13,-5177.762325934831,0.0,0.030769231,0.0,0.0,Dec,2,5,6,2,New_Visitor,0,0
0,0.0,0,0.0,-124,7.0,0.0,0.1,0.0,0.7452013852207178,Aug,2,2,6,13,Returning_Visitor,0,0
5,59.0,25,0.0,152,7114.798341,0.002597403,0.010709751,0.0,0.0,Nov,2,2,1,1,Returning_Visitor,0,0
0,0.0,0,0.0,16,576.3,0.016666667,0.011458333,0.0,0.0,Nov,3,2,1,2,Returning_Visitor,0,0
0,0.0,25,533.8439877529784,188,780.1666667,0.0,0.022222222,0.0,0.0,Mar,2,4,3,2,Returning_Visitor,0,0
2,20.2,0,0.0,27,2129.8,0.012903226,0.051612903,6.476760366,0.0,Sep,2,6,3,3,Returning_Visitor,0,1
0,0.0,25,0.0,15,734.25,0.0,0.015384615,68.28998101546846,0.0,Dec,2,2,9,2,Returning_Visitor,0,1
0,0.0,0,0.0,11,124.2166667,0.0,0.075757576,0.0,0.0,Dec,1,1,3,1,Returning_Visitor,0,0
12,196.8571429,0,0.0,172,1533.025834,0.17974825692204707,0.19273763118711926,69.21132729659428,0.0,Nov,2,2,1,1,Returning_Visitor,1,0
4,61.63333333,0,0.0,33,1804.011111,0.0,0.005022447,41.64590199,0.0,Nov,2,2,2,2,Returning_Visitor,0,1
0,0.0,3,33.75,9,313.9285714,0.033333333,0.027777778,0.0,0.0,Dec,3,2,2,10,Returning_Visitor,0,0
-9,0.0,3,482.3333333,44,2453.75,0.0,0.001111111,48.868,0.0,May,1,1,8,2,Returning_Visitor,1,1
0,0.0,0,0.0,38,1417.666667,0.1944422463897161,0.048717949,0.0,1.0,May,2,6,3,6,Returning_Visitor,1,0
-7,783.5899546408511,25,236.0,66,1483.55,0.0,0.006153846,143.2115385,-0.6878361580216709,May,2,4,3,3,Returning_Visitor,1,1
0,0.0,0,0.0,2,0.0,0.2,0.2,0.0,-0.5592709370850872,Nov,3,2,5,20,Returning_Visitor,0,0
1,54.4,0,0.0,1,101.2727273,0.0,0.007042254,0.0,0.0,Sep,2,2,4,2,Returning_Visitor,0,0
3,180.8,0,0.0,10,408.4666667,0.0,0.0,0.0,0.0,Aug,4,1,3,1,Returning_Visitor,1,0
9,64.08823529,1,21.0,51,1933.89893,0.011259259,0.032132434,63.47015729330378,0.8,May,2,2,6,13,Returning_Visitor,0,0
0,0.0,0,0.0,4,140.0,0.05,-0.10521736950877073,0.0,0.0,Sep,3,2,1,13,Returning_Visitor,0,0
0,0.0,25,0.0,26,1435.375,-0.12705548560598684,0.020833333,-61.06490783253324,0.0,Dec,2,2,4,2,Returning_Visitor,0,0
0,0.0,25,480.3093397461309,8,724.2,0.022222222,0.03968254,-53.07488914229606,0.0,Nov,1,1,3,1,Returning_Visitor,0,1
0,0.0,1,36.5,40,1121.416667,0.0,0.022195122,0.0,0.0,Nov,2,2,3,2,Returning_Visitor,0,0
1,55.4,0,0.0,28,630.6466667,0.0,-0.13237574397797075,12.58722248,0.0,Sep,2,4,7,4,Returning_Visitor,1,1
3,40.2,0,0.0,11,201.1333333,0.0,0.02,0.0,0.0,June,2,2,2,1,New_Visitor,0,0
5,73.8,0,0.0,5,82.5,0.0,0.2375248215426643,0.0,0.0,Aug,2,5,6,5,New_Visitor,0,0
1,5.0,0,0.0,12,306.0,0.0,0.21428046581366958,0.0,0.0,Mar,2,2,6,8,Returning_Visitor,0,0
13,28.2,0,0.0,2,0.0,0.066666667,0.133333333,0.0,0.0,June,1,8,2,3,New_Visitor,1,0
9,296.1166667,1,26.5,79,5057.175,0.002298851,0.022687466,63.43876794289408,0.0,Nov,2,2,1,10,Returning_Visitor,0,1
7,717.5508090654595,0,0.0,15,8692.793977386673,0.0,0.0125,0.0,0.0,May,1,1,1,4,Returning_Visitor,1,0
1,792.5200841022566,0,0.0,-122,608.8333333,0.011764706,0.026666667,52.70052142,0.0,Mar,3,2,1,11,Returning_Visitor,0,1
0,0.0,1,-499.6746618317778,8,445.0,0.0,0.21773603109826528,79.15381070293977,0.0,Mar,3,2,4,14,Returning_Visitor,1,0
11,-469.0063382899392,25,514.0,79,2605.702273,0.0,0.20676544144467796,14.8513125,0.0,May,2,2,7,3,Returning_Visitor,0,1
5,97.0,0,0.0,53,3372.748214,-0.14233017515984694,0.002515723,72.89877865899709,-0.5844145292485365,Dec,2,2,7,2,Returning_Visitor,0,0
2,44.0,2,53.0,8,667.6666667,0.0,-0.10571956274032229,56.62363636,0.0,May,2,2,1,4,Returning_Visitor,1,1
0,0.0,0,0.0,173,185.0,0.0,0.054545455,0.0,0.7885548661933985,May,2,2,1,6,Returning_Visitor,0,0
0,0.0,0,0.0,14,272.1666667,0.0,0.025,0.0,0.0,Dec,3,2,3,2,Returning_Visitor,0,0
1,27.5,0,0.0,114,1403.720238,0.0,0.000589971,255.5691579,0.6687849725981359,Nov,4,5,2,8,Returning_Visitor,0,1
12,107.0,1,10.5,5,39.5,-0.12692759818151172,0.0125,76.91615450172152,0.0,May,2,2,1,5,New_Visitor,0,0
0,0.0,0,0.0,5,720.5,0.16,0.18,0.0,0.0,Nov,3,2,2,13,Returning_Visitor,0,0
13,21.0,0,0.0,16,-5715.708019516591,0.189035801863842,0.025,0.0,0.0,May,2,2,2,11,Returning_Visitor,0,0
0,0.0,0,0.0,27,7667.025034693236,0.021937322,0.062113617,0.0,0.0,Nov,2,4,3,2,Returning_Visitor,0,0
0,0.0,0,0.0,3,26.0,0.2058147958726183,0.05,0.0,0.0,Mar,3,2,1,1,Returning_Visitor,0,0
5,764.5435105784215,0,0.0,30,974.9,0.00625,0.0140625,25.11150884,0.0,Nov,2,2,4,4,Returning_Visitor,0,0
0,752.0254628609665,0,-473.0243587304948,60,1063.666667,0.014166667,0.049722222,0.0,0.0,Aug,2,2,2,1,Returning_Visitor,0,0
2,95.0,0,0.0,164,1031.083333,0.0,0.021052632,68.20038032,0.0,Dec,2,2,1,10,Returning_Visitor,0,0
1,114.0,1,173.0,-107,2542.333333,0.042592593,0.059814815,33.44055556,0.0,May,2,2,7,1,Returning_Visitor,1,0
11,227.2272727,0,0.0,44,2038.052273,0.007719298,0.2045207360156004,62.94506352038738,0.0,Nov,2,2,3,8,Returning_Visitor,1,0
0,0.0,0,0.0,10,249.0,0.04,0.064,0.0,0.0,Nov,1,1,8,3,Returning_Visitor,0,0
4,728.2282386155715,0,0.0,2,11.0,0.0,0.008,0.0,0.0,Mar,2,6,6,7,New_Visitor,0,0
5,-496.27463980158205,25,0.0,-113,742.6875,0.0,0.015217391,62.0981186808404,-0.6350213208927807,Dec,2,2,4,3,Returning_Visitor,0,1
2,629.5790806758342,0,0.0,17,1394.666667,0.0,0.029761905,0.0,0.0,Mar,2,4,2,6,Returning_Visitor,0,0
0,0.0,0,0.0,2,42.0,0.0,0.05,0.0,0.0,Mar,2,2,6,3,Returning_Visitor,0,0
5,52.5,25,470.45713011961004,-140,415.5,0.0,0.016666667,0.0,0.0,May,2,2,1,4,New_Visitor,0,0
7,65.83333333,2,39.66666667,135,5520.175505,0.002962963,0.010258137,-57.23581065520176,0.0,Dec,2,2,1,1,Returning_Visitor,0,0
5,83.16666667,0,0.0,18,585.5666667,0.010526316,-0.140985686115831,0.0,0.0,Jul,2,2,2,13,Returning_Visitor,1,0
4,45.7,1,-438.28567337079227,13,94.6,0.041666667,0.070670996,0.0,0.0,Jul,3,2,2,4,Returning_Visitor,0,1
0,0.0,0,0.0,1,0.0,0.0,0.1,0.0,0.0,Mar,2,2,2,6,Returning_Visitor,0,0
-9,644.5,25,166.5,31,-5992.3003764829955,0.0,0.026063126,0.0,0.0,Dec,2,2,4,2,Returning_Visitor,0,0
1,10.0,1,0.0,69,2124.726768,0.002898551,0.009090177,0.0,0.0,Mar,2,2,2,1,Returning_Visitor,0,0
0,0.0,0,-424.68413608746715,10,371.5,0.0,0.04,0.0,0.0,Nov,2,2,4,10,Returning_Visitor,0,0
0,0.0,0,535.804373389855,8,227.0,0.025,0.05,0.0,0.0,May,3,2,6,13,Returning_Visitor,0,0
0,0.0,0,0.0,24,3181.5,0.002777778,0.2225099398257993,65.18833384313861,-0.6358325372745115,Nov,2,2,1,13,Returning_Visitor,1,0
0,0.0,0,544.0882637160018,62,2636.513492,0.04781874,0.061364567,0.0,0.0,Jul,3,2,3,13,Returning_Visitor,1,0
-7,73.0,1,740.0,50,1434.255128,0.0,0.019230769,22.03276923,0.8555055413287165,Mar,2,2,3,2,Returning_Visitor,1,0
0,0.0,0,0.0,3,62.0,0.0,0.066666667,0.0,0.0,Mar,2,2,1,1,Returning_Visitor,0,0
-10,7.0,0,0.0,39,1118.833333,0.005405405,0.019099099,0.0,0.0,Nov,2,2,6,13,Returning_Visitor,0,0
0,0.0,0,0.0,7,-5954.076243488784,0.0,0.038095238,0.0,0.0,Dec,3,2,9,6,Returning_Visitor,0,0
10,132.7222222,1,104.0,103,3608.346752,0.0,0.007905605,14.69960115,0.0,Nov,2,10,7,2,Returning_Visitor,0,0
2,635.7172612629552,0,0.0,33,7711.606609468155,0.001010101,0.027020202,0.0,0.0,Dec,2,2,2,2,Returning_Visitor,0,0
2,98.0,0,0.0,81,2628.0,0.002469136,0.012345679,0.602232815,0.0,Dec,2,1,1,2,Returning_Visitor,0,1
13,5.0,0,0.0,8,203.0,0.18602989680433626,0.2214760274741934,0.0,0.0,Dec,2,4,1,2,New_Visitor,0,0
0,0.0,0,515.7273911041766,6,38.5,0.066666667,0.1,0.0,0.0,Nov,2,10,7,1,Returning_Visitor,0,0
-8,66.4,0,0.0,22,641.4809524,0.0,0.004761905,0.0,0.0,Oct,3,2,4,6,New_Visitor,0,0
0,0.0,0,0.0,190,8279.379916647726,0.0,0.066666667,74.05240730355341,0.0,Dec,2,2,1,2,Returning_Visitor,0,0
4,38.5,1,308.0,14,582.0,0.0,0.021875,0.0,0.7737745408962284,May,2,2,2,13,Returning_Visitor,1,0
14,73.6,1,31.2,52,1761.156667,0.003703704,0.018312757,0.0,0.0,Sep,2,2,1,1,Returning_Visitor,0,0
14,189.2646154,0,0.0,38,777.4146154,0.004255319,0.23310121172807308,0.0,0.0,Sep,2,2,1,3,Returning_Visitor,1,0
7,196.0,3,-479.8692577805548,-134,227.5,0.0,0.006666667,0.0,0.0,Mar,3,2,5,8,New_Visitor,1,0
1,44.5,1,66.5,8,568.25,0.018181818,0.033333333,26.45046371,0.0,Nov,1,1,2,7,Returning_Visitor,0,0
0,-578.5977524661532,0,0.0,183,8654.490173655626,0.019230769,0.045421245,67.11584923079,0.7631346396583818,Nov,3,2,6,2,Returning_Visitor,0,0
0,0.0,0,0.0,4,86.36,0.20623280204148725,-0.11086415124129717,0.0,0.0,Aug,3,2,4,1,Returning_Visitor,1,0
2,452.5,0,0.0,18,762.2380952,0.0,0.002352941,67.31194926416605,0.0,Nov,1,1,6,2,New_Visitor,0,0
3,1499.571429,1,186.0,31,2905.943651,-0.12716047931874028,0.010215054,0.0,0.0,Mar,2,6,7,1,Returning_Visitor,0,0
3,44.0,0,0.0,2,7465.502984070073,0.0,0.04,0.0,0.0,Nov,1,1,1,2,New_Visitor,0,0
0,0.0,0,0.0,2,20.0,0.0,0.1,0.0,-0.7065599640069672,Dec,2,2,1,1,Returning_Visitor,0,0
0,0.0,0,0.0,202,-6340.021995090002,0.0,0.025,53.988,0.0,May,1,1,1,4,New_Visitor,0,1
0,0.0,0,0.0,4,79.0,0.20852446119729956,0.23064908173263088,0.0,0.0,May,2,2,6,2,Returning_Visitor,0,0
1,0.0,0,0.0,15,541.0625,0.052380952,0.093809524,0.0,0.0,Dec,2,4,5,1,Returning_Visitor,0,0
2,131.5,2,99.0,96,3541.324493,0.20259075053217065,0.020522711,0.0,0.0,Nov,3,2,1,2,Returning_Visitor,0,0
5,77.5,25,0.0,5,90.33333333,0.025,0.04375,0.0,0.0,May,3,2,1,13,Returning_Visitor,0,0
0,0.0,0,502.34355431558083,10,8573.172266497735,0.0,0.02,0.0,0.0,Dec,2,2,3,8,Returning_Visitor,0,0
4,62.66666667,0,580.933038551777,82,1805.277375,0.0,0.023295607,0.0,0.0,Dec,1,1,2,2,Returning_Visitor,0,0
9,177.3333333,25,-407.1753651643468,70,2346.220238,0.002898551,0.003457557,0.0,0.0,Nov,1,1,5,3,Returning_Visitor,0,0
0,0.0,0,0.0,9,153.2,0.02,0.06,-60.44247181596504,0.0,Aug,2,2,7,13,Returning_Visitor,0,1
0,0.0,25,0.0,3,45.0,0.0,0.066666667,0.0,0.7511227607254609,May,2,5,1,3,Returning_Visitor,0,0
13,295.9285714,5,573.0444336489337,-143,6759.311928,0.005767417,0.02883646,0.0,0.0,Nov,2,2,3,10,Returning_Visitor,0,0
0,0.0,25,39.0,19,1527.607143,0.038095238,0.083730159,-50.0120241547668,1.0,May,2,2,1,4,Returning_Visitor,1,0
0,0.0,0,0.0,8,321.5,0.075,0.125,0.0,0.6,May,2,4,9,3,Returning_Visitor,0,0
1,46.5,2,418.5,88,2085.972565,0.0,0.006273946,0.0,0.0,Nov,2,2,1,2,Returning_Visitor,1,0
0,655.8147483693103,0,0.0,41,963.0,0.0,0.015811966,0.0,0.0,May,2,2,6,1,Returning_Visitor,0,0
0,0.0,0,0.0,84,2524.194444,0.0,0.013730159,0.0,0.0,Nov,2,2,1,3,Returning_Visitor,0,1
0,0.0,0,0.0,14,-6190.755621804643,0.0,0.015384615,57.58892308,0.6,May,4,1,3,4,New_Visitor,0,1
8,974.0,0,0.0,32,1003.416667,-0.13921919084331486,0.010526316,16.61144026,0.0,Dec,2,10,7,2,New_Visitor,1,1
2,28.0,0,0.0,42,1329.666667,0.0,0.002325581,80.04344186,0.0,May,2,2,1,4,Returning_Visitor,1,1
0,692.4627179098146,0,0.0,21,248.8333333,-0.15058988860190922,0.0225,0.0,0.0,May,2,5,6,3,Returning_Visitor,0,0
0,0.0,0,0.0,22,465.7051282,0.18404315162295873,0.010690797,0.0,0.8,May,3,2,1,4,Returning_Visitor,0,0
0,0.0,0,0.0,43,1146.5,0.006976744,0.2292206610469624,0.0,0.6,May,2,2,1,4,Returning_Visitor,0,0
0,0.0,0,0.0,3,11.0,0.033333333,-0.13412668712416614,0.0,0.7673200260995554,May,2,4,1,6,Returning_Visitor,0,0
5,93.4,0,0.0,38,7655.039760834633,0.0,0.004878049,34.48748308,0.0,Oct,2,2,2,2,New_Visitor,1,1
1,41.0,0,0.0,6,8375.618594827047,0.0,0.033333333,0.0,0.4,May,1,1,1,2,Returning_Visitor,0,0
4,183.0,1,35.0,15,557.3333333,0.0,0.012631579,16.10052632,0.7116990603439165,May,2,2,2,5,Returning_Visitor,0,1
0,0.0,25,0.0,71,1799.833333,0.016901408,0.047183099,0.0,0.7498273939059735,May,2,4,8,6,Returning_Visitor,0,0
0,0.0,0,0.0,8,335.25,0.1,0.108333333,0.0,0.0,Nov,3,12,1,1,Returning_Visitor,0,1
0,0.0,0,0.0,37,2152.588889,0.001081081,0.017747748,0.0,0.0,Dec,3,3,3,3,Returning_Visitor,0,0
0,0.0,0,0.0,36,788.5,0.0,0.025,0.0,0.0,Nov,2,6,3,3,Returning_Visitor,0,0
-7,6.0,0,0.0,25,1177.506667,-0.15388370700568374,0.0375,70.47774057158031,0.0,Oct,2,2,3,1,Returning_Visitor,0,0
10,187.7166667,1,11.0,-114,277.35,0.0,0.021904762,0.0,-0.588696005070756,Sep,3,2,9,5,Returning_Visitor,0,0
0,758.096102625294,0,0.0,27,845.5,0.0,0.007407407,0.0,0.0,Mar,4,1,1,11,Returning_Visitor,1,0
0,785.8647071028782,25,0.0,13,153.5833333,0.0,0.020512821,0.0,-0.6885605232033408,May,2,2,4,13,Returning_Visitor,0,0
0,0.0,0,0.0,2,3.0,0.0,0.1,0.0,0.0,Dec,2,2,4,2,Returning_Visitor,0,0
0,0.0,7,840.5833333,162,5918.308915,0.004790419,-0.13065709007388251,0.0,0.0,Nov,2,2,1,1,Returning_Visitor,0,0
0,0.0,0,0.0,7,723.0,0.0,0.028571429,32.90611766,0.0,Dec,2,2,4,1,Returning_Visitor,1,1
1,0.0,1,60.5,46,1038.916667,0.021276596,0.039007092,13.10326241,0.0,Mar,2,2,6,1,Returning_Visitor,0,1
-7,1463.333333,25,-450.91310428087604,30,1410.238889,0.19661999404549296,0.010557237,73.40918287112231,0.0,Nov,1,1,4,2,New_Visitor,0,0
0,0.0,0,0.0,6,286.2,0.0,0.022222222,0.0,0.0,Aug,2,2,6,1,Returning_Visitor,0,0
12,0.0,0,0.0,6,254.0,-0.14276001291868298,-0.14465372859147982,0.0,0.0,Mar,1,1,6,10,Returning_Visitor,0,0
0,0.0,0,481.6931444620345,24,255.3222222,0.025,0.038888889,0.0,0.6,May,2,2,8,1,Returning_Visitor,0,0
0,-468.28225042994643,25,0.0,19,809.1666667,0.031578947,0.051578947,0.0,0.6,May,2,2,4,3,Returning_Visitor,0,0
0,0.0,0,0.0,6,362.0,0.0,0.066666667,0.0,0.0,May,2,2,2,3,Returning_Visitor,0,0
0,0.0,0,0.0,5,24.0,0.0,0.05,0.0,0.2,May,2,2,4,1,Returning_Visitor,0,0
0,0.0,0,0.0,164,355.5,0.022222222,0.044444444,0.0,0.0,Nov,3,2,1,3,Returning_Visitor,0,0
-9,22.0,0,0.0,26,982.8333333,0.0,0.008,0.0,0.0,May,2,2,1,1,New_Visitor,1,0
1,29.0,2,149.0,11,561.55,0.014285714,0.038571429,10.02085714,0.6,May,3,2,1,4,Returning_Visitor,0,1
7,58.41666667,0,0.0,22,1043.583333,0.014285714,0.048809524,0.0,0.0,Nov,2,2,3,2,New_Visitor,0,0
9,363.875,0,0.0,29,2351.05,0.005555556,0.015762787,0.0,0.0,May,2,4,1,1,Returning_Visitor,0,0
0,0.0,0,0.0,20,724.1333333,0.074074074,0.083333333,0.0,0.6,May,3,3,3,4,Returning_Visitor,0,0
2,178.5,2,314.0,19,2340.5,0.0,-0.1363001431813585,52.08342857,-0.6511408137842158,May,2,4,1,4,Returning_Visitor,0,0
2,7.5,0,463.41217110760203,63,1903.666667,0.008064516,0.019546851,0.0,0.4,May,1,2,2,4,Returning_Visitor,0,0
0,0.0,0,0.0,16,2337.0,0.0,0.013333333,17.76266667,0.0,Mar,2,2,1,1,Returning_Visitor,0,1
15,523.2142857,25,263.0,48,2309.732468,0.003846154,0.014903846,10.60089168,0.0,Mar,2,2,3,1,Returning_Visitor,0,1
0,-599.5651025807923,0,0.0,5,52.0,0.0,0.02,0.0,0.0,Mar,2,4,7,2,Returning_Visitor,0,0
3,136.5,0,0.0,10,412.0833333,0.0,0.016666667,-66.79933978856164,0.0,Dec,3,3,3,2,New_Visitor,0,0
3,32.0,2,9.0,16,1760.6,0.0,0.033333333,0.0,0.0,Nov,2,2,3,2,Returning_Visitor,0,1
-8,2047.234848,9,1146.666667,45,3641.213151,0.002636535,0.014311471,7.753880158,0.0,Mar,2,2,1,2,Returning_Visitor,0,1
14,367.25,3,400.375,195,7980.363439,7.5e-05,0.005865824,-58.30453197733043,0.0,Nov,2,2,2,1,Returning_Visitor,1,1
6,642.9744005106857,3,-452.7325812522423,75,5378.045851,-0.14123920474023768,-0.14821313066159122,4.374401266,0.2,May,2,2,8,3,Returning_Visitor,0,1
10,764.7283312948242,0,0.0,85,1740.271008,0.011827957,0.030865335,4.76956682,0.6,May,3,2,1,3,Returning_Visitor,0,0
2,43.0,0,0.0,17,434.0,0.0,0.23148206717116623,0.0,0.0,May,2,2,6,1,Returning_Visitor,0,0
1,56.0,25,0.0,7,92.5,0.088888889,0.122222222,0.0,0.4,May,3,2,1,13,Returning_Visitor,0,0
6,96.0,4,141.1666667,50,2871.262932,0.001851852,0.008161036,11.80233651,0.0,May,1,1,1,2,Returning_Visitor,0,0
3,787.5264533249049,0,0.0,24,3830.0,0.0,-0.10724484017815397,0.0,0.7877341078729122,Nov,1,1,7,8,New_Visitor,0,1
-10,0.0,0,0.0,4,47.0,0.0,0.05,-67.07502130855443,0.0,Nov,3,2,6,1,Returning_Visitor,0,0
0,0.0,2,861.0,12,2250.35,0.014285714,0.030952381,0.0,0.0,Nov,1,1,3,2,Returning_Visitor,1,0
0,0.0,0,0.0,9,159.0,0.0,0.022222222,0.0,0.0,Mar,2,2,1,2,Returning_Visitor,1,0
10,155.8458333,4,155.375,128,4391.876232,0.008759124,0.022411525,0.0,0.0,Nov,1,2,1,2,Returning_Visitor,0,0
0,0.0,0,0.0,40,2046.832418,0.004166667,0.033880952,0.0,0.0,Nov,1,8,1,11,Returning_Visitor,0,1
6,155.0,0,0.0,84,2566.220887,-0.15308195989807238,0.007575758,16.56314545,0.0,Mar,2,2,7,2,Returning_Visitor,0,0
0,0.0,0,0.0,185,8736.401184867804,0.066666667,0.133333333,0.0,0.8112423492355629,June,3,2,1,1,Returning_Visitor,0,0
0,0.0,0,0.0,9,1397.666667,-0.16743893792255096,0.027777778,0.0,0.0,Nov,3,2,4,2,Returning_Visitor,0,0
3,105.0,0,0.0,35,999.0,0.0,0.005714286,0.0,0.0,May,3,2,3,4,New_Visitor,0,0
0,0.0,0,526.1511597691433,2,19.0,0.0,0.1,0.0,0.0,Mar,1,1,1,1,Returning_Visitor,0,0
13,111.0,0,0.0,13,274.5833333,0.21571515967745752,0.016666667,0.0,0.0,Nov,1,1,1,2,New_Visitor,0,0
3,754.1386145835401,0,0.0,10,53.83333333,0.025,0.0375,65.606418185098,0.0,Dec,4,2,3,10,Returning_Visitor,1,0
1,-613.9846323077264,25,1415.0,-105,7598.077052724233,0.006896552,0.02183908,28.16893067,0.0,Nov,2,2,1,8,Returning_Visitor,1,0
0,0.0,0,-431.30964621924664,1,0.0,0.2,0.19402492987217865,0.0,0.0,Nov,2,2,1,1,Returning_Visitor,0,0
0,654.6996782075133,0,0.0,24,381.25,0.0125,0.0625,0.0,0.0,Nov,2,2,1,11,New_Visitor,1,0
0,0.0,0,0.0,3,133.5,-0.15289135105431068,0.155555556,0.0,0.4,May,2,4,1,6,Returning_Visitor,0,0
10,298.581761,0,0.0,210,8115.845852,0.008398675,0.030193184,0.0,-0.7154642504664013,Nov,2,2,1,2,Returning_Visitor,0,0
2,136.6666667,25,9.5,20,1572.571429,0.0,0.015873016,0.0,0.0,Mar,3,2,3,1,Returning_Visitor,0,0
2,40.0,0,0.0,-132,1494.5,0.009090909,0.004545455,0.0,0.7524632330163995,May,2,2,7,2,Returning_Visitor,0,0
6,110.625,1,106.0,30,1508.521825,-0.12729993034710008,0.043294931,21.01746974,0.0,Nov,3,2,3,13,Returning_Visitor,0,0
0,0.0,0,0.0,2,16.0,0.0,0.1,0.0,0.8,May,2,2,1,2,Returning_Visitor,0,0
0,0.0,0,-520.1868253633289,-106,139.5,0.0,-0.14471798794426347,0.0,0.0,May,3,2,3,2,Returning_Visitor,0,0
-10,0.0,0,0.0,18,191.0,0.0,0.033333333,73.4329895441401,0.0,Nov,4,1,3,1,Returning_Visitor,0,0
2,33.0,0,0.0,22,460.6666667,0.0,0.025,0.0,0.6,May,3,2,3,1,Returning_Visitor,0,0
1,37.0,0,0.0,10,240.4166667,0.018181818,0.022727273,0.0,0.0,May,2,2,3,3,New_Visitor,1,0
-7,0.0,0,0.0,5,87.0,0.04,0.06,0.0,0.6,May,2,2,3,6,Returning_Visitor,0,0
1,9.0,0,0.0,11,467.0,0.0,0.02,-50.48733161575909,0.6666250253013533,May,2,4,1,1,Returning_Visitor,0,1
11,-615.5233771608381,25,63.0,104,2743.819189,0.0,0.007753623,7.345321739,0.0,May,1,1,2,20,Returning_Visitor,0,0
7,107.75,25,1021.6,33,1454.75,0.21566732132955146,0.00968254,-62.72910677327517,0.0,Oct,3,2,1,4,Returning_Visitor,1,0
7,167.375,6,135.0,155,4263.977734,0.005373737,0.012004543,112.6661365,0.0,Nov,1,2,1,2,Returning_Visitor,0,1
-7,0.0,0,0.0,15,428.0,0.0,0.014285714,89.13481061,0.0,Nov,1,8,3,6,Returning_Visitor,1,1
0,0.0,0,0.0,188,72.5,0.0,0.05,0.0,0.0,Dec,1,1,8,10,Returning_Visitor,0,0
-8,32.2,2,534.5746656586238,23,934.3166667,-0.12639001998438276,-0.1121485486694935,11.28379079,0.8261255265002929,Aug,2,2,5,4,Returning_Visitor,0,0
0,0.0,0,0.0,11,660.8,0.0,0.0,33.83646892,0.0,June,2,2,6,1,New_Visitor,0,1
2,88.6,0,0.0,59,458.61,0.006779661,0.007605389,0.0,0.0,Aug,3,2,1,4,Returning_Visitor,1,0
0,0.0,25,57.0,5,454.0,0.0,0.05,0.0,0.0,Mar,2,2,3,6,Returning_Visitor,0,0
7,280.2666667,0,0.0,11,329.6833333,0.0,0.023076923,0.0,0.0,Dec,2,2,7,2,Returning_Visitor,0,0
0,766.2994860095071,25,0.0,8,7554.585149003427,0.075,0.1,0.0,0.0,Dec,2,2,5,2,Returning_Visitor,0,0
-10,0.0,0,0.0,30,480.25,-0.15311119043254529,0.025,0.0,0.0,Mar,2,2,7,1,Returning_Visitor,0,0
16,-601.9372446536368,25,120.8,-110,-5385.362271878251,0.005177873,0.014936612,2.491316021,0.0,Aug,2,2,7,1,Returning_Visitor,0,0
0,0.0,0,0.0,164,1217.2,-0.1254980442772313,0.19169256628573908,0.0,0.0,May,1,1,5,4,Returning_Visitor,0,0
-9,0.0,2,45.75,42,1931.630952,0.0,0.2084274495058777,0.0,0.0,Dec,1,1,6,1,Returning_Visitor,1,0
0,0.0,1,38.0,10,311.0,0.018181818,0.036363636,0.0,0.0,May,2,10,2,4,Returning_Visitor,1,0
3,114.125,1,13.0,64,1602.94026,0.013432836,0.028731343,29.88386066,0.0,Nov,3,2,1,3,Returning_Visitor,1,0
-9,104.9733333,2,41.2,27,572.8733333,0.0,0.011111111,23.5504394,0.0,Oct,2,4,1,1,Returning_Visitor,0,0
0,0.0,0,0.0,6,83.0,0.033333333,0.1,0.0,-0.7243104271982408,May,2,2,4,6,Returning_Visitor,0,0
4,63.875,1,0.0,43,8794.885540193925,0.015646259,0.036603499,0.0,0.0,Nov,3,2,1,2,Returning_Visitor,0,1
0,0.0,0,590.3088501874445,8,444.6333333,0.0,0.025,0.0,0.0,Nov,2,4,1,10,Returning_Visitor,0,0
4,149.5,3,56.5,10,368.0,-0.16739692381967225,0.013333333,0.0,0.0,May,3,2,8,2,Returning_Visitor,0,0
0,-510.54278759383993,0,0.0,3,31.0,0.0,0.033333333,-57.16999913561065,0.8504951473108268,Dec,2,2,1,2,New_Visitor,0,0
4,-497.7864029011853,0,0.0,3,72.0,0.0,0.016666667,0.0,0.0,Jul,2,2,6,5,New_Visitor,0,0
0,0.0,0,0.0,6,-5740.276951466932,0.0,0.008333333,0.0,0.0,Mar,1,2,8,2,Returning_Visitor,1,0
6,719.0119072968901,0,-474.6518633871919,8,163.22,0.0,0.018181818,0.0,0.0,Nov,1,1,1,2,New_Visitor,0,0
0,0.0,0,0.0,19,692.6222222,0.0,0.001470588,53.988,0.6,May,6,2,9,2,New_Visitor,0,1
4,45.4,0,0.0,14,-4768.424814426661,0.0,0.010526316,0.0,0.0,Jul,2,2,1,5,New_Visitor,0,0
0,0.0,0,0.0,3,46.75,0.0,0.066666667,0.0,-0.5587856793168008,Nov,2,2,3,10,Returning_Visitor,0,0
4,64.6,2,28.7,16,597.6,0.019047619,0.018594104,0.0,0.0,Oct,3,2,1,5,Returning_Visitor,1,0
13,40.0,0,0.0,5,189.4166667,0.0,0.016666667,0.0,0.0,Dec,1,8,3,11,Returning_Visitor,1,0
0,0.0,0,0.0,26,1114.733333,0.015384615,0.026098901,26.13034871,0.0,Nov,3,2,9,20,Returning_Visitor,1,0
0,0.0,0,0.0,8,-4796.993261758558,0.025,0.05,0.0,0.8463691739596355,May,2,4,1,3,Returning_Visitor,0,0
0,0.0,0,0.0,9,191.5625,0.0,0.024691358,-64.96490613979101,0.0,Nov,3,3,1,11,New_Visitor,1,0
14,0.0,0,0.0,1,0.0,0.2,0.2,0.0,0.0,May,2,10,3,1,Returning_Visitor,0,0
6,98.66666667,3,35.0,21,458.7,0.016666667,0.026388889,8.4525,0.0,May,1,1,1,3,Returning_Visitor,0,0
13,0.0,25,0.0,180,337.25,0.0,0.02,0.0,0.0,Mar,2,2,2,10,Returning_Visitor,0,0
3,84.0,0,0.0,-123,655.9166667,0.0,0.011111111,0.0,-0.5746436170513815,Mar,2,2,2,1,Returning_Visitor,0,0
13,0.0,0,0.0,60,3386.0,0.025333333,0.063888889,0.0,0.8,May,2,2,1,6,Returning_Visitor,0,0
14,171.1190476,0,0.0,22,-5714.856542282774,-0.15817889468776655,0.029761905,-62.74460374749948,0.0,Nov,3,2,2,4,Returning_Visitor,0,0
5,113.5,25,0.0,13,437.2,0.0,0.2368309684694753,0.0,0.0,Mar,1,8,4,11,New_Visitor,0,0
0,0.0,0,562.3749027218722,9,8191.618542189907,-0.15659909459287452,-0.133124266835417,0.0,0.0,Nov,3,2,1,13,Returning_Visitor,0,0
15,1011.361111,2,171.5,187,1405.131241,0.0,0.20243346369488122,37.41814196,0.0,Mar,3,2,3,2,New_Visitor,1,0
0,0.0,0,0.0,199,34.0,0.0,0.05,0.0,0.4,Feb,3,2,2,3,Returning_Visitor,0,0
1,56.5,25,41.5,87,2504.870761,-0.16767820795885705,0.036429937,-55.715259255974665,0.0,Nov,1,2,1,11,Returning_Visitor,1,0
1,664.889712174062,25,0.0,58,2492.22402,0.008939014,0.025864237,0.0,0.0,Nov,3,2,1,2,Returning_Visitor,0,0
0,0.0,0,0.0,7,70.4,0.114285714,0.128571429,0.0,0.0,Jul,3,2,4,1,Returning_Visitor,0,0
2,45.5,0,0.0,9,122.25,0.0,0.018181818,0.0,0.0,Dec,2,2,7,2,New_Visitor,0,0
3,189.4,4,130.76,93,3856.82978,0.037525773,0.06218704,7.542144271,0.0,June,2,2,1,1,Returning_Visitor,0,0
0,0.0,0,-462.04433628274614,8,943.5,0.025,0.045833333,67.19631774456757,0.0,Dec,3,2,3,10,Returning_Visitor,0,0
-9,132.6666667,0,0.0,25,773.5595238,0.0,0.027572016,5.167133333,0.0,May,3,2,2,2,Returning_Visitor,0,1
4,70.4,1,645.5,82,11257.1083,0.005574913,0.019401736,-62.77341334267418,0.0,Nov,2,5,1,2,Returning_Visitor,1,0
1,72.0,1,6.0,84,1212.030303,0.005102041,0.021451247,0.0,0.0,May,2,2,5,6,Returning_Visitor,0,0
1,753.8263188769309,0,0.0,14,988.0625,0.014285714,0.028571429,68.84905671,-0.5773307785549991,Dec,2,5,9,1,Returning_Visitor,0,1
0,0.0,0,-416.96448522483223,8,497.25,0.016666667,0.025,0.0,-0.6231833580999518,Dec,1,8,3,1,Returning_Visitor,1,0
0,0.0,0,0.0,12,697.1666667,0.0,0.016666667,-54.61695772467591,0.6,May,2,4,2,6,Returning_Visitor,0,0
5,169.0,25,0.0,3,50.0,0.0,0.033333333,0.0,0.0,Mar,1,1,1,9,New_Visitor,0,0
0,-495.0161364762009,0,0.0,6,56.5,0.20619256436295855,0.116666667,0.0,0.0,May,2,6,1,3,Returning_Visitor,1,0
2,144.5,0,-447.9146366424586,167,416.5,0.044444444,0.031111111,0.0,0.0,Nov,3,2,3,8,Returning_Visitor,1,0
6,130.5,2,439.2,78,5526.080123,-0.15714924383647833,0.010699588,0.838988251,0.0,Nov,2,2,9,1,Returning_Visitor,0,0
6,545.65,3,492.6431664817002,69,1182.432333,0.000684932,0.002998087,19.71529542,0.0,Nov,2,2,1,13,Returning_Visitor,1,1
2,20.14285714,0,0.0,4,33.14285714,0.0,0.039814815,0.0,0.0,Dec,3,2,1,10,Returning_Visitor,0,0
0,0.0,0,0.0,31,464.9333333,0.006451613,0.033870968,70.21016848009809,0.0,June,2,2,3,3,Returning_Visitor,0,0
0,675.365470397431,0,-487.0875486637485,4,8097.952026295476,0.0,0.025,0.0,0.0,Dec,2,2,4,2,Returning_Visitor,0,0
0,0.0,0,0.0,13,217.9166667,0.015384615,0.035897436,0.0,0.0,Dec,2,2,1,2,Returning_Visitor,1,0
4,787.9457520623571,0,0.0,22,1058.189474,0.0,0.022173913,0.0,0.0,May,2,2,1,1,Returning_Visitor,0,0
0,0.0,0,0.0,24,580.2,0.0,0.012121212,17.12545455,0.0,Mar,2,2,1,1,Returning_Visitor,0,1
0,0.0,2,43.0,-132,1053.080952,0.0,0.019786325,6.783,0.0,May,2,4,5,4,Returning_Visitor,1,0
0,-626.3153833626309,0,0.0,22,849.8333333,0.0,-0.14594739642460788,0.0,0.0,Nov,2,2,1,3,Returning_Visitor,0,0
15,28.0,0,0.0,20,633.75,-0.14493111922273508,0.019047619,32.43717827,0.7772481848252747,Dec,2,10,1,1,Returning_Visitor,1,1
0,0.0,2,162.5,49,572.061039,0.004,0.027944444,0.0,0.0,Dec,2,2,1,6,Returning_Visitor,0,0
15,43.625,1,16.0,109,3624.056349,0.009489489,0.01406394,76.70634934006003,0.0,Nov,1,2,1,2,Returning_Visitor,0,1
-10,0.0,25,0.0,162,0.0,0.2,0.2,62.929731147421144,0.6950295494115174,June,3,2,7,13,Returning_Visitor,0,0
2,18.0,2,6.0,10,363.6,0.0,0.2111654417551396,0.0,0.0,Sep,2,2,1,5,New_Visitor,1,1
-10,0.0,25,0.0,1,39.5,0.0,0.1,0.0,0.0,Dec,1,2,1,2,Returning_Visitor,0,0
0,0.0,25,0.0,22,598.25,0.0,0.05,0.0,-0.7268893715686522,May,2,5,9,6,Returning_Visitor,0,0
13,0.0,0,0.0,9,269.75,0.022222222,0.048148148,0.0,0.0,Dec,3,2,5,6,Returning_Visitor,0,0
0,0.0,0,0.0,56,1294.637143,0.17769271500669745,0.22411739950179338,0.0,0.0,Aug,1,1,3,3,Returning_Visitor,0,0
0,622.9856827934772,0,0.0,71,1057.2,-0.17178202508903756,0.129580026,73.19669091274736,0.793819214711413,June,3,2,2,13,Returning_Visitor,1,0
4,63.0,0,532.0963508431406,22,2232.5,-0.13451554639824864,0.008,0.0,0.0,May,2,2,9,2,New_Visitor,0,0
2,-599.7457295180648,0,0.0,14,249.6666667,0.0,0.033333333,0.0,0.0,Nov,4,2,1,3,Returning_Visitor,0,1
0,0.0,0,0.0,1,0.0,0.2,0.2,0.0,0.0,Dec,2,2,1,1,Returning_Visitor,0,0
12,0.0,25,37.2,-122,8305.496458037247,0.2035175559683555,0.032183908,0.0,0.0,Jul,2,5,1,1,Returning_Visitor,0,0
-9,11.0,0,0.0,11,976.0,0.024358974,-0.12526338411304966,0.0,0.0,Dec,1,1,1,1,Returning_Visitor,0,0
0,0.0,25,0.0,169,1677.178571,0.2061400817629449,0.060444444,0.0,0.0,Nov,3,2,4,2,Returning_Visitor,1,0
7,204.3875,4,-403.5723879111324,61,776.4138158,-0.1532887844526777,0.016153274,0.0,0.0,May,3,2,6,3,Returning_Visitor,0,0
7,-562.407674882357,2,37.0,28,2054.114286,0.0,0.011877551,5.789028571,0.0,May,1,1,9,3,Returning_Visitor,0,0
3,96.0,0,0.0,6,384.0,0.1710435101383139,-0.1522574585066364,0.0,0.0,Mar,3,2,1,2,New_Visitor,0,0
2,9.0,0,0.0,26,623.0266667,0.0,0.23283008259010313,36.0824516,0.0,Nov,2,2,4,20,Returning_Visitor,0,0
-8,44.0,0,0.0,-100,773.4666667,0.0,0.029142857,10.3572,0.0,Mar,2,2,1,2,Returning_Visitor,1,1
4,66.83333333,0,0.0,125,3075.978608,0.20170562136122971,0.022299824,0.0,0.0,Nov,2,5,3,1,Returning_Visitor,0,1
0,0.0,2,-451.5897642546968,-121,2267.833333,0.0,0.041666667,0.0,-0.7049098619037658,Nov,2,2,1,1,Returning_Visitor,0,0
1,790.6916846828833,0,0.0,26,449.25,0.0,0.022222222,0.0,0.0,Dec,4,2,3,2,Returning_Visitor,0,0
0,0.0,25,-399.15064333225087,15,270.0,0.028571429,0.035714286,-67.90867914324305,0.0,Mar,2,2,7,1,Returning_Visitor,0,0
0,0.0,0,0.0,-133,664.5,0.0,0.011764706,0.0,0.0,Nov,4,1,9,2,Returning_Visitor,0,0
4,43.92857143,0,0.0,182,9951.359644,0.003850267,0.021183788,8.665280918,0.0,Nov,2,2,1,2,Returning_Visitor,0,1
0,0.0,0,0.0,1,-4777.988888460598,0.2,0.2,0.0,0.8285477687951188,Dec,2,2,6,13,Returning_Visitor,0,0
2,17.0,2,1231.0,8,27.375,0.038888889,0.088888889,0.0,0.0,Nov,2,2,1,11,Returning_Visitor,0,0
1,55.5,25,0.0,53,4048.583333,0.007843137,0.015490196,0.0,0.0,Dec,4,1,1,1,Returning_Visitor,0,0
3,30.5,0,0.0,79,2431.242995,0.0,0.005590278,0.0,0.0,Nov,2,2,2,6,Returning_Visitor,0,0
0,0.0,0,0.0,68,746.8,0.002941176,0.011470588,0.0,0.0,May,2,2,1,13,Returning_Visitor,0,0
8,41.0,0,0.0,34,1337.245455,0.01375,0.024214286,0.0,0.0,May,1,1,3,2,Returning_Visitor,0,0
13,691.8134055809708,1,0.0,131,-4639.964870714816,0.006766917,0.028754539,0.0,0.7216070600749007,Dec,3,2,1,2,Returning_Visitor,0,0
0,0.0,0,0.0,5,147.5,0.0,0.2090655374188403,0.0,0.0,Dec,2,2,2,8,Returning_Visitor,0,0
7,214.3333333,5,53.0,29,528.1964286,0.0,0.013153595,0.0,0.2,May,1,1,1,2,Returning_Visitor,0,0
0,0.0,2,7.0,18,598.8738095,0.003333333,0.025555556,0.0,0.0,Nov,2,2,1,10,Returning_Visitor,0,0
2,636.0516099576619,0,0.0,10,234.6384615,-0.13856842151707705,0.064935065,0.0,0.0,Nov,3,2,3,13,Returning_Visitor,1,0
-9,0.0,1,-499.94027849047364,17,1385.833333,0.005882353,0.017647059,39.85866667,0.0,Mar,2,2,1,2,Returning_Visitor,0,1
0,0.0,0,-457.6207256382031,36,572.9,0.011111111,0.038888889,0.0,0.0,Dec,2,2,3,2,Returning_Visitor,0,0
6,473.7,1,484.4596332014024,47,2101.691541,0.007435897,0.02061552,0.0,0.0,Jul,3,3,8,1,Returning_Visitor,1,0
-10,-526.5956620813245,0,0.0,3,-6261.811658614323,0.0,0.033333333,0.0,0.0,Mar,3,2,1,1,Returning_Visitor,0,0
7,148.6,3,99.6,8,-5918.93735317609,0.0,0.021052632,27.14408757,0.0,Sep,2,2,1,2,Returning_Visitor,0,1
1,82.6,25,550.8922601911148,-127,243.4666667,0.016,0.024,0.0,0.0,Aug,2,2,2,2,New_Visitor,0,0
0,0.0,0,0.0,2,0.0,0.2,0.2,0.0,-0.6018665307153405,June,1,1,3,2,Returning_Visitor,0,0
9,140.875,0,0.0,-137,8209.35337054645,0.003,0.027077656,2.815539375,0.0,Nov,2,2,4,1,Returning_Visitor,0,0
14,96.6,0,0.0,15,276.7333333,0.010526316,0.021052632,69.46239458,0.7189961371206041,Oct,2,2,1,4,Returning_Visitor,1,1
1,-583.6467513598577,0,0.0,-127,31.0,0.0,0.05,0.0,0.0,Mar,2,2,2,10,Returning_Visitor,1,0
0,0.0,25,-412.2793958351849,23,1249.216667,-0.1684022766700918,0.029102564,15.33867021,0.0,Aug,3,2,3,4,Returning_Visitor,0,0
0,0.0,0,0.0,23,-5327.967717668658,-0.15826149951763638,-0.13416728958626575,10.95661974,0.7153020826987616,Sep,2,2,3,1,Returning_Visitor,0,1
0,0.0,25,0.0,26,648.4,0.20094956966491181,0.018,-60.43352037381493,0.0,Mar,1,1,1,3,Returning_Visitor,1,0
7,690.3902199866604,3,207.6,29,1243.976108,0.0,0.007819795,39.88966398,-0.5937407839872677,Jul,3,2,4,4,Returning_Visitor,1,0
4,103.625,0,573.6595166197783,14,1003.416667,0.0,0.23522937127556892,0.0,0.2,Feb,1,1,3,3,Returning_Visitor,0,0
2,46.4,1,29.2,12,303.2464286,0.0,0.015384615,0.0,0.0,Oct,1,1,3,2,New_Visitor,1,0
2,67.0,25,0.0,8,533.3,0.0,0.016666667,0.0,0.0,Sep,3,2,9,2,New_Visitor,0,0
0,0.0,0,0.0,174,-4599.5241982146545,0.026666667,0.071111111,0.0,0.0,Dec,2,2,2,1,Returning_Visitor,0,0
5,100.0,0,585.5733212988993,7,137.25,-0.14557722657177027,0.05,0.0,0.0,Dec,1,2,3,3,New_Visitor,0,0
-10,95.8,2,35.7,14,380.2666667,0.0,-0.117884556949162,0.0,0.0,Oct,2,4,7,2,New_Visitor,0,0
0,0.0,0,0.0,5,7625.370516483109,0.0,-0.10446645167552746,0.0,0.0,Nov,3,2,1,8,Returning_Visitor,1,0
0,-597.9592012039585,0,-407.7572340097549,12,260.0,0.05,0.083333333,0.0,0.6,May,1,1,7,1,Returning_Visitor,0,0
6,571.5,25,0.0,49,1196.25,0.007843137,0.018954248,0.0,0.7641711336786313,Dec,2,2,3,13,Returning_Visitor,1,0
0,0.0,0,0.0,14,340.0,0.0,0.015384615,23.388,0.0,May,2,2,3,1,Returning_Visitor,1,1
0,0.0,0,0.0,2,13.0,0.0,0.1,0.0,0.0,May,2,2,1,3,Returning_Visitor,0,0
2,743.7380234006501,0,0.0,10,268.0,0.0,0.018181818,59.51850423,0.0,Dec,2,2,1,2,New_Visitor,0,1
6,78.75,0,0.0,24,465.7321429,0.0,0.015384615,0.0,0.0,Dec,4,2,1,2,New_Visitor,0,0
0,0.0,25,0.0,3,48.0,0.066666667,0.066666667,0.0,0.0,May,1,1,1,3,Returning_Visitor,0,0
12,-532.3880480808843,2,70.6,63,5245.277619,0.002739726,0.020091324,0.0,0.0,Nov,2,2,3,1,Returning_Visitor,0,0
0,0.0,25,465.89614340808726,3,8799.726902149094,0.0,0.033333333,0.0,0.794266162476495,Mar,2,4,1,10,Returning_Visitor,0,0
15,0.0,0,-528.5988234662879,6,180.1666667,0.0,0.016666667,0.0,0.0,May,1,1,7,2,Returning_Visitor,1,0
0,692.1717590946214,0,0.0,49,2990.3125,0.012244898,0.038231293,0.0,0.0,Nov,3,2,7,13,Returning_Visitor,0,0
0,0.0,0,0.0,5,377.0,0.0,0.04,0.0,0.2,May,2,2,6,4,Returning_Visitor,0,0
3,145.0,0,0.0,53,1783.791667,0.007142857,0.029030612,12.24171745,0.8303697337283067,Dec,4,6,1,1,Returning_Visitor,1,0
1,43.0,0,0.0,26,834.3611111,0.016,0.019666667,25.21523293,0.0,Dec,1,1,1,10,Returning_Visitor,1,0
0,0.0,0,0.0,-120,644.2,0.004166667,0.031666667,0.0,0.0,Feb,3,2,3,4,Returning_Visitor,0,0
0,0.0,0,-422.3281937214553,10,640.875,0.0,0.011111111,18.85445822,0.0,Nov,2,2,1,2,Returning_Visitor,0,1
-10,310.6333333,0,0.0,28,8361.229790200385,0.027619048,0.03614966,0.0,0.0,May,3,2,2,1,Returning_Visitor,1,0
0,742.1306989845731,0,0.0,2,51.0,0.0,0.05,-54.29599699136102,0.0,May,3,2,1,7,Returning_Visitor,1,0
2,59.4,0,0.0,86,3334.506667,0.025581395,0.050387597,0.0,0.0,Aug,2,2,7,3,Returning_Visitor,0,0
-8,49.5,1,29.5,45,1545.5,0.0,0.004,20.97144,0.0,Mar,2,4,3,8,Returning_Visitor,1,1
0,0.0,0,0.0,188,258.0,0.025,0.075,0.0,0.0,Mar,2,2,3,1,Returning_Visitor,0,0
-7,108.6666667,6,853.75,162,6737.271825,0.16949183435673118,0.006138614,0.0,0.6758151382383901,Mar,2,5,1,3,Returning_Visitor,1,0
1,16.0,0,0.0,7,136.0,0.1761033289033305,0.00952381,0.0,0.0,May,2,10,3,2,Returning_Visitor,0,0
13,21.0,0,0.0,-123,682.9583333,0.008823529,0.025653595,0.0,0.0,Dec,3,2,9,2,New_Visitor,0,0
0,0.0,25,0.0,10,165.0,0.03,0.046666667,0.0,0.8308576415647266,Nov,1,1,1,2,Returning_Visitor,1,1
10,143.5833333,25,92.0,245,7793.158685,0.001587302,0.004610177,77.3421428163135,0.0,Nov,3,2,1,8,Returning_Visitor,0,1
0,745.702645900448,0,0.0,8,316.1333333,-0.15410547326291418,0.05,0.0,0.0,June,2,2,3,13,Returning_Visitor,0,0
0,0.0,0,502.1022394795687,27,925.2933333,0.014814815,-0.12650834611754705,0.0,0.0,June,1,1,1,4,Returning_Visitor,0,0
6,108.0,2,43.66666667,196,3712.8116,0.003252033,0.010310363,8.256572358,0.0,May,2,10,3,4,Returning_Visitor,1,0
10,711.6116721852233,1,89.95454545,101,6038.244769,0.001904762,0.019112158,51.36077038,0.0,Nov,2,4,3,2,Returning_Visitor,1,1
0,0.0,25,0.0,-121,-6079.274773796217,-0.12614607472798817,0.054545455,0.0,0.0,May,2,2,2,1,Returning_Visitor,0,0
1,4.0,0,-437.55276474116016,-137,492.25,0.0,0.044444444,0.0,0.0,Dec,2,2,1,2,New_Visitor,0,0
1,-562.1033893634708,0,0.0,8,147.0,0.20912203252249,0.026666667,-65.87916968732463,0.0,May,2,6,6,1,Returning_Visitor,0,0
6,92.0,3,101.0,76,8556.897415017145,0.1716131525584749,0.024837398,-65.44069883279076,0.0,Mar,2,2,3,2,Returning_Visitor,0,0
0,-559.7003066066887,0,0.0,1,0.0,0.2,0.2,0.0,0.0,Feb,2,6,1,2,Returning_Visitor,0,0
4,46.4,0,0.0,128,5287.233333,0.0171875,0.034482887,14.984875,0.4,May,2,2,3,13,Returning_Visitor,0,0
15,2657.318056,13,1949.166667,343,29970.46597,0.005315857,0.1943124865468171,0.0,0.0,Dec,2,2,1,2,Returning_Visitor,0,0
0,0.0,0,0.0,165,24.0,0.0,0.1,0.0,0.0,May,1,1,4,3,Returning_Visitor,1,0
4,766.9553449549117,0,0.0,16,237.5,0.1746426074656851,0.011111111,0.0,0.0,Sep,3,2,4,2,New_Visitor,0,0
0,0.0,25,0.0,45,1478.07381,0.020454545,-0.14963074363278292,0.0,-0.6244710325166523,Nov,2,2,7,13,Returning_Visitor,0,0
0,0.0,0,0.0,16,690.3133333,0.028571429,0.23709472537136783,0.0,0.0,Oct,2,2,1,1,Returning_Visitor,0,0
0,-498.7367764561393,25,0.0,6,7489.7149211545675,0.0,0.033333333,73.12718975849317,0.0,Dec,3,13,9,20,Returning_Visitor,0,0
0,0.0,0,0.0,41,3272.0,0.045238095,0.078571429,0.0,0.8,May,2,6,1,6,Returning_Visitor,0,0
0,0.0,0,0.0,4,103.5,0.0,-0.1241653393344013,69.30623652178674,0.0,Nov,2,2,1,6,Returning_Visitor,0,0
15,0.0,6,451.5,28,674.4345238,0.005882353,-0.12732661852428462,0.0,0.7039591008500165,May,3,2,4,1,Returning_Visitor,1,0
7,187.8333333,0,0.0,36,8786.766181449619,-0.14083738032206874,0.0089599,4.745736842,-0.697491786686609,Mar,1,1,1,10,Returning_Visitor,0,1
15,54.9,0,0.0,4,111.1333333,0.0,-0.13702525482643224,0.0,0.0,Aug,3,2,3,1,Returning_Visitor,0,0
4,172.0,25,0.0,11,787.0,0.033333333,0.053333333,0.0,0.0,May,2,2,1,6,Returning_Visitor,1,0
3,45.0,1,87.0,-135,485.8333333,0.008,0.016,73.44401540934355,0.0,May,1,1,1,2,Returning_Visitor,1,0
1,0.0,0,0.0,8,1340.3,0.0,0.025,0.0,0.0,Sep,1,2,3,4,Returning_Visitor,0,0
1,156.1428571,0,0.0,18,1181.198413,0.0,0.048235294,64.96706355836703,0.0,Mar,3,2,4,1,Returning_Visitor,0,0
0,719.9876360374518,0,-531.0710198038714,36,319.5,0.047777778,0.088888889,0.0,0.0,May,2,2,3,1,Returning_Visitor,0,0
12,0.0,0,0.0,5,84.0,0.04,0.21391699338254705,0.0,0.0,Mar,2,2,2,1,Returning_Visitor,0,0
0,0.0,0,-510.7577744061914,9,113.0,0.022222222,0.055555556,0.0,0.4,May,2,2,1,3,Returning_Visitor,0,0
0,0.0,0,0.0,180,1787.395833,0.004824561,0.031871345,0.0,0.8359276997920383,Nov,2,2,4,2,New_Visitor,0,0
6,134.36,0,0.0,22,568.9683333,0.21673957092564544,-0.13333687607536948,73.42775251335138,-0.5927037963804612,Sep,1,2,6,2,Returning_Visitor,1,1
1,4.0,0,0.0,9,-5771.089134338764,0.022222222,0.044444444,0.0,0.2,May,3,2,2,19,Returning_Visitor,0,0
5,673.1441489221592,0,0.0,49,1143.348504,0.0,0.008595388,78.55914852674371,0.0,May,1,1,1,2,Returning_Visitor,0,0
0,-624.7594835646228,0,-481.215512441987,5,288.5,0.0,0.0125,0.0,0.0,Mar,2,2,1,2,Returning_Visitor,1,0
0,0.0,0,0.0,-140,7362.260286714409,0.21330909813056892,0.23321413273502872,0.0,0.0,Sep,2,5,9,5,New_Visitor,0,0
15,0.0,25,0.0,13,787.75,0.19135076084926644,0.046153846,70.36738660247336,0.0,Nov,2,2,4,10,Returning_Visitor,0,0
5,176.0,0,0.0,15,537.2,0.19722766468271746,0.023529412,27.664,0.6,May,2,2,2,6,Returning_Visitor,0,1
-10,0.0,25,0.0,4,-5974.392399942385,0.17188921845698074,0.075,0.0,-0.7333354554742711,Mar,2,4,2,1,Returning_Visitor,0,0
0,0.0,25,-438.5504529024035,-115,8210.106763143993,0.04,0.07,0.0,0.0,June,1,1,4,3,Returning_Visitor,0,0
0,0.0,0,0.0,4,98.25,0.0,0.19395510675172772,78.91269549506335,0.0,Nov,2,4,3,10,Returning_Visitor,0,0
7,424.1666667,0,0.0,13,1212.0,0.0,0.0125,0.0,0.0,May,2,4,4,4,Returning_Visitor,0,0
0,0.0,0,0.0,8,244.0,0.025,0.075,0.0,0.0,Mar,3,2,1,3,Returning_Visitor,0,0
0,-496.8566581903596,0,0.0,2,7711.235146223185,0.0,0.1,77.76454421891675,0.0,Aug,3,2,6,20,Returning_Visitor,0,0
2,633.6229991711841,0,0.0,8,214.3333333,0.04,-0.14689554946000546,0.0,0.0,May,3,2,1,3,Returning_Visitor,0,0
0,0.0,0,0.0,191,142.5,0.18316331597250562,0.08125,0.0,0.0,May,2,2,1,4,Returning_Visitor,0,0
24,196.1385918,1,28.0,113,8699.407065,0.019308469,0.19067302042177517,2.613452922,0.0,May,2,2,6,11,Returning_Visitor,1,0
5,142.75,0,0.0,76,1523.57803,0.012987013,0.021101928,0.0,0.6949608233706844,Nov,2,2,1,1,Returning_Visitor,0,0
0,0.0,0,0.0,42,840.8333333,0.0,0.019047619,0.0,0.0,May,2,2,2,3,Returning_Visitor,0,0
0,0.0,0,0.0,5,-6057.124699572098,0.21382590545250196,0.1,0.0,0.0,May,1,1,2,4,Returning_Visitor,0,0
1,-566.865603070286,25,0.0,15,188.5,0.0,0.007142857,-63.062054909713076,0.0,May,2,4,2,2,Returning_Visitor,0,0
3,96.5,0,-481.5064939804038,8,323.5,0.0,0.02,0.0,0.0,Dec,1,1,6,2,Returning_Visitor,0,0
-9,208.0,1,50.0,30,1461.666667,0.17056704452833038,0.02125,0.0,-0.6717862813750921,Mar,2,5,1,3,Returning_Visitor,0,0
0,0.0,0,0.0,3,80.0,0.0,0.033333333,0.0,-0.7012504625383918,Mar,3,2,1,10,Returning_Visitor,1,0
0,0.0,0,532.2325200692138,9,-4780.804591281613,0.18281961179280876,0.022222222,0.0,0.0,Nov,1,1,3,6,Returning_Visitor,0,0
0,0.0,25,-509.6381021063265,1,0.0,0.2,0.2,0.0,0.0,Jul,1,1,3,4,Returning_Visitor,1,0
0,0.0,0,0.0,4,39.25,0.0,0.05,0.0,0.7837240754683044,Nov,4,2,1,1,Returning_Visitor,0,0
2,6.0,0,0.0,9,89.5,0.0,0.058333333,0.0,0.0,Sep,1,1,4,4,Returning_Visitor,1,1
0,0.0,0,0.0,28,527.8333333,0.02962963,0.23261701762624803,0.0,0.0,Oct,2,2,2,13,Returning_Visitor,0,0
0,0.0,25,0.0,9,87.91666667,0.0,0.003174603,0.0,0.0,Nov,8,2,5,1,Returning_Visitor,1,0
13,0.0,0,0.0,204,0.0,0.19565031912339081,0.2,74.3549273082466,0.0,Nov,3,2,4,1,Other,0,0
3,151.0,0,0.0,21,840.2863203,0.0,0.010763889,0.0,0.0,Oct,2,2,3,2,Returning_Visitor,0,0
0,0.0,25,0.0,1,-6059.578762562802,0.2,0.2,0.0,0.8344220059826919,Mar,2,2,1,1,Returning_Visitor,0,0
0,0.0,4,84.25,-121,2596.204762,0.21359801828835698,0.020121639,0.0,0.0,Nov,2,2,7,2,Returning_Visitor,0,0
0,695.9929743889971,0,0.0,182,8811.660968670647,-0.14995486209679443,-0.1388989669984699,0.0,0.0,Mar,1,1,1,1,Returning_Visitor,0,0
9,243.25,3,-514.0978049068761,79,3497.214286,0.003448276,0.012643678,32.59864309,0.0,Dec,2,2,2,2,Returning_Visitor,0,0
0,0.0,25,0.0,4,-4846.988210888989,0.0,0.05,0.0,0.0,Mar,1,1,1,2,Returning_Visitor,0,0
0,0.0,0,0.0,1,-6304.0560925629725,0.2,0.2,0.0,0.0,Mar,2,2,2,3,Returning_Visitor,0,0
0,0.0,25,3.0,22,1904.183333,0.20842536966313946,0.052777778,0.0,0.0,Nov,2,2,2,11,Returning_Visitor,0,0
2,14.25,0,0.0,29,1082.75,0.0,0.22441776014887543,84.87572674,0.0,Nov,2,5,3,2,New_Visitor,0,1
4,81.6,0,0.0,172,1096.42,0.041945289,-0.12894530285970446,72.39768787167034,0.0,Jul,3,2,6,13,Returning_Visitor,0,0
0,0.0,25,0.0,2,0.0,0.2,0.20750011380882435,72.1113441029054,-0.543552915465181,May,1,1,3,11,Returning_Visitor,1,0
-10,200.42,0,-438.6347791935981,31,697.5866667,0.0075,0.0325,0.0,0.0,June,2,2,2,2,Returning_Visitor,0,0
0,0.0,25,0.0,21,-5761.369090968783,0.0,0.023933659,76.93288934502944,0.0,Mar,3,2,1,1,Returning_Visitor,0,0
2,70.6,0,0.0,27,7097.634222973086,0.0,0.007407407,79.51302667,0.0,Oct,2,2,1,3,New_Visitor,1,1
4,26.0,0,0.0,12,-5788.428073663969,0.0,0.011764706,0.0,0.0,Oct,2,4,3,2,Returning_Visitor,0,1
1,7.0,4,364.9166667,187,7445.957075,0.004316069,0.015735624,76.38039937693846,0.0,Nov,2,2,1,2,Returning_Visitor,0,1
3,31.33333333,0,0.0,33,1077.869048,0.0015625,0.198043178090906,68.63288391717322,0.0,Mar,3,2,6,2,Returning_Visitor,0,0
0,0.0,0,0.0,-106,5504.695238,0.011538462,-0.11163186036104901,-55.50438020598104,0.0,Nov,2,2,1,1,Returning_Visitor,0,1
0,0.0,0,0.0,8,183.0,0.0,0.00625,0.0,0.8555534938051916,Dec,2,4,4,1,Returning_Visitor,0,0
0,699.2911359257058,25,468.91295014081413,2,12.0,0.1,0.22287933674394383,0.0,0.0,Sep,4,1,1,2,Returning_Visitor,0,0
0,0.0,0,0.0,0,0.0,0.2,0.2,0.0,0.7361810397907216,Nov,1,1,8,8,Returning_Visitor,0,0
3,32.5,0,480.01578565388945,24,603.25,0.0,0.014666667,14.57483754,0.0,Nov,4,2,1,3,Returning_Visitor,0,0
1,-495.53917864753726,0,0.0,15,8303.873859110345,0.0,0.025,76.15634354589895,0.0,Nov,1,1,2,2,New_Visitor,0,0
0,-496.28182630097496,0,0.0,10,490.5666667,0.02,0.035,0.0,0.0,June,3,2,2,1,Returning_Visitor,0,0
12,-522.5576951822306,0,-471.88442259897266,19,483.5833333,0.021052632,0.025789474,0.0,0.2,May,1,1,4,3,Returning_Visitor,0,0
0,-560.3647944887254,0,0.0,7,1803.666667,0.082142857,0.08,0.0,0.0,Dec,2,5,1,8,Returning_Visitor,1,0
0,0.0,0,0.0,4,90.5,-0.17191376539327974,0.166666667,0.0,0.0,Nov,3,2,1,10,Returning_Visitor,0,0
-8,4.0,1,12.0,16,1012.964286,0.011764706,0.023529412,0.0,0.0,Dec,2,2,7,10,Returning_Visitor,0,0
7,775.2065611917369,0,0.0,175,1699.073611,0.010087719,0.035614035,133.2813786,-0.5994648295079791,Dec,3,2,1,13,Returning_Visitor,0,0
14,49.5,0,0.0,4,180.5,-0.15181622581261203,-0.1261230708298322,0.0,0.0,Dec,3,2,6,10,Returning_Visitor,0,0
1,30.0,0,0.0,16,597.6,0.0,0.0125,0.0,0.0,Mar,1,1,3,2,Returning_Visitor,0,0
0,0.0,0,530.8915854852154,1,0.0,0.2,0.2,0.0,0.0,Mar,2,2,4,3,Returning_Visitor,0,0
-10,0.0,0,0.0,4,570.2,0.0,0.05,0.0,0.0,Jul,2,2,9,1,Returning_Visitor,0,0
0,0.0,0,0.0,3,0.0,0.2,0.2,0.0,0.819714083552844,May,3,2,1,4,Returning_Visitor,0,0
3,39.2,0,0.0,176,209.0,0.0,0.1988874325569268,0.0,0.0,Sep,2,5,6,2,Returning_Visitor,0,0
4,131.0,1,0.0,39,1752.942857,0.020075188,-0.10386476124368796,0.0,0.2,May,1,1,3,4,Returning_Visitor,0,0
8,764.7189972146413,0,0.0,16,453.4,0.0,0.011403509,0.0,0.0,Jul,3,2,8,4,Returning_Visitor,0,0
2,98.0,0,0.0,15,947.0,0.00625,-0.14632284327766806,-61.626182479307,0.0,Dec,2,2,3,2,Returning_Visitor,1,0
6,153.5,0,0.0,34,1048.492063,0.011578947,0.22810503124129633,0.0,0.0,Mar,2,6,1,1,Returning_Visitor,1,0
0,0.0,2,47.0,32,898.8333333,0.068571429,-0.11728635565850885,0.0,0.0,May,3,2,4,1,Returning_Visitor,0,0
2,175.2,0,0.0,60,1635.466667,0.006557377,0.014754098,0.0,0.0,Nov,2,5,7,3,Returning_Visitor,0,0
0,0.0,0,0.0,1,0.0,0.18894842315713709,0.2,0.0,0.0,Dec,3,2,4,1,Returning_Visitor,0,0
4,102.5555556,2,79.5,133,3713.580105,0.003381995,0.015889736,28.03795985,0.0,Nov,3,2,1,6,Returning_Visitor,1,0
1,11.0,0,0.0,26,651.0666667,0.0,0.016666667,0.0,0.0,Nov,4,2,1,3,Returning_Visitor,0,0
-9,0.0,25,0.0,60,2606.779545,-0.15355269983319036,0.021944444,0.0,0.0,Dec,2,2,3,2,Returning_Visitor,0,0
4,46.4,25,0.0,3,25.2,0.0,0.0,0.0,0.0,Oct,3,2,1,20,Returning_Visitor,0,0
6,413.4996124,0,0.0,-125,6072.032391,0.007058824,0.024023709,1.240071108,0.0,Nov,3,2,8,1,Returning_Visitor,1,1
4,302.5,25,0.0,15,257.1666667,0.05,-0.10764245702844863,0.0,0.0,Dec,3,2,7,3,Returning_Visitor,0,0
1,0.0,0,0.0,34,2161.979365,-0.13117616565347845,0.020233586,0.0,0.0,Mar,3,2,1,1,Returning_Visitor,0,0
2,35.3,0,529.612576436495,2,20.1,0.0,0.0,40.27815244,0.0,Sep,2,2,1,6,New_Visitor,0,1
1,10.5,3,264.75,195,10044.75756,0.005025126,0.023180221,0.0,0.0,Dec,2,2,1,2,Returning_Visitor,0,0
0,0.0,0,0.0,16,676.75,0.014285714,0.035714286,0.0,0.0,Mar,4,2,1,3,Returning_Visitor,0,0
0,0.0,0,-399.6671892801543,1,0.0,0.2,0.2,-61.17267963882177,0.0,Nov,3,2,4,3,Returning_Visitor,0,0
14,107.0,0,0.0,3,56.0,0.0,0.04,-62.82301010945859,0.6709818687638179,Mar,1,1,3,2,New_Visitor,0,0
0,0.0,25,0.0,-131,1674.0,0.0,0.04,0.0,0.8110156911826988,Mar,2,2,4,1,Returning_Visitor,0,0
0,0.0,25,0.0,12,892.0833333,0.016666667,0.045833333,0.0,0.0,Dec,2,2,6,2,New_Visitor,0,0
1,15.2,0,-506.17384837265894,19,-5581.27834109795,0.17906208642708407,-0.1400670434049039,0.0,0.0,Aug,2,2,7,3,Returning_Visitor,0,1
0,0.0,0,0.0,41,451.7142857,0.007692308,0.018376068,0.0,0.0,Nov,2,2,6,11,Returning_Visitor,0,0
1,47.5,0,0.0,10,-5027.12611386345,0.0,0.025454545,0.0,0.0,Dec,1,1,8,3,Returning_Visitor,0,0
0,0.0,0,0.0,5,143.0,0.0,0.04,0.0,0.0,Mar,2,4,1,1,Returning_Visitor,0,0
0,-504.3874376381492,0,0.0,19,620.0333333,0.0,0.007894737,0.0,0.0,Feb,1,1,4,2,Returning_Visitor,0,0
-8,96.25,0,0.0,26,1222.333333,0.0,0.20598399139554152,42.95612903,0.0,May,2,2,1,1,Returning_Visitor,0,1
1,16.0,0,0.0,77,3586.833333,0.21676626163566814,0.012575758,0.0,0.0,Dec,2,2,1,2,Returning_Visitor,0,0
-7,0.0,0,0.0,-118,19.0,0.066666667,0.133333333,0.0,0.6975709176797866,Nov,2,5,3,10,Returning_Visitor,0,0
9,713.319904834913,0,0.0,27,1084.5,0.0,0.010784314,22.96411765,0.0,Mar,2,2,1,8,New_Visitor,0,0
4,26.0,25,0.0,22,1671.375,0.018333333,0.040555556,0.0,0.0,Nov,2,2,3,8,Returning_Visitor,0,0
3,62.9,1,0.0,-121,647.518523,0.0,0.010437463,13.73292849,0.0,Jul,2,2,3,1,Returning_Visitor,1,1
0,0.0,0,0.0,26,745.1666667,0.0,0.020833333,0.0,0.0,May,2,2,4,2,Returning_Visitor,0,0
1,-582.1956768694229,0,0.0,1,0.0,0.0,0.066666667,0.0,0.0,Dec,1,1,1,8,New_Visitor,0,1
-7,90.6,0,0.0,21,608.3033333,0.0,0.026666667,0.0,0.0,Sep,2,2,3,2,Returning_Visitor,0,0
3,-632.2815818746202,1,0.0,19,381.6,0.040909091,0.056818182,8.330574815,0.0,Aug,1,1,4,1,Returning_Visitor,0,1
7,172.0595238,0,-486.2150257308593,104,-5253.272653334298,0.006893004,0.23297899065513647,8.805138964,0.0,Nov,2,5,1,1,Returning_Visitor,0,0
0,0.0,0,0.0,37,607.4666667,0.0,0.002777778,39.97777778,0.0,May,1,1,1,2,Returning_Visitor,1,1
4,65.6,25,0.0,25,-4632.46281005231,-0.14390975646223678,0.007142857,-59.78534159587416,0.0,Nov,2,4,2,20,Returning_Visitor,1,0
3,216.5,3,127.5,151,7700.501461,-0.16196784330486197,0.012782022,4.074920999,0.0,Dec,2,2,3,2,Returning_Visitor,0,0
0,791.5204702120487,0,0.0,-140,0.0,0.2,0.2,0.0,0.0,Nov,1,1,6,6,Returning_Visitor,0,0
8,318.8012821,3,164.0,107,4447.110508,0.001169591,0.013146819,0.0,0.0,Nov,2,2,1,3,Returning_Visitor,0,1
2,-538.7999850113904,0,0.0,20,546.669697,0.0,0.004393939,0.0,0.0,Oct,2,2,1,2,Returning_Visitor,0,0
0,0.0,0,0.0,4,29.0,0.19706915098605723,0.125,0.0,0.8,May,2,2,2,4,Returning_Visitor,0,0
4,120.9,0,0.0,-113,534.0,0.0,0.02962963,0.0,0.6743846813989026,Aug,2,2,7,2,Returning_Visitor,0,0
0,-560.644284959585,25,0.0,-139,538.0,0.0,0.075,0.0,0.0,Mar,1,1,4,3,Returning_Visitor,1,0
0,0.0,0,0.0,24,805.0,0.0,-0.1117282514495983,53.988,0.0,May,2,2,1,2,New_Visitor,1,1
6,639.6073096138202,25,0.0,36,1930.410714,0.0125,0.018083333,21.39566828,0.0,Nov,1,1,1,2,Returning_Visitor,0,1
14,29.33333333,0,0.0,6,-5148.968121061014,0.0,0.023809524,0.0,-0.6964362187810539,Dec,3,3,4,8,New_Visitor,0,0
0,0.0,25,0.0,2,697.5,0.0,0.1,0.0,0.0,Dec,4,1,3,1,Returning_Visitor,0,0
0,0.0,0,0.0,1,0.0,0.2,0.2,0.0,0.0,Dec,2,2,2,1,Returning_Visitor,0,0
-7,0.0,0,539.4357713711054,1,0.0,0.2,0.2,0.0,0.0,June,1,8,1,1,Returning_Visitor,0,0
-8,0.0,1,0.0,48,783.6944444,0.012244898,0.01877551,0.0,0.0,Dec,2,2,3,2,Returning_Visitor,0,0
0,0.0,0,589.4152239313341,39,835.6809524,-0.1281489445527499,0.028162393,0.0,0.0,Jul,1,1,6,3,Returning_Visitor,0,0
0,0.0,3,-423.96229135627226,35,7212.713950472428,0.007894737,0.040131579,0.0,0.0,Nov,2,2,1,2,Returning_Visitor,1,0
0,0.0,0,0.0,7,340.5,0.0,0.028571429,0.0,0.0,Nov,2,4,4,2,New_Visitor,1,0
0,-514.1540721476292,0,0.0,1,0.0,0.2,0.2,0.0,0.0,May,1,1,1,3,Returning_Visitor,0,0
1,794.8674851277433,0,0.0,7,381.5,0.0,0.025,0.0,0.0,Mar,1,1,3,2,Returning_Visitor,1,0
0,0.0,0,0.0,30,1791.7,0.013333333,-0.10768494082732359,0.0,0.0,Mar,2,4,1,3,Returning_Visitor,0,0
0,0.0,0,0.0,25,686.5,0.016,0.22304789961156524,0.0,0.0,Dec,2,2,7,1,Returning_Visitor,1,0
3,53.0,0,-443.2083479188962,63,2461.25,0.0,0.005729167,0.0,0.0,May,2,2,8,3,New_Visitor,0,0
4,459.5,4,199.1,94,6186.17226,0.022541254,-0.14033217115826713,3.085103642,0.0,Jul,3,2,8,13,Returning_Visitor,0,0
-10,655.810738546532,0,0.0,14,634.0,-0.12879605530559562,0.20961923021946938,0.0,0.0,May,1,1,8,15,New_Visitor,1,0
4,652.7515834375395,1,58.0,12,777.5,0.17003579929924476,0.015555556,10.782,0.0,Mar,2,2,1,2,Returning_Visitor,1,1
0,0.0,0,0.0,14,999.0,0.0,0.023076923,8.482951523,0.0,Dec,2,2,3,6,Returning_Visitor,0,1
2,7.0,0,0.0,20,454.9166667,0.009090909,0.025757576,0.0,0.0,Nov,2,2,1,10,Returning_Visitor,0,0
0,716.5588803698785,0,488.00186058704367,-110,252.0,0.0,0.19219535044132877,-61.607170224812414,0.0,May,2,2,8,3,Returning_Visitor,0,0
1,-464.5838515476473,0,0.0,16,-5114.6367906723,0.0,0.021428571,0.0,0.0,Sep,2,2,1,5,New_Visitor,0,1
0,0.0,0,0.0,31,3888.166667,0.02,-0.11502143884438057,0.0,0.0,Mar,2,4,3,1,Returning_Visitor,0,0
0,0.0,25,0.0,-126,15.0,0.0,0.1,-64.51740562596294,0.0,Nov,2,2,1,1,Returning_Visitor,0,0
1,10.0,25,0.0,27,548.2833333,0.003703704,0.025308642,-55.96589669851021,0.0,Dec,2,4,9,2,Returning_Visitor,0,0
11,92.10151515,0,0.0,69,2183.007024,0.008552632,0.032956586,0.0,0.0,Jul,2,2,5,6,Returning_Visitor,0,0
14,72.5,4,-482.83761160996744,24,377.5,0.006666667,0.02,79.05780702468091,0.6,May,1,1,1,3,Returning_Visitor,0,0
8,176.25,1,141.0,20,651.7658974,0.0,0.009230769,19.13285864,0.0,Nov,2,2,4,2,Returning_Visitor,0,1
0,0.0,0,0.0,17,8469.61554549591,0.0,0.025,0.0,-0.6790252238802568,Nov,1,1,3,3,New_Visitor,1,0
0,0.0,0,0.0,11,-5223.784889613178,0.054545455,0.096969697,0.0,0.0,Nov,2,5,3,1,Returning_Visitor,0,0
0,-589.38460188255,25,515.0083290439721,6,42.0,0.033333333,0.05,0.0,0.0,Nov,2,2,9,3,Returning_Visitor,0,0
5,327.4,0,0.0,86,2806.846825,0.19068318164228754,0.004061303,0.0,0.0,Oct,3,2,9,3,Returning_Visitor,1,0
4,76.16666667,0,0.0,10,182.1666667,0.1879349182558334,0.018181818,0.0,0.4,May,3,2,1,1,Returning_Visitor,0,0
5,30.0,1,-412.33262069494884,-126,4376.902655,0.007272727,0.021707552,0.0,0.0,Oct,2,2,2,4,Returning_Visitor,0,0
1,726.5817803725877,0,0.0,47,1459.576667,0.010416667,0.017638889,0.0,0.0,Oct,1,1,3,3,Returning_Visitor,0,0
-8,32.7,25,0.0,-101,687.1966667,0.0,0.019393939,0.0,0.0,Nov,3,2,1,1,Returning_Visitor,0,0
0,0.0,0,0.0,1,7499.435676081928,0.2,0.2,0.0,0.6796272638745258,May,2,2,1,3,Returning_Visitor,0,0
0,0.0,25,0.0,4,186.25,0.05,0.066666667,0.0,0.0,Nov,3,2,3,2,Returning_Visitor,0,0
8,249.0,1,36.33333333,31,1124.916667,0.0,0.014672365,18.08584615,0.0,May,2,4,5,5,New_Visitor,0,1
0,0.0,25,0.0,32,2180.933333,0.00625,0.032291667,0.0,-0.5501032550838165,Dec,4,2,3,1,Returning_Visitor,0,0
3,1178.6,4,124.8,18,1716.373333,0.008333333,0.016666667,0.0,0.0,Jul,2,5,6,1,Returning_Visitor,0,0
0,0.0,0,0.0,18,432.7666667,0.0,0.027777778,0.0,-0.5878426990020028,Oct,3,2,1,2,Returning_Visitor,0,0
0,0.0,0,0.0,201,433.8333333,0.039285714,0.092857143,0.0,0.0,May,2,4,2,4,Returning_Visitor,1,0
0,0.0,0,0.0,18,902.0,0.19708493190932397,0.007407407,0.0,0.7357700252567279,Feb,2,7,2,4,Returning_Visitor,0,0
16,254.253245,3,223.15,221,6606.726779,0.005533063,0.016561375,4.083948025,0.0,Oct,4,1,4,1,Returning_Visitor,0,1
0,0.0,0,0.0,12,315.7797619,0.016666667,0.025,66.67258641950778,0.0,Nov,1,1,9,2,Returning_Visitor,1,0
14,78.5,0,0.0,10,673.0,0.015384615,0.01025641,0.0,0.6,May,1,2,1,4,New_Visitor,0,0
0,0.0,0,0.0,2,11.0,0.1849823443340404,-0.11668622074479143,0.0,0.0,Jul,2,2,1,1,Returning_Visitor,1,0
6,93.3,0,462.0985247567295,70,2678.055238,0.0,0.005868545,0.0,0.0,Jul,2,2,1,2,Returning_Visitor,1,0
0,0.0,0,0.0,8,376.3333333,0.0,0.028571429,53.988,0.0,May,2,2,2,4,Returning_Visitor,1,1
2,-562.8625292552105,0,0.0,42,1503.25,0.001550388,0.031007752,0.0,0.0,Mar,2,2,6,1,Returning_Visitor,0,0
15,44.0,0,0.0,15,310.25,0.0125,0.0125,0.0,0.0,Dec,3,2,3,2,Returning_Visitor,1,0
0,0.0,0,0.0,2,57.0,0.0,0.1,0.0,0.0,Mar,3,2,1,1,Returning_Visitor,1,0
0,0.0,25,0.0,174,253.5,0.0,0.022222222,63.588,0.7193909472988999,Mar,1,1,1,2,New_Visitor,1,1
2,32.0,1,70.0,16,504.0833333,-0.14470195872026637,0.019047619,9.543060317,0.0,Mar,2,2,3,8,Returning_Visitor,0,0
0,0.0,0,0.0,39,905.6,-0.12976540479429688,0.021245421,0.0,0.0,May,3,2,1,3,Returning_Visitor,0,0
0,0.0,0,0.0,23,1434.908333,0.0,0.030952381,0.0,-0.5573220431588749,Dec,1,1,1,2,Returning_Visitor,0,0
0,692.9005076827555,0,0.0,5,8210.237944963324,0.0,0.04,0.0,0.0,Nov,2,2,1,8,New_Visitor,0,0
0,0.0,0,0.0,-102,1131.8,0.024,0.033142857,69.19673873772815,0.0,June,1,1,4,1,Returning_Visitor,1,0
1,67.4,0,-460.2399185494783,18,297.5,0.19198905939703848,0.040350877,0.0,0.0,Oct,2,2,3,4,Returning_Visitor,0,0
0,0.0,0,0.0,2,0.0,0.2,0.2,0.0,0.0,Mar,2,2,6,1,Returning_Visitor,0,0
0,0.0,0,0.0,62,3299.525,0.0,0.009539422,5.1680996,0.0,Nov,2,2,1,2,Returning_Visitor,0,1
5,64.9,0,0.0,21,1922.15,0.0,-0.1272882036910225,60.62885042,0.7036906255446144,Nov,3,2,1,2,New_Visitor,0,1
1,777.4778989828844,0,581.2841912921328,11,332.5,0.0,-0.11426659293701485,0.0,0.2,May,2,2,2,2,Returning_Visitor,0,0
2,687.0742527565808,25,0.0,44,1157.97619,0.0,0.013953488,-65.4112185334426,0.0,Nov,2,2,1,10,Returning_Visitor,0,0
13,0.0,0,0.0,15,372.0833333,0.0,0.04,0.0,0.0,Nov,2,2,1,2,New_Visitor,1,0
0,0.0,0,0.0,57,1234.5,-0.16971129323866063,0.020689655,-68.26376327474883,0.0,Nov,2,7,2,2,Returning_Visitor,1,0
0,0.0,0,0.0,1,7693.303888141118,0.2,0.2,0.0,0.0,Oct,1,1,1,1,New_Visitor,1,0
0,0.0,0,0.0,10,466.75,0.0,0.028571429,0.0,0.0,May,3,2,1,4,Returning_Visitor,1,0
2,94.0,0,0.0,5,8220.609858481526,0.0,0.033333333,0.0,0.0,Mar,3,3,1,10,Returning_Visitor,0,0
0,0.0,0,-491.1551977547587,32,8048.144455931734,0.014583333,0.039583333,-59.274920867277366,0.0,Mar,2,2,3,1,Returning_Visitor,0,0
0,0.0,0,0.0,-122,205.5,0.0,-0.13861216455310754,0.0,0.0,Nov,8,1,1,3,Returning_Visitor,0,0
0,-570.8220559300279,25,0.0,9,7966.700033771179,0.066666667,0.122222222,0.0,0.8,May,3,2,1,13,Returning_Visitor,0,0
10,175.3333333,0,0.0,88,2638.244429,0.004395604,0.022464739,8.27583441,0.0,Nov,1,1,8,10,Returning_Visitor,1,0
-10,0.0,0,532.7794183208348,9,427.0,0.0,0.025,-60.11754217982636,0.0,Dec,1,1,1,2,New_Visitor,1,1
13,694.3452225367303,2,576.2578926022824,165,10338.67177,0.18341025146513085,0.017657266,22.97507587,0.0,June,2,2,1,4,Returning_Visitor,0,0
0,0.0,0,0.0,4,352.0,-0.14323590760436475,0.15,0.0,0.8,May,2,2,1,13,Returning_Visitor,0,0
0,0.0,0,0.0,4,57.66666667,0.19164380750761054,0.025,0.0,0.865728108202935,Nov,3,2,1,2,Returning_Visitor,0,0
0,734.2839029964923,0,0.0,16,1061.0,0.0,0.19896668849906057,0.0,0.6,May,2,4,1,3,Returning_Visitor,0,0
-7,102.0,0,0.0,11,501.5,0.0,0.007142857,0.0,0.0,Nov,4,1,1,8,New_Visitor,0,0
1,63.0,0,0.0,9,265.25,0.0,0.004,0.0,0.0,May,1,1,4,2,Returning_Visitor,1,0
0,0.0,0,0.0,11,316.6666667,0.0,0.027272727,0.0,0.8,Feb,2,2,2,1,Returning_Visitor,0,0
15,304.5833333,0,0.0,33,761.2233333,0.1816517148220785,0.020793651,0.0,0.0,Oct,3,2,1,3,Returning_Visitor,1,0
0,0.0,0,0.0,6,-4959.41342740183,0.0,0.016666667,0.0,0.0,Nov,2,2,7,13,Returning_Visitor,0,0
0,0.0,0,0.0,1,0.0,0.2,0.2,0.0,0.0,June,2,4,3,4,New_Visitor,0,0
8,287.7,0,0.0,20,8186.505247165305,0.0,0.012121212,0.0,0.0,Oct,2,2,9,20,New_Visitor,0,0
-7,246.5,0,0.0,74,2326.666667,0.0,0.002597403,5.015272727,0.0,May,2,4,3,2,New_Visitor,0,0
5,105.5,0,0.0,-129,1403.541667,0.0,0.00125,0.0,0.0,Dec,8,13,9,20,Other,0,0
3,72.4,0,0.0,3,-6115.197354779284,0.17903121363227495,0.033333333,0.0,-0.6868649076135206,June,1,1,7,3,Returning_Visitor,1,1
15,382.3466667,2,21.6,32,1718.387778,0.004761905,0.01038961,-58.2773025883093,-0.644680830315517,Aug,3,2,1,2,Returning_Visitor,1,0
0,0.0,0,0.0,11,142.1666667,0.02,-0.12486493936243082,0.0,0.840701264723529,May,2,2,9,4,Returning_Visitor,1,0
15,0.0,25,0.0,1,0.0,0.2,-0.13078276766501232,0.0,0.8395944627738829,May,2,2,6,4,Returning_Visitor,0,0
1,56.4,1,14.2,24,1183.826667,0.0,0.005128205,0.0,0.0,Jul,2,2,8,2,New_Visitor,1,0
0,0.0,25,0.0,5,43.5,0.14,0.18,0.0,0.0,Nov,3,3,1,3,Returning_Visitor,0,0
7,154.0,3,508.6810803839999,34,886.4791667,0.0,0.005128205,77.801588,0.0,Dec,2,2,1,2,New_Visitor,0,1
0,0.0,0,0.0,165,164.0,0.0,0.2108665247813073,0.0,0.0,May,3,2,1,3,Returning_Visitor,0,0
1,30.2,2,30.7,25,348.0611111,-0.13545409390282392,0.03037037,0.0,0.0,Oct,3,2,7,1,Returning_Visitor,0,0
5,256.1,2,99.7,4,417.4,0.0,0.01,0.0,0.0,Sep,1,1,6,2,New_Visitor,0,0
7,761.4156504201505,25,0.0,67,1553.696667,0.008571429,0.019047619,0.68291229,0.0,June,2,2,2,13,Returning_Visitor,0,0
1,658.706413477951,0,0.0,44,630.3166667,-0.16497971348147492,0.044223485,0.0,0.0,May,2,2,6,3,Returning_Visitor,0,0
0,0.0,0,0.0,5,134.0,0.20617459048997747,0.026666667,-59.18181472719671,0.0,May,1,2,2,2,Returning_Visitor,1,0
0,0.0,0,0.0,6,34.33333333,0.033333333,0.05,0.0,0.6,May,2,2,2,3,Returning_Visitor,0,0
4,34.4,25,0.0,12,8155.134338656442,0.0,0.014285714,0.0,0.0,Sep,2,10,4,4,New_Visitor,0,0
-9,0.0,0,0.0,1,0.0,0.2,0.2,0.0,0.0,Nov,4,1,1,3,New_Visitor,0,0
0,0.0,0,0.0,11,272.0,0.0,0.016666667,0.0,-0.694469461550383,May,2,2,4,4,Returning_Visitor,0,0
15,112.0,0,0.0,-100,198.8333333,0.0,0.006060606,62.9173732142283,0.0,Mar,3,2,3,2,New_Visitor,1,0
0,0.0,0,0.0,10,174.0833333,0.06,0.07,0.0,0.0,Nov,2,2,9,1,Returning_Visitor,1,0
0,0.0,0,0.0,200,1653.6,0.016666667,0.027777778,0.0,0.0,Jul,3,2,4,3,Returning_Visitor,0,0
1,32.0,0,0.0,50,2867.0,0.0,-0.1128765920471213,-50.964193514846286,0.0,Mar,2,2,7,8,Returning_Visitor,1,1
0,0.0,0,0.0,9,152.0,0.111111111,0.155555556,0.0,0.0,Jul,2,2,7,1,Returning_Visitor,1,0
7,-603.3198683619215,0,0.0,72,1933.559259,0.005333333,0.026377261,7.806338478,0.0,Sep,2,2,6,2,Returning_Visitor,0,0
4,51.2,0,576.834651837473,11,1297.25,0.014285714,0.054761905,18.65904914,0.0,Oct,2,2,2,4,Returning_Visitor,0,0
12,0.0,0,0.0,1,7832.191162252215,0.2,-0.11448739272085048,0.0,0.0,May,3,2,3,13,Returning_Visitor,0,0
0,0.0,25,-403.1168212505804,3,135.0,-0.1258101645644808,0.2098584656059882,0.0,-0.6185762487890535,Feb,2,4,3,3,Returning_Visitor,0,0
11,268.2,2,71.1,49,1758.25,0.0,0.22759685440273417,0.0,0.0,Sep,2,5,4,1,Returning_Visitor,0,1
-7,20.5,0,0.0,38,-6312.386658913305,0.005128205,0.026495726,7.150073241,0.0,Nov,2,2,6,13,Returning_Visitor,0,0
0,0.0,0,0.0,41,4006.352857,-0.16830330514853115,0.014634146,48.99526482,0.0,Aug,2,2,7,2,Returning_Visitor,0,1
10,1222.4,0,0.0,26,2988.883333,0.0,0.002903226,0.0,0.0,Sep,2,2,1,2,Returning_Visitor,0,0
0,0.0,0,0.0,7,87.71428571,0.042857143,0.089285714,0.0,0.0,Mar,3,2,1,3,Returning_Visitor,0,0
21,795.8640096284614,3,84.8,170,3888.278636,0.0,0.004514952,0.0,0.0,Nov,2,2,7,2,Returning_Visitor,0,0
1,76.0,0,-492.0145434770914,19,1263.333333,0.011764706,0.023529412,60.34235294,0.6,May,2,2,1,3,Returning_Visitor,0,1
15,0.0,0,0.0,12,402.1666667,0.19252693070059756,0.065,0.0,-0.5556507966803487,Mar,3,2,2,1,Returning_Visitor,0,0
3,38.16666667,0,0.0,165,77.66666667,0.0,-0.13683810532406646,-55.95306926801887,0.0,May,1,1,5,3,Returning_Visitor,0,0
5,783.1874979023664,0,0.0,75,3275.113333,0.0,0.009824561,29.61151281,0.0,Aug,4,1,1,3,Returning_Visitor,0,1
2,48.5,0,0.0,77,1069.97381,0.002531646,0.012466437,0.0,0.0,Dec,2,2,3,2,Returning_Visitor,0,0
0,786.953980155279,25,0.0,14,1049.05,0.0,0.016666667,0.0,0.0,Nov,3,2,1,20,Returning_Visitor,0,0
0,0.0,25,55.0,9,936.8333333,0.0,0.022222222,53.25533333,0.0,Mar,1,1,1,2,Returning_Visitor,1,1
2,-499.5248490227134,2,96.7,32,833.325,0.024509804,-0.13136879176993257,0.0,-0.7328352511242794,Jul,3,2,4,1,Returning_Visitor,0,1
0,0.0,0,0.0,26,664.85,0.026923077,0.066666667,0.0,0.0,Dec,2,10,7,1,Returning_Visitor,1,0
12,16.0,0,0.0,63,3908.754762,0.0,0.001587302,1.298232174,0.0,Aug,4,1,6,4,Returning_Visitor,0,0
4,61.0,0,464.21056191978806,19,607.0,0.0,0.026984127,17.53595893,1.0,Feb,1,1,7,4,Returning_Visitor,1,1
-9,0.0,0,0.0,3,159.5,0.0,0.066666667,0.0,0.0,Nov,2,4,1,3,Returning_Visitor,0,0
0,0.0,0,0.0,2,76.0,0.20529123751817457,0.2143372308112578,0.0,0.6,Feb,3,2,3,3,Returning_Visitor,0,0
1,3.0,0,-459.27550044253474,3,-4943.435951552331,0.0,0.025,0.0,0.0,Mar,3,2,1,3,Returning_Visitor,1,0
-8,0.0,0,0.0,176,-5549.494447888258,0.0,0.004761905,0.0,0.0,Dec,2,2,5,2,New_Visitor,0,0
0,0.0,0,0.0,36,1287.958333,0.034259259,0.073333333,0.0,0.0,Dec,2,2,1,3,Returning_Visitor,0,0
0,0.0,0,0.0,128,2787.692619,0.003125,0.014175592,68.49303972753684,-0.5809976767509686,Jul,2,4,4,1,Returning_Visitor,0,0
1,45.4,0,0.0,7,352.7,0.0,0.19739203351392018,0.0,0.0,Oct,1,1,3,4,Returning_Visitor,0,0
4,99.125,0,0.0,38,7952.744522690667,0.0,0.0175,-65.97194099422907,0.0,Nov,4,1,7,3,Returning_Visitor,0,0
0,0.0,4,-418.76390175863753,38,2533.008333,0.0,0.026190476,0.0,0.0,Dec,2,4,4,2,Returning_Visitor,0,0
0,0.0,0,0.0,4,48.5,0.05,0.1,0.0,0.0,Dec,2,2,9,2,New_Visitor,0,0
5,-557.8416869122418,4,246.0,17,427.0833333,0.0,0.008695652,63.640196450561646,0.0,Mar,1,1,3,2,New_Visitor,0,0
-10,0.0,0,0.0,11,281.9,0.02,0.04,0.0,0.0,Dec,1,8,1,6,Returning_Visitor,0,0
4,11.0,0,0.0,-124,2149.190195,0.02705314,0.048201119,0.0,0.0,Aug,1,1,1,3,Returning_Visitor,0,0
1,4.0,0,0.0,37,8381.90978286933,0.0,0.020175439,0.0,0.0,Mar,2,2,6,10,Returning_Visitor,0,0
15,479.25,2,81.0,41,1355.483333,0.0,0.007142857,0.0,0.0,Dec,1,1,3,2,Returning_Visitor,1,0
-9,625.6446821516589,0,-470.18365835951386,175,219.25,0.0,-0.10478298464826515,75.50833257,0.0,Dec,2,2,7,2,Returning_Visitor,0,1
5,147.75,25,0.0,44,670.3,-0.14678026031209837,0.023404255,-56.147605566440156,-0.5843983968747305,May,2,2,4,3,Returning_Visitor,0,0
0,0.0,25,0.0,14,7777.041392407102,0.0,0.023809524,0.0,0.0,Dec,1,1,1,2,Returning_Visitor,1,0
-9,54.4,25,0.0,6,270.9,0.0,0.014285714,0.0,0.0,Oct,1,1,7,3,New_Visitor,0,0
0,0.0,0,0.0,1,-5100.607450182493,0.2,0.2,0.0,0.0,Mar,3,2,3,1,Returning_Visitor,0,0
2,31.0,0,0.0,167,-6283.848523474419,0.016853933,-0.14416371271113734,25.74700712,0.0,Nov,3,2,1,2,Returning_Visitor,0,1
7,135.5,2,30.0,129,4115.978571,0.001470588,0.011288515,2.273598775,-0.5500769897882006,May,2,2,1,2,Returning_Visitor,1,0
0,0.0,3,34.0,18,271.1666667,0.0,0.21337728597353545,0.0,0.0,Nov,2,4,9,2,New_Visitor,0,0
3,87.0,0,0.0,10,320.5,0.0,0.015384615,0.0,-0.7421845873605458,Feb,1,1,2,3,Returning_Visitor,0,0
0,0.0,0,0.0,13,265.1666667,0.0,0.046153846,0.0,0.0,Mar,2,2,4,2,Returning_Visitor,0,0
0,0.0,0,0.0,17,308.25,0.023529412,0.064705882,0.0,0.0,Nov,2,2,1,13,Returning_Visitor,0,0
0,0.0,0,0.0,11,210.0,0.009090909,0.024242424,0.0,0.0,May,2,2,8,2,Returning_Visitor,0,0
8,29.5,0,0.0,89,6770.274267,0.006315789,0.030125313,0.0,0.0,Mar,2,2,3,1,Returning_Visitor,0,0
2,29.0,0,-413.5209207046943,61,1617.519048,0.013978495,0.030295699,0.0,0.0,Nov,3,2,8,2,Returning_Visitor,1,0
14,33.0,0,0.0,163,20.0,0.0,0.04,0.0,-0.6914895995603113,Nov,2,2,6,2,Returning_Visitor,0,0
3,135.5,0,525.9881027144118,30,2040.166667,0.0,0.022727273,4.350513745,0.0,Dec,2,2,8,2,Returning_Visitor,0,1
0,0.0,0,0.0,6,8380.313738917434,0.016666667,0.05,0.0,-0.5955050412783942,Jul,2,4,1,1,Returning_Visitor,0,0
12,698.9511828230703,0,0.0,4,85.0,0.0,0.075,0.0,0.6,May,2,2,3,4,Returning_Visitor,0,0
13,210.427451,9,435.45,154,6515.45431,0.00867052,0.017328726,71.3943908781189,0.7657528475064282,Nov,3,2,1,2,Returning_Visitor,0,1
0,0.0,0,0.0,172,-6295.793641541378,0.0,0.011764706,62.76294758,0.0,Nov,2,2,1,2,New_Visitor,0,1
0,0.0,0,0.0,1,0.0,-0.1517110949207567,0.2,0.0,0.0,Nov,3,2,1,1,Returning_Visitor,0,0
0,0.0,0,-407.20614307956714,2,70.0,0.0,0.1,0.0,0.0,May,1,1,1,4,Returning_Visitor,1,0
0,-474.5654983740282,0,0.0,5,56.0,0.0,0.08,62.67734936163733,0.0,Mar,2,2,1,1,Returning_Visitor,0,0
8,-517.5434009254254,6,241.5,172,1998.444081,0.009090909,0.01644733,2.842307011,0.0,Mar,3,2,1,2,Returning_Visitor,1,0
0,-479.65157214043586,0,0.0,1,0.0,-0.13237037005840854,0.2,0.0,0.0,Dec,2,2,2,1,Returning_Visitor,0,0
4,-550.5926635042609,1,-520.2610026350851,17,819.0,-0.13190291782166974,0.005,0.0,-0.6968546613715817,May,2,2,2,1,Returning_Visitor,0,0
0,0.0,0,0.0,63,3301.222222,-0.17265108013248182,0.03016129,0.0,0.0,Nov,2,1,3,1,Returning_Visitor,1,0
0,0.0,0,0.0,1,0.0,0.2,0.2,0.0,0.0,Feb,4,1,9,3,Returning_Visitor,0,0
5,686.3936533312587,0,0.0,25,8551.97753721953,0.0125,0.01875,66.37151952592819,0.0,Nov,1,1,6,4,Returning_Visitor,0,0
1,-618.0077680572697,0,0.0,29,664.75,0.0,0.005057471,0.0,-0.6563222010415347,Mar,3,2,1,2,Returning_Visitor,0,0
-8,86.5,1,2.0,39,1050.708333,0.021162791,0.018042396,13.40298256,0.0,May,3,2,6,3,Returning_Visitor,0,1
0,-494.61106083407105,0,0.0,13,238.1666667,0.0,0.007692308,0.0,0.0,Mar,2,2,6,2,Returning_Visitor,0,0
7,135.6666667,2,190.4166667,132,7356.402381,0.004512276,0.23527667971427682,9.193989222,0.0,Dec,4,1,4,10,Returning_Visitor,0,0
0,-481.86759911909155,25,-443.9962888355342,-130,132.0,0.011111111,0.033333333,0.0,0.0,Mar,4,1,1,3,Returning_Visitor,1,0
0,0.0,0,0.0,1,0.0,0.2,0.2,0.0,0.0,June,3,2,1,4,Returning_Visitor,0,0
0,0.0,0,0.0,14,7121.871223841287,0.0,0.221409267073801,0.0,0.0,Nov,2,2,1,2,New_Visitor,1,0
4,67.5,0,480.8546171362126,-135,475.65,0.014285714,0.042857143,0.0,0.7109174114101252,Nov,1,1,3,3,Returning_Visitor,0,0
-9,-480.2676849209589,3,52.0,4,48.0,0.057142857,0.057142857,0.0,0.0,Jul,1,1,1,4,Returning_Visitor,1,0
7,157.5,1,23.0,42,3503.025,0.005142857,0.018193939,21.76475048,0.0,May,2,2,1,2,Returning_Visitor,0,0
1,-472.1812547123551,5,464.875,19,660.8039683,0.002173913,-0.1219287094635024,0.0,0.0,Nov,3,2,2,3,Returning_Visitor,1,0
11,377.8333333,0,0.0,40,1337.842794,0.008695652,-0.15032756918817872,0.0,0.0,Mar,3,2,3,3,Returning_Visitor,1,0
1,699.3615606082985,0,0.0,11,224.0,0.016666667,0.022222222,47.65566667,0.0,May,2,5,1,4,Returning_Visitor,0,1
0,0.0,0,550.587160179772,23,798.3,0.026086957,-0.12146024949145022,0.0,0.0,Aug,2,2,5,1,Returning_Visitor,0,0
0,-495.9186790765683,0,-463.1209686538672,17,1040.1,0.0,0.013333333,128.8278691,0.0,Dec,2,2,5,2,New_Visitor,0,1
0,0.0,0,0.0,104,3528.060714,0.006213018,0.035602227,0.0,0.0,Jul,2,2,1,1,Returning_Visitor,0,0
15,0.0,0,568.9965683678339,192,101.0,0.028571429,0.2146933910878164,-52.60085118310002,0.8153338835959014,Mar,2,5,1,3,Returning_Visitor,0,0
3,555.5,25,0.0,58,2034.261905,0.00862069,0.035172414,0.0,0.8072457485772525,Nov,2,2,1,1,Returning_Visitor,0,1
4,158.3333333,25,9.0,9,634.2,0.005555556,0.008095238,-57.41893312758241,0.7192984989229054,Mar,3,2,1,1,Returning_Visitor,1,0
5,29.0,0,0.0,8,233.5,0.0,0.027777778,0.0,0.0,Dec,2,2,4,2,Returning_Visitor,0,0
15,7.0,25,0.0,21,467.952381,0.047619048,0.068253968,-55.90788899413025,0.0,May,2,5,1,3,Returning_Visitor,0,0
1,18.2,0,0.0,6,32.2,0.085714286,0.10952381,0.0,0.0,June,1,1,1,3,Returning_Visitor,0,0
0,0.0,0,0.0,1,0.0,0.2,0.2,0.0,0.6,May,1,2,3,2,Returning_Visitor,0,0
0,0.0,0,0.0,200,7650.970248471655,0.17466753584406963,0.2,0.0,0.0,Mar,2,2,3,3,Returning_Visitor,1,0
0,-599.2065679348169,0,537.4467725433817,7,232.6666667,0.0,0.014285714,0.0,0.0,Mar,2,2,6,2,Returning_Visitor,0,0
6,210.5,25,0.0,26,549.55,0.017241379,0.032758621,0.0,0.0,May,3,2,1,11,Returning_Visitor,1,0
0,0.0,0,0.0,64,1558.361111,0.0046875,0.021875,0.0,0.0,Nov,2,4,3,2,Returning_Visitor,0,1
0,0.0,25,0.0,191,927.45,0.011111111,-0.1311225517319635,8.000740741,0.0,Mar,1,1,3,1,Returning_Visitor,0,0
2,17.0,25,503.82384346369406,11,440.0,0.0,0.018181818,54.53454545,0.0,May,2,4,8,4,New_Visitor,0,1
0,0.0,0,0.0,-123,286.0,0.011111111,0.061111111,0.0,0.8,May,2,2,9,3,Returning_Visitor,0,0
5,62.0,0,-490.225807454722,40,7017.806672064531,-0.1385321845967573,0.028888889,0.0,0.6,May,2,2,7,2,Returning_Visitor,0,0
1,14.0,0,0.0,13,909.5,0.0,0.23372274467826784,0.0,0.0,Mar,1,1,1,10,Returning_Visitor,0,0
3,49.75,0,0.0,20,7391.083055757021,0.21283743640585684,0.011688312,15.06586317,-0.600831784997967,Nov,3,2,5,2,Returning_Visitor,0,1
-7,751.8368952276206,25,0.0,26,1115.4,0.061494253,-0.11971633081151067,0.0,0.0,Aug,3,2,6,13,Returning_Visitor,1,0
15,0.0,25,-518.9487840150267,1,0.0,0.2,0.2,70.96330638809371,0.0,Nov,2,4,3,3,Returning_Visitor,0,0
0,0.0,0,0.0,33,1035.083333,0.012121212,0.032323232,78.1984816209189,0.0,Nov,2,10,1,3,Returning_Visitor,0,0
-10,0.0,0,0.0,3,54.5,0.0,0.066666667,0.0,0.7504513940952862,May,2,4,3,2,Returning_Visitor,0,0
5,159.0,0,0.0,17,438.4333333,0.003030303,0.027272727,0.0,0.0,Mar,1,1,3,3,Returning_Visitor,0,0
0,687.8340077175211,2,544.5341573556146,27,723.7666667,0.011494253,0.016387521,0.0,0.0,Nov,1,1,1,2,Returning_Visitor,1,0
7,234.4333333,0,0.0,85,6743.39876,0.013768116,0.033907028,0.0,0.0,Oct,2,2,8,13,Returning_Visitor,0,0
1,0.0,25,6.0,9,195.1666667,-0.15568017827890596,0.066666667,0.0,0.0,June,4,2,3,4,Returning_Visitor,0,0
1,0.0,0,0.0,4,94.75,0.0,0.053333333,0.0,0.0,Dec,3,2,1,20,Returning_Visitor,0,0
0,0.0,0,0.0,3,60.0,-0.16984942083012,0.066666667,0.0,0.0,May,2,2,7,2,Returning_Visitor,1,0
6,104.5,25,574.8528056760214,11,8724.898055548898,0.0,0.013333333,0.0,0.7079034448753068,Dec,4,1,4,8,New_Visitor,0,0
2,88.0,0,0.0,16,1106.333333,0.025,0.053125,0.0,0.0,Mar,1,1,3,3,Returning_Visitor,0,0
0,0.0,0,-427.53238856491015,13,218.6666667,0.107692308,0.111538462,-61.10819407578615,0.0,Jul,2,2,1,1,Returning_Visitor,0,0
0,0.0,1,97.0,143,8060.963948,0.002923977,0.020798504,0.0,0.0,Nov,2,2,7,2,Returning_Visitor,0,0
0,623.7796325579052,0,0.0,7,244.25,0.0,-0.10744656691980378,0.0,0.0,Dec,2,2,1,13,Returning_Visitor,0,0
0,0.0,0,0.0,29,1073.295779,0.013793103,0.017471264,62.283658925637496,0.0,Dec,1,1,1,3,Returning_Visitor,1,0
9,175.9333333,0,0.0,28,717.2190476,0.17896506831374834,0.017058824,0.0,1.0,May,2,2,5,4,Returning_Visitor,1,0
0,-476.49768747512815,0,0.0,-130,1004.5,0.0,0.05,-52.10474419452392,0.0,Dec,1,1,4,1,Returning_Visitor,0,1
14,0.0,0,0.0,16,973.5,0.025,0.045833333,0.0,0.0,May,2,2,1,1,Returning_Visitor,0,0
1,18.1,2,72.5,9,136.2833333,0.018181818,-0.1070811660452024,0.0,0.7838334521314624,June,2,2,2,2,New_Visitor,0,0
-8,732.585330075846,25,0.0,2,17.0,0.0,0.1,0.0,-0.5716624363057716,Dec,2,2,1,10,Returning_Visitor,0,0
0,0.0,0,0.0,2,40.5,0.0,0.1,0.0,0.0,Dec,1,1,3,3,Other,0,0
0,0.0,0,0.0,-143,0.0,0.2,0.2,0.0,0.0,May,3,2,7,3,Returning_Visitor,0,0
4,120.7,0,0.0,5,74.4,0.0,0.022222222,0.0,0.0,Oct,2,2,4,5,New_Visitor,0,0
-7,30.25,2,0.0,20,543.9583333,0.00952381,-0.11767377011717706,0.0,0.0,Dec,3,2,1,2,Returning_Visitor,0,0
2,256.0,25,-416.54699461253637,14,574.5,0.0,-0.1375090253467359,0.0,0.0,May,3,3,8,11,New_Visitor,0,0
0,0.0,0,0.0,5,199.5,0.0,0.01,0.0,0.0,Nov,4,2,1,3,Returning_Visitor,0,0
1,68.5,0,0.0,11,372.8166667,0.0,0.036363636,74.035106691224,0.0,Dec,1,1,1,2,Returning_Visitor,0,1
0,0.0,25,0.0,171,379.0833333,0.0,0.19315784681174678,0.0,0.0,Dec,3,12,1,1,Returning_Visitor,1,0
0,0.0,0,0.0,3,24.0,0.0,0.066666667,0.0,0.0,Sep,2,2,3,3,Returning_Visitor,0,0
12,263.46,7,145.0,71,1683.744444,0.004878049,0.016666667,42.14163315,0.0,Oct,2,10,1,4,Returning_Visitor,0,0
14,10.0,25,47.66666667,34,944.297619,0.0,0.0125,0.0,0.8630498829396539,May,2,2,3,6,Returning_Visitor,0,0
5,136.0,1,13.0,85,2155.653752,0.2157788286980885,0.19480842702890033,67.45907165516579,0.0,Nov,1,1,1,2,Returning_Visitor,1,1
12,12.0,0,514.8723347044045,18,691.5,0.0,0.005,0.0,0.0,May,2,4,4,2,Returning_Visitor,0,0
3,99.75,0,0.0,31,835.5833333,0.0,0.006451613,47.44850792,0.0,Nov,2,2,1,10,Returning_Visitor,0,1
0,0.0,0,0.0,-135,199.25,0.0,0.033333333,0.0,0.0,Dec,2,4,1,3,Other,0,0
0,0.0,0,0.0,4,113.5,0.026666667,0.046666667,0.0,0.8,May,2,2,2,4,Returning_Visitor,0,0
0,0.0,0,0.0,8,188.0,0.05,0.0875,0.0,0.0,Dec,1,1,2,1,Returning_Visitor,0,0
4,75.0,0,0.0,7,185.0,0.0,0.009090909,-55.690271398132,0.4,May,2,2,4,6,New_Visitor,0,0
6,171.5,3,178.5,26,1565.958333,0.005882353,0.017647059,8.045767732,0.0,Nov,2,2,4,2,Returning_Visitor,0,1
0,782.3756697678051,0,0.0,3,258.5,0.0,0.033333333,-60.61542432421292,0.0,May,1,1,4,2,Returning_Visitor,1,0
15,0.0,0,-403.11642492815236,5,236.0,0.0,0.04,0.0,-0.6302791362570319,Mar,1,1,6,1,Returning_Visitor,0,0
0,0.0,25,-445.95466670075473,24,654.0666667,0.0,0.19768223347841637,0.0,0.8,May,3,2,1,2,Returning_Visitor,0,0
-9,215.0,0,528.7309356688766,-111,1481.429167,0.001851852,0.012345679,56.31760103,0.0,Nov,1,8,1,11,Returning_Visitor,1,1
0,0.0,0,0.0,6,110.0,0.011111111,0.058333333,0.0,0.0,May,2,2,4,2,Returning_Visitor,0,0
5,72.5,0,469.796477522367,31,649.3071429,0.0,0.001041667,35.10378279,0.0,Mar,2,7,2,2,Returning_Visitor,1,1
2,46.5,1,64.5,91,3309.448776,0.013285024,0.020476218,0.0,0.0,Nov,3,2,1,13,Returning_Visitor,1,1
0,0.0,0,-443.3220694060055,22,-5379.028086443369,0.00952381,0.025396825,14.63523974,-0.6476039513269591,Nov,1,1,1,3,Returning_Visitor,1,1
12,0.0,0,0.0,9,177.3333333,0.066666667,0.088888889,0.0,1.0,May,3,2,4,1,Returning_Visitor,1,0
4,34.93333333,0,0.0,2,7647.346767045958,0.0,0.028571429,0.0,0.0,Oct,2,2,4,2,New_Visitor,0,0
3,22.83333333,0,0.0,115,2625.009524,0.0,0.004013317,0.0,0.0,Mar,2,5,6,1,Returning_Visitor,0,0
14,19.0,25,0.0,-143,-5257.306015775164,0.21266536770461378,0.0225,0.0,0.7702057621710651,Mar,4,1,2,3,Returning_Visitor,1,0
3,23.16666667,25,0.0,-113,122.225,0.0,0.014285714,0.0,0.0,Dec,2,2,9,2,New_Visitor,1,0
0,0.0,0,0.0,5,-4628.974068760415,0.0,0.08,0.0,0.6,May,2,2,1,3,Returning_Visitor,0,0
0,0.0,5,663.9166667,47,2059.7,0.005769231,0.033243423,0.0,0.6849977872927009,Dec,3,2,3,6,Returning_Visitor,0,0
0,0.0,0,0.0,93,7771.687787858677,0.010989011,0.031501832,0.0,0.0,Mar,2,4,8,1,Returning_Visitor,0,0
-8,390.0,0,0.0,10,1169.1,0.02,0.05,0.0,0.0,Mar,3,9,9,2,Returning_Visitor,0,0
0,0.0,0,484.63715758250794,-128,152.6,0.044444444,0.096296296,0.0,0.0,June,2,2,1,3,Returning_Visitor,0,0
0,0.0,0,0.0,1,0.0,0.2,0.2,0.0,0.0,Dec,1,13,9,20,Returning_Visitor,0,0
1,-614.6171933609077,0,0.0,41,1119.541667,0.18677754468846336,0.035656214,0.0,0.0,Nov,3,2,1,2,Returning_Visitor,0,0
0,0.0,25,0.0,7,300.5,0.085714286,0.114285714,0.0,0.0,Nov,2,2,1,13,Returning_Visitor,0,0
2,15.0,0,0.0,1,7063.574038386776,0.0,0.066666667,0.0,0.0,Nov,2,4,1,2,Returning_Visitor,0,0
0,0.0,0,0.0,-128,52.0,0.0,-0.10976317740187694,0.0,0.0,Mar,2,2,1,2,Returning_Visitor,0,0
0,0.0,25,-449.65990824509197,22,892.0,0.0,0.00952381,10.51809524,0.0,May,2,2,7,4,Returning_Visitor,1,1
0,0.0,0,0.0,62,2787.678571,0.003225806,0.015591398,75.16687262114552,0.0,Nov,4,2,1,1,Returning_Visitor,1,0
0,0.0,0,0.0,196,18.0,0.0,0.1,0.0,0.0,Nov,2,2,2,6,Returning_Visitor,1,0
6,197.25,0,0.0,51,3296.940476,0.0,0.008595388,3.507532249,0.0,Nov,1,1,1,3,Returning_Visitor,1,0
6,287.0,25,0.0,80,5046.056667,0.011084337,0.025771658,62.098405907683535,0.6704319177047712,Oct,2,2,4,3,Returning_Visitor,0,0
5,427.0,2,108.0,36,1564.161905,0.018333333,0.024900794,0.0,0.0,May,3,3,1,2,Returning_Visitor,0,0
4,-558.6780573462465,6,144.0,-112,3174.642793,0.004494382,0.012081072,0.0,0.0,Nov,1,1,1,2,Returning_Visitor,1,0
0,0.0,1,0.0,0,0.0,0.2,0.2,0.0,0.0,Nov,1,1,1,15,Returning_Visitor,0,0
2,95.3,0,-409.114524607088,14,262.587619,0.0125,0.004910714,0.0,0.0,Nov,1,1,4,2,New_Visitor,0,0
0,0.0,25,0.0,3,8.0,0.0,0.1,0.0,0.0,May,2,2,1,3,Returning_Visitor,0,0
5,171.9,4,145.1666667,171,4554.692744,0.002259887,0.004062416,0.0,0.0,Sep,2,2,3,2,Returning_Visitor,0,0
0,0.0,0,0.0,17,600.5,0.0,0.005882353,0.0,0.0,Mar,2,2,7,10,Returning_Visitor,0,0
-7,229.8,0,0.0,41,7136.31409153377,0.0,0.006666667,0.0,0.0,June,2,5,8,2,Returning_Visitor,0,0
0,0.0,0,-464.9599501253015,15,-5421.599979994958,0.0,0.026666667,0.0,0.0,Dec,2,5,6,3,Returning_Visitor,0,0
0,0.0,0,0.0,1,35.25,0.19245906919046887,0.066666667,0.0,0.0,Nov,1,1,3,2,Returning_Visitor,0,0
1,20.0,25,0.0,18,375.5547619,0.0,0.0125,32.3171163,0.0,Nov,2,2,5,3,Returning_Visitor,0,1
0,0.0,25,587.2847790536791,179,431.5,0.05625,0.092083333,0.0,0.2,May,3,2,1,13,Returning_Visitor,0,0
12,0.0,0,0.0,3,-5081.674151377401,0.2,0.2,0.0,-0.5515284703917552,May,2,2,6,3,Returning_Visitor,0,0
5,32.6,0,539.5368256280452,70,939.7833333,0.0,0.002702703,0.0,0.0,Aug,2,4,1,5,New_Visitor,1,1
0,0.0,25,0.0,12,7420.307106535393,-0.14246593095503138,-0.1481180004529064,0.0,0.0,Mar,1,1,4,2,Returning_Visitor,0,0
12,13.73333333,1,2.0,27,407.6833333,0.006666667,0.011555556,0.0,0.0,Jul,2,2,1,4,Returning_Visitor,0,1
4,30.75,0,0.0,47,1477.394841,0.004166667,0.021527778,0.0,0.0,Nov,1,5,1,2,Returning_Visitor,0,0
0,0.0,0,562.6617126839724,24,985.0,0.070833333,0.0875,0.0,0.0,June,3,2,6,13,Returning_Visitor,0,0
0,-501.14245612079316,0,0.0,188,72.0,0.08,-0.11314152759140703,0.0,0.6,May,3,2,1,6,Returning_Visitor,0,0
5,316.5,4,185.5,144,5757.853961,0.17402632525872452,0.014030074,0.0,0.0,Nov,1,1,1,2,Returning_Visitor,0,0
6,67.4,0,0.0,13,217.7611111,0.0125,0.025,0.0,0.0,Oct,2,2,5,7,Returning_Visitor,1,0
0,0.0,0,0.0,7,88.33333333,0.0,0.042857143,-52.85659716925712,0.0,Mar,2,2,1,1,Returning_Visitor,0,0
0,712.2106758166843,0,-503.71607585988426,14,317.0666667,0.035714286,0.05,0.0,0.6864694483295658,Aug,1,1,9,3,Returning_Visitor,0,0
0,0.0,0,0.0,6,63.0,0.0,0.033333333,0.0,0.0,May,2,2,4,4,Returning_Visitor,0,0
0,-524.9516125115989,0,0.0,14,380.5,0.014285714,0.028571429,0.0,0.0,Feb,2,2,1,1,Returning_Visitor,0,0
4,87.0,5,242.75,61,4081.041667,-0.1265010042718757,0.019375,0.0,0.0,Nov,2,5,6,2,Returning_Visitor,1,0
3,33.6,25,0.0,4,109.5,0.0,0.013333333,0.0,0.0,Oct,3,2,1,2,New_Visitor,0,0
1,0.0,0,0.0,20,2270.833333,-0.14524621540503257,-0.11135411648511762,10.23187302,0.0,Mar,2,2,3,6,Returning_Visitor,0,1
-7,0.0,25,0.0,24,854.3333333,0.0,0.008333333,-50.05651228440436,0.0,Mar,4,1,1,10,Returning_Visitor,0,0
0,748.2181635859718,1,17.0,8,549.0,0.022222222,0.044444444,0.0,0.6,May,1,1,6,3,Returning_Visitor,0,0
3,23.0,25,0.0,30,465.4166667,0.0,0.009375,76.09572698678468,0.0,Mar,4,1,4,3,Returning_Visitor,0,0
0,0.0,0,0.0,30,1370.833333,-0.167636911968308,-0.12328488558817588,0.0,0.0,May,3,2,2,4,Returning_Visitor,0,0
0,0.0,0,0.0,2,2.666666667,0.05,0.14,0.0,0.0,Feb,3,2,2,4,Returning_Visitor,0,0
9,227.375,25,-462.2085625785042,48,2849.482143,0.0,0.014853801,63.262745038979176,0.0,Nov,2,2,4,2,Returning_Visitor,0,0
0,0.0,0,0.0,3,38.0,0.066666667,0.066666667,0.0,0.8,May,2,2,4,4,Returning_Visitor,0,0
7,73.9,0,0.0,58,3441.806667,0.0,-0.1408531745023649,0.0,0.0,Oct,2,2,1,2,Returning_Visitor,0,0
9,79.0,1,155.5,55,1743.066667,0.0,0.004371585,-59.404545137252086,0.0,Mar,2,2,6,2,Returning_Visitor,0,0
0,0.0,0,0.0,22,1327.666667,0.0,0.032359307,0.0,0.0,Nov,2,2,1,2,New_Visitor,1,1
0,0.0,0,0.0,5,57.0,0.0,0.04,77.94239365515769,0.6,May,2,2,3,1,Returning_Visitor,0,0
3,16.33333333,0,0.0,172,505.5833333,0.008,0.03,-53.94306403147443,0.0,Mar,4,1,1,2,Returning_Visitor,0,1
4,63.33333333,0,0.0,13,556.6666667,0.0,0.001666667,27.3063666,0.0,Mar,1,1,1,2,Returning_Visitor,0,1
-8,0.0,0,0.0,17,-6215.626402031318,0.0,0.0125,0.0,0.4,May,2,2,3,2,Returning_Visitor,0,0
2,112.25,0,0.0,9,97.41666667,-0.13872452724632736,0.036363636,0.0,0.8058960077498767,Dec,3,2,3,2,New_Visitor,0,0
3,74.0,0,0.0,258,5154.777093,0.002316602,0.22069200081317206,0.0,0.8244856844198623,Dec,2,2,2,1,Returning_Visitor,0,0
0,0.0,25,0.0,41,446.4166667,0.0,0.027509158,0.0,0.0,Nov,2,2,1,2,Returning_Visitor,0,0
14,153.5,0,0.0,196,1002.847222,-0.16129817748363154,0.00952381,41.13433129,0.0,Nov,2,2,4,2,Returning_Visitor,0,0
0,0.0,0,-464.1986655062277,3,57.0,0.2164164437488078,0.066666667,0.0,0.2,May,2,5,1,2,Returning_Visitor,0,0
4,24.16666667,0,-472.04395855918176,56,8320.061930801925,0.0,0.007471264,0.0,0.4,May,2,2,1,4,Returning_Visitor,0,0
13,785.9020068592979,0,0.0,27,1212.809524,0.0,0.020967742,14.89210837,0.0,Mar,2,2,7,2,Returning_Visitor,0,1
3,47.4,0,0.0,21,961.52,0.030434783,0.053623188,0.0,0.0,Aug,3,2,4,4,Returning_Visitor,0,0
1,10.0,25,0.0,182,578.0,0.0,0.011688312,0.0,0.775694622893139,May,1,2,1,1,Returning_Visitor,0,0
0,0.0,0,0.0,10,146.7666667,0.0,0.002272727,73.79649301430176,0.0,May,2,4,1,1,Returning_Visitor,0,0
3,36.0,2,763.0,9,163.5,0.0,0.22440789899027275,0.0,0.0,Dec,8,2,1,2,New_Visitor,0,1
1,644.1346965268316,2,15.0,17,2269.9,0.0,-0.10422303816288864,0.0,-0.6953251836136172,Jul,2,2,3,4,Returning_Visitor,0,1
0,0.0,25,0.0,1,8519.332078655314,0.2,0.2,0.0,0.0,Feb,1,1,1,3,Returning_Visitor,0,0
3,189.0,1,32.0,26,1517.9,0.0,0.007142857,34.34857143,0.0,May,2,2,7,1,New_Visitor,0,1
4,159.0,2,27.75,33,821.6825397,0.000617284,0.019343434,0.0,0.0,Dec,2,2,1,2,Returning_Visitor,0,1
0,0.0,0,0.0,4,0.0,0.2,0.2,-63.29509008538402,0.4,Feb,2,2,1,3,Returning_Visitor,0,0
0,709.8118017477982,0,0.0,17,526.8333333,0.0,0.055882353,0.0,0.0,May,2,2,2,4,Returning_Visitor,1,0
0,0.0,0,0.0,23,752.7619048,0.013043478,0.015217391,0.0,0.0,Dec,1,1,6,3,Returning_Visitor,0,0
3,81.5,0,0.0,3,40.5,0.0,0.04,0.0,0.0,Nov,1,1,1,8,New_Visitor,0,0
3,118.0,0,0.0,32,791.8,0.021621622,0.046846847,1.297677921,0.0,Sep,2,2,1,3,Returning_Visitor,0,0
0,0.0,1,0.0,7,50.0,0.038095238,0.080952381,0.0,0.6,Feb,2,4,1,7,Returning_Visitor,0,0
8,462.0,25,57.0,63,1621.152083,0.19466365971660474,0.1941143684492121,0.0,0.0,May,3,2,5,1,Returning_Visitor,0,0
0,726.6393004712845,0,0.0,7,199.5,0.028571429,0.057142857,56.57877343,0.0,Nov,2,4,1,3,Returning_Visitor,0,1
2,84.0,0,0.0,25,506.7666667,0.017391304,-0.12390584865458276,0.0,0.0,May,3,2,4,3,Returning_Visitor,0,0
0,-531.9829131704411,0,572.1747424907959,7,211.6333333,0.0,0.0,28.80119616,0.0,Aug,1,1,1,5,New_Visitor,0,1
6,146.4166667,0,0.0,61,8192.257148404005,0.009375,0.032135417,0.0,0.0,Dec,2,1,1,2,Returning_Visitor,0,1
0,0.0,0,499.0746429302793,7,93.66666667,0.028571429,0.04,0.0,-0.7154886561914803,Mar,1,1,1,3,Returning_Visitor,0,0
4,148.5,25,118.0,150,4764.429997,0.0,0.005636724,73.92793265856318,0.0,Mar,2,2,5,2,Returning_Visitor,0,0
14,11.0,0,0.0,36,-6412.428945256189,0.0,0.015714286,47.65907425,0.0,June,4,1,2,4,Returning_Visitor,0,0
2,720.2254022310811,1,144.0,67,2563.783333,0.0,0.005797101,19.34265017,0.0,Mar,2,2,4,2,New_Visitor,0,1
0,0.0,0,0.0,4,39.0,0.0,0.05,0.0,0.0,May,2,2,8,3,Returning_Visitor,0,0
1,65.4,0,0.0,37,2097.42,0.003603604,-0.12720955403571393,0.0,0.0,Jul,1,1,5,2,Returning_Visitor,0,0
8,353.7,6,181.95,23,959.9,0.005882353,0.016666667,4.428052445,0.0,Nov,1,1,6,3,Returning_Visitor,1,1
4,111.0,0,0.0,9,7723.060976067017,0.0,0.009090909,0.0,0.0,Dec,1,1,4,2,Returning_Visitor,0,0
11,504.2833333,25,0.0,58,2451.058466,0.1832414186211585,0.022769886,-65.54210661726869,0.0,Dec,3,2,1,1,Returning_Visitor,0,0
0,0.0,0,-464.72115637440317,14,654.875,0.028571429,0.042857143,0.0,0.0,Nov,2,2,1,13,Returning_Visitor,0,0
10,214.6214286,1,114.0,36,673.6380952,0.019379845,0.032443035,0.0,0.0,Nov,1,1,1,2,Returning_Visitor,0,0
0,725.982419225087,0,0.0,3,112.0,0.0,0.033333333,0.0,0.0,Dec,1,1,2,2,Returning_Visitor,0,0
5,131.2,3,27.0,187,7697.63379176854,0.017391304,0.020652174,7.091478261,0.0,May,3,2,3,4,Returning_Visitor,1,1
4,132.0,0,0.0,186,2299.391667,0.003065134,0.013546798,0.0,0.0,May,2,2,2,3,Returning_Visitor,0,0
4,206.3333333,0,461.14981335489256,20,917.35,0.0,-0.11447819467545464,23.83323089,-0.7178288496485088,Mar,4,2,1,2,Returning_Visitor,1,1
14,167.0083333,25,0.0,40,978.0916667,0.001136364,0.016060606,-54.05165140307933,0.0,Dec,3,2,2,2,Returning_Visitor,0,0
0,0.0,0,0.0,-133,0.0,0.2,0.2,0.0,0.7557569153153977,Dec,3,2,6,1,Returning_Visitor,0,0
9,116.5416667,4,208.6666667,57,1813.250382,-0.15702140067889955,0.2237229245151513,30.60955642,0.0,Nov,1,2,1,2,Returning_Visitor,0,1
13,205.7,0,0.0,10,157.1,0.011764706,0.033333333,-60.769415700068556,0.0,Oct,2,6,2,20,Returning_Visitor,1,1
-8,665.2318600063567,5,125.5,99,3881.938907,0.001851852,0.20435439040903136,10.12959599,0.0,Nov,2,2,9,3,Returning_Visitor,0,0
-8,308.0,0,0.0,-116,7259.514569936549,0.003508772,-0.12527975163916064,0.0,0.0,Mar,2,2,4,1,Returning_Visitor,0,0
-7,224.0,25,42.0,132,5098.75498,0.010632603,0.014962157,2.209003373,0.0,Nov,1,2,1,2,Returning_Visitor,0,1
1,33.5,0,0.0,33,880.6333333,0.0,0.22329585605586652,0.0,0.0,Dec,2,2,4,3,Returning_Visitor,0,0
0,-483.17203259576183,0,584.0623325767467,1,0.0,0.2,0.2,0.0,0.0,Dec,3,2,1,2,Returning_Visitor,0,0
0,0.0,0,0.0,12,240.4166667,0.0,-0.1380578417351245,0.0,0.0,Mar,3,2,1,6,Returning_Visitor,0,0
0,748.6619206360177,0,0.0,6,63.5,0.0,0.016666667,0.0,0.4,May,3,2,7,4,Returning_Visitor,0,0
-10,692.4679257994084,0,-428.1843600114852,1,0.0,0.2,0.2,0.0,0.0,May,2,2,9,3,Returning_Visitor,0,0
5,783.2666715808923,0,0.0,85,3731.079365,0.014942529,0.039042146,0.0,1.0,May,2,2,3,6,Returning_Visitor,1,0
-7,0.0,25,0.0,5,0.0,0.2,0.2,-55.98043941385698,0.6,May,3,2,8,13,Returning_Visitor,0,0
0,0.0,0,0.0,5,-4729.815608390137,0.0,0.04,0.0,0.0,Dec,2,2,6,2,Returning_Visitor,1,0
-10,208.8888889,25,134.0,37,7190.954158511022,0.024242424,0.038460744,6.062330164,0.0,Dec,1,1,6,1,Returning_Visitor,0,0
2,27.0,0,-435.7060102046823,18,915.1666667,0.021052632,0.036842105,0.0,0.0,Mar,2,2,4,1,Returning_Visitor,0,0
0,0.0,0,0.0,1,0.0,0.21761628559155083,0.2,0.0,0.0,Jul,3,2,1,4,Returning_Visitor,0,0
0,0.0,0,0.0,10,664.5,0.0,0.04,0.0,0.0,Nov,2,2,8,2,New_Visitor,1,0
0,0.0,0,0.0,12,7364.659883554047,0.18966603316769734,0.018181818,0.0,0.0,May,2,4,8,2,Returning_Visitor,0,0
-7,52.5,0,0.0,139,3674.737578,0.002142857,0.011897444,17.50624004,0.0,Nov,2,2,2,10,Returning_Visitor,0,1
12,103.6,25,27.2,26,2609.0,0.0,0.002380952,-60.56750724264522,0.0,Nov,2,6,1,2,Returning_Visitor,1,1
0,0.0,0,0.0,3,-4566.901860725727,0.1,0.111111111,0.0,0.0,Nov,1,1,1,3,Returning_Visitor,0,0
3,-535.7901579646147,0,534.864090078541,29,1343.946429,-0.13382564063178953,0.034983766,0.0,0.0,Nov,3,2,8,13,Returning_Visitor,1,0
0,0.0,25,0.0,16,340.65,0.060416667,0.063690476,0.0,0.0,Sep,3,2,2,3,Returning_Visitor,1,0
6,93.0,2,23.0,37,783.875,0.003409091,0.031709957,0.0,-0.5611456641351965,Nov,2,2,1,11,Returning_Visitor,1,0
1,790.3731980097482,3,76.0,70,3345.685836,0.002515091,0.007571185,7.204613682,0.0,May,2,10,6,4,Returning_Visitor,0,1
0,0.0,0,0.0,20,593.7019802,-0.1437163665041299,0.005364455,20.82613173,0.0,Nov,2,5,2,5,Returning_Visitor,1,1
9,255.4166667,2,-530.1108206862868,22,612.8194444,0.015018315,0.025760906,22.31126324,0.0,Nov,3,2,4,2,Returning_Visitor,1,1
8,162.5,0,489.8505486604319,9,156.5,0.1900063455026802,-0.12268598305918553,0.0,0.0,Dec,4,1,4,8,New_Visitor,0,0
0,0.0,0,0.0,180,3109.404167,0.009459459,0.042859175,0.0,0.0,Nov,2,2,1,2,Returning_Visitor,0,0
0,794.5316364078233,0,0.0,171,317.5,0.0125,0.031944444,0.0,-0.6164734820728078,May,2,2,5,6,Returning_Visitor,0,0
-9,65.0,0,0.0,13,531.0,0.033333333,0.05,0.0,0.0,May,2,6,3,3,Returning_Visitor,0,0
0,0.0,0,0.0,7,76.0,0.0,0.071428571,0.0,0.0,May,2,2,7,3,Returning_Visitor,0,0
13,96.6,0,0.0,68,2664.416667,-0.16701149299454235,0.21722546794058034,5.150260109,0.0,Sep,4,2,1,5,New_Visitor,1,0
0,0.0,0,0.0,3,62.0,0.1806346096647942,0.125,0.0,0.8,May,3,2,1,13,Returning_Visitor,0,0
16,590.925,0,0.0,-122,2214.230303,0.18479605579081487,0.031076389,1.288569678,0.0,Oct,2,4,8,1,Returning_Visitor,0,0
0,0.0,0,0.0,9,181.3333333,0.02962963,0.055026455,0.0,0.0,Mar,2,2,1,1,Returning_Visitor,0,0
0,0.0,0,0.0,20,1413.768571,0.025,0.038472222,0.0,0.0,June,1,2,3,1,Returning_Visitor,1,0
-8,0.0,25,0.0,20,1055.333333,0.01,0.009285714,0.0,0.0,Nov,3,2,4,13,Returning_Visitor,0,0
0,0.0,1,0.0,43,367.8166667,0.1693517770410037,-0.15004468007588623,0.0,0.0,June,2,4,1,3,Returning_Visitor,0,0
0,0.0,0,0.0,197,1483.333333,0.008333333,0.026388889,72.87722914162501,0.8338762398666525,May,2,4,2,3,Returning_Visitor,0,0
12,0.0,0,507.0391889691473,-105,42.0,0.057142857,0.085714286,0.0,0.0,Dec,2,4,6,1,Returning_Visitor,1,0
2,112.8,0,0.0,27,1555.967143,0.0,0.001724138,44.85638692,-0.7100259256075835,Nov,1,1,4,2,New_Visitor,0,1
0,0.0,0,0.0,12,169.3,0.0,0.016666667,0.0,0.0,Mar,2,2,3,2,Returning_Visitor,1,0
0,0.0,0,0.0,-130,121.5,0.0,0.05,0.0,0.0,Nov,1,1,4,8,Returning_Visitor,0,0
3,23.2,0,467.7622582373029,163,809.4333333,-0.1349062899609283,0.021333333,0.0,0.0,Aug,3,2,1,3,Returning_Visitor,1,0
3,97.8,0,0.0,5,7287.316347706533,0.0,0.025,0.0,-0.7359944595554084,Oct,2,2,9,2,New_Visitor,0,0
0,-479.76437147214983,0,0.0,13,598.5,-0.1686526955638323,0.016666667,0.0,0.0,Nov,2,10,7,2,New_Visitor,0,0
12,796.7383797042874,0,0.0,29,4897.845238,0.0,0.015740741,0.700155006,0.0,Sep,3,2,1,5,Returning_Visitor,1,0
0,0.0,0,0.0,1,0.0,0.2,0.2,0.0,0.0,Mar,2,2,1,1,Returning_Visitor,0,0
1,-570.2384043751823,0,0.0,20,219.5,0.12,0.129761905,0.0,0.8,May,3,2,1,13,Returning_Visitor,0,0
0,0.0,25,0.0,3,17.0,0.0,0.066666667,0.0,0.8614812835789354,May,2,2,9,3,Returning_Visitor,0,0
0,-546.1389713707799,0,0.0,170,2494.8171,0.002777778,0.013842593,0.0,-0.6291966648045507,Nov,1,2,1,11,Returning_Visitor,0,0
15,52.7,0,0.0,88,1568.533333,0.0,0.005128205,0.0,0.0,June,2,5,1,2,Returning_Visitor,1,0
2,64.0,0,0.0,15,565.6666667,0.0,0.00625,-51.77148133814467,0.0,Mar,2,2,1,1,New_Visitor,0,0
1,47.5,25,0.0,123,3944.384921,0.1932838733947805,0.017112135,72.9385617625964,0.0,Nov,2,2,1,2,Returning_Visitor,0,0
0,0.0,0,564.0754725174525,12,412.875,0.0,0.02,0.0,0.0,Dec,3,2,4,1,Returning_Visitor,1,0
4,99.5,0,0.0,16,315.1666667,0.0,0.016666667,12.53314286,0.0,Mar,1,1,6,3,Returning_Visitor,0,1
-10,-548.0196992657966,0,-523.3921582399992,165,112.7083333,0.04,0.23689804542970347,0.0,0.0,Nov,3,2,6,11,New_Visitor,1,0
10,549.0,5,608.45,213,9151.494242,0.003111111,0.013391698,2.568483894,0.0,Oct,2,2,1,2,Returning_Visitor,0,1
0,0.0,0,0.0,79,-6051.206333220901,0.018258179,0.19433578475619623,0.0,0.0,May,3,2,3,3,Returning_Visitor,0,0
8,103.5,0,0.0,64,-6247.842793183609,0.0,0.2227730744983425,7.868950242,0.0,May,2,2,2,14,Returning_Visitor,1,0
2,102.5,3,60.0,22,1034.975,0.0,0.014,16.14384,0.867599983492483,Mar,1,1,4,2,Returning_Visitor,0,1
0,669.1164711999464,25,0.0,26,453.3333333,0.015384615,0.034615385,0.0,-0.6871074492195445,May,2,4,1,4,Returning_Visitor,0,0
14,285.0119048,0,0.0,53,-5513.3503029240355,0.000892857,0.033208874,0.0,0.0,Mar,2,2,3,1,Returning_Visitor,0,0
0,0.0,1,222.0,25,1545.833333,0.21170962467104676,-0.10536394735059709,0.0,0.0,May,2,4,1,2,Returning_Visitor,0,0
-10,0.0,0,0.0,5,77.0,0.0,0.04,0.0,0.0,Mar,2,4,1,3,Returning_Visitor,1,0
13,35.8,0,0.0,27,785.05,0.044047619,0.069642857,0.0,0.0,Jul,2,2,4,13,Returning_Visitor,1,0
12,0.0,2,38.2,39,873.0,0.01,0.02,0.0,0.0,Sep,1,1,1,4,Returning_Visitor,0,0
0,0.0,0,0.0,5,91.0,0.0,0.06,0.0,0.6,May,1,1,1,3,Returning_Visitor,0,0
4,71.5,25,0.0,42,758.75,0.004444444,0.015555556,0.0,0.0,Mar,2,5,2,2,Returning_Visitor,0,0
5,157.5,3,491.74526586477805,9,599.5,0.0,0.020833333,0.0,0.0,Nov,1,1,1,2,New_Visitor,0,0
2,51.0,25,68.75,227,-5238.977294163799,0.007569141,0.014819782,0.0,0.0,Nov,2,2,1,2,Returning_Visitor,0,0
0,0.0,3,121.25,89,3296.602091,0.00326087,0.017287492,0.0,0.0,Dec,1,1,4,2,Returning_Visitor,0,0
3,692.6808525489535,0,0.0,14,241.7692308,0.0,0.020416667,0.0,0.6,May,3,2,3,2,Returning_Visitor,0,0
3,635.5677266445764,0,0.0,43,-6331.494825058155,0.006349206,0.03537415,0.0,0.0,May,2,5,7,3,Returning_Visitor,0,0
2,141.6,0,-443.73976926006713,10,728.18,0.018181818,0.2177023819490073,14.28629744,0.0,Sep,3,2,1,1,Returning_Visitor,1,0
3,57.0,1,163.0,185,7702.787108652705,0.002631579,0.021052632,77.6947988287241,0.0,May,2,10,2,5,Returning_Visitor,1,0
12,641.7982052632101,0,0.0,11,187.0,-0.1702425985257367,0.068181818,0.0,0.0,Mar,2,2,1,1,Returning_Visitor,0,0
2,34.2,25,0.0,32,929.91,0.006060606,0.026262626,0.0,0.0,Aug,1,1,3,3,Returning_Visitor,0,0
-8,0.0,0,0.0,6,59.0,0.0,0.033333333,0.0,0.0,Mar,2,2,1,2,Returning_Visitor,0,0
0,0.0,0,0.0,2,7.0,0.0,0.1,-50.02669145318118,0.0,Mar,2,2,1,1,Returning_Visitor,0,0
0,0.0,0,0.0,48,1053.952381,0.005434783,0.009815547,0.0,0.0,Nov,1,1,1,2,Returning_Visitor,0,0
2,-594.3259557357726,0,0.0,204,343.3690476,0.001298701,0.039924242,0.0,0.0,Mar,3,2,1,1,Returning_Visitor,0,0
0,0.0,0,0.0,-112,193.3333333,0.028571429,0.057142857,0.0,-0.5647081664632154,May,2,4,3,3,Returning_Visitor,0,0
4,49.3,25,0.0,200,283.7,0.2083589406047669,0.036363636,0.0,0.0,June,1,1,3,3,Returning_Visitor,0,0
7,177.25,0,0.0,-130,297.8333333,0.0,-0.1397529157052088,0.0,-0.7389698366074986,Nov,1,2,3,2,New_Visitor,1,0
1,20.2,0,0.0,13,227.6,0.0,0.0,42.29306752,0.0,Jul,2,2,3,3,New_Visitor,0,0
0,0.0,0,0.0,10,108.0,-0.1388521994453601,-0.13131838587398958,0.0,0.2,May,1,8,1,19,Returning_Visitor,0,0
1,751.9989024239604,25,0.0,21,320.9833333,0.0,0.01,-67.34843568097678,0.0,Nov,2,5,1,2,Returning_Visitor,0,0
-8,0.0,0,0.0,3,7580.925138239484,0.066666667,0.1,0.0,-0.6787061986744847,Mar,3,2,3,3,Returning_Visitor,0,0
3,125.0,1,70.0,29,705.4,0.0,0.015625,0.0,0.0,Mar,2,2,1,1,Returning_Visitor,0,0
1,-540.8035125061898,0,0.0,54,-5831.762315645661,0.00754717,0.21930753742239972,0.0,0.2,May,1,1,1,3,Returning_Visitor,0,0
0,0.0,0,-495.2649627094844,108,3279.238428,0.012037037,0.030709877,0.0,0.0,Nov,2,2,7,1,Returning_Visitor,0,0
6,212.0,1,9.0,10,491.0,0.0,0.004444444,0.0,-0.6332275242468911,May,1,1,1,2,Returning_Visitor,0,0
3,16.0,6,137.8333333,15,1605.583333,0.011594203,0.037267081,0.0,0.0,Nov,2,10,1,2,Returning_Visitor,0,1
0,0.0,0,-473.368781521787,3,19.0,0.0,0.066666667,-51.666092647097855,0.0,Mar,2,4,1,1,Returning_Visitor,1,0
2,82.0,25,486.7299954921246,9,587.25,0.01,0.041666667,0.0,0.0,Dec,3,2,1,8,Returning_Visitor,1,0
4,54.5,0,-483.81567843279447,181,8357.953555166889,0.0,0.002631579,67.26616125,0.0,Dec,2,4,6,2,Returning_Visitor,0,1
0,-478.0905103337888,0,0.0,3,0.0,0.2,0.2,0.0,0.0,Nov,2,2,1,1,Returning_Visitor,0,0
9,146.3,4,137.8166667,7,197.0666667,0.0,0.012631579,-52.385844754072984,0.0,June,2,5,2,2,Returning_Visitor,1,0
1,5.0,0,0.0,21,1342.5,0.01,0.02,0.0,0.0,May,3,2,2,2,Returning_Visitor,0,0
10,264.9,1,14.8,-139,718.9566667,0.0,-0.12254785365811147,0.0,0.0,Oct,3,2,1,4,Returning_Visitor,0,0
0,0.0,25,0.0,27,7192.787974224935,0.007407407,0.040740741,0.0,0.8439424501597961,Nov,2,2,1,2,New_Visitor,1,1
0,0.0,0,0.0,4,8610.852603695457,0.033333333,0.03,0.0,0.4,May,3,2,6,1,Returning_Visitor,0,0
0,0.0,0,0.0,37,1229.766667,-0.1628835976708433,0.014414414,0.0,0.0,Mar,2,2,1,3,Returning_Visitor,1,0
13,8.0,5,358.75,36,7966.81046123846,0.014285714,0.031904762,0.0,0.0,Dec,1,1,8,2,Returning_Visitor,0,0
2,54.5,4,29.5,11,1055.75,0.17549831419209808,0.026666667,-56.34313517564953,0.0,Dec,2,2,1,2,New_Visitor,0,0
0,0.0,0,0.0,15,894.0,0.0,0.015384615,0.0,0.0,May,2,2,7,4,Returning_Visitor,0,0
0,-475.5980392587975,0,0.0,4,8099.445102699593,0.1,0.2240259334280546,0.0,0.8,May,3,2,7,13,Returning_Visitor,0,0
0,0.0,2,5.0,13,354.2833333,0.035294118,0.19570270208610274,76.89973842319412,0.0,Sep,3,2,4,4,Returning_Visitor,1,0
2,154.0,0,0.0,18,367.25,0.005263158,0.044210526,0.0,0.8382150807129285,Mar,3,2,2,1,Returning_Visitor,1,0
0,0.0,0,513.1431969910934,64,3289.5,0.0,0.010416667,0.0,0.0,May,2,4,7,4,Returning_Visitor,1,0
0,0.0,0,0.0,36,808.0833333,0.174277603975959,0.007619048,79.0580735857937,0.0,May,2,2,6,4,Returning_Visitor,0,1
0,0.0,0,0.0,10,270.0,0.0,0.004,0.0,0.0,Mar,2,2,1,2,Returning_Visitor,0,0
1,24.5,0,0.0,47,1330.375,0.004347826,0.015450311,0.0,0.0,Dec,2,2,7,8,New_Visitor,0,0
0,0.0,0,0.0,5,95.0,0.04,0.12,0.0,0.0,Mar,2,2,1,1,Returning_Visitor,0,0
0,-498.66208527127645,0,0.0,2,67.5,0.0,0.1,0.0,0.0,Dec,2,2,7,13,Returning_Visitor,0,0
1,34.3,0,0.0,22,722.1333333,0.018181818,0.045,0.0,0.7154592562953742,Sep,2,2,8,1,Returning_Visitor,0,0
0,0.0,0,0.0,6,33.0,0.033333333,-0.13541693377114794,0.0,0.0,Nov,2,5,3,20,Returning_Visitor,0,0
0,0.0,0,0.0,18,297.3,0.0,0.011764706,78.40187402181803,-0.57875421919816,May,1,2,1,4,Returning_Visitor,0,0
9,-527.8062859769292,2,114.5,60,1394.236526,0.0,0.003030303,71.5803448662343,-0.5784269769350276,Dec,2,2,7,2,Returning_Visitor,0,1
4,194.4,0,0.0,-129,182.5142857,0.0,0.001666667,68.71910562747172,0.0,Oct,1,1,6,2,Returning_Visitor,0,0
0,0.0,0,0.0,13,-5434.850483584633,0.164230769,0.18034188,0.0,0.0,Aug,3,2,4,13,Returning_Visitor,0,0
0,0.0,0,0.0,6,48.0,0.0,0.066666667,0.0,0.0,Nov,2,2,4,1,Returning_Visitor,0,0
1,3.0,0,0.0,11,549.3333333,0.0,0.005,0.0,0.0,May,4,2,1,3,Returning_Visitor,0,0
8,101.1428571,25,0.0,109,1370.127838,0.004512398,0.019698317,0.0,0.0,Jul,2,2,1,3,Returning_Visitor,0,0
6,708.7413828634433,25,0.0,46,1098.524802,0.007083333,-0.11303222056586289,0.0,0.0,Nov,1,1,4,8,Returning_Visitor,0,0
0,0.0,0,0.0,20,219.3333333,0.0,0.011666667,0.0,0.7817373347161085,Mar,1,8,7,2,Returning_Visitor,0,0
3,57.5,0,-491.6008253950079,-113,1269.645833,0.014197531,0.012037037,0.0,0.0,Nov,1,1,4,1,Returning_Visitor,1,0
3,59.5,25,0.0,-121,47.2,0.033333333,0.05,0.0,0.0,Aug,1,1,1,4,New_Visitor,0,0
0,0.0,0,0.0,25,903.7,0.036,0.059393939,-52.51931876673552,0.0,May,2,2,3,4,Returning_Visitor,0,0
0,0.0,0,0.0,24,653.0,0.008333333,0.033333333,0.0,0.8,May,4,1,9,1,Returning_Visitor,0,0
7,198.75,0,0.0,20,818.5833333,-0.15400913623879126,0.002777778,67.74047445853657,0.0,Dec,3,2,4,8,New_Visitor,0,0
4,108.5333333,0,0.0,23,411.4666667,0.051851852,0.2260723617783873,31.91414045,0.0,Sep,1,1,3,2,Returning_Visitor,0,1
13,322.9416667,25,0.0,62,8138.138683892009,0.003037975,0.019685462,7.311892217,0.0,Nov,2,2,1,10,Returning_Visitor,1,0
0,639.6147786020529,0,0.0,1,0.0,0.2,0.2,0.0,0.0,June,2,2,1,4,Returning_Visitor,0,0
14,352.1071429,2,759.0,64,3660.342875,0.014155251,0.023835616,9.641067457,0.6698294033291013,Nov,3,2,3,2,Returning_Visitor,1,1
24,468.100663,6,191.8666667,189,3428.527381,0.018642295,0.043830926,0.870148477,0.0,June,2,2,2,1,Returning_Visitor,0,0
2,47.5,0,0.0,-124,735.5833333,0.19797636663921298,0.024137931,23.51024736,0.0,Dec,2,2,2,1,Returning_Visitor,0,0
2,69.5,0,0.0,21,308.4583333,-0.13518686627324833,-0.13399343879717496,-54.42935070220195,0.0,Dec,2,2,1,13,Returning_Visitor,0,0
4,144.5,0,0.0,19,885.125,0.021052632,0.050877193,-58.3596223770862,0.6,May,3,2,6,13,Returning_Visitor,0,0
0,0.0,2,27.0,40,735.5151515,0.0,0.015547416,-67.8446522273038,0.0,Dec,3,2,3,2,Returning_Visitor,0,0
0,-529.0404281931458,0,0.0,17,591.25,0.041176471,0.078431373,0.0,0.0,May,3,3,8,4,Returning_Visitor,1,0
4,-612.916903312132,0,0.0,14,8487.63073874925,0.03,0.076666667,0.0,0.0,Aug,1,1,1,3,Returning_Visitor,0,0
0,0.0,25,0.0,9,148.3333333,-0.1630794546405777,0.058,0.0,0.0,May,3,2,6,3,Returning_Visitor,0,0
0,0.0,0,0.0,55,8019.316441015377,0.013207547,0.018742138,0.0,0.0,May,3,2,1,19,Returning_Visitor,0,0
2,133.0,0,0.0,176,341.3666667,0.0,0.01,0.0,0.0,May,1,1,1,2,Returning_Visitor,0,0
1,65.5,1,38.5,131,3902.664774,0.008888889,0.02287037,0.0,0.0,Nov,3,2,3,1,Returning_Visitor,0,0
1,-538.4137524758653,0,539.6703024034271,20,646.1666667,0.0,0.025333333,0.0,0.7938797227955778,Dec,2,2,9,3,Returning_Visitor,0,0
0,0.0,0,0.0,203,170.0,0.075,0.08,0.0,0.0,Mar,1,1,7,3,Returning_Visitor,1,0
0,0.0,0,0.0,9,0.0,0.2,0.2,0.0,0.8,May,2,2,4,13,Returning_Visitor,0,0
8,-492.50239746136475,6,2166.5,200,1805.425,0.0,0.031138344,10.90023366,0.0,Dec,4,5,1,2,Returning_Visitor,0,0
15,334.0,0,0.0,-141,4316.833333,0.0,0.003030303,68.08838811859374,0.0,Dec,8,13,9,20,Other,0,1
0,0.0,0,-469.26016197099864,42,-6340.253114304788,0.05952381,0.21304620349122774,0.0,0.0,Oct,3,2,1,3,Returning_Visitor,0,0
0,0.0,0,0.0,6,83.5,0.0,-0.11920947660500537,0.0,0.706303461206352,Nov,1,1,3,10,Returning_Visitor,0,0
0,0.0,3,57.0,31,4547.166667,0.012903226,0.039247312,8.682741935,0.0,Mar,2,4,5,2,Returning_Visitor,0,0
7,51.5,0,0.0,59,-5295.0149919658525,0.0,0.003225806,0.0,0.0,Dec,2,2,3,1,Returning_Visitor,0,0
0,0.0,0,0.0,18,472.0,0.030555556,0.034444444,0.0,0.8,May,2,2,7,3,Returning_Visitor,0,0
1,75.0,0,0.0,19,1773.375,0.011764706,0.030392157,28.11635484,-0.5525875629804631,Nov,2,2,1,13,Returning_Visitor,0,1
1,626.3984584307237,5,493.0,50,1572.486399,0.0,0.019939881,0.0,0.0,Nov,2,2,1,2,Returning_Visitor,0,0
2,12.1,0,0.0,4,38.3,0.00952381,0.066666667,0.0,0.0,Nov,1,2,1,5,Returning_Visitor,0,0
0,0.0,0,-513.0039536044611,13,687.5,0.0,0.033333333,0.0,0.6,May,2,2,4,6,Returning_Visitor,0,0
0,0.0,0,0.0,-108,0.0,0.2,0.2,0.0,0.4,May,2,2,1,1,Returning_Visitor,0,0
-9,21.0,0,-433.456624617114,11,7829.08363479842,0.0,0.016666667,0.0,0.0,Mar,2,2,1,3,Returning_Visitor,0,0
1,0.0,25,551.0752754859977,17,684.9166667,0.015686275,0.049411765,0.0,0.0,Mar,2,6,4,1,Returning_Visitor,1,0
2,70.6,0,0.0,30,515.2333333,0.0,0.02,0.0,0.0,Aug,1,1,3,1,Returning_Visitor,0,0
0,0.0,25,0.0,3,17.0,0.0,0.066666667,0.0,0.0,Nov,2,2,9,3,Returning_Visitor,0,0
2,55.0,0,0.0,46,1425.75,0.008888889,0.029259259,0.0,0.4,May,1,1,7,19,Returning_Visitor,0,0
5,376.8,3,512.0399990255249,6,441.4666667,0.0,0.003333333,0.0,0.0,Mar,2,2,1,1,Returning_Visitor,0,0
15,0.0,0,0.0,1,40.0,0.0,0.1,0.0,0.0,Mar,3,2,1,10,Returning_Visitor,0,0
0,676.9723950714186,0,0.0,6,89.33333333,0.0,0.20296523286271642,0.0,-0.6940766810432926,Mar,2,4,3,3,Returning_Visitor,0,0
0,0.0,0,0.0,2,124.5,0.0,0.1,0.0,0.0,Dec,1,1,1,2,Returning_Visitor,0,0
4,-636.9791238868206,0,0.0,30,8417.094716015024,0.0,0.001666667,0.0,0.8409265923639546,Mar,3,2,1,11,New_Visitor,0,0
15,-624.9907392771038,25,0.0,3,25.0,0.066666667,0.133333333,0.0,1.0,May,3,2,3,3,Returning_Visitor,1,0
0,0.0,0,0.0,3,-5924.581804975947,0.066666667,0.133333333,0.0,0.4,May,2,2,4,1,Returning_Visitor,0,0
1,185.0,25,523.6020109637101,6,133.3333333,0.0,0.019230769,0.0,0.0,Mar,3,2,3,3,Returning_Visitor,0,0
4,391.3,0,0.0,24,1015.3,0.0,0.004166667,61.91792063,0.0,Aug,2,2,3,2,New_Visitor,0,1
1,-605.6807750092667,2,34.5,180,4436.376299,0.0,0.007150715,-54.35500998313104,0.0,Nov,2,2,1,2,Returning_Visitor,0,1
0,0.0,3,584.0,66,2060.508333,0.005797101,-0.1154305820090675,0.0,0.0,Nov,2,2,1,1,Returning_Visitor,0,0
0,0.0,0,0.0,16,228.625,0.0,0.015,0.0,0.0,Dec,2,2,1,2,New_Visitor,0,0
1,28.2,0,0.0,17,608.2166667,0.047777778,0.051851852,0.0,0.0,Jul,2,2,2,1,Returning_Visitor,0,0
0,683.6983641634442,0,0.0,57,820.3636364,-0.1580691144284735,0.061650605,0.0,0.0,June,3,2,3,13,Returning_Visitor,0,0
4,52.25,0,0.0,3,28.0,0.19550713321057747,0.025,0.0,0.0,Nov,2,2,1,6,New_Visitor,0,0
2,-541.615963231534,2,99.5,35,1475.266667,0.006944444,0.024867725,27.44491667,0.0,May,2,4,2,4,Returning_Visitor,1,1
7,42.0,0,0.0,23,502.525,0.007142857,0.021428571,74.36451745476016,0.0,Nov,2,5,3,3,Returning_Visitor,1,0
0,0.0,0,0.0,8,883.9333333,0.0,0.014285714,-63.30283577605356,0.0,Nov,1,1,1,4,New_Visitor,1,0
2,223.0,0,0.0,8,392.4,0.0,0.04,0.0,0.0,May,1,1,3,1,Returning_Visitor,0,0
12,0.0,0,0.0,200,8437.373531981264,0.2,0.2,0.0,0.0,Mar,2,4,1,1,Returning_Visitor,0,0
5,102.0676923,2,-399.04713820380323,142,-5283.449522562241,0.0,0.006649462,15.47720763,0.0,May,2,2,3,2,Returning_Visitor,1,1
3,156.8,4,262.75,12,350.4253968,0.002614379,0.041356389,0.0,0.4,May,3,2,1,4,Returning_Visitor,0,0
0,0.0,25,0.0,205,546.0,0.0,0.04,35.49,-0.6152511465896677,Mar,2,2,3,1,Returning_Visitor,0,1
-7,65.5,2,-507.11627212185687,39,1101.333333,0.00952381,0.041269841,14.99642857,0.0,May,2,2,3,1,Returning_Visitor,0,0
0,647.4714486482516,0,583.1850457329209,4,1245.0,0.20364814640120035,0.1,0.0,0.0,May,2,2,3,6,Returning_Visitor,0,0
0,0.0,25,0.0,9,166.12,0.0,0.022222222,0.0,0.0,Jul,2,2,1,1,Returning_Visitor,0,0
0,0.0,0,0.0,12,1111.0,0.177960878965131,0.033333333,0.0,0.6,May,2,2,5,1,Returning_Visitor,0,0
2,34.5,0,501.6834607184481,-104,491.8333333,0.0,0.014705882,0.0,0.0,Dec,1,1,3,2,New_Visitor,0,0
5,613.5,0,0.0,470,14129.8808,0.21492677034207425,-0.11642540896784956,67.09202878160774,0.0,Nov,4,2,9,2,Returning_Visitor,1,1
1,94.0,0,0.0,10,332.75,-0.12829773531790958,0.02,0.0,0.0,May,2,2,3,6,Returning_Visitor,0,0
2,-585.5505346481907,0,0.0,4,36.0,0.0,0.033333333,0.0,0.0,May,2,2,4,1,Returning_Visitor,0,0
0,0.0,25,-429.5566393955397,2,8737.355842771836,0.0,0.1,0.0,1.0,May,2,2,7,1,Returning_Visitor,1,0
12,-507.5585088431444,0,0.0,-119,-4784.0029072737725,0.006906077,0.014774057,0.0,0.7017877897355005,Nov,2,2,4,2,Returning_Visitor,1,1
2,210.6,0,559.9998882239012,4,97.6,0.0,-0.10758428268827153,0.0,0.0,Nov,3,2,7,6,New_Visitor,1,0
1,20.0,0,-420.3414707498142,8,268.0,0.0,0.025925926,0.0,0.0,May,3,2,1,4,Returning_Visitor,0,0
3,55.33333333,25,0.0,4,420.0,0.0125,0.1997582752733818,0.0,0.0,Aug,1,1,4,3,Returning_Visitor,0,1
9,233.6224044,0,0.0,35,1941.066667,0.190557488788427,0.02917153,0.0,0.0,Aug,3,2,7,2,Returning_Visitor,0,0
0,0.0,0,0.0,169,520.0,0.0,0.003703704,0.0,0.0,Nov,8,2,3,20,New_Visitor,0,1
8,108.5,0,0.0,-142,1287.852778,0.003389831,0.027514124,78.14822588178741,0.0,Dec,2,2,1,2,Returning_Visitor,0,0
7,1474.5,2,11.5,-115,5293.824709,0.005072464,0.020659075,2.524993961,0.2,May,2,2,3,1,Returning_Visitor,0,0
0,0.0,0,0.0,1,0.0,-0.15628518961872576,0.2,63.86295428198281,0.0,Nov,2,4,1,2,Returning_Visitor,0,0
-10,109.4,4,93.6,10,427.0666667,0.0,0.003125,0.0,0.0,Nov,3,2,2,6,Returning_Visitor,0,0
0,0.0,0,0.0,41,8118.344526091358,0.027526132,-0.13202805128663372,0.0,0.0,June,1,1,7,3,Returning_Visitor,0,0
8,137.075,0,574.687196018228,59,2088.443506,0.21642241169014215,0.023522862,54.07524113,0.0,May,4,2,3,3,Returning_Visitor,0,1
0,0.0,0,0.0,7,384.5,0.0,0.028571429,0.0,0.0,May,2,4,1,5,Returning_Visitor,0,0
-7,0.0,25,0.0,57,980.8333333,0.007142857,0.044642857,0.0,0.8,May,2,2,3,11,Returning_Visitor,0,0
3,-564.772637010272,0,0.0,22,1436.45,0.0,-0.1506566538923823,0.0,0.0,Mar,2,2,3,1,Returning_Visitor,0,0
0,0.0,0,0.0,8,159.9,0.0,0.0,0.0,0.0,Oct,2,2,2,6,New_Visitor,0,0
4,82.0,0,-524.9331500289346,32,1040.166667,0.1889446946143964,0.041176471,62.08793771217494,0.0,May,2,2,2,3,Returning_Visitor,1,0
0,0.0,0,0.0,1,0.0,0.2,0.2,69.0669387001944,0.0,Mar,2,2,1,1,Returning_Visitor,1,0
0,0.0,0,0.0,5,7065.3113307589065,0.0,0.01,0.0,0.0,May,2,2,9,4,Returning_Visitor,0,0
5,100.9166667,0,-459.12736837756495,114,3488.070803,8.14e-05,-0.1485193146937686,-52.899907752454716,0.0,Nov,2,2,3,2,Returning_Visitor,0,0
0,0.0,0,0.0,35,536.7333333,0.0,0.012222222,3.70979448,0.0,Jul,2,2,3,4,Returning_Visitor,0,1
8,321.6,0,0.0,30,1151.2,0.0,0.012903226,0.0,0.0,May,2,2,2,13,Returning_Visitor,0,0
0,0.0,0,-474.29140857688736,2,171.0,0.0,0.20054119103258103,0.0,0.0,Nov,3,2,1,13,Returning_Visitor,1,0
0,-582.6494121990568,0,0.0,203,-4626.077267637296,0.2,0.2,0.0,0.0,May,1,1,4,3,Returning_Visitor,0,0
0,0.0,0,0.0,6,82.0,0.15,0.183333333,0.0,0.6,May,2,2,3,1,Returning_Visitor,0,0
8,121.6666667,25,598.7963924499153,30,1688.72619,0.0,0.011764706,15.08488235,0.0,May,2,2,3,2,Returning_Visitor,0,1
14,0.0,1,0.0,-137,1190.548851,-0.12581442058500733,0.027309942,17.16745965,0.6,May,2,2,1,6,Returning_Visitor,0,1
1,10.0,0,459.01908557786334,16,120.0,0.053333333,0.08,0.0,0.0,May,2,2,6,4,Returning_Visitor,0,0
4,37.25,1,5.0,50,1295.008333,0.000892857,0.015595238,0.0,0.0,Nov,3,2,4,2,Returning_Visitor,1,1
1,718.8178879457673,0,0.0,19,1007.9,0.0,0.005555556,0.0,0.0,May,1,1,3,4,New_Visitor,0,0
8,203.9166667,4,114.75,118,8431.252961843398,0.004098361,0.012520167,78.66473953694344,0.0,Nov,2,2,1,2,Returning_Visitor,0,1
2,26.0,0,0.0,-122,1689.708333,0.0125,0.0295,0.0,0.0,Nov,2,2,1,13,Returning_Visitor,0,0
0,0.0,3,70.0,7,110.0,0.04,0.07,0.0,-0.6467840694676265,May,1,1,2,3,Returning_Visitor,0,0
7,98.17261905,0,592.5414477687416,47,1889.953409,0.2166842041343654,0.22672646649505782,0.0,-0.6928417845059954,Nov,2,2,1,1,Returning_Visitor,0,0
4,71.7,0,0.0,8,7109.696723890416,0.109090909,0.127272727,0.0,0.0,Jul,3,2,6,13,Returning_Visitor,0,0
15,703.9222172670671,0,0.0,108,2270.908333,0.005504587,0.029663609,0.0,0.0,Nov,2,2,1,3,Returning_Visitor,0,0
0,0.0,0,0.0,1,0.0,-0.1303360724208884,0.2,0.0,-0.7277416827464083,Mar,3,2,1,1,Returning_Visitor,0,0
0,0.0,0,0.0,39,7233.744103243827,0.005128205,0.011965812,0.0,-0.6013386891692805,May,4,2,3,13,Returning_Visitor,0,0
3,405.1666667,2,-399.3307871269594,27,2042.25,0.045977011,0.067323481,0.0,0.8346420598655471,May,2,2,1,6,Returning_Visitor,0,0
1,132.0,0,0.0,8,8528.805745134652,0.0,0.022222222,0.0,0.0,May,2,2,7,6,Returning_Visitor,0,0
0,-534.1591544278391,0,-407.89944728237714,25,-5950.677075986287,-0.1629916168936424,0.017361111,0.0,0.0,Aug,3,2,4,1,Returning_Visitor,1,0
0,721.857276564958,25,0.0,9,-5235.568136251697,0.05,0.20734784521533056,38.83384563,0.0,Dec,3,2,4,1,Returning_Visitor,0,1
0,0.0,0,0.0,4,82.5,0.0,0.05,0.0,0.8149315424863682,Mar,3,2,1,3,Returning_Visitor,0,0
0,0.0,0,0.0,63,2593.808333,0.21546407205468976,0.066666667,-65.26697557189695,0.0,Jul,3,2,8,20,Returning_Visitor,0,0
0,732.3756296185807,4,32.5,7,67.0,0.0,-0.13921253504510667,62.198336353806404,0.0,Mar,2,2,1,8,New_Visitor,0,0
3,289.0,0,0.0,-107,708.25,0.0,0.025,0.0,0.0,Nov,3,3,1,10,Returning_Visitor,0,0
8,342.75,0,0.0,12,653.125,0.01,-0.10500631311874728,0.0,0.0,Nov,2,2,7,2,Returning_Visitor,0,0
0,0.0,0,0.0,9,464.0,0.0,0.022222222,-55.566593002425876,0.0,May,2,2,1,2,Returning_Visitor,0,1
4,316.5,0,-444.5824077481766,8,298.6904762,0.0,0.20956515456674876,0.0,-0.5963006846758057,May,3,2,2,2,Returning_Visitor,1,0
1,12.0,0,0.0,4,63.4,0.0,0.04,0.0,0.0,Oct,1,8,6,20,New_Visitor,0,0
5,68.0,0,-502.207022771397,36,-6428.528416143767,0.007894737,0.028070175,0.0,0.8,May,2,2,1,3,Returning_Visitor,0,0
3,35.83333333,0,0.0,-106,92.33333333,0.059259259,0.088888889,0.0,0.0,Nov,1,1,8,1,Returning_Visitor,0,0
0,0.0,0,0.0,8,412.1666667,0.18000523608446736,0.0125,0.0,0.0,May,3,2,4,6,New_Visitor,0,0
1,0.0,0,0.0,32,1493.958333,0.0,0.020967742,0.0,0.0,Nov,2,2,2,1,Returning_Visitor,1,0
0,-568.8733223599702,0,0.0,171,1160.0,0.0,0.018181818,20.60836364,0.0,May,2,2,1,4,New_Visitor,0,1
4,190.5,3,575.0,30,2375.083333,0.0,0.011111111,34.79013586,0.0,Dec,2,2,3,2,New_Visitor,0,1
0,0.0,0,0.0,10,8600.74245274352,0.0,0.02,72.47118870306402,0.0,Nov,2,2,1,2,Returning_Visitor,0,0
2,26.0,0,0.0,4,7961.524482860573,0.0,-0.1230078282421439,0.0,0.2,May,3,2,1,19,Returning_Visitor,0,0
0,0.0,0,0.0,22,562.1666667,0.018181818,0.053030303,69.95836414766771,0.0,June,2,2,3,3,Returning_Visitor,1,0
1,11.0,0,592.1930970414274,8,98.56666667,0.066666667,-0.11775376957930636,-50.70882046487945,0.0,Sep,1,8,3,1,Returning_Visitor,1,0
0,0.0,0,0.0,25,7669.35197218854,0.024,0.048,-53.335598235486266,0.0,May,2,4,3,1,Returning_Visitor,0,1
3,126.5,0,0.0,36,576.8571429,0.1895949094050547,0.01087963,0.0,0.0,Dec,1,1,4,3,Returning_Visitor,0,0
0,0.0,0,0.0,10,243.2,0.02,-0.1287049225391676,0.0,0.0,Mar,2,2,4,1,Returning_Visitor,0,0
12,251.6190476,1,44.0,69,2269.732143,-0.14775631335990044,0.22178561985764725,0.093546949,0.0,Dec,2,2,3,2,Returning_Visitor,0,1
2,-619.7652376313865,0,0.0,-100,195.0,0.0,0.02,0.0,0.0,Mar,2,2,5,2,Returning_Visitor,0,0
0,0.0,0,0.0,22,2715.0,0.2106025464830651,0.009090909,54.97036364,-0.5708237021319877,May,2,2,4,2,New_Visitor,0,1
4,43.0,0,0.0,66,2544.053571,0.0,0.015920398,62.40576241,-0.5743921687655491,Nov,4,1,2,2,Returning_Visitor,0,0
0,0.0,0,0.0,13,443.0,0.030769231,0.053846154,-60.87400173140793,0.0,Nov,2,5,1,1,Returning_Visitor,0,0
0,0.0,0,0.0,2,254.0,0.0,0.1,0.0,0.0,Mar,3,2,4,1,Returning_Visitor,0,0
0,0.0,0,0.0,54,4749.25,0.004938272,0.029938272,8.285119366,0.0,Oct,2,2,8,1,Returning_Visitor,1,1
0,0.0,0,-467.1925917936595,13,412.0,0.0,0.028205128,0.0,0.0,Mar,2,2,4,3,Returning_Visitor,0,0
15,1535.355556,0,0.0,43,3606.088889,0.1961852172336313,0.043951451,0.0,0.0,Dec,2,2,1,1,Returning_Visitor,0,0
0,-564.1234631003401,0,0.0,9,108.0,0.0,0.042222222,-54.173055578954695,0.4,May,2,2,4,4,Returning_Visitor,0,0
0,0.0,0,0.0,60,967.25,0.006779661,0.025141243,0.0,0.6,May,2,4,3,3,Returning_Visitor,0,0
-9,240.8,1,4.0,13,279.8333333,0.0,0.00625,0.0,0.0,Nov,3,2,2,2,Returning_Visitor,0,0
4,56.0,2,120.0,-114,998.7416667,0.0,0.014736467,19.44707913,0.2,Feb,2,2,4,1,Returning_Visitor,0,0
0,0.0,25,0.0,57,1091.005876,0.007017544,0.027875244,0.0,0.0,Nov,2,2,6,2,Returning_Visitor,0,0
0,0.0,0,0.0,5,309.0,0.05,0.045,0.0,0.0,May,1,1,1,2,Returning_Visitor,1,0
0,0.0,0,0.0,2,0.0,0.2,0.2,0.0,0.8668307810967614,May,2,2,7,3,Returning_Visitor,0,0
6,449.25,25,0.0,29,778.3583333,0.013793103,0.024137931,0.0,0.0,May,3,2,5,3,Returning_Visitor,1,0
14,1521.0,2,64.0,30,2284.687302,0.019354839,-0.10600944333900666,-49.88764893064817,0.0,Mar,2,2,1,1,Returning_Visitor,0,0
0,661.239103032515,0,0.0,12,7450.966992705708,0.0,0.018181818,49.62545455,0.0,May,2,4,5,2,New_Visitor,0,1
0,0.0,0,0.0,1,0.0,0.2,0.2,0.0,0.0,June,2,2,1,1,Returning_Visitor,0,0
4,96.5,0,0.0,19,-5269.658373961263,0.01,0.025666667,0.0,0.0,Mar,1,1,1,1,Returning_Visitor,0,0
-9,0.0,0,0.0,9,0.0,0.12,0.16,0.0,0.6,May,2,2,1,13,Returning_Visitor,0,0
0,0.0,0,-430.16191666321293,6,0.0,0.2,0.2,0.0,0.0,June,3,2,7,13,Returning_Visitor,0,0
2,32.0,25,0.0,16,230.1,0.0,0.0125,0.0,0.0,May,2,2,2,1,Returning_Visitor,1,0
1,42.0,0,0.0,10,-6044.686280953117,0.022222222,0.014814815,0.0,0.0,May,3,2,8,15,New_Visitor,1,0
3,758.8620116308795,0,573.135208866777,178,1567.966667,-0.16847883329386745,0.007207207,0.0,0.0,Mar,3,3,2,8,Returning_Visitor,1,0
0,697.1875671760515,0,515.7614620751199,37,-4731.866923931495,0.0,0.021959459,0.0,0.0,Nov,2,2,5,2,Returning_Visitor,0,0
3,790.1173641136791,0,0.0,24,747.4,0.028985507,0.21263285198653364,-62.259260031714476,0.4,May,3,2,6,11,Returning_Visitor,0,0
1,17.0,0,0.0,12,321.8333333,0.015384615,0.034615385,0.0,0.4,May,2,2,5,1,Returning_Visitor,0,0
0,0.0,0,0.0,2,0.0,0.2,0.2,0.0,0.0,Dec,3,7,3,1,Returning_Visitor,0,0
9,178.52,25,183.2666667,7,205.8566667,0.0,0.035555556,0.0,0.8002349151600276,Jul,2,2,1,2,New_Visitor,0,0
0,-596.3454190460187,0,0.0,1,0.0,0.2,0.2,0.0,0.0,May,2,10,5,1,Returning_Visitor,0,0
1,5.0,0,0.0,7,35.0,0.19002211077670206,0.123809524,0.0,0.4,May,1,1,4,15,Returning_Visitor,0,0
0,0.0,0,0.0,5,138.0,0.02,0.1,0.0,0.8,May,2,2,1,4,Returning_Visitor,0,0
0,0.0,1,587.5739895408655,13,7554.3264059395715,0.028571429,0.047619048,79.9904631430972,0.0,May,3,2,8,1,Returning_Visitor,0,0
0,-491.86528217906096,0,0.0,1,0.0,0.2,0.2,0.0,0.0,Dec,3,2,1,1,Returning_Visitor,0,0
4,97.2,2,16.0,26,690.5666667,0.0,0.003703704,59.33984611,0.0,Jul,2,4,8,2,Returning_Visitor,0,1
0,-530.4250118318716,0,0.0,-120,1102.5,-0.17240553426734875,0.21725527816553494,0.0,0.8493313927294788,Dec,1,1,6,2,Returning_Visitor,1,0
14,0.0,25,0.0,6,85.25,0.0,0.011111111,0.0,0.0,Dec,2,2,3,10,Returning_Visitor,0,0
0,0.0,0,580.6916642353351,1,8642.911494978212,0.2,0.2,0.0,0.8,Feb,2,2,2,1,Returning_Visitor,1,0
5,168.2,0,-501.33078351448944,15,2026.633333,0.008333333,0.039,66.78475684342318,0.0,Nov,3,2,7,13,Returning_Visitor,0,1
0,0.0,0,0.0,-134,978.0,0.0,0.025,0.0,0.0,May,2,2,3,2,Returning_Visitor,0,0
4,70.4,2,47.4,8,97.9,0.05,0.058333333,0.0,0.0,June,1,2,4,2,Returning_Visitor,0,0
0,0.0,25,0.0,1,0.0,0.2,0.2,0.0,0.0,Dec,3,2,3,1,Returning_Visitor,1,0
0,0.0,1,0.0,-129,1358.75,0.001754386,0.03245614,0.0,0.0,Mar,2,5,3,1,Returning_Visitor,0,0
0,0.0,0,0.0,3,116.75,0.0,0.066666667,0.0,0.0,Nov,3,2,1,10,Returning_Visitor,1,0
0,0.0,0,0.0,162,214.0,0.0,0.05,-59.02873701973324,0.7727432427827944,Mar,2,2,3,3,Returning_Visitor,0,0
0,0.0,25,0.0,4,14.2,0.1,-0.11914543302258959,66.4218062623752,0.0,Oct,1,1,1,1,Returning_Visitor,1,0
-9,0.0,0,0.0,13,323.9166667,0.0,0.008333333,35.8370931,0.0,Mar,1,1,4,10,Returning_Visitor,0,1
0,0.0,0,0.0,-110,-5616.135312608867,0.02,0.04,0.0,0.0,Jul,2,2,6,20,Returning_Visitor,0,0
0,0.0,0,0.0,3,0.0,0.166666667,0.177777778,0.0,-0.598157220836305,May,3,2,3,13,Returning_Visitor,0,0
1,-596.5102085754579,0,0.0,8,208.0,0.04,0.1,78.7975766199219,0.0,Nov,2,2,1,1,Returning_Visitor,0,0
0,0.0,25,0.0,3,58.2,0.066666667,0.044444444,0.0,0.0,Aug,3,2,1,3,Returning_Visitor,0,0
0,0.0,25,0.0,22,762.547619,0.0,0.017391304,0.0,0.0,Mar,2,2,1,3,Returning_Visitor,1,0
-7,208.25,2,109.0,54,2871.104167,0.0,0.021468927,0.0,0.0,Nov,2,2,1,2,Returning_Visitor,0,0
0,0.0,0,0.0,2,4.0,0.0,0.1,0.0,0.0,Aug,2,2,1,1,Returning_Visitor,0,0
0,0.0,0,471.1841197893604,170,117.0,0.15,0.175,0.0,0.6,May,3,2,3,3,Returning_Visitor,0,0
2,84.6,0,0.0,43,674.5333333,0.0,0.005319149,45.63345378,0.0,Oct,2,2,1,2,New_Visitor,0,1
0,0.0,25,0.0,51,5818.916667,0.000980392,0.022984749,0.0,0.0,Mar,2,2,1,1,Returning_Visitor,0,0
0,0.0,0,-425.44845543525867,30,677.9166667,0.006666667,0.013333333,0.0,0.0,Nov,3,2,1,2,Returning_Visitor,1,0
1,5.0,1,70.5,125,3507.010877,0.005645161,0.013874153,-54.59962296222859,0.0,Nov,4,1,4,2,Returning_Visitor,0,0
8,305.6666667,1,0.0,35,796.25,0.005555556,0.011574074,0.0,0.0,Dec,1,1,3,10,Returning_Visitor,0,0
0,0.0,0,0.0,37,1156.416667,0.0,0.2270959563904732,0.0,0.0,Nov,1,1,9,2,Returning_Visitor,1,0
0,0.0,0,0.0,18,550.5,0.0,0.031481481,0.0,0.0,Mar,1,1,1,2,Returning_Visitor,1,0
-7,158.0,0,0.0,12,751.5,0.0,0.014285714,32.02714286,0.0,May,2,2,1,2,Returning_Visitor,0,1
6,91.98484848,3,58.95238095,54,2407.322811,0.003448276,0.010418719,-62.704062759563655,0.7208136363518864,May,3,2,3,4,Returning_Visitor,0,0
7,150.375,0,0.0,7,219.5833333,0.0,0.018181818,0.0,0.0,Dec,1,1,1,2,Returning_Visitor,1,0
1,20.2,0,0.0,6,1561.2,0.028571429,0.057142857,0.0,0.7997048231821502,Nov,4,2,3,1,Returning_Visitor,1,0
5,51.04166667,0,0.0,178,837.375,0.0,0.011481481,-63.25417668282064,0.0,Nov,1,1,2,8,New_Visitor,0,1
0,0.0,25,0.0,2,19.0,0.0,0.1,0.0,0.0,Mar,2,2,3,11,Returning_Visitor,1,0
0,0.0,0,0.0,1,7633.532002867895,0.0,0.1,0.0,0.0,Aug,1,1,1,1,Returning_Visitor,1,0
1,33.5,1,15.75,-111,1421.25,0.004597701,0.040229885,0.0,0.0,Dec,2,2,1,1,Returning_Visitor,1,0
4,140.675,1,495.6123277161094,70,-5646.237954596823,0.001951952,0.017189707,10.53591515,0.0,Nov,1,2,1,10,Returning_Visitor,1,1
0,0.0,0,0.0,198,742.9603175,0.003921569,0.012121212,0.0,0.0,Nov,1,1,3,2,Returning_Visitor,1,0
5,52.5,0,0.0,24,1365.5,0.002777778,0.03,0.0,0.0,May,2,7,7,4,Returning_Visitor,1,0
1,17.5,0,0.0,17,665.9848485,0.0,0.002352941,51.60705882,0.0,May,2,2,4,2,New_Visitor,0,1
-8,90.0,0,0.0,-131,-5681.628602817714,0.005333333,0.033504762,64.50714333419391,0.7380211729456336,Mar,2,2,1,1,Returning_Visitor,1,0
3,35.4,0,0.0,195,937.8075758,0.20120656467546078,0.2321778700854058,0.0,0.0,Jul,3,2,1,1,Returning_Visitor,0,0
3,37.58333333,25,-493.77471334888844,67,1982.523611,0.004411765,0.010971792,63.47369573621034,0.0,Dec,2,2,3,1,Returning_Visitor,0,0
0,0.0,0,0.0,-119,953.8333333,0.0,0.027777778,0.0,0.0,May,2,4,4,1,Returning_Visitor,1,0
0,0.0,0,0.0,8,133.0,-0.14095575850266645,-0.10809643664136315,0.0,0.0,May,1,1,1,3,Returning_Visitor,1,0
13,0.0,25,0.0,1,7142.748524219625,0.2,0.2,-66.21890705403567,0.0,Nov,3,2,3,3,Returning_Visitor,0,0
1,20.0,0,0.0,0,0.0,-0.15825834626347354,0.066666667,0.0,0.0,May,3,2,1,4,Returning_Visitor,0,0
0,0.0,0,514.8133144591261,9,120.0,0.0,0.044444444,0.0,0.8,May,2,4,9,2,Returning_Visitor,0,0
12,6.0,25,0.0,15,579.0,0.0,0.0125,63.93506419,0.0,Dec,1,1,4,2,New_Visitor,0,1
8,354.8333333,1,57.0,19,2217.333333,0.008333333,-0.13453847859044413,-63.913556644848384,-0.6302640144273313,Mar,3,2,1,1,Returning_Visitor,0,0
0,0.0,0,596.2368791343679,72,5465.320175,0.033789954,0.2352087295543195,-65.95078388664533,0.0,Sep,2,5,2,1,Returning_Visitor,0,0
0,0.0,0,0.0,2,404.0,0.0,0.1,0.0,0.0,May,2,2,6,13,Returning_Visitor,0,0
3,421.0,0,0.0,4,110.5,0.0,0.011111111,0.0,0.0,Mar,3,2,8,2,New_Visitor,1,0
0,0.0,0,0.0,10,357.5555556,0.0,0.022222222,0.0,0.0,Dec,1,8,3,11,New_Visitor,0,0
0,0.0,0,0.0,8,413.0,0.0,0.0125,0.0,0.0,Sep,1,1,4,3,New_Visitor,0,0
1,-602.2790362993225,25,0.0,-109,333.9,0.0,0.007142857,24.50485714,0.0,May,3,2,2,6,New_Visitor,0,1
6,-556.9524925671572,0,0.0,8,749.2333333,0.19322289572065193,0.008974359,77.23564437800886,0.0,Nov,3,2,3,1,Returning_Visitor,0,0
0,0.0,0,-461.82702137529895,43,813.8,0.023255814,0.03255814,0.0,0.8160978467638165,May,2,5,1,2,Returning_Visitor,0,0
0,0.0,0,0.0,30,390.6666667,0.006666667,0.20217608890496644,0.0,0.0,Mar,2,6,6,1,Returning_Visitor,0,0
0,0.0,0,503.23643655952037,26,587.9,0.023076923,0.22276548907844204,0.0,0.0,June,3,2,5,13,Returning_Visitor,0,0
0,0.0,0,0.0,5,182.0,0.0,0.04,62.953442511683235,0.0,Mar,3,2,6,1,Returning_Visitor,0,0
15,0.0,0,0.0,3,0.0,0.18551182519720238,0.2,0.0,0.0,Nov,3,2,1,11,Returning_Visitor,0,1
0,0.0,25,0.0,34,508.558547,0.014705882,0.027528909,68.96186244513827,0.0,Dec,2,2,3,10,Returning_Visitor,0,0
0,0.0,0,0.0,40,700.1277778,0.011,0.027788462,0.0,0.0,Nov,1,1,1,10,Returning_Visitor,1,0
0,0.0,1,0.0,13,1297.25,0.028571429,0.064285714,0.0,0.0,Dec,1,8,3,1,Returning_Visitor,1,0
0,0.0,0,0.0,2,24.0,0.0,0.05,0.0,0.0,Mar,3,2,3,3,Returning_Visitor,0,0
0,0.0,25,0.0,44,547.0,0.06,-0.14175077804729586,0.0,0.6,May,3,2,1,13,Returning_Visitor,0,0
0,0.0,1,0.0,1,13.0,0.0,0.1,0.0,0.0,Mar,3,2,3,1,Returning_Visitor,0,0
1,9.0,0,0.0,22,375.75,0.053968254,0.056349206,-58.73937950426307,0.0,May,3,2,4,6,Returning_Visitor,0,0
2,-486.1109089571885,0,0.0,7,8017.900763937545,0.0,0.05,0.0,0.0,Oct,2,2,1,1,Returning_Visitor,0,0
0,0.0,10,503.0281632052475,60,2068.248473,0.002857143,0.034058957,0.0,0.0,Nov,1,1,1,2,Returning_Visitor,0,0
14,0.0,0,0.0,-108,354.5,0.028571429,-0.11972205940876515,-60.71509025464241,0.0,Nov,2,2,4,8,Returning_Visitor,0,0
0,0.0,0,0.0,34,7485.558655639333,0.19256380190612332,-0.13597924893646254,0.0,0.8270780720363227,Mar,2,2,7,3,Returning_Visitor,0,0
0,0.0,25,0.0,1,7329.777008843644,0.2,-0.11266703777167603,-53.002390511597795,0.0,May,2,4,4,3,Returning_Visitor,0,0
0,0.0,0,0.0,67,771.4133333,0.0,0.004205128,66.69098147128955,0.0,Aug,1,8,9,1,Returning_Visitor,0,0
14,321.2666667,4,230.0,192,8104.159991187863,0.005769231,0.02702758,71.75152404087474,0.0,Nov,1,1,1,2,Returning_Visitor,0,0
2,110.5,1,48.0,-109,156.0,0.0,0.028571429,-52.426266796083056,0.0,Dec,2,2,1,2,New_Visitor,0,0
1,26.2,0,0.0,92,2451.346667,0.007692308,0.021318681,72.48507118075256,0.0,Jul,4,1,3,1,Returning_Visitor,0,0
1,142.5,1,48.5,9,733.25,0.0,0.018181818,67.41076483373496,0.0,Dec,1,1,8,2,New_Visitor,1,0
1,0.0,0,0.0,15,487.5,0.0,0.019166667,0.0,0.7017347211780158,Feb,1,1,2,4,Returning_Visitor,1,0
13,0.0,25,-407.1967071961452,182,16.0,0.033333333,0.1,0.0,0.0,Mar,2,6,1,3,Returning_Visitor,0,0
3,420.0666667,3,230.7,23,1251.6,0.20167915049940768,0.079310345,0.0,0.0,Nov,1,1,3,2,Returning_Visitor,0,0
-7,26.75,3,49.5,62,2964.650595,0.010769231,0.026444444,0.0,-0.5994561484898929,Dec,3,2,1,2,Returning_Visitor,0,0
-9,198.5,0,0.0,41,1824.083333,0.0,0.01,0.0,0.0,Dec,3,2,3,11,New_Visitor,0,0
5,78.5,1,26.0,48,1266.119048,0.0,0.005788982,29.01038502,0.0,Mar,2,2,1,8,New_Visitor,0,0
3,29.44,1,0.0,4,15.24,0.0,0.039583333,0.0,0.0,Sep,2,2,8,2,Returning_Visitor,0,1
3,58.06666667,0,-515.7175382575309,5,86.0,0.0,0.0125,0.0,0.0,Mar,3,2,2,3,New_Visitor,0,0
13,693.8689332204146,2,-445.1674040844011,27,1253.333333,0.006666667,-0.1180167233096901,-55.141956974991935,0.0,Mar,2,2,1,2,Returning_Visitor,0,1
1,11.0,25,542.5155789122116,5,71.0,0.0,-0.13739601450808211,0.0,0.0,Mar,2,2,6,3,Returning_Visitor,0,0
2,26.17857143,6,665.5,-136,484.8452381,-0.14021015846962423,0.043661654,0.0,0.0,Nov,3,2,3,10,Returning_Visitor,1,0
3,99.0,0,0.0,37,2419.133333,0.007894737,0.023245614,0.0,0.0,Mar,2,2,3,1,Returning_Visitor,0,0
0,0.0,1,6.0,-143,720.15,0.005128205,0.017948718,0.0,0.0,Nov,2,4,7,2,Returning_Visitor,0,0
14,0.0,0,0.0,8,8714.833832715258,0.0,0.05,0.0,0.0,Mar,2,5,1,1,Returning_Visitor,1,0
0,0.0,25,0.0,17,287.5,0.066666667,0.19290126773475172,0.0,0.8,May,3,2,4,13,Returning_Visitor,0,0
0,0.0,0,0.0,2,17.0,0.0,0.1,0.0,0.0,Nov,1,1,1,2,New_Visitor,0,0
15,43.4,0,0.0,-110,775.8883333,0.0,-0.12594067054834646,0.0,0.0,Oct,2,2,4,2,New_Visitor,0,0
0,0.0,0,0.0,3,10.0,0.0,0.066666667,0.0,0.0,Mar,2,2,7,1,Returning_Visitor,0,0
15,0.0,0,0.0,1,-5264.421019359122,0.2,-0.12726720276570608,0.0,0.0,Nov,4,2,1,8,New_Visitor,0,0
8,98.4,0,0.0,16,156.3333333,0.0,0.007843137,-55.88280765151782,0.0,Oct,2,2,3,1,Returning_Visitor,0,0
0,0.0,0,0.0,2,12.0,0.0,0.1,0.0,0.0,Aug,1,1,1,4,Returning_Visitor,1,0
-7,28.66666667,0,0.0,12,224.1666667,0.0,0.19846433312585113,44.73466667,0.0,Mar,3,2,6,2,Returning_Visitor,0,1
0,0.0,0,0.0,14,424.3333333,0.0,0.007142857,80.08665281154069,0.0,Dec,2,2,2,13,Returning_Visitor,0,0
13,145.5,0,0.0,96,1524.748377,0.20678649635207616,0.007239057,0.0,0.0,Mar,2,2,9,2,Returning_Visitor,0,0
0,0.0,0,0.0,3,5.0,0.1,0.166666667,62.37512118162594,0.0,May,1,1,3,6,Returning_Visitor,0,0
1,0.0,0,0.0,14,-5629.080386158605,0.18406093724498768,0.042857143,75.23632567921297,0.0,Nov,2,2,1,2,Returning_Visitor,0,0
0,0.0,0,-493.5397786640754,201,316.0,0.025,0.0375,0.0,0.0,Nov,1,8,9,2,Returning_Visitor,0,0
15,0.0,0,0.0,12,202.0,0.0,0.041666667,79.13230531265107,-0.6915306499292878,May,2,2,7,14,Returning_Visitor,0,0
8,111.93,25,0.0,13,860.77,0.19655818089820978,0.056017316,-55.67286322972618,0.840889835739828,Jul,1,1,1,2,Returning_Visitor,0,0
1,16.0,25,585.625,40,765.0416667,-0.14241253672621335,0.023436807,0.0,0.6739275055010634,Dec,3,2,4,2,Returning_Visitor,0,0
4,17.5,3,171.0,6,101.0,0.02,0.03,-64.80871649876941,0.0,Nov,1,2,1,8,New_Visitor,1,0
1,-492.84015429917906,2,69.5,65,-4761.835824182239,0.0,0.020707071,77.12735945424406,0.0,Nov,2,2,4,2,Returning_Visitor,0,1
-7,0.0,25,0.0,3,27.0,0.1,0.166666667,61.900657701291756,0.8,May,1,1,1,1,Returning_Visitor,0,0
0,0.0,0,0.0,4,142.0,0.0,0.05,0.0,0.6,May,2,2,1,13,Returning_Visitor,0,0
6,-480.84596303811486,25,52.33333333,6,126.6666667,0.0,0.016666667,-68.2317714399206,0.0,Mar,1,1,1,2,Returning_Visitor,0,0
0,-534.4674495424148,0,0.0,2,39.33333333,0.0,0.025,0.0,0.0,Dec,3,2,1,3,Returning_Visitor,0,0
0,-464.8537493141454,0,0.0,23,406.0,0.030434783,0.05942029,0.0,0.2,May,2,2,1,13,Returning_Visitor,0,0
0,0.0,0,0.0,19,950.0,-0.13235505056857022,0.011111111,0.0,0.0,May,1,1,1,2,Returning_Visitor,0,0
0,0.0,0,482.8888206212197,1,0.0,0.0,0.2,77.40337862157624,0.2,May,2,2,6,1,Returning_Visitor,0,0
14,0.0,0,0.0,12,168.0,0.20035381581522702,0.063888889,0.0,0.0,Nov,2,2,1,1,Returning_Visitor,0,0
0,-471.2200874486914,0,0.0,12,103.0,0.133333333,-0.11452441737233392,0.0,0.6,May,2,2,1,3,Returning_Visitor,0,0
-10,51.5,0,0.0,57,2689.291667,-0.12670737958262154,0.0275,-58.76107557225848,0.0,Nov,2,2,9,2,Returning_Visitor,0,0
0,0.0,0,0.0,3,7273.359214122927,0.066666667,0.133333333,0.0,0.0,Dec,2,4,7,3,Returning_Visitor,0,0
13,-556.076024026662,0,0.0,177,465.5,0.006666667,0.056666667,43.79717364,0.0,Mar,2,2,1,1,Returning_Visitor,0,0
12,743.9916959617426,2,-439.63547015954504,226,12900.7676,0.004361055,0.017955889,44.69642794,0.0,Nov,2,2,1,2,Returning_Visitor,0,1
0,0.0,25,0.0,16,344.4,0.023529412,0.052941176,0.0,0.0,Jul,2,2,2,4,Returning_Visitor,0,0
0,0.0,0,0.0,35,8667.753241886076,-0.16562003744449608,-0.14739264955733225,73.61402961181841,0.8,May,2,10,2,4,Returning_Visitor,0,0
0,703.6441411209514,0,0.0,16,-5524.343057231057,0.0,0.005208333,29.4628439,0.0,Nov,3,2,3,2,New_Visitor,1,0
3,119.0295082,2,696.2,37,1305.527286,-0.14411856678652105,0.022135467,6.324477083,0.0,Aug,1,2,8,2,Returning_Visitor,1,1
1,80.6,0,0.0,21,479.5857143,0.005,0.21035759118443653,10.89761784,0.0,Oct,1,1,3,2,Returning_Visitor,1,1
7,42.25714286,0,0.0,124,4067.010247,-0.1321370430199493,0.022888335,6.709440135,0.0,Nov,2,2,3,2,Returning_Visitor,0,1
5,260.1,0,0.0,17,341.6166667,0.21535601591640566,0.00627451,0.0,0.0,Jul,1,1,2,4,Returning_Visitor,1,0
7,56.3,0,0.0,11,-5028.830934975878,0.025,0.04375,10.02470626,0.0,Oct,2,2,2,1,Returning_Visitor,0,0
1,2.0,0,-400.2404980267046,164,106.75,-0.16090412604830015,0.044444444,0.0,0.0,Nov,3,2,3,3,Returning_Visitor,0,0
0,0.0,0,0.0,39,1858.566667,0.0,0.002564103,0.0,0.0,Nov,2,2,3,2,New_Visitor,0,0
0,0.0,0,0.0,29,740.5,0.0,0.009315376,0.0,0.0,May,1,1,2,4,Returning_Visitor,0,0
0,0.0,25,0.0,1,-5329.9071215203785,0.2,0.2,-50.40398312319003,0.0,Mar,1,1,1,9,Returning_Visitor,1,0
0,0.0,0,0.0,1,0.0,0.18643790620964548,-0.11220269761216153,0.0,0.0,Nov,2,6,2,1,Returning_Visitor,0,0
3,138.0,2,491.8012612261835,54,2631.1,0.0,0.00969697,0.0,0.0,Mar,1,2,1,2,Returning_Visitor,0,0
0,0.0,1,78.0,108,6969.922878940112,0.008873457,0.20722170899737402,0.0,0.0,Nov,3,2,2,13,Returning_Visitor,0,0
3,628.3895698255042,25,0.0,17,237.6066667,0.0,0.23276794793354955,94.10360412,0.0,Oct,1,1,2,4,Returning_Visitor,0,1
1,43.0,0,0.0,37,1505.166667,0.0,0.005263158,-50.16692335969604,0.0,Mar,2,2,4,8,New_Visitor,0,0
12,0.0,0,0.0,6,203.0,0.1,0.108333333,0.0,0.0,May,1,1,3,4,Returning_Visitor,0,0
0,0.0,0,0.0,1,0.0,0.2,-0.11433778806325127,0.0,0.0,May,3,3,4,4,Returning_Visitor,0,0
1,-633.8690253282114,25,57.5,63,1980.238095,0.0,0.015025253,0.0,0.0,Nov,3,2,1,2,New_Visitor,1,0
0,0.0,0,0.0,2,0.0,0.2,0.2,-52.07020216777204,-0.7400752721205329,Mar,2,5,1,1,Returning_Visitor,0,0
5,110.0,25,0.0,39,-4810.447707078056,0.2144313853616414,0.016744186,-68.0162876316124,-0.674814693335818,May,4,1,8,4,Returning_Visitor,0,0
0,0.0,25,0.0,27,1199.725758,0.007407407,0.01691358,9.028406684,-0.6822808820283796,Mar,1,1,2,3,Returning_Visitor,0,0
7,146.7,5,195.0,42,-6379.463209064832,0.001960784,0.029981326,0.0,0.0,Dec,2,2,1,2,Returning_Visitor,0,0
2,154.5,0,571.3117856389091,7,108.4166667,0.0,0.044444444,0.0,-0.5435951669117866,Nov,1,5,9,2,New_Visitor,0,0
2,324.5,1,0.0,187,696.225,0.008333333,0.018055556,0.0,0.0,Nov,1,1,4,2,Returning_Visitor,0,0
0,0.0,0,0.0,184,40.0,0.142857143,0.157142857,0.0,0.6,May,3,2,3,4,Returning_Visitor,0,0
-10,33.0,0,0.0,-105,898.5,0.0,0.013333333,0.0,0.8089179163773831,Mar,2,10,6,10,Returning_Visitor,0,0
9,-550.516991693089,1,20.0,39,1721.872725,0.00974026,0.019066142,16.42363253,0.0,May,1,1,1,13,Returning_Visitor,0,0
0,0.0,0,521.2513556425006,32,2787.75,0.00625,0.003125,0.0,0.0,Nov,1,1,1,2,New_Visitor,0,0
0,0.0,25,0.0,11,192.45,0.036363636,0.040909091,27.31510469,0.0,Oct,3,2,1,1,Returning_Visitor,1,1
1,21.25,25,0.0,92,2716.519048,0.006737589,0.037885297,23.7389113,-0.5484061881541549,Nov,2,2,3,2,Returning_Visitor,1,0
3,67.0,0,0.0,12,353.0,0.0,0.015384615,0.0,0.0,Mar,2,2,3,2,New_Visitor,0,0
3,37.6,0,-433.51165278587365,12,299.2666667,0.20749630387638893,0.030769231,0.0,0.0,Sep,3,2,1,6,Returning_Visitor,0,0
12,1449.666667,4,559.0833333,127,4876.007712,0.005755396,0.029203072,-68.23133698085864,0.0,Nov,2,2,1,2,Returning_Visitor,0,0
0,0.0,0,0.0,-125,3575.0,0.0,0.003846154,119.8943327,0.0,Nov,2,5,6,2,Returning_Visitor,0,1
0,0.0,0,-493.25139121465367,8,110.0,0.0,-0.10552501040023196,0.0,0.0,May,2,5,1,2,Returning_Visitor,0,0
4,43.225,0,484.18384680406797,13,293.725,0.022222222,0.19800325917731726,-54.38604426327754,0.0,Nov,2,2,3,2,Returning_Visitor,0,0
-7,0.0,0,0.0,26,1140.166667,0.032248521,0.032948718,0.0,0.0,Nov,3,2,6,13,Returning_Visitor,0,0
0,634.0409142914743,0,0.0,1,7476.20801621373,0.0,0.1,0.0,0.8016323414938273,Dec,2,6,4,1,Returning_Visitor,0,0
-8,796.6055113230036,0,474.7691968170731,21,704.3,0.0,0.018478261,0.0,0.0,Dec,1,2,8,2,New_Visitor,0,1
1,0.0,0,0.0,9,837.6666667,0.0,0.022222222,0.0,0.0,May,3,2,1,13,Returning_Visitor,0,0
1,32.3,1,26.5,51,1068.357692,0.01372549,0.043697479,7.570470024,0.6930535668602997,Nov,2,10,2,2,Returning_Visitor,0,0
3,9.0,0,0.0,17,372.25,0.0,0.016666667,0.0,0.0,Nov,4,1,3,1,Returning_Visitor,0,0
0,0.0,0,0.0,1,7051.684867828078,0.2,0.2,0.0,0.0,Dec,3,2,9,1,Returning_Visitor,1,0
0,0.0,0,0.0,2,78.0,0.0,0.05,0.0,0.0,Dec,3,2,9,2,Returning_Visitor,0,0
6,394.1,4,489.6,-120,1190.4,0.0,0.012318841,17.19073913,0.0,May,3,2,1,11,Returning_Visitor,0,0
2,45.5,0,0.0,-134,535.0,0.0,0.025,73.83243232738442,0.0,Nov,2,2,3,11,Returning_Visitor,1,1
15,0.0,0,0.0,7,431.5333333,0.0,0.007142857,0.0,0.7805894201813407,Oct,2,2,1,2,Returning_Visitor,0,0
2,640.4229069866208,0,0.0,53,2016.566667,0.003636364,0.036363636,8.154361332,0.0,June,2,2,3,3,Returning_Visitor,0,1
0,0.0,25,0.0,16,-4553.51056227793,0.0,0.014285714,0.0,0.0,Mar,2,2,1,2,New_Visitor,0,0
2,20.2,25,0.0,16,6982.185951768339,0.0,0.011111111,0.0,0.7546626796984234,Oct,2,2,2,2,New_Visitor,1,0
3,105.2,0,0.0,25,830.9366667,0.007142857,0.004285714,78.49269543824983,0.0,Nov,2,2,1,2,Returning_Visitor,0,0
0,0.0,25,477.6078004121511,125,7453.766667,0.001626016,0.013132473,0.0,-0.660870341705883,Nov,2,2,3,2,Returning_Visitor,0,0
5,76.0,0,0.0,7,154.0,0.0,0.005555556,0.0,0.0,Mar,1,2,3,2,New_Visitor,1,0
1,23.2,0,0.0,5,58.0,0.0,0.033333333,0.0,0.0,Oct,3,2,1,3,Returning_Visitor,0,0
0,0.0,25,0.0,16,1599.266667,0.0,0.013333333,0.0,0.0,May,4,2,2,13,Returning_Visitor,0,0
7,989.9,0,0.0,186,1474.233333,-0.13179846822626806,0.025634921,0.0,0.0,May,3,2,1,3,Returning_Visitor,0,0
0,0.0,0,0.0,5,64.0,0.0,0.1,0.0,0.0,Sep,2,2,6,2,Returning_Visitor,0,0
14,201.3666667,1,204.0,116,-5788.6818127727,0.000655738,0.005854801,42.7752197,0.0,Nov,3,2,2,2,Returning_Visitor,0,1
4,206.0666667,0,0.0,9,8300.527454963483,-0.13605015221809724,0.018181818,0.0,0.687442767723791,Oct,2,2,1,6,Returning_Visitor,0,0
0,-475.212703637123,0,0.0,179,30.5,0.0,0.05,0.0,0.0,Mar,3,2,4,10,Returning_Visitor,0,0
14,-468.82919933084474,1,13.0,171,-4808.814132804216,0.011276738,0.031489963,-66.31730044273462,0.0,June,2,4,3,2,Returning_Visitor,0,0
0,0.0,25,0.0,6,74.0,0.0,0.02,-51.560432040522564,0.0,Mar,2,4,6,8,Returning_Visitor,0,0
15,24.5,0,0.0,22,353.1666667,0.018181818,0.031818182,0.0,0.0,Mar,2,5,1,3,Returning_Visitor,0,0
0,0.0,25,0.0,-140,366.0,0.02,0.056666667,-51.09101368406367,0.6,May,1,1,1,3,Returning_Visitor,0,0
0,0.0,0,-435.2144384654297,1,0.0,0.2,0.2,0.0,0.0,Mar,3,2,7,1,Returning_Visitor,0,0
1,26.5,25,594.909491366644,24,760.7632353,0.006153846,0.020512821,33.11000268,0.0,Nov,2,2,1,2,Returning_Visitor,0,1
0,621.4870711248855,0,0.0,6,75.0,0.0,-0.1348575975486961,0.0,0.0,Mar,1,1,1,2,Returning_Visitor,0,0
5,654.4410024655995,0,0.0,35,2429.8125,0.0,-0.1323524016295075,102.4922188,0.0,Nov,2,2,2,1,Returning_Visitor,0,1
12,134.5,0,0.0,18,362.5,0.0,0.22547756827710166,-55.18852006215535,0.0,Dec,3,2,1,2,New_Visitor,0,0
5,-562.2810617229688,0,0.0,232,5932.596554,0.002564103,0.20103135600200583,-57.27391682482873,0.0,Nov,2,2,1,2,Returning_Visitor,0,1
0,0.0,0,0.0,31,1350.5,0.006451613,0.016129032,0.0,0.0,Mar,2,5,2,2,Returning_Visitor,0,0
5,172.8492647,0,0.0,165,2002.814281,0.0,0.029566569,18.13388282,0.0,Nov,2,2,1,11,Returning_Visitor,0,0
15,0.0,25,0.0,19,8674.721131660128,-0.1398039243062502,0.23642225521219173,14.58941181,0.0,Dec,2,4,3,2,Returning_Visitor,1,0
0,0.0,25,0.0,4,8306.332455117023,0.0,0.05,0.0,0.0,May,2,10,2,2,Returning_Visitor,0,0
2,83.4,2,385.8,41,-6061.979218675304,0.0,0.018043478,10.25950957,0.0,Oct,1,1,3,2,Returning_Visitor,0,0
4,62.5,1,64.0,56,1246.919048,0.003333333,0.22769072932220388,-50.88458893778065,0.0,Mar,3,2,1,3,Returning_Visitor,0,0
6,77.0,3,447.0,34,1469.702381,0.0,0.02398374,70.59991911736883,0.8258010256421898,Mar,2,2,1,2,Returning_Visitor,0,0
7,141.8388889,0,0.0,33,486.5600582,-0.13729472901786538,0.028784722,11.84059922,0.0,June,2,2,3,1,Returning_Visitor,0,0
2,83.6,25,0.0,18,7524.528163574152,0.0,0.00952381,16.36245374,0.0,Aug,2,2,1,4,New_Visitor,0,1
15,0.0,0,0.0,2,0.0,0.2,0.2,0.0,0.0,May,2,2,1,3,Returning_Visitor,0,0
0,0.0,0,0.0,1,0.0,0.2,0.2,64.90891892423775,0.0,Mar,2,2,3,1,Returning_Visitor,0,0
0,-587.324342088089,2,534.5763002645091,63,4833.925,0.006153846,0.015128205,68.32243289277314,0.7863963862428306,May,2,2,6,4,Returning_Visitor,0,0
2,154.6,2,69.6,20,479.1,0.0,-0.13047950814742215,0.0,0.0,Sep,3,2,2,1,New_Visitor,0,0
12,0.0,25,0.0,3,-4934.868495296309,0.0,0.083333333,0.0,0.0,Nov,1,1,9,2,Returning_Visitor,0,0
0,640.3773295052791,0,0.0,13,635.3333333,0.0,0.009090909,0.0,0.0,Mar,2,2,4,1,Returning_Visitor,0,0
1,24.0,1,239.0,11,-4557.692303205221,-0.14515120441414672,0.05,0.0,0.0,Mar,1,1,4,2,Returning_Visitor,0,0
0,0.0,25,0.0,1,0.0,0.21221932917881445,0.2,0.0,0.0,Mar,1,1,1,3,Returning_Visitor,0,0
1,4.0,0,0.0,24,7467.074444380926,0.025,0.032638889,22.74458333,0.4,May,3,2,6,13,Returning_Visitor,0,1
0,0.0,0,0.0,7,17.0,0.085714286,0.142857143,-57.56615391200501,0.0,May,2,4,3,3,Returning_Visitor,0,0
3,183.0,0,0.0,190,6375.065753,0.00938918,0.020211611,0.0,0.0,Nov,2,2,1,2,Returning_Visitor,0,0
14,-573.585624929285,6,261.6333333,26,2559.898333,0.015789474,0.2149314587372574,20.30438949,-0.5885358985601536,Mar,1,2,1,2,Returning_Visitor,0,0
0,0.0,0,0.0,33,629.8583333,0.006060606,0.03030303,63.60579231350831,0.0,Nov,2,2,3,1,Returning_Visitor,1,0
-10,99.0,0,0.0,23,831.6904762,-0.13293106245724184,0.20855440222456928,67.83203571345138,0.0,May,3,2,4,13,Returning_Visitor,0,0
2,20.2,0,-456.84788419399655,45,580.9357143,0.004444444,0.005,0.0,-0.5627248979095778,Aug,2,2,1,2,New_Visitor,0,0
0,0.0,0,0.0,12,404.0,0.21122104788057602,0.033333333,0.0,0.0,May,2,4,6,1,Returning_Visitor,0,0
3,138.0,2,1005.0,62,7422.216902520257,0.003125,0.19669555377494416,0.0,-0.5772169834362314,May,2,2,4,4,Returning_Visitor,1,0
13,691.7380836960529,0,0.0,6,111.6,0.0,0.016666667,24.9184548,0.0,Oct,1,2,3,2,Returning_Visitor,1,1
0,0.0,0,0.0,6,319.0,0.21412805805635432,0.05,62.78539199715911,-0.6813519147826598,Mar,1,1,6,1,Returning_Visitor,1,0
13,0.0,0,0.0,1,0.0,0.18767496629743702,0.2,0.0,0.0,Nov,2,2,7,10,Returning_Visitor,1,0
-8,0.0,0,0.0,4,54.0,0.17583062751095194,0.066666667,0.0,-0.6140425035488484,Dec,1,1,2,2,Returning_Visitor,1,0
0,0.0,0,0.0,5,70.0,0.04,0.08,0.0,0.4,May,2,5,6,3,Returning_Visitor,0,0
-10,0.0,0,0.0,11,8815.088727963961,0.018181818,-0.14101068623201785,0.0,0.0,Dec,4,1,8,2,Returning_Visitor,0,0
0,0.0,0,0.0,9,165.5833333,0.21315836780106678,-0.13170253457833983,-60.28903352753348,0.0,Dec,3,2,1,3,Returning_Visitor,0,0
5,110.75,0,0.0,11,146.75,0.0,0.02,0.0,-0.5949899274455598,Nov,1,1,1,15,Returning_Visitor,0,0
0,0.0,0,479.8426779845312,64,7818.224562032406,0.18706215511500968,0.008854167,0.0,0.8466465507690961,Nov,1,1,3,10,Returning_Visitor,0,0
1,22.0,0,0.0,169,180.5,0.0,0.033333333,65.71194161769594,0.0,Dec,3,2,6,20,New_Visitor,0,0
2,78.0,0,0.0,-129,269.75,0.0,0.013333333,-67.81656217402849,0.0,May,3,2,4,2,New_Visitor,0,1
-8,0.0,0,0.0,14,1501.0,0.093333333,0.126666667,0.0,0.0,May,3,2,4,4,Returning_Visitor,0,0
1,65.5,1,598.23189231129,82,5316.459524,-0.16004434535634085,0.01125,77.25951671,0.0,Nov,1,1,9,3,Returning_Visitor,1,1
3,-583.3642510083041,0,0.0,28,425.0969048,0.0,0.002380952,0.0,0.0,Oct,3,2,7,11,New_Visitor,1,0
2,94.6,1,108.8,42,1157.783333,0.0,0.032222222,0.0,0.0,Oct,2,4,1,1,Returning_Visitor,1,0
3,81.4,0,0.0,18,240.3,0.0,0.030434783,0.0,0.0,Aug,2,2,1,6,Returning_Visitor,0,0
13,214.8823529,0,0.0,41,1182.106162,0.0,0.018485839,4.465398354,0.0,Mar,2,4,3,2,Returning_Visitor,0,0
0,0.0,0,-474.5011916493506,3,183.0,0.18824177104137552,0.066666667,0.0,0.0,Mar,1,1,1,1,Returning_Visitor,1,0
0,0.0,25,0.0,10,240.5,0.0,0.022222222,0.0,0.8595489765231997,May,2,2,8,4,Returning_Visitor,0,0
4,100.0,25,0.0,18,954.9083333,0.0,0.008521303,75.1962240618478,0.0,Nov,1,2,8,2,Returning_Visitor,1,0
0,0.0,25,0.0,-140,390.9,0.013333333,0.066666667,0.0,0.0,Aug,2,2,6,3,Returning_Visitor,0,0
3,22.2,0,0.0,2,8541.01080391486,0.0,0.04,-67.58382245561704,0.0,Sep,2,2,8,2,New_Visitor,1,0
3,83.4,0,0.0,43,2013.659524,0.0,-0.11428359468855409,0.0,0.0,Oct,2,2,1,20,Returning_Visitor,0,0
0,0.0,0,0.0,17,399.5,0.017647059,0.047058824,0.0,0.0,Dec,2,2,1,2,Returning_Visitor,0,0
0,0.0,0,0.0,13,215.952381,0.0,0.018181818,0.0,0.0,Nov,3,2,6,2,New_Visitor,0,0
0,0.0,0,0.0,18,-5073.424876305251,0.084210526,-0.10886956175339725,-52.905862797259985,0.8,May,2,2,2,13,Returning_Visitor,0,0
7,778.4,0,0.0,-139,827.5333333,0.0,0.018181818,-52.093934345616006,0.0,Sep,1,2,6,2,Returning_Visitor,0,0
0,0.0,0,0.0,8,170.5333333,0.0,0.0,37.96905976,0.0,Aug,2,5,1,5,New_Visitor,0,1
0,0.0,1,0.0,21,472.5,-0.16653687674135606,0.019047619,34.27708553,0.0,Nov,1,1,1,10,Returning_Visitor,0,1
7,138.15,0,0.0,9,232.31,0.0,0.028717949,0.0,0.0,Oct,2,2,5,2,Returning_Visitor,1,0
0,0.0,0,-457.50908917365,6,118.3333333,0.033333333,0.044444444,0.0,0.0,Nov,3,2,1,3,Returning_Visitor,1,0
0,0.0,0,0.0,11,-5232.014247903224,-0.1516866104542464,0.072727273,0.0,0.8442532441503876,May,2,2,1,2,Returning_Visitor,0,0
0,0.0,0,0.0,5,134.5,0.04,0.024,0.0,0.0,Nov,3,2,9,3,Returning_Visitor,1,0
4,61.0,25,0.0,117,1569.866667,0.1759688628756028,0.011870845,49.95438177,0.0,May,2,2,1,3,Returning_Visitor,0,0
0,0.0,0,0.0,31,453.0,0.0,0.037634409,0.0,0.8035003479890903,May,2,2,1,1,Returning_Visitor,0,0
0,0.0,0,0.0,177,-6211.662498753378,0.083333333,0.23851999250059175,0.0,0.0,May,3,2,4,3,Returning_Visitor,0,0
5,417.5,3,151.25,45,1739.25,0.014666667,-0.13062126612870847,0.0,0.0,Dec,3,2,1,1,Returning_Visitor,0,0
0,0.0,0,0.0,4,44.0,0.21654895575264888,0.05,0.0,0.0,May,2,4,3,2,New_Visitor,1,0
3,28.8,5,470.3317945364706,21,-6331.063811416961,0.02962963,0.030864198,0.0,0.0,Jul,1,1,3,1,Returning_Visitor,0,0
-8,108.8,0,493.8449896061578,15,387.4,0.0,0.004166667,0.0,0.0,June,2,2,1,2,New_Visitor,0,0
0,0.0,0,0.0,2,0.0,0.2,0.2,79.07902376663921,0.0,Mar,1,1,1,1,Returning_Visitor,0,0
0,0.0,0,0.0,19,-4561.505845242072,0.021052632,0.052631579,0.0,0.0,Mar,2,2,5,1,Returning_Visitor,1,0
2,128.8,2,-419.35695389848627,-140,700.55,0.0,0.005882353,-63.9777524124116,0.0,Jul,2,2,6,2,New_Visitor,0,0
2,-569.7047030890768,0,0.0,7,720.0,0.0,0.011111111,0.0,0.0,Mar,2,2,3,6,Returning_Visitor,0,0
0,0.0,0,0.0,63,1361.203175,0.17418493733443438,0.014761905,0.0,0.0,Nov,2,2,7,2,Returning_Visitor,0,0
1,15.0,0,0.0,29,1714.4,-0.1602534832730249,0.048765432,0.0,0.0,May,2,5,6,4,Returning_Visitor,0,0
1,56.5,0,-428.3718467157521,19,1089.75,0.0,-0.12176290885895243,24.872085,0.0,Dec,2,2,7,2,Returning_Visitor,0,1
1,46.5,25,0.0,-109,578.8106061,0.00952381,0.04021164,0.0,0.7072404141466819,Dec,1,1,2,2,Returning_Visitor,0,0
0,712.7060036673042,0,0.0,9,531.0,0.0,0.011111111,0.0,0.8,May,4,1,1,2,Returning_Visitor,0,0
13,340.5916667,0,0.0,43,863.3468254,0.0,0.006730769,40.01028435,0.0,Nov,2,2,4,1,Returning_Visitor,0,1
3,109.7,0,0.0,16,852.3,0.011764706,0.043137255,0.0,0.7886316570981566,Oct,2,2,1,3,Returning_Visitor,0,0
0,0.0,0,528.9957824766602,5,672.5,0.0,0.04,0.0,0.0,Mar,2,2,1,1,Returning_Visitor,0,0
13,143.625,0,0.0,63,2801.131746,0.003030303,0.012987013,9.078681618,0.0,Nov,3,2,1,2,Returning_Visitor,0,1
15,0.0,0,0.0,3,324.0,0.0,0.066666667,0.0,0.0,May,4,1,1,4,Returning_Visitor,1,0
1,22.0,0,0.0,2,5.0,0.0,0.066666667,0.0,0.0,May,2,2,3,4,Returning_Visitor,0,0
14,746.1013084286775,0,0.0,66,-5265.118481812432,0.006036217,0.034560698,12.02904527,0.0,Nov,2,2,3,6,Returning_Visitor,0,0
0,0.0,0,0.0,24,460.45,0.016666667,0.031944444,0.0,0.4,May,2,2,6,13,Returning_Visitor,0,0
0,0.0,0,0.0,2,33.0,0.0,0.1,0.0,0.0,May,1,8,3,2,Returning_Visitor,0,0
1,64.5,25,0.0,32,1443.641667,0.0,0.010784314,111.2629939,0.0,Nov,2,2,1,2,Returning_Visitor,1,1
0,0.0,0,0.0,165,-6397.551537930329,0.0,0.0,53.6853974,0.0,Aug,2,2,1,2,New_Visitor,0,1
1,678.728634554717,0,0.0,17,225.68,0.0,0.003703704,0.0,0.0,Nov,2,10,1,2,Returning_Visitor,0,0
8,152.3333333,0,0.0,25,481.1666667,0.0,0.005,61.77212255837281,0.0,May,2,2,4,3,Returning_Visitor,0,0
0,0.0,0,0.0,10,294.75,0.0,0.03,0.0,0.0,Dec,1,1,3,8,New_Visitor,0,0
0,651.862122182905,0,0.0,51,-5885.688752610686,0.004313725,0.02129085,0.0,-0.620328857252487,May,2,2,8,3,Returning_Visitor,1,0
0,0.0,0,0.0,5,56.0,0.04,0.08,0.0,0.0,Mar,2,4,1,1,Returning_Visitor,1,0
0,0.0,25,0.0,15,298.1666667,0.013333333,-0.10678343836860157,0.0,0.4,May,2,10,9,3,Returning_Visitor,0,0
0,696.2346499065229,0,568.4293354048687,171,484.672619,-0.1540592630725351,0.018965517,0.0,0.0,Mar,2,6,7,1,Returning_Visitor,0,0
1,47.0,0,0.0,-105,197.5,0.0,0.025,-56.4034283138848,0.0,May,3,2,1,3,New_Visitor,0,0
0,0.0,0,0.0,80,801.802381,0.0,0.0035,0.0,0.0,Mar,2,2,3,1,Returning_Visitor,0,0
2,1145.25,3,91.30357143,46,2756.19246,0.20073515899973463,0.01765792,0.0,0.0,Nov,3,2,1,2,Returning_Visitor,1,0
0,0.0,0,0.0,14,8138.513066525891,0.064285714,0.085714286,-56.103663215354274,0.6,May,2,2,2,3,Returning_Visitor,0,0
1,792.7397309018803,0,564.7085050092453,50,824.6666667,0.0,0.003921569,0.0,0.0,May,2,2,2,4,Returning_Visitor,0,0
4,-624.5435407362263,25,231.6,35,996.1480769,0.006081081,0.041741742,0.0,0.0,Nov,2,2,5,2,Returning_Visitor,1,0
11,369.8333333,4,109.8,177,5962.205556,0.005345912,0.015283019,0.0,0.0,June,2,2,5,2,Returning_Visitor,0,0
0,0.0,0,0.0,13,253.3333333,0.030769231,0.073076923,0.0,0.8,May,2,2,5,3,Returning_Visitor,0,0
7,58.6,0,0.0,20,7484.061106771691,0.017391304,0.044637681,0.0,0.0,Jul,1,1,1,4,Returning_Visitor,1,0
7,38.6,25,0.0,70,1087.7,0.0,0.004861111,0.0,0.0,Oct,2,2,4,5,Returning_Visitor,0,0
6,-545.3685011362421,0,0.0,11,134.9,0.013333333,0.005333333,-61.40422380935807,0.0,Mar,3,2,1,8,New_Visitor,1,0
0,0.0,0,0.0,19,1440.166667,0.026315789,0.040350877,0.0,0.0,Nov,1,1,1,1,Returning_Visitor,0,0
-10,669.0029127122135,0,0.0,86,5332.547778,0.013882353,0.0654082,0.0,0.0,Aug,2,2,4,1,Returning_Visitor,0,0
12,297.2083333,0,0.0,-102,778.675,0.004347826,0.020434783,13.28070081,0.0,Dec,1,1,9,3,Returning_Visitor,0,0
3,117.0,25,0.0,20,543.8,0.00952381,-0.10344223525496572,0.0,0.0,Mar,1,1,1,2,New_Visitor,0,0
3,77.33333333,2,7.0,24,1051.291667,0.18588946944942816,0.014814815,0.0,0.0,Dec,2,13,9,20,Returning_Visitor,0,0
3,57.425,25,-458.2879401571917,11,281.425,-0.14759460278357053,0.053125,0.0,0.0,Nov,2,2,4,2,Returning_Visitor,0,0
0,0.0,0,0.0,17,284.25,0.0,0.21029783046850387,0.0,0.0,Feb,3,2,6,2,Returning_Visitor,1,0
4,226.6,2,462.78944084141347,-105,8785.318212509617,0.021929825,0.042105263,-67.117621778041,0.0,Sep,3,2,1,13,Returning_Visitor,1,0
1,680.1577234328367,0,0.0,25,593.2916667,0.008333333,0.00375,0.0,0.6746922948822124,Dec,1,1,1,1,Returning_Visitor,1,0
0,651.1639830077524,0,0.0,11,8020.226210975522,0.0,0.009090909,0.0,0.0,Nov,1,1,1,8,New_Visitor,0,0
-7,312.0,1,11.0,92,2710.570238,0.016842105,0.026417863,0.0,-0.6476192249137086,May,2,2,4,3,Returning_Visitor,0,0
0,0.0,0,569.8037246753772,36,925.8333333,0.041666667,0.071296296,0.0,0.8,May,2,2,6,13,Returning_Visitor,0,0
0,0.0,25,0.0,24,387.8846154,0.025,0.038095238,0.0,0.0,Mar,2,2,3,3,Returning_Visitor,0,0
14,0.0,0,0.0,9,216.0,0.066666667,0.077777778,0.0,-0.6092495214109356,May,1,1,1,3,Returning_Visitor,0,0
1,12.83333333,3,77.0,-106,7759.550964212876,0.1886693707355577,0.012941176,10.32166068,0.0,Mar,2,2,1,2,Returning_Visitor,0,0
2,20.0,25,0.0,13,181.5,0.0,-0.14704014384517014,0.0,0.0,Mar,2,2,1,1,Returning_Visitor,0,0
9,227.6,25,0.0,170,1935.06131,0.006557377,0.022222222,-54.11634785009804,0.0,Dec,1,2,1,2,Returning_Visitor,0,1
0,0.0,0,-438.51696042023127,1,-6055.670855433739,0.2,0.2,0.0,0.4,Feb,2,4,3,3,Returning_Visitor,0,0
5,413.5,0,0.0,25,3484.233333,0.0,0.02,0.0,-0.6622218594797622,Mar,2,4,1,3,Returning_Visitor,1,0
0,0.0,0,-426.32063411223373,8,372.8333333,0.0,-0.1294658410468008,-63.75060637982382,0.0,Mar,1,1,1,1,Returning_Visitor,0,0
0,710.7790323078593,0,0.0,18,476.1777778,0.05,0.066666667,1.718218835,0.0,Aug,3,2,5,13,Returning_Visitor,0,0
15,0.0,0,0.0,172,877.6666667,0.02020202,0.042323232,5.694121212,0.8003928689249913,May,2,2,1,2,Returning_Visitor,0,0
1,6.0,1,7.0,25,591.8928571,0.0,0.020833333,165.6204667,0.0,May,1,1,8,4,Returning_Visitor,1,1
0,0.0,0,0.0,19,801.5833333,0.010526316,0.035087719,0.0,0.828572042278571,May,1,1,1,2,Returning_Visitor,1,0
0,640.2189841286884,0,0.0,4,47.0,0.1,0.2333807954262298,0.0,0.0,Mar,2,2,1,3,Returning_Visitor,1,0
0,0.0,0,0.0,5,151.2,-0.13037184165483573,-0.14760680875663812,0.0,0.8,May,7,1,3,1,Returning_Visitor,0,0
0,638.8717884312586,0,0.0,25,-5853.9579110427485,0.0,0.008695652,0.0,0.0,Nov,2,4,1,8,Returning_Visitor,0,0
0,0.0,0,0.0,37,1089.208333,0.2165188240932,0.017117117,63.882022646273725,0.0,Dec,4,2,1,2,New_Visitor,0,0
0,0.0,0,0.0,31,1625.583333,0.0,0.009677419,0.0,0.0,Dec,4,2,1,8,New_Visitor,0,0
4,47.25,0,0.0,2,24.25,0.0,0.04,0.0,0.0,Dec,2,2,1,2,New_Visitor,0,0
2,49.0,1,127.0,4,-6181.20586893098,0.033333333,0.0375,0.0,0.0,Mar,3,2,3,2,Returning_Visitor,0,0
-7,0.0,25,0.0,1,0.0,0.2,0.20083234960452878,0.0,-0.6673400441155937,Feb,3,2,3,3,Returning_Visitor,0,0
4,144.5,2,52.5,39,1299.5,0.004878049,0.021138211,0.0,0.0,Nov,2,2,1,1,Returning_Visitor,0,0
15,57.0,0,0.0,7,591.0,0.006666667,0.033333333,0.0,0.0,Mar,1,2,6,6,Returning_Visitor,1,0
0,0.0,25,0.0,51,6505.333333,0.036,0.050333333,0.0,0.0,Dec,2,2,6,1,Returning_Visitor,1,0
14,85.0,25,0.0,187,599.0,0.015,0.035,0.0,0.0,May,2,2,1,2,Returning_Visitor,0,0
0,0.0,0,0.0,2,53.0,0.0,0.1,0.0,0.0,May,4,2,4,13,Returning_Visitor,0,0
0,0.0,0,0.0,15,614.3333333,0.007692308,0.025641026,0.0,0.0,May,1,1,1,15,Returning_Visitor,0,0
0,0.0,0,0.0,7,486.5,0.17928936264540177,0.028571429,-60.185803658646016,0.0,Nov,2,4,1,1,Returning_Visitor,0,0
0,0.0,0,0.0,-120,7424.125335062662,0.03,0.055,-62.78605633432677,0.0,Mar,1,1,1,1,Returning_Visitor,0,0
5,158.7,0,0.0,51,1364.266667,0.007692308,0.011987179,0.0,0.0,Nov,3,2,3,2,Returning_Visitor,1,0
3,89.25,25,0.0,176,-6326.9868263826975,0.018181818,0.22428229981084435,0.0,0.0,June,2,2,8,1,Returning_Visitor,0,1
3,107.4285714,0,0.0,59,1843.187696,0.014385965,0.041993382,5.71562257,-0.5439139264877818,Dec,2,2,7,7,Returning_Visitor,1,0
1,5.0,0,0.0,12,2054.333333,0.0,0.015384615,0.0,0.0,May,2,2,9,1,Returning_Visitor,0,0
3,-606.981130197862,0,0.0,8,306.0,0.0,0.008888889,0.0,-0.6996289059453081,Mar,1,1,9,3,New_Visitor,1,0
9,181.275,2,65.0,120,3283.715359,0.004651163,-0.1414279503888805,2.442153455,0.0,Nov,1,2,1,2,Returning_Visitor,0,0
0,0.0,0,0.0,7,165.0,0.042857143,0.1,0.0,0.0,Mar,2,2,2,3,Returning_Visitor,0,0
0,0.0,0,0.0,10,851.1666667,0.0,0.022222222,0.0,0.7205933926828385,Dec,2,2,2,1,Returning_Visitor,0,0
-9,98.75,0,0.0,24,683.1653846,0.0,0.011111111,0.0,0.0,Dec,2,2,1,2,Returning_Visitor,0,0
0,0.0,0,0.0,1,-5372.408607757992,0.2,0.2,77.14827003110791,0.0,Nov,1,8,1,11,Returning_Visitor,0,0
-9,0.0,25,0.0,177,75.5,0.1983093213284141,0.05,0.0,0.7785318749172515,Nov,2,2,1,8,New_Visitor,0,0
9,219.25,25,31.0,18,374.3809524,-0.14474537033907978,0.007666667,71.9092646941147,0.0,May,1,1,1,5,New_Visitor,0,0
0,0.0,0,-477.4862108729534,13,193.3666667,0.015384615,0.023076923,0.0,0.0,Nov,3,2,1,13,New_Visitor,1,0
0,0.0,0,0.0,13,555.5029412,0.036363636,0.020095694,47.99199256,0.0,Nov,4,2,4,2,New_Visitor,0,1
0,0.0,0,0.0,38,454.2891775,0.011111111,0.014074074,74.54679209270512,0.6,May,2,2,1,3,Returning_Visitor,0,0
2,37.0,0,0.0,29,911.5,0.022988506,0.065517241,0.0,0.2,May,2,7,3,4,Returning_Visitor,0,0
0,766.6610677612292,4,758.5,202,1133.333333,0.008,0.020266667,12.36126667,0.0,Dec,3,2,6,2,Returning_Visitor,1,0
0,658.7121192151805,0,0.0,172,1656.615043,0.018421053,0.04154591,0.0,0.8080263616927885,Dec,3,2,2,2,Returning_Visitor,1,0
1,11.0,1,8.0,79,2693.582331,0.0,0.003430424,-65.71229270292582,-0.5683675259170806,Dec,1,1,3,2,Returning_Visitor,0,0
0,0.0,2,24.0,15,-4988.3234363239135,0.0,0.013333333,0.0,0.0,May,6,2,4,2,Returning_Visitor,1,0
7,60.29166667,0,0.0,197,108.5,0.013333333,0.048666667,0.0,0.0,Dec,2,2,2,6,Returning_Visitor,0,0
-10,5.066666667,0,0.0,32,441.6045455,0.0,0.00625,0.0,0.0,Sep,2,2,6,3,New_Visitor,0,0
12,0.0,0,0.0,1,0.0,0.2,0.2,0.0,0.0,May,1,1,1,3,Returning_Visitor,0,0
14,337.58,0,0.0,29,443.5,0.0,0.027027027,0.0,0.0,Oct,2,2,1,3,Returning_Visitor,0,0
9,546.0,25,535.5820937067303,28,1561.083333,-0.12670072986961145,0.03,3.810575284,0.0,Mar,2,2,7,10,Returning_Visitor,0,1
-8,0.0,0,0.0,5,161.5,0.0,0.02,0.0,0.0,May,3,2,4,2,Returning_Visitor,1,0
7,84.55,0,0.0,48,805.0992979,0.0,0.20212704700081732,8.781144231,-0.6169093207635212,May,2,2,1,2,Returning_Visitor,0,0
2,112.9,25,0.0,32,505.55,0.0,0.003225806,0.0,0.0,Oct,2,2,6,2,New_Visitor,0,0
15,176.489011,25,32.75,95,3879.83176,0.001960784,0.017745098,0.0,0.0,Nov,3,2,3,10,Returning_Visitor,1,1
4,637.7344693974703,0,0.0,31,1975.458333,0.0,0.01,0.0,-0.5978843688774094,Mar,2,2,3,3,New_Visitor,1,0
1,150.5,25,0.0,18,635.3333333,0.0,0.011764706,57.5907585,0.0,Nov,2,2,1,2,New_Visitor,1,1
0,741.8159912901518,0,0.0,27,589.5738095,0.007407407,-0.12702461196149073,0.0,0.0,May,3,2,3,4,Returning_Visitor,1,0
2,29.0,1,113.0,14,7111.206573853627,0.0,0.003571429,0.0,0.0,May,2,2,3,2,Returning_Visitor,0,0
6,243.75,0,0.0,8,171.25,0.038888889,0.067222222,0.0,0.0,Dec,3,2,3,1,Returning_Visitor,0,0
0,0.0,25,0.0,1,0.0,0.2,0.2,0.0,0.0,Dec,8,13,9,20,Other,0,0
0,0.0,0,0.0,166,63.0,0.0,0.05,0.0,0.2,Feb,2,6,1,3,Returning_Visitor,0,0
1,8.5,0,0.0,-118,659.2,0.0,0.006451613,0.0,0.0,Mar,2,2,3,3,New_Visitor,1,0
3,56.0,0,0.0,-100,2117.654762,0.0,0.014444444,6.708900602,-0.5717006254227368,Dec,2,2,3,2,Returning_Visitor,0,1
-10,0.0,0,0.0,20,197.3777778,0.025,0.0525,0.0,0.0,Feb,2,6,6,1,Returning_Visitor,0,0
-8,16.0,0,0.0,-113,-6394.905836833325,0.010344828,0.029885057,0.0,0.0,Dec,3,2,6,1,Returning_Visitor,1,0
12,689.9421471830298,0,0.0,166,8380.226627771379,0.015384615,-0.14454865456150293,0.0,0.0,May,3,2,4,3,Returning_Visitor,0,0
6,99.0,1,1.0,23,637.0,0.0,0.002469136,0.0,0.0,Mar,2,5,9,8,New_Visitor,0,0
12,690.9685813579397,0,0.0,44,2187.338725,0.005102041,0.029042386,0.0,0.0,Dec,1,1,8,1,Returning_Visitor,0,0
3,163.3333333,0,0.0,96,1949.647252,0.00742268,0.014405743,0.0,0.0,Dec,1,1,1,1,Returning_Visitor,0,0
1,-469.2949155296692,0,0.0,17,1723.0,-0.16057692370671087,0.003921569,0.0,0.0,May,2,5,9,4,New_Visitor,0,0
-7,89.75,0,0.0,16,467.9166667,0.011111111,-0.12995729255590827,0.0,0.0,Mar,3,2,4,2,Returning_Visitor,1,0
9,179.275,0,0.0,101,5276.594444,0.0,0.005545073,62.18781143413418,0.0,Dec,2,2,6,2,Returning_Visitor,1,0
4,121.5,0,0.0,2,-5572.239413218747,0.0,0.023809524,0.0,0.0,Nov,2,2,9,8,New_Visitor,0,0
1,49.4,0,0.0,18,213.1714286,0.0,0.003921569,0.0,0.0,Oct,2,2,1,2,New_Visitor,0,0
4,118.7,0,0.0,3,89.5,-0.13454437318347184,-0.10737946603103034,0.0,0.0,Nov,3,2,1,4,Returning_Visitor,0,0
-7,81.5,0,-503.5774209538568,61,2202.579167,-0.14086512721934247,0.017153855,0.0,0.0,Mar,2,2,1,1,Returning_Visitor,0,0
0,0.0,0,0.0,8,135.8333333,0.0,-0.14861929683687553,0.0,0.4,May,2,2,9,3,Returning_Visitor,0,0
4,69.96666667,0,0.0,28,2728.755,0.0,-0.10864577392484506,0.0,0.0,Oct,1,1,1,5,Returning_Visitor,0,0
-7,67.0,0,0.0,7,8466.178750753132,0.0125,0.035,0.0,0.0,May,3,2,1,1,Returning_Visitor,0,0
0,0.0,0,0.0,2,63.5,0.0,0.1,70.92596008195133,0.0,Nov,1,1,1,3,Returning_Visitor,0,0
1,25.0,25,514.4328741972165,28,2258.833333,0.007142857,0.046428571,0.0,0.0,Mar,2,2,3,3,Returning_Visitor,1,0
12,0.0,0,0.0,7,865.2777778,0.0,0.029004329,0.0,0.8515605866557141,Mar,1,1,1,10,Returning_Visitor,0,0
4,147.3333333,0,0.0,19,407.8333333,0.0,0.2127378311667275,0.0,0.0,May,2,2,7,2,New_Visitor,0,0
2,46.5,0,-393.2109237893753,90,1322.004437,0.0,-0.13833315243250374,67.61637276749741,0.0,Dec,2,2,7,10,Returning_Visitor,0,0
3,18.0,0,0.0,-106,411.5,0.0,0.023529412,0.0,0.0,Mar,2,2,8,2,Returning_Visitor,0,0
1,46.61111111,25,0.0,45,1873.589297,0.0,0.007242234,42.26791822,0.0,Dec,1,1,3,2,Returning_Visitor,0,0
3,14.5,2,907.8333333,28,804.2833333,0.014141414,0.044155844,7.945805543,0.0,Mar,2,5,9,2,Returning_Visitor,0,0
0,0.0,0,0.0,-131,360.4733333,-0.1708391135663868,0.2374866517114547,0.0,0.0,Jul,1,1,1,3,Returning_Visitor,0,0
2,20.0,0,0.0,15,1839.25,0.0,0.004444444,0.0,0.0,Nov,2,2,9,2,Returning_Visitor,0,0
1,4.0,0,0.0,0,0.0,0.0,0.066666667,0.0,0.0,Mar,4,1,8,6,Returning_Visitor,0,0
0,0.0,0,-391.36881336601016,165,2719.734091,0.008108108,0.024324324,0.0,0.0,Nov,2,2,5,1,Returning_Visitor,0,0
0,0.0,0,0.0,10,7176.900964146173,-0.16985378594638306,0.21750026181472004,0.0,0.0,Nov,2,2,1,8,Returning_Visitor,0,0
1,30.2,0,0.0,30,613.9933333,0.025287356,0.035139573,0.0,0.0,Oct,1,1,1,1,Returning_Visitor,1,0
0,0.0,0,0.0,85,-5926.706197057236,0.006024096,0.024257028,0.0,0.7367341126338501,Aug,2,4,1,3,Returning_Visitor,0,0
12,56.73333333,1,14.6,37,1123.993333,-0.15560606413682868,0.022648084,0.0,0.0,Oct,2,2,3,2,Returning_Visitor,0,0
0,-464.70856169752153,0,0.0,-99,1440.0,0.0,0.05,0.0,0.6907961371479946,May,2,2,5,1,Returning_Visitor,0,0
1,-636.5505962502824,0,-496.4419081266076,29,2209.75,0.0,0.035057471,0.0,0.0,Nov,3,2,8,2,Returning_Visitor,0,0
0,715.0843320306751,0,0.0,58,1893.444444,-0.17150287320605112,0.019047619,0.0,0.0,Nov,1,1,6,10,Returning_Visitor,1,1
4,162.0,3,75.5,4,158.5,0.0,-0.11650132541166426,0.0,0.0,Mar,2,4,1,10,Returning_Visitor,0,0
8,247.0833333,0,0.0,-121,4600.540873,0.008383234,0.021052657,5.28608849,0.0,Nov,2,4,3,2,Returning_Visitor,0,1
2,42.5,0,525.8593435201424,48,970.4192641,0.008571429,0.025088095,5.540024667,0.6,May,2,2,4,4,Returning_Visitor,0,1
3,37.3,4,166.0,67,3872.50942,-0.136916224650865,0.04474971,2.341419718,0.0,May,3,2,3,2,Returning_Visitor,1,0
2,-568.9075691219675,0,0.0,16,877.6666667,0.004166667,0.020208333,0.0,0.0,Nov,3,2,6,6,Returning_Visitor,1,0
0,0.0,0,0.0,15,489.7083333,0.0,0.003846154,0.0,0.0,Dec,1,1,1,2,New_Visitor,0,0
5,106.9,0,-402.0080576436666,-141,7442.388149,0.012735849,0.028901336,0.0,0.0,Aug,2,2,3,13,Returning_Visitor,0,0
-7,171.5,0,0.0,75,2416.060484,0.16990210429285707,0.036664764,0.0,0.0,Nov,2,2,2,1,Returning_Visitor,0,1
1,10.0,25,0.0,25,583.35,0.0,0.016,71.07435633,0.8209966950784631,Oct,1,1,1,2,Returning_Visitor,0,1
0,-554.9008530678406,0,0.0,-138,-4646.897776150068,0.006122449,0.23462704539198903,0.0,0.0,Dec,2,2,1,2,Returning_Visitor,0,0
5,95.1,25,116.8,53,8289.728443033246,0.003508772,0.017602339,0.0,0.0,Oct,2,2,5,2,Returning_Visitor,0,0
1,-497.57616089082103,25,871.4,137,7672.152381,0.00177305,0.011631206,37.72031898,0.0,Oct,2,2,4,2,Returning_Visitor,0,1
1,34.5,0,0.0,40,1473.658333,0.0,0.031153846,0.0,0.0,Nov,1,1,8,10,Returning_Visitor,1,0
0,0.0,0,0.0,66,6100.527778,0.010606061,0.046262626,0.0,0.8,May,2,5,2,6,Returning_Visitor,0,0
0,0.0,0,0.0,17,287.75,0.073529412,0.121568627,0.0,0.6,May,2,2,1,4,Returning_Visitor,0,0
-9,0.0,0,0.0,20,526.5,0.02,0.035,0.0,0.0,Nov,3,2,2,13,Returning_Visitor,0,0
12,42.4,25,0.0,-137,331.8914286,0.0,0.004761905,0.0,0.7205122044756327,Aug,2,2,8,1,Returning_Visitor,1,0
0,0.0,25,0.0,6,203.15,0.0,0.20822398165514314,0.0,0.0,Mar,2,2,7,2,Returning_Visitor,0,0
12,-593.385810607346,25,0.0,20,1166.333333,0.0,0.002631579,14.1273698,0.0,Nov,2,2,2,2,Returning_Visitor,1,1
2,135.0,0,0.0,53,1511.195238,-0.16162348117071612,0.025787879,0.0,0.0,May,2,2,1,6,Returning_Visitor,1,0
0,0.0,0,0.0,31,2285.2,0.006451613,0.04516129,0.0,0.0,Nov,2,2,9,1,Returning_Visitor,0,0
0,0.0,25,0.0,1,0.0,0.2,0.2,0.0,0.0,Mar,2,2,2,1,Returning_Visitor,0,0
3,108.0,0,-515.4862809837232,26,730.5333333,0.011538462,0.014102564,0.0,0.0,May,1,1,1,11,Returning_Visitor,0,0
0,0.0,0,0.0,2,17.0,0.0,0.1,64.31664699266136,0.0,Dec,8,2,7,2,Returning_Visitor,0,0
-10,0.0,0,0.0,18,860.5603175,0.0,-0.14338589528359685,64.66013057372398,0.0,Oct,3,2,6,1,Returning_Visitor,0,0
12,0.0,0,0.0,39,1867.033333,0.0,0.020512821,0.0,0.0,Nov,2,4,4,2,Returning_Visitor,0,0
3,94.0,0,0.0,19,707.2666667,-0.13762437228924745,0.035714286,0.0,0.0,May,2,2,4,2,Returning_Visitor,0,0
0,785.1151887799947,0,0.0,28,558.4761905,0.016666667,-0.10884737232689186,0.0,0.0,Nov,1,1,2,2,Returning_Visitor,0,0
1,682.8563428465453,0,0.0,29,3441.439286,0.007142857,0.005654762,0.0,0.0,Dec,3,2,8,10,Returning_Visitor,0,0
4,309.0,0,0.0,-115,877.5,0.0,-0.1297784661252791,44.47733333,-0.6153606800316265,May,1,1,1,4,New_Visitor,0,1
-10,0.0,0,0.0,5,1306.0,0.06,0.12,0.0,0.0,Mar,2,2,5,13,Returning_Visitor,0,0
0,0.0,0,0.0,1,0.0,0.2,0.2,0.0,0.0,May,2,4,3,2,Returning_Visitor,0,0
1,28.0,0,0.0,19,7273.248637822055,0.0,0.005555556,0.0,0.0,May,2,2,7,5,Returning_Visitor,0,0
5,51.0,0,0.0,10,116.0,0.0,0.016666667,64.32066530139458,0.0,Nov,2,2,7,2,New_Visitor,0,0
15,279.0,2,69.5,41,1430.25,0.0,0.009929078,3.836079931,0.0,Dec,2,2,2,7,Returning_Visitor,0,1
6,-499.16924441282276,0,0.0,59,-6027.773314154307,0.002985075,0.011923715,8.567426866,0.0,Mar,2,4,2,2,Returning_Visitor,1,1
2,25.2,0,0.0,13,7120.2350765221245,0.19169912410418097,0.009375,36.70369311,0.0,Oct,2,2,1,20,Returning_Visitor,0,1
0,0.0,0,0.0,3,16.0,0.0,0.066666667,66.04964017087914,0.6,May,2,2,5,1,Returning_Visitor,0,0
13,0.0,0,0.0,201,0.0,0.2,0.2,0.0,0.0,Aug,1,1,3,4,Returning_Visitor,0,0
0,0.0,0,0.0,12,249.5,0.005555556,0.025,0.0,0.0,Mar,2,7,7,1,Returning_Visitor,0,0
2,-499.62964131090826,0,0.0,28,-5550.567036183388,0.014814815,0.022222222,45.19820194,0.0,June,1,2,1,1,Returning_Visitor,1,1
2,0.0,0,0.0,3,52.0,0.1,0.111111111,0.0,0.0,May,1,2,1,6,Returning_Visitor,1,0
1,7.125,6,1043.928571,73,3585.177579,0.008175105,0.024451608,0.0,0.0,Nov,3,2,5,2,Returning_Visitor,0,0
2,21.0,0,0.0,-129,278.1366667,0.0,0.007692308,77.4579855,0.0,Nov,2,2,7,2,New_Visitor,0,0
14,0.0,0,0.0,6,252.3,-0.13138637102291367,0.0,-51.86354620243694,0.0,Nov,1,1,7,3,Returning_Visitor,0,1
-8,264.4166667,25,0.0,22,1275.092424,0.0,0.013512907,65.74605279,0.0,Dec,3,2,5,2,Returning_Visitor,0,0
-7,521.075,0,0.0,83,5124.691667,0.0,0.011196593,35.25420124,0.0,Dec,2,2,7,6,Returning_Visitor,0,0
3,92.0,0,0.0,201,4155.620833,0.002553191,0.022150056,0.0,0.0,Nov,1,2,1,2,Returning_Visitor,1,0
0,0.0,0,0.0,167,-4686.490012735796,0.054545455,0.109090909,0.0,0.0,May,2,2,1,1,Returning_Visitor,1,0
1,47.4,0,0.0,5,238.2,0.0,0.033333333,0.0,0.0,Sep,2,2,5,4,New_Visitor,1,0
0,0.0,25,0.0,82,3247.433333,0.002439024,0.012804878,0.0,0.0,Nov,2,2,1,2,Returning_Visitor,0,0
6,49.08333333,1,619.5,58,2572.429487,0.00625,0.2239102396999292,0.0,0.0,Nov,1,2,1,2,Returning_Visitor,0,1
0,0.0,0,0.0,24,386.75,0.1993792977773399,0.051388889,0.0,-0.5496634940226024,Nov,2,4,1,3,Returning_Visitor,0,0
0,0.0,0,0.0,8,-4986.480273095313,0.005,0.105,0.0,0.0,Mar,2,2,2,10,Returning_Visitor,0,0
0,779.3300194468637,0,0.0,14,152.0,0.057142857,-0.135851256388863,0.0,0.0,Dec,1,1,4,3,Returning_Visitor,0,0
5,218.8,0,485.87489925580275,5,71.4,0.0,0.02,11.21330466,0.0,Oct,2,4,7,2,New_Visitor,0,1
0,0.0,0,0.0,20,616.5,0.0,0.01,-60.11466173315163,0.0,Nov,3,3,1,3,New_Visitor,0,0
4,-617.6571870667,0,0.0,12,193.75,0.008888889,0.016666667,0.0,-0.6292642218174979,May,1,2,3,5,Returning_Visitor,0,0
2,78.0,25,0.0,24,424.0,0.0,0.001190476,0.0,0.0,Mar,1,1,3,10,New_Visitor,0,0
5,335.8,0,0.0,20,8420.211007947693,0.0,0.003333333,0.0,0.0,Nov,2,2,4,2,New_Visitor,1,0
16,230.3263889,1,0.0,86,2351.834722,0.002061856,0.020836197,0.335232374,0.0,Dec,2,2,4,10,Returning_Visitor,1,0
1,709.2511666494561,1,37.3,7,70.46666667,0.058333333,0.086904762,0.0,0.0,Oct,2,2,1,20,Returning_Visitor,0,0
0,0.0,25,-499.9121971277279,12,213.2833333,0.016666667,-0.13583067444333563,0.0,0.0,Aug,3,2,3,4,Returning_Visitor,0,0
2,43.2,0,0.0,170,264.4,0.044444444,0.081481481,0.0,0.8016014352634013,Jul,2,2,7,13,Returning_Visitor,0,0
0,0.0,1,112.0,43,1866.107143,0.0,0.025,0.0,0.0,Nov,2,2,1,2,Returning_Visitor,1,0
0,0.0,0,0.0,13,472.4333333,0.0,-0.14041815698896445,0.0,0.0,Jul,2,2,3,2,Returning_Visitor,0,0
0,0.0,0,0.0,5,168.9,0.21576556164933836,0.011428571,0.0,0.0,Dec,3,2,1,2,New_Visitor,0,0
0,729.6321930246365,0,0.0,203,612.0,0.0,0.1,0.0,0.0,May,1,1,1,3,Returning_Visitor,0,0
1,537.0,0,0.0,14,1383.5,0.0,0.030769231,9.407538462,0.0,May,2,2,3,1,Returning_Visitor,0,1
0,0.0,2,183.0,-134,8394.413020906362,0.0,0.20763100028464787,0.0,0.7537999659654513,Nov,4,1,3,3,Returning_Visitor,1,0
5,106.0,0,0.0,111,8684.983333,0.002678571,0.019613095,3.696136038,0.0,Dec,2,2,3,1,Returning_Visitor,0,0
1,20.0,0,-472.8301410960632,18,-6125.463233154593,0.021052632,0.046491228,4.308315789,0.0,May,1,1,3,3,Returning_Visitor,0,0
7,111.0833333,0,0.0,24,431.5,0.008,0.012,0.0,0.0,Dec,1,1,1,3,Returning_Visitor,0,0
-9,0.0,0,0.0,13,143.0,0.1,0.138461538,0.0,0.4,May,3,2,1,13,Returning_Visitor,0,0
5,-581.9180855020858,0,501.5039317069436,11,237.6666667,0.0,0.018181818,0.0,0.0,Dec,3,2,2,2,Returning_Visitor,0,0
-10,257.4,0,0.0,7,244.7333333,0.018181818,-0.12291404764110295,-52.91760144934686,0.0,Nov,1,1,4,2,New_Visitor,0,0
5,50.0,0,0.0,-116,3095.200725,0.012612613,0.034684685,62.63333681738595,0.0,Dec,2,2,3,2,Returning_Visitor,0,0
-10,0.0,25,0.0,25,588.7190476,0.18025559765041868,0.2198960413075534,0.0,0.0,May,3,2,4,2,Returning_Visitor,0,0
0,0.0,25,407.5,-137,-5409.624422885514,0.05,0.08125,64.45069924578395,0.0,Nov,1,1,1,2,Returning_Visitor,1,0
5,139.9833333,0,0.0,27,677.8833333,-0.1669871532167134,0.006060606,-66.23528357307517,0.0,Dec,1,2,1,2,New_Visitor,1,0
0,0.0,0,0.0,11,164.0,0.036363636,0.054545455,0.0,0.0,Jul,2,5,6,1,Returning_Visitor,0,0
0,0.0,0,0.0,7,1260.666667,-0.1516724668793127,0.107142857,66.86573190172572,0.8,May,2,4,5,6,Returning_Visitor,0,0
9,358.2583333,3,377.4333333,64,5738.902193,0.0,0.020187793,12.08836478,0.0,Oct,2,2,1,13,Returning_Visitor,0,1
-7,0.0,0,0.0,19,-6136.2548154574515,0.010526316,0.024035088,0.0,0.0,Jul,1,1,1,2,Returning_Visitor,0,0
2,32.7,0,0.0,6,812.35,0.018181818,0.21733510498892447,69.79576943797196,0.0,Aug,3,2,1,2,Returning_Visitor,0,0
1,466.0,0,0.0,6,609.5416667,0.033333333,0.116666667,0.0,-0.5950404749260779,Nov,2,2,1,2,Returning_Visitor,0,0
2,66.0,1,0.0,10,302.0,0.042857143,0.05952381,19.53495497,0.0,Mar,2,6,3,2,Returning_Visitor,0,1
5,81.66666667,0,0.0,43,875.0,0.0,0.009761905,-51.31165559505608,0.0,May,2,2,5,4,Returning_Visitor,0,0
2,27.46666667,3,245.8,28,524.06,0.02,0.054666667,20.42600013,0.0,Oct,2,2,7,1,Returning_Visitor,0,1
0,0.0,0,0.0,8,-4550.040516768915,0.0125,-0.1158484326819802,0.0,0.0,Dec,2,5,1,3,Returning_Visitor,0,0
3,206.6666667,0,0.0,15,936.1666667,0.01875,-0.1454682616470165,0.0,0.0,Mar,2,4,3,1,Returning_Visitor,0,0
15,0.0,0,0.0,21,476.8666667,0.00952381,0.034126984,0.0,0.0,Nov,3,2,1,2,Returning_Visitor,1,0
0,0.0,0,458.90125831414537,57,8455.02547578045,0.039766082,0.054736842,-67.99064682688912,0.8,May,1,1,2,3,Returning_Visitor,0,0
0,0.0,0,0.0,53,952.1598198,0.015839126,0.037802052,0.0,-0.6787685558274577,Jul,3,2,8,1,Returning_Visitor,1,0
15,626.620781498653,1,14.75,30,2445.066667,0.18360992045372626,0.026888889,0.0,0.0,Dec,3,2,3,3,Returning_Visitor,0,0
2,127.0,0,525.2393542262397,202,473.5,0.015384615,0.042307692,0.0,0.0,May,1,1,1,2,Returning_Visitor,0,0
6,190.4166667,0,0.0,78,3913.98703,0.005424955,-0.13472182641566047,0.0,0.0,Nov,3,2,5,1,Returning_Visitor,1,0
7,36.05,0,0.0,27,344.45,0.0,0.035714286,0.0,-0.7414739062316977,Jul,2,2,7,4,Returning_Visitor,0,0
0,0.0,0,0.0,11,8796.26426088214,0.0,0.045454545,0.0,0.8446060501790281,Dec,3,2,6,2,New_Visitor,0,0
6,186.6666667,2,553.4948544396639,11,347.4,0.0,0.20370959520336787,0.0,0.0,Aug,3,2,4,5,Returning_Visitor,0,1
-10,54.8,25,0.0,-114,20.25714286,0.0,0.028571429,-53.05836263186289,-0.7133251979136378,Aug,1,1,3,2,Returning_Visitor,0,0
0,0.0,0,0.0,2,0.0,0.2,0.2,0.0,0.0,Mar,3,2,1,10,Returning_Visitor,0,0
14,200.5,0,0.0,66,2656.183333,0.000925926,0.009652076,2.208494444,0.0,May,2,2,1,1,Returning_Visitor,0,0
3,-552.9590385716976,0,0.0,13,956.5,0.0,-0.11333040545723147,0.0,0.0,Mar,2,2,1,13,Returning_Visitor,0,0
0,-612.0740084372057,25,0.0,141,2886.523521,0.19040717634434906,0.018798094,0.0,0.8,May,2,2,4,3,Returning_Visitor,0,0
5,136.1,0,0.0,-123,-4637.448153993729,0.0,0.008333333,10.19295165,0.0,Nov,2,2,6,2,Returning_Visitor,1,1
0,0.0,0,0.0,3,1952.5,0.066666667,0.122222222,0.0,0.7538671801739942,Nov,1,1,2,1,Returning_Visitor,0,0
4,115.8,25,0.0,46,2557.35,0.0,0.01372549,44.35848718,0.0,Oct,2,2,1,2,Returning_Visitor,0,1
6,90.1,0,492.3959779911497,35,643.05,0.0,0.19318395809246458,69.74477873138171,-0.5669342952548522,Oct,1,1,3,4,Returning_Visitor,1,0
5,28.58333333,0,0.0,45,649.8632035,0.006122449,0.02755102,0.0,0.0,Jul,3,2,6,5,Returning_Visitor,0,0
0,0.0,0,0.0,41,1271.333333,0.029268293,0.047560976,0.0,0.4,May,2,2,1,13,Returning_Visitor,0,0
0,0.0,0,0.0,8,370.0,0.0,0.025,0.0,0.0,May,2,2,3,14,Returning_Visitor,1,0
0,-499.1532575838623,0,495.3367706931683,-118,429.9166667,0.014285714,0.033333333,0.0,-0.6717764565353594,Nov,1,8,4,11,Returning_Visitor,0,0
0,0.0,0,-465.4356726651509,22,987.6,0.009090909,0.015151515,0.0,0.0,Oct,2,2,1,4,Returning_Visitor,1,0
1,39.2,25,0.0,26,1210.917778,0.014814815,-0.14921137759059866,2.480024644,0.0,Nov,4,2,1,1,Returning_Visitor,0,1
4,85.0,0,0.0,22,452.5833333,0.0,-0.1354972045477006,107.94,0.0,May,2,2,6,4,New_Visitor,0,1
1,37.5,25,0.0,189,65.5,0.033333333,0.066666667,-49.96736261280304,-0.7385715994259008,Nov,1,1,3,3,New_Visitor,0,0
3,314.5,0,507.6807052127428,-135,2837.166667,0.18091284097380805,0.008333333,0.0,0.0,May,2,4,2,2,New_Visitor,0,0
0,0.0,25,566.9298555674743,1,8241.65788306033,0.2,0.2,0.0,0.0,Nov,2,7,3,1,Returning_Visitor,0,0
0,0.0,7,1222.75,11,443.0,0.035294118,0.041176471,78.63868245638179,0.0,May,1,2,3,2,Returning_Visitor,0,0
0,0.0,0,0.0,9,-4768.060560250511,0.066666667,0.111111111,0.0,0.0,Dec,2,5,3,1,Returning_Visitor,1,0
3,197.5,0,0.0,15,7353.829251230786,0.011764706,0.029411765,-66.97939170801884,0.6793101397127246,Dec,2,4,4,2,Returning_Visitor,0,0
5,97.83333333,0,0.0,15,489.0,0.0,0.00625,81.334441,0.0,Dec,8,13,9,20,Other,0,1
0,0.0,0,0.0,4,7887.245302825912,0.1,0.15,0.0,0.4,May,2,2,1,2,Returning_Visitor,0,0
0,0.0,1,41.5,98,2400.037843,0.000183655,0.2260681967875472,62.723268411426226,0.0,Nov,2,2,1,2,Returning_Visitor,0,1
0,698.6285142671192,0,-526.0811324568504,175,783.25,0.014814815,0.033227513,0.0,0.6,May,2,10,3,3,Returning_Visitor,0,0
0,0.0,1,0.0,50,1115.459524,0.007843137,0.015686275,0.0,0.0,May,3,2,6,4,Returning_Visitor,1,0
0,0.0,0,-510.4286816277437,4,157.5,0.0,0.22970569277602465,67.74004696568942,0.0,Nov,2,4,9,2,Returning_Visitor,0,0
2,55.5,0,0.0,25,2466.533333,0.007407407,0.028888889,49.01323885,0.851190362079697,Dec,2,2,1,2,Returning_Visitor,0,0
0,674.2033797650411,25,0.0,8,148.75,0.0,0.025,0.0,-0.5756814339874192,Mar,2,4,3,2,Returning_Visitor,1,0
1,17.0,0,-452.5659877572684,22,399.8,0.019047619,0.038095238,0.0,0.0,Mar,1,5,7,1,Returning_Visitor,0,0
0,0.0,25,90.0,11,1056.5,0.018181818,0.054545455,0.0,0.0,Mar,4,2,1,2,Returning_Visitor,0,0
0,0.0,2,30.0,11,1114.916667,0.19883809767646118,0.030769231,73.77679386693764,0.0,Mar,3,2,1,3,Returning_Visitor,0,0
2,40.5,1,4.0,19,472.5416667,0.0,0.005,0.0,0.0,Nov,1,1,4,2,Returning_Visitor,0,0
12,656.4409004799818,0,0.0,17,315.0833333,0.0,0.014705882,0.0,0.6694056993910044,Dec,2,2,3,1,Returning_Visitor,0,1
0,0.0,0,0.0,58,3200.366667,0.003448276,0.027586207,0.0,0.0,Mar,2,2,6,1,Returning_Visitor,0,0
0,-589.2001634482712,0,-492.9125649661874,2,-4759.371527462187,0.0,0.1,0.0,0.0,Dec,2,2,5,1,Returning_Visitor,0,0
0,0.0,0,0.0,40,1385.666667,0.005,0.0225,0.0,-0.6533208205920861,Nov,2,2,1,1,Returning_Visitor,0,0
0,0.0,0,0.0,1,-5199.797259618666,0.20985545465340943,0.2,0.0,0.0,Sep,2,2,1,1,Returning_Visitor,1,0
4,126.0,0,0.0,22,633.9857143,0.004166667,0.021296296,0.0,0.0,May,3,2,4,2,Returning_Visitor,0,0
16,445.35,0,0.0,103,7543.3197693481825,0.007894737,0.028165804,7.224419132,0.0,Oct,3,2,1,2,Returning_Visitor,1,0
0,0.0,0,-493.86710036281715,4,163.0,0.05,0.21227712013551878,0.0,0.0,Dec,2,2,3,11,Returning_Visitor,0,0
6,-632.8008826775588,0,0.0,92,-5319.495474433927,0.001075269,0.0095145,32.22246226,0.0,Nov,2,2,1,1,Returning_Visitor,0,1
0,0.0,25,-431.9240363771824,2,6932.410283308355,0.0,0.05,0.0,0.0,Mar,3,2,1,9,Returning_Visitor,1,0
3,81.6,0,0.0,-127,8167.740096927446,-0.14652509933443406,0.0125,0.0,0.0,Sep,1,1,5,5,New_Visitor,0,0
3,92.0,0,0.0,-109,7595.362240187515,0.002985075,-0.10784023851098878,0.0,0.0,May,2,2,2,1,Returning_Visitor,0,0
12,85.5,0,0.0,30,2188.258333,-0.16303901026463677,0.0078125,-52.28606098017727,0.0,Nov,2,2,2,8,New_Visitor,1,1
0,0.0,0,0.0,34,-5906.945591131611,0.19873081196737752,0.042913165,0.0,0.0,Dec,3,2,1,1,Returning_Visitor,1,0
-10,0.0,0,0.0,-124,507.1111111,0.008888889,0.024444444,-66.31433528131319,0.0,June,4,2,3,1,Returning_Visitor,0,0
2,37.0,0,562.5401480488938,46,3043.916667,0.030434783,0.05,0.0,0.0,Nov,2,2,3,2,Returning_Visitor,0,0
2,-625.4775724338659,0,0.0,97,7016.018718508169,0.008070175,0.014967419,0.0,-0.7362549413604481,May,2,5,1,3,Returning_Visitor,0,0
1,-491.6192070237407,2,15.0,19,8773.989848989753,0.00952381,0.033333333,0.0,0.0,May,2,2,1,4,Returning_Visitor,0,0
6,162.7,6,205.0,52,2983.358135,0.010112994,0.017261259,-51.47069846816252,0.0,Nov,3,2,4,2,Returning_Visitor,0,0
0,0.0,0,0.0,11,1289.333333,0.0,0.022222222,0.0,0.0,Dec,1,1,6,2,New_Visitor,0,0
1,11.1,0,0.0,48,8389.898751320223,0.004347826,0.017619048,0.0,0.0,Nov,1,1,1,3,Returning_Visitor,0,0
2,76.6,0,0.0,190,1932.716667,0.0,0.025196078,0.0,-0.6332034533698826,Aug,2,2,4,13,Returning_Visitor,0,0
3,-519.7908784252203,0,519.7346433043135,187,311.6133333,0.05,0.22994413779815248,0.0,0.0,Oct,3,2,2,13,Returning_Visitor,0,0
0,0.0,0,0.0,13,266.8,0.0,0.015384615,0.0,0.0,Jul,2,5,7,4,Returning_Visitor,0,0
0,0.0,0,0.0,26,955.375,0.0,0.008333333,0.0,-0.5518633018874982,Dec,2,2,7,2,New_Visitor,1,0
0,0.0,0,0.0,15,-4909.074245241456,0.0,0.013333333,0.0,0.0,Dec,8,13,9,20,Other,0,0
0,0.0,0,0.0,59,1889.7,0.005747126,0.014203612,0.0,0.6,May,2,2,1,3,Returning_Visitor,0,0
0,0.0,0,0.0,16,381.2142857,0.0125,0.022395833,0.0,0.0,Nov,3,2,1,2,Returning_Visitor,0,0
4,-594.0235739849137,2,34.0,30,1049.833333,0.0125,0.028645833,0.0,0.0,May,2,2,6,4,Returning_Visitor,1,0
3,79.93333333,0,0.0,17,348.85,0.0,0.023684211,0.0,0.0,Nov,2,2,1,20,Returning_Visitor,0,0
0,-516.6760264813717,0,0.0,5,43.0,0.0,-0.1277203315210543,0.0,0.0,Mar,1,1,1,9,Returning_Visitor,1,0
1,32.0,0,508.66255685245494,-135,455.0,0.0,0.022222222,18.65333333,0.7956195744962378,May,2,2,8,2,Returning_Visitor,1,1
0,0.0,25,0.0,15,-5055.855406619357,0.013333333,0.04,-61.6806779490781,0.0,Nov,1,1,3,10,Returning_Visitor,1,0
0,0.0,25,0.0,1,0.0,0.2,0.2,-51.82410774086594,0.0,Aug,2,2,3,1,Returning_Visitor,0,0
2,-499.5376829595796,0,-476.6831904705148,47,901.25,-0.134647840294174,0.025,32.799375,0.7200505265922192,May,2,4,6,4,Returning_Visitor,0,1
12,593.4666667,1,21.2,39,-4667.2021887660485,0.19088292650421,0.010992908,112.4406212,0.0,Sep,4,2,7,2,Returning_Visitor,0,0
0,0.0,0,-465.5071984675368,4,202.75,0.0,0.025,0.0,0.0,Nov,3,2,1,13,Returning_Visitor,0,0
12,0.0,0,0.0,21,587.9166667,0.023333333,0.031666667,23.33239205,0.0,Nov,3,2,1,10,Returning_Visitor,0,0
4,659.5066667,3,92.7,160,2006.59312,0.002453988,0.013361447,9.453449065,0.0,Aug,2,2,7,2,Returning_Visitor,0,0
4,82.0,25,0.0,23,570.5166667,0.21744239934974177,0.024074074,0.0,0.0,Mar,1,2,7,8,Returning_Visitor,0,0
0,0.0,0,0.0,33,1239.5,0.070588235,0.095098039,0.0,1.0,May,2,2,1,2,Returning_Visitor,1,0
13,274.5,0,0.0,24,515.5757576,0.0,0.003703704,0.0,0.0,Mar,3,2,2,2,Returning_Visitor,1,0
4,20.06666667,25,189.4,10,297.1666667,-0.14822420815633752,0.028571429,0.0,0.0,Nov,2,2,1,4,Returning_Visitor,0,0
6,123.4642857,0,0.0,34,1570.469048,0.001052632,0.010431717,-55.94728534050438,0.0,Dec,2,2,2,7,Returning_Visitor,1,1
0,0.0,0,-491.9042750462609,16,622.0,0.0,0.0125,72.0274362895423,0.0,Mar,2,10,2,6,Returning_Visitor,0,0
0,0.0,0,0.0,11,782.5,0.0,-0.13438441429430398,0.0,0.0,Dec,1,1,3,2,New_Visitor,0,0
-8,91.75,0,0.0,20,1171.333333,0.003174603,0.018571429,0.0,0.0,May,3,2,2,4,Returning_Visitor,1,0
0,0.0,0,0.0,10,594.0,0.0,0.031666667,0.0,0.0,Dec,2,2,1,2,Returning_Visitor,0,0
1,31.25,0,0.0,31,8676.94028752379,0.0,0.012222222,0.0,0.0,Nov,3,2,3,8,New_Visitor,0,1
0,0.0,0,0.0,30,599.9190476,0.0,-0.1424364334963724,-53.58486123673178,0.0,Jul,1,1,1,4,Returning_Visitor,0,0
0,0.0,0,0.0,3,103.6,0.0,0.033333333,-64.11653536723422,0.0,Jul,3,2,1,6,Returning_Visitor,0,0
13,0.0,0,-523.700472359678,25,948.3428571,0.0,0.009,0.0,0.0,Nov,2,4,1,3,Returning_Visitor,0,0
4,234.3,25,0.0,2,11.1,0.20501858793627192,0.04,0.0,0.0,Oct,1,1,8,5,New_Visitor,1,0
-9,620.3355976637918,0,0.0,15,365.1666667,0.013333333,0.02,0.0,0.0,Nov,2,2,1,13,Returning_Visitor,0,0
4,45.83333333,0,530.4613722768952,70,1692.257143,0.0,0.014555556,0.0,0.0,Nov,2,2,1,2,Returning_Visitor,0,0
3,179.0,0,0.0,15,432.75,0.0,-0.12344796380541519,0.0,0.0,Dec,2,2,1,2,New_Visitor,0,0
0,0.0,0,0.0,20,2280.833333,0.01,0.038333333,0.0,0.0,May,1,1,1,4,Returning_Visitor,0,0
0,0.0,25,494.1317626452587,3,0.0,0.2,0.2,0.0,-0.6225739699869868,Mar,1,8,2,1,Returning_Visitor,0,0
0,0.0,0,0.0,6,97.5,0.0,0.016666667,-56.33906118906236,0.0,Dec,1,1,3,2,Returning_Visitor,0,0
0,0.0,0,0.0,1,0.0,0.2,0.2,0.0,0.7157509275945941,May,2,2,1,4,Returning_Visitor,0,0
18,167.0,0,0.0,37,1113.898538,-0.15642476285538645,0.030296143,0.0,0.0,Nov,2,2,3,2,Returning_Visitor,0,0
0,0.0,0,0.0,10,80.5,0.083333333,0.092222222,0.0,0.0,Dec,2,2,1,3,Returning_Visitor,0,0
0,687.6178579092001,25,-443.66760557806856,1,0.0,0.2,0.2,0.0,0.0,Jul,3,2,1,13,Returning_Visitor,0,0
0,0.0,0,0.0,64,3038.38,0.017534722,0.038333333,0.0,0.0,Sep,2,2,1,1,Returning_Visitor,0,0
-7,124.0,0,0.0,13,495.0,0.0,0.028571429,0.0,0.0,Mar,2,4,5,1,Returning_Visitor,0,0
1,7.0,25,0.0,11,298.0,0.0,0.006666667,0.0,0.0,Mar,3,2,3,3,Returning_Visitor,1,0
9,965.5,0,0.0,30,1895.133333,0.005405405,0.011186186,-67.15525929607642,0.0,Dec,3,2,3,2,Returning_Visitor,1,0
1,49.0,25,0.0,4,2210.5,0.16916926013789682,0.013333333,0.0,0.0,May,1,1,1,3,Returning_Visitor,1,0
4,697.406753055177,0,577.4590577662001,11,463.5,0.0,0.007692308,0.0,0.0,Nov,3,2,6,11,New_Visitor,1,0
0,0.0,0,0.0,1,0.0,0.2,-0.12732605490430543,0.0,0.0,May,3,2,3,3,Returning_Visitor,0,0
0,0.0,0,0.0,6,50.0,0.033333333,0.066666667,0.0,-0.5647295735659457,May,2,5,6,4,Returning_Visitor,0,0
0,0.0,1,7.0,10,672.5142857,0.18591310608954276,0.018181818,60.71287168,0.0,Sep,1,1,7,2,Returning_Visitor,0,1
8,46.875,3,10.0,111,5358.375439,0.0,0.011957672,10.21771151,0.0,Nov,2,2,1,11,Returning_Visitor,0,1
1,45.5,0,0.0,10,333.25,0.0,0.018181818,9.905143745,0.0,Dec,2,2,1,2,New_Visitor,1,1
-9,0.0,0,0.0,-138,158.25,0.0,0.003571429,0.0,0.0,Nov,1,8,4,11,Returning_Visitor,1,0
0,-623.907696049767,0,0.0,2,86.0,0.0,0.05,0.0,0.0,Mar,1,1,1,9,Returning_Visitor,1,0
0,0.0,0,0.0,27,468.5416667,0.014814815,0.022222222,0.0,-0.5844358456233034,Dec,3,2,3,3,Returning_Visitor,1,0
-9,0.0,0,0.0,177,749.25,0.0,0.00625,0.0,0.0,Dec,2,2,3,8,New_Visitor,0,0
0,0.0,0,0.0,20,644.4,0.0,0.007777778,64.3609750373123,0.0,Mar,1,1,7,3,Returning_Visitor,0,0
4,791.7008009822162,0,0.0,52,1630.972222,0.17411970849791075,0.026,0.0,1.0,May,6,5,3,2,Returning_Visitor,1,0
7,740.0371629091272,0,0.0,26,360.1816667,0.18650387950319547,0.008800253,0.0,0.0,Nov,1,1,1,2,Returning_Visitor,0,0
0,0.0,0,0.0,2,31.2,0.0,0.1,0.0,0.0,Aug,3,2,1,3,Returning_Visitor,0,0
0,0.0,0,-512.9930238012697,19,989.3333333,0.0,0.011111111,25.109,0.0,May,3,2,1,2,New_Visitor,1,1
7,165.9166667,2,538.2230221324412,-116,3127.078788,0.009614512,0.021287825,0.0,0.0,Nov,1,1,3,2,Returning_Visitor,0,0
0,623.0535379248132,0,558.2087450282826,24,330.0833333,0.0375,0.043055556,0.0,1.0,May,1,1,7,4,Returning_Visitor,1,0
1,5.0,0,0.0,108,2367.4,0.0,0.003773585,-64.43746157814707,-0.5905686116689086,Dec,2,2,1,2,New_Visitor,1,0
0,0.0,25,0.0,19,215.75,-0.15128301038436331,0.021052632,66.49151147755575,0.0,Mar,2,2,3,10,Returning_Visitor,0,0
6,523.3333333,3,37.0,34,581.2261905,0.023809524,0.030213239,0.0,0.0,May,2,2,2,1,Returning_Visitor,1,0
3,98.5,0,0.0,27,702.3333333,0.023214286,0.042261905,0.0,0.0,Dec,2,2,7,2,Returning_Visitor,0,0
1,12.0,25,0.0,43,2209.554876,0.01031746,0.022317022,0.0,0.0,Dec,1,1,1,2,Returning_Visitor,0,0
13,17.33333333,25,0.0,163,3401.3,-0.13110829431704485,0.014835979,5.133911853,0.0,Nov,2,2,1,2,Returning_Visitor,1,0
2,64.5,0,0.0,52,2120.630952,0.0,-0.14723620454005423,0.0,0.0,Nov,2,2,1,2,Returning_Visitor,0,0
3,14.5,0,0.0,61,1423.967857,0.01,0.022611111,7.998,0.8,May,2,2,7,4,Returning_Visitor,0,0
0,-494.3342501987012,0,0.0,3,30.0,0.0,0.033333333,65.21811681299452,0.8048276608086244,Dec,1,1,3,1,Returning_Visitor,0,0
4,86.0,25,0.0,34,4656.800366,0.006306306,0.038438438,5.185457275,0.0,May,2,2,1,2,Returning_Visitor,0,0
1,28.0,4,162.0,201,659.0833333,0.013580247,0.020440917,21.1162963,0.0,May,2,2,8,1,Returning_Visitor,0,0
0,0.0,0,0.0,32,1324.666667,0.056666667,0.09047619,10.3976,1.0,May,2,2,7,1,Returning_Visitor,1,0
0,0.0,0,0.0,2,0.0,0.2,0.2,0.0,0.0,May,2,2,6,1,Returning_Visitor,1,0
1,41.33333333,0,512.6175795374918,44,3227.5,0.2057521666149898,-0.10825082970094273,28.53153488,0.6,May,2,2,4,13,Returning_Visitor,0,1
15,58.0,0,0.0,23,7853.857461777581,0.004,0.02,0.0,0.0,Mar,2,2,1,3,Returning_Visitor,0,0
0,0.0,0,0.0,-139,73.0,0.04,0.08,0.0,0.4,May,2,2,1,3,Returning_Visitor,0,0
10,89.98,0,0.0,96,1304.973333,0.003921569,0.008309991,6.175932014,0.0,Oct,2,2,1,3,Returning_Visitor,0,0
0,0.0,0,0.0,24,506.452381,0.0,0.009090909,76.7910465,0.0,Nov,2,4,1,3,New_Visitor,0,1
7,79.5,25,31.5,65,5410.956705,0.002898551,0.23339606544575298,0.0,0.0,Nov,2,2,3,2,Returning_Visitor,0,0
12,114.75,1,15.75,21,1615.660256,0.0,0.009937888,0.0,0.7579323880223876,Dec,2,2,8,2,New_Visitor,1,0
0,0.0,0,510.1918634485674,-116,402.6,0.0,0.008333333,0.0,0.0,Oct,2,2,3,4,Returning_Visitor,0,0
1,7.6,1,0.0,3,14.6,0.0,0.08,0.0,0.0,Sep,2,2,1,2,Returning_Visitor,1,0
1,23.2,0,0.0,0,0.0,0.0,0.033333333,0.0,-0.7065638073790412,Oct,2,2,6,3,Returning_Visitor,0,1
5,122.1,3,158.5,167,8701.851617,0.002401067,0.012477354,-66.06837117640634,0.0,Nov,2,2,1,2,Returning_Visitor,0,0
1,2.0,0,0.0,-117,4541.925,0.013114754,0.031399948,0.0,0.4,May,2,2,1,20,Returning_Visitor,0,0
1,-620.478199961078,0,0.0,3,192.5,0.0,-0.10543431069704534,0.0,0.0,Nov,2,2,8,2,New_Visitor,1,0
12,19.0,0,0.0,120,-5519.860178676787,0.001680672,0.007407748,14.18391563,0.0,Nov,2,5,1,2,Returning_Visitor,0,1
1,6.4,0,0.0,13,135.0,0.0,0.2309489173020038,-62.72678854363117,0.0,May,3,2,3,4,Returning_Visitor,1,0
13,639.5357023562322,0,0.0,26,892.0,0.0,0.01127451,0.0,0.0,Sep,2,6,1,3,Returning_Visitor,0,0
-9,0.0,25,9.0,48,1512.75,0.004081633,0.033469388,0.0,0.0,Nov,2,2,1,2,Returning_Visitor,0,1
0,0.0,3,595.5260355995952,21,1586.333333,0.1824450737343944,0.033333333,-62.9897528078431,0.0,May,2,2,1,2,Returning_Visitor,0,0
0,0.0,0,0.0,1,0.0,0.20936458702498717,-0.13796803490150958,0.0,-0.6096274227749596,Nov,4,2,1,1,Returning_Visitor,1,0
0,0.0,25,-478.87888889062674,38,-5323.893565485304,0.0,0.010526316,0.0,0.0,Nov,2,2,2,1,Returning_Visitor,0,0
0,0.0,0,0.0,88,-4713.28417305729,0.0,0.014772727,-65.03629818651973,0.2,May,2,4,3,2,Returning_Visitor,0,0
0,0.0,0,0.0,-139,7057.343929792095,0.0,0.023928571,0.0,0.0,Dec,1,1,4,2,Returning_Visitor,0,0
0,-512.8585825470171,0,0.0,1,0.0,0.2,-0.13998871781368316,0.0,0.0,Dec,2,2,1,13,Returning_Visitor,0,0
0,0.0,25,509.9029238857296,20,665.4722222,0.0,0.0145,0.0,0.8,Feb,3,2,7,4,Returning_Visitor,1,0
4,632.3979841111228,25,0.0,9,430.5,0.0,0.015384615,0.0,-0.6275266320802226,Mar,2,2,1,2,New_Visitor,0,0
1,2.0,1,6.0,4,12.5,0.066666667,0.1,0.0,0.8,May,2,2,1,18,Returning_Visitor,0,0
-8,213.9722222,4,513.7105932748724,86,-4837.175503387533,0.015178571,-0.1118626574045731,5.659271218,0.0,Nov,1,2,7,1,Returning_Visitor,0,0
1,321.5,0,0.0,103,5395.201794,0.010485437,0.03,0.0,0.7115080374540756,Nov,2,2,1,2,Returning_Visitor,0,0
0,0.0,0,0.0,54,1975.455952,0.003703704,-0.1503809276004956,0.0,-0.6834000489127557,Nov,2,2,9,2,Returning_Visitor,0,0
14,0.0,0,0.0,28,1252.75,-0.16677653872251552,0.042857143,0.0,0.0,Nov,2,2,1,13,Returning_Visitor,0,0
11,212.7416667,3,104.0,71,1678.905125,0.0,0.016037881,75.94519448778942,0.0,Mar,3,2,8,13,Returning_Visitor,1,0
0,0.0,25,0.0,2,65.4,0.0,0.1,0.0,0.0,Jul,2,2,9,13,Returning_Visitor,1,0
0,0.0,0,0.0,2,153.0,0.0,0.05,0.0,0.0,Mar,2,5,6,1,Returning_Visitor,0,0
3,33.0,2,84.5,4,-4543.374543695127,0.0,0.010666667,0.0,0.678160011382029,Mar,2,2,5,8,New_Visitor,0,0
2,423.6,0,0.0,46,2031.506667,0.013043478,0.023913043,0.0,0.0,Aug,2,2,4,1,Returning_Visitor,0,0
8,121.1666667,25,0.0,70,961.5493506,0.005263158,0.013089192,26.27933158,0.4,May,2,2,2,3,Returning_Visitor,0,1
0,0.0,25,473.60909631260836,-123,0.0,0.2,0.2,0.0,0.0,May,1,1,4,3,Returning_Visitor,0,0
1,38.5,25,0.0,28,705.1166667,0.003703704,0.017901235,0.0,0.0,Nov,1,1,7,2,Returning_Visitor,1,0
0,0.0,0,0.0,179,623.725,0.016666667,0.055396825,0.0,0.0,Dec,2,2,6,2,Returning_Visitor,0,0
7,117.6666667,0,0.0,203,1540.290115,0.00617284,0.016237507,0.0,0.0,Aug,2,2,7,1,Returning_Visitor,0,0
1,94.0,25,0.0,204,8126.799606621647,0.005454545,0.008671329,0.0,0.0,Dec,2,2,3,1,Returning_Visitor,0,0
0,-546.4505515906048,0,0.0,45,8688.279395797657,0.013333333,0.034074074,0.0,0.0,Dec,3,7,2,1,Returning_Visitor,1,0
0,0.0,0,0.0,75,2532.960656,0.004266667,0.030748538,0.0,0.0,Aug,1,6,1,1,Returning_Visitor,0,0
0,0.0,0,0.0,20,1722.866667,0.01,0.19647086780394327,72.82911665447358,0.2,May,2,2,6,1,Returning_Visitor,0,0
7,154.9333333,0,0.0,31,910.04,0.018181818,-0.12910323374823812,5.316109207,0.7577625640010633,Jul,1,1,3,1,Returning_Visitor,0,0
0,0.0,0,0.0,3,7596.812614895212,0.0,0.066666667,0.0,0.0,Dec,1,1,4,3,Other,0,0
5,75.0,0,0.0,31,1066.0,0.0,-0.1507039567514536,0.0,0.0,May,2,2,1,6,Returning_Visitor,0,0
1,25.0,25,0.0,-104,397.0,0.03625,0.047395833,14.9925,0.0,May,1,1,3,3,Returning_Visitor,0,1
0,0.0,0,-518.4855338455578,1,0.0,0.2,0.2,0.0,-0.7376655633730393,Aug,2,2,1,3,Returning_Visitor,0,0
0,0.0,0,0.0,2,86.0,0.0,0.1,0.0,-0.5470933793669615,Mar,2,4,3,1,Returning_Visitor,1,0
2,37.0,0,0.0,15,208.5,0.0,0.2362731807309892,0.0,0.0,Mar,2,2,3,2,New_Visitor,1,0
0,0.0,0,0.0,190,148.9333333,0.0,0.04,0.0,0.0,June,4,2,1,13,Returning_Visitor,0,0
1,4.75,2,78.0,67,1231.136508,0.002985075,0.0110199,0.0,0.0,Mar,2,6,1,1,Returning_Visitor,0,0
2,13.5,0,0.0,23,1580.166667,0.024,0.054666667,0.0,0.8,May,2,2,1,2,Returning_Visitor,0,0
0,0.0,0,0.0,12,896.5,0.008333333,0.025,14.6895,0.6,May,2,5,1,5,Returning_Visitor,0,1
6,86.2,0,0.0,49,8386.420771757954,0.010526316,-0.12635284839182542,4.376915789,0.4,May,1,1,4,4,Returning_Visitor,0,0
5,200.0,1,542.5637307643797,33,1606.831818,0.0,0.026619133,0.0,0.0,May,3,2,5,2,Returning_Visitor,0,0
0,686.1967807978858,0,0.0,40,1699.583333,0.023076923,0.033799534,0.0,0.0,Nov,2,2,3,1,Returning_Visitor,1,0
3,29.81515152,25,0.0,189,7190.547947,0.001396161,0.20508319277924705,39.29216261,0.0,Nov,2,2,1,2,Returning_Visitor,0,1
6,202.4,1,0.0,22,2006.046667,0.007142857,0.032738095,8.052231522,0.0,Nov,6,5,4,2,Returning_Visitor,0,0
1,26.0,2,33.0,6,64.0,0.0,0.022222222,-58.947343523832835,-0.6688114764936031,May,1,1,3,4,Returning_Visitor,0,0
0,0.0,25,42.4,61,1140.796667,0.0,0.002833333,0.0,0.0,June,2,2,6,2,Returning_Visitor,0,0
0,0.0,0,482.98068685590783,22,469.54,0.0,0.008695652,14.00979215,0.0,Oct,2,2,9,2,New_Visitor,0,1
2,33.0,0,0.0,25,1720.0,0.0,0.007692308,60.29018448,0.0,Mar,2,5,3,1,Returning_Visitor,0,1
10,118.0,0,0.0,85,2694.833333,0.0,0.001915584,0.0,0.8445178179432888,May,2,4,3,2,New_Visitor,0,0
0,0.0,25,0.0,7,383.5,0.0,0.023809524,0.0,0.0,Mar,3,2,6,3,Returning_Visitor,0,0
0,0.0,1,41.0,45,1754.0,0.0,0.014534161,7.880478261,0.0,May,3,2,3,6,Returning_Visitor,1,0
2,42.16666667,25,0.0,17,-5455.261617507445,0.0,0.01175,23.5144,0.0,May,2,4,7,2,Returning_Visitor,0,0
0,0.0,0,-402.4077339528359,12,190.5,0.090909091,0.109090909,0.0,0.7382045487673086,Dec,1,1,6,1,Returning_Visitor,1,0
1,21.2,0,0.0,0,0.0,-0.14692059826615428,0.1,0.0,0.0,Oct,1,1,1,5,Returning_Visitor,0,0
-9,69.23333333,25,494.46858630360873,26,2306.047619,0.046666667,0.076388889,5.761347436,0.0,Oct,1,1,2,3,Returning_Visitor,0,0
0,0.0,0,0.0,9,459.8307692,0.0,-0.11208423184548061,0.0,0.0,Mar,3,2,8,2,Returning_Visitor,1,0
1,4.0,0,0.0,43,1418.5,0.0,0.018181818,-61.0045217982897,-0.6548150724344486,Mar,4,1,2,3,Returning_Visitor,1,0
1,32.75,1,11.0,43,2949.55,0.015909091,0.027164502,0.0,0.8,May,3,2,1,13,Returning_Visitor,0,0
1,8.0,25,0.0,35,1295.916667,0.004166667,0.023611111,0.0,0.0,May,2,10,6,4,Returning_Visitor,1,0
0,0.0,0,0.0,13,96.5,0.030769231,0.076923077,0.0,0.0,Mar,2,6,4,1,Returning_Visitor,0,0
-8,18.6,0,0.0,85,2834.280117,0.004883721,0.013388945,37.42337649,0.0,Nov,2,2,1,1,Returning_Visitor,1,0
0,768.806069940639,25,0.0,5,0.0,0.2,0.2,0.0,0.0,May,3,2,5,6,Returning_Visitor,0,0
14,143.0,0,0.0,32,2289.1,0.0,0.001015625,62.33035594,0.0,Nov,3,2,9,3,New_Visitor,1,0
5,169.975,3,106.0,90,4792.380767,0.004166667,0.007479289,41.55801982,0.0,Nov,3,2,6,1,Returning_Visitor,0,1
0,0.0,0,0.0,2,19.0,0.0,0.1,0.0,0.0,Nov,1,1,1,2,New_Visitor,1,0
1,23.2,0,0.0,-141,704.5666667,0.0,0.011538462,14.22049566,0.0,Aug,2,2,2,1,Returning_Visitor,0,0
-10,0.0,0,0.0,37,-6262.666706286086,0.016190476,0.22695198689775847,0.0,0.0,May,3,2,3,1,Returning_Visitor,0,0
15,676.5709342356195,0,0.0,7,209.0,0.027777778,0.053439153,0.0,0.0,Nov,3,2,3,2,Returning_Visitor,0,0
3,50.15,0,0.0,26,1107.116667,0.0,0.009490509,0.0,0.0,Aug,2,2,1,1,Returning_Visitor,0,0
4,72.0,25,591.2744149048121,-103,2258.175,0.0,0.025714286,38.19067209,0.0,Nov,2,2,9,2,Returning_Visitor,0,0
12,0.0,2,52.5,18,502.0,0.0,0.01,0.0,0.0,Dec,8,2,9,2,New_Visitor,1,0
0,0.0,0,0.0,6,161.0,0.033333333,0.1,0.0,-0.5638163516928167,Nov,1,8,1,11,Returning_Visitor,1,0
0,0.0,0,0.0,2,7.0,0.0,-0.12531634656064758,-64.73180214429678,-0.6057142532427755,June,2,2,7,1,Returning_Visitor,0,0
1,58.5,0,0.0,-108,1033.0,0.008333333,0.0375,0.0,0.8244119725455368,Dec,2,2,3,2,Returning_Visitor,0,0
0,650.3950728503264,0,0.0,98,3556.61241,0.177721198605045,0.010173465,0.0,0.0,Mar,1,1,1,3,Returning_Visitor,0,0
0,0.0,0,521.0251230521023,9,890.0,-0.13504047946835274,0.066666667,63.957713075982056,0.4,May,2,2,6,19,Returning_Visitor,0,0
2,569.0,1,58.5,23,-6361.367549502593,0.0,0.008,9.331744184,0.0,Dec,2,2,4,2,New_Visitor,0,1
10,204.0952381,1,170.0,138,4042.949908,0.004026846,0.01446207,18.21579469,0.0,Dec,2,2,1,6,Returning_Visitor,0,1
-7,0.0,25,0.0,5,-5031.641786693415,0.066666667,0.084,0.0,0.0,Nov,3,2,1,13,Returning_Visitor,0,0
0,0.0,0,0.0,4,137.5,0.0,0.066666667,0.0,0.0,Nov,2,2,2,11,Returning_Visitor,0,0
0,0.0,0,0.0,5,883.6,0.0,0.0,125.8939091,0.0,Nov,2,2,4,2,Returning_Visitor,1,1
-7,66.33333333,0,0.0,15,424.8333333,0.0,0.0125,0.0,0.0,Mar,2,2,6,6,Returning_Visitor,0,0
2,-503.43729695158214,0,-480.57240764002375,19,523.25,0.0375,0.046666667,28.18955966,0.0,Nov,3,2,1,8,Returning_Visitor,0,1
-7,0.0,0,0.0,112,-6164.195739635931,0.0,0.008744589,5.468093499,-0.5860938506212451,Nov,2,4,1,3,Returning_Visitor,0,0
0,0.0,0,0.0,32,1028.566667,0.0125,0.015625,0.0,0.0,Aug,1,1,6,3,Returning_Visitor,1,0
4,277.75,0,0.0,3,178.75,0.0,0.008,0.0,0.77796999997214,Mar,3,2,3,8,New_Visitor,0,0
1,45.5,3,1021.666667,162,3376.027564,0.007518797,0.029169274,0.0,0.0,Dec,2,2,1,1,Returning_Visitor,0,0
1,4.0,0,0.0,195,5767.465043,0.003636364,0.009348691,52.38420388,0.0,Nov,2,2,1,1,Returning_Visitor,0,0
1,18.0,0,0.0,24,1571.0,0.0,0.016666667,0.0,-0.5818848743143731,Mar,2,2,2,3,Returning_Visitor,0,0
-8,0.0,25,0.0,13,8610.997941805097,0.0,0.015384615,0.0,0.0,Dec,2,2,1,2,Returning_Visitor,1,0
0,0.0,0,0.0,16,195.5,0.0125,0.06875,0.0,0.800267005570219,May,2,4,3,4,Returning_Visitor,0,0
4,-541.6125754525008,0,502.6700889461874,16,331.3333333,0.0,0.010526316,254.6071579,0.0,May,2,5,1,2,New_Visitor,0,1
4,762.5823592423089,7,309.7333333,-103,1280.149821,-0.168492195952181,0.035377102,0.0,0.0,Aug,2,2,6,1,Returning_Visitor,1,0
0,0.0,0,0.0,3,7122.130512588713,0.0,0.033333333,0.0,0.0,Mar,2,2,1,2,Returning_Visitor,0,0
2,15.0,0,0.0,7,7593.568070503279,0.028571429,-0.14513151231004154,0.0,0.7217745877288445,Nov,2,2,1,3,Returning_Visitor,0,0
0,0.0,0,0.0,2,0.0,0.2,0.22562755966227946,0.0,0.7471069413802807,Nov,1,1,4,1,Returning_Visitor,0,0
0,0.0,0,-490.0050148035174,7,-5589.8138610106125,0.028571429,0.057142857,-50.37574812763291,0.8346581246976938,May,2,2,4,13,New_Visitor,0,0
0,0.0,25,0.0,23,226.2564103,0.008695652,0.010434783,0.0,0.6,May,4,2,1,3,Returning_Visitor,0,0
4,28.5,0,-426.53210752527093,20,500.5,-0.1506165824012526,0.029824561,0.0,0.0,Nov,4,1,2,1,Returning_Visitor,1,0
3,730.1377505417072,1,18.0,42,-5193.183567136284,0.0,0.022101449,0.0,-0.6819473827157012,Nov,2,2,2,1,Returning_Visitor,0,0
1,119.0,25,0.0,12,297.6666667,0.0,0.008333333,0.0,0.0,Mar,3,2,1,10,Returning_Visitor,0,0
0,0.0,0,0.0,7,379.5,0.057142857,0.085714286,68.68039529059537,0.0,Mar,3,2,8,1,Returning_Visitor,0,0
0,0.0,0,0.0,2,0.0,0.0,-0.14794701839180027,0.0,0.8,May,3,2,3,13,Returning_Visitor,0,0
5,103.875,0,0.0,6,81.375,0.0,0.025,0.0,0.0,Dec,1,1,3,2,Returning_Visitor,1,0
1,17.0,1,23.75,62,7417.305129811294,0.016612903,0.027150538,3.663777878,0.0,Dec,3,2,3,1,Returning_Visitor,1,0
0,0.0,0,0.0,16,544.8333333,0.004761905,0.23337792955716502,0.0,0.0,May,1,1,3,2,Returning_Visitor,1,0
0,0.0,0,0.0,8,388.5,0.0,0.014285714,0.0,0.0,May,3,2,6,4,Returning_Visitor,0,0
11,188.8333333,3,27.0,64,8250.029001637207,0.004054054,0.017194337,48.60623685,0.0,Nov,1,1,1,3,Returning_Visitor,0,1
3,659.8438347850516,0,0.0,16,386.4444444,0.0,0.02745098,0.0,0.2,May,1,1,1,3,Returning_Visitor,0,0
0,-568.1350887727905,0,0.0,9,-6249.73597464516,0.12,0.120833333,0.0,0.0,Nov,3,2,1,13,Returning_Visitor,0,0
4,438.8,0,0.0,4,599.0,0.0,0.011111111,0.0,0.0,Aug,3,2,3,5,New_Visitor,1,0
4,42.0,1,28.5,34,1367.0,0.0,0.001960784,0.0,0.0,Nov,2,2,3,2,Returning_Visitor,0,0
3,42.0,0,0.0,24,1381.733333,0.18282015607281193,0.018777882,0.0,0.0,May,3,2,4,3,Returning_Visitor,0,0
0,0.0,0,0.0,-104,171.0,0.022222222,0.066666667,0.0,-0.5501512398224244,Mar,2,10,4,3,Returning_Visitor,0,0
12,77.5,25,0.0,35,8378.326785682188,-0.12927543517634632,0.013888889,0.0,0.0,Dec,4,2,1,6,Returning_Visitor,0,0
0,-530.922138378466,1,55.0,188,1377.409524,0.000877193,0.018859649,0.0,0.0,May,2,2,2,4,Returning_Visitor,0,0
0,0.0,0,0.0,61,4501.4337,0.015,0.036678391,0.0,0.2,May,4,5,3,2,Returning_Visitor,0,0
0,0.0,0,0.0,1,0.0,0.2,0.2,0.0,0.0,Dec,2,2,4,13,Returning_Visitor,0,0
7,105.375,0,0.0,48,-6174.248619942547,0.022902098,0.027788462,73.73683773417544,0.8594208367260265,Nov,1,1,8,1,Returning_Visitor,1,0
-7,0.0,25,0.0,3,52.5,0.066666667,-0.10518998385785736,0.0,0.0,Dec,3,2,3,3,Returning_Visitor,0,0
0,0.0,0,0.0,4,59.0,0.18214769908313627,-0.14503613385451838,0.0,0.0,Mar,1,1,1,10,Returning_Visitor,0,0
9,771.6519977990747,25,0.0,10,7969.106864274309,0.011764706,0.023529412,0.0,-0.544472977113026,Nov,2,5,1,11,Returning_Visitor,0,0
2,23.0,25,0.0,18,657.25,0.0,0.0125,0.0,0.0,Dec,2,2,9,2,New_Visitor,0,0
0,0.0,0,0.0,1,0.0,0.2,0.2,0.0,0.0,Dec,2,2,6,13,Returning_Visitor,0,0
3,73.0,0,0.0,9,2151.0,0.0,0.018181818,10.91300022,0.0,Mar,2,5,1,1,Returning_Visitor,0,1
1,26.0,0,0.0,16,638.8333333,-0.16560459671119812,0.0125,20.26155684,0.0,Mar,2,4,2,2,New_Visitor,0,0
0,0.0,0,0.0,15,535.25,0.0,0.19513501016916965,0.0,0.0,Nov,3,2,1,2,Returning_Visitor,1,0
0,0.0,0,0.0,1,0.0,0.2,0.2,0.0,0.0,May,2,2,1,3,Returning_Visitor,0,0
15,91.0,2,9.5,-120,2856.9936,0.016929293,-0.127783328776394,0.0,0.0,Dec,2,2,2,10,Returning_Visitor,0,0
5,746.8561237730943,0,0.0,16,742.2095238,0.0,0.015789474,22.89972198,0.0,Nov,1,1,3,5,New_Visitor,0,1
3,83.8,0,0.0,20,798.3,0.0,0.009090909,0.0,0.0,Nov,1,1,1,3,Returning_Visitor,0,0
2,41.75,2,30.0,25,596.075,0.001538462,0.02014652,0.0,0.0,Nov,2,2,3,1,Returning_Visitor,0,0
14,21.0,1,597.8142552850925,-106,326.5833333,0.018181818,0.066666667,0.0,0.0,Mar,3,2,4,3,Returning_Visitor,0,0
2,18.0,25,0.0,32,871.8333333,0.009375,0.020833333,31.903875,0.6,May,4,1,1,3,Returning_Visitor,0,0
1,0.0,0,0.0,59,2334.105159,0.018421053,0.042076023,0.0,-0.7039686293855171,Dec,2,2,3,3,Returning_Visitor,0,0
1,12.0,25,0.0,29,919.8995238,0.0,0.017091837,7.36509031,0.0,Aug,2,5,4,2,Returning_Visitor,0,1
0,0.0,0,0.0,30,1682.275,0.0,0.014285714,41.13336886,0.0,Dec,2,2,4,2,Returning_Visitor,0,1
2,12.0,0,0.0,8,60.0,0.0,0.02,0.0,0.6982096018335325,Mar,2,2,3,2,New_Visitor,1,0
0,-583.2697697711934,0,596.5177817360895,59,3036.4,0.0,0.021186441,0.0,0.0,Mar,2,2,6,13,Returning_Visitor,1,0
1,60.0,1,564.1768248303832,26,670.1666667,0.0,0.003846154,0.0,0.0,May,2,2,3,4,Returning_Visitor,0,0
12,252.8125,4,78.5,100,4597.124242,0.00925181,0.028496768,2.638074656,0.0,Nov,1,1,1,10,Returning_Visitor,1,1
5,40.13636364,25,0.0,35,840.9952922,0.005263158,0.012593985,64.72238907,0.0,Nov,2,2,1,1,Returning_Visitor,0,1
0,780.0535175016297,0,0.0,2,34.5,0.0,0.1,73.5203649618732,0.0,Nov,2,2,3,3,Returning_Visitor,1,0
0,753.7379096163213,0,0.0,29,669.9679487,0.013793103,0.017241379,0.0,0.0,Mar,1,2,6,2,Returning_Visitor,0,0
8,139.6818182,8,-458.9355303310903,45,2003.415152,0.007142857,0.00755102,5.576720936,0.0,Mar,2,2,4,2,Returning_Visitor,0,1
2,42.4,0,0.0,24,2095.819048,0.025,0.041319444,0.0,0.0,Dec,3,2,3,1,Returning_Visitor,0,0
8,157.3166667,0,-411.2876245055229,48,691.95,0.012666667,0.021380952,6.887181233,0.0,Oct,2,2,1,1,Returning_Visitor,0,0
13,0.0,4,399.3333333,46,1814.583333,0.003673469,0.02675737,0.0,0.0,Mar,2,2,2,2,Returning_Visitor,0,0
0,0.0,0,0.0,22,883.0,0.133333333,0.148917749,0.0,-0.6463286341858393,May,3,2,1,13,Returning_Visitor,0,0
8,129.9,25,567.3513089936934,70,1438.71,0.011351351,0.033766459,0.0,0.0,Jul,2,2,7,1,Returning_Visitor,0,0
0,0.0,1,93.0,-106,1045.833333,-0.1614722275746678,0.035483871,0.0,-0.7407227469612809,Feb,1,1,1,3,Returning_Visitor,0,0
0,0.0,0,0.0,10,273.75,0.02,0.053333333,0.0,0.0,Nov,1,1,2,8,Returning_Visitor,0,1
14,0.0,0,-476.6643126549867,12,312.0333333,0.0,0.2229038964912378,17.808,0.0,May,2,2,8,6,Returning_Visitor,0,1
0,0.0,25,0.0,18,327.65,0.011111111,0.044444444,0.0,0.0,Nov,1,1,1,1,Returning_Visitor,0,0
0,0.0,0,0.0,1,8481.492552076057,0.2,0.2,0.0,-0.7132760015397699,Nov,3,2,1,20,Returning_Visitor,0,0
6,107.7,25,0.0,14,290.8,0.0,0.010526316,0.0,0.0,Sep,2,2,1,5,New_Visitor,0,0
0,0.0,0,-392.77316953948906,1,0.0,0.2,0.2,0.0,-0.552895624148576,May,1,1,4,3,Returning_Visitor,0,0
0,0.0,0,0.0,1,0.0,0.2,0.2,-57.779434045685065,0.0,June,1,8,3,4,Returning_Visitor,1,0
9,164.5833333,1,0.0,76,3580.333333,-0.13259582939885414,0.020522088,12.20780052,0.0,Nov,4,1,1,1,Returning_Visitor,0,0
10,137.5,25,32.5,145,6165.878774,0.001333333,0.20365023416560013,0.0,0.0,Nov,2,2,6,2,Returning_Visitor,0,1
15,150.0,25,0.0,12,271.3333333,0.0,0.014285714,0.0,0.0,Mar,1,1,4,2,New_Visitor,0,0
1,25.5,0,0.0,12,250.8333333,0.0,-0.131180354420317,0.0,0.0,Mar,3,2,2,1,Returning_Visitor,1,0
1,34.2,0,0.0,26,502.4533333,0.0,0.002564103,22.65617015,0.7691449543342554,Oct,3,2,6,2,New_Visitor,1,1
5,200.8333333,0,0.0,44,7123.279951075825,0.004761905,0.018253968,0.0,0.0,Dec,1,8,1,10,Returning_Visitor,0,0
0,0.0,0,502.67379993894565,6,226.6666667,0.0,0.033333333,0.0,0.8409082542882407,Dec,4,1,9,1,Returning_Visitor,1,0
0,0.0,0,0.0,-133,0.0,0.0,0.2,0.0,0.0,Jul,1,1,4,4,Returning_Visitor,0,0
0,-615.7981248394534,0,499.4371198568548,2,83.0,0.0,0.05,0.0,0.6,May,1,2,2,4,New_Visitor,0,0
3,37.75,1,10.0,24,274.5,0.0,0.006666667,0.0,0.0,Dec,2,2,1,2,New_Visitor,0,0
0,0.0,0,0.0,192,817.9590698,0.056060606,0.079518398,0.0,0.0,Sep,3,2,3,1,Returning_Visitor,1,0
5,487.5,0,557.46882241917,11,500.0,0.0,0.015384615,0.0,0.0,Mar,1,8,1,11,New_Visitor,0,0
2,223.75,3,165.0,51,2159.004167,0.013684211,-0.1441452869589383,10.22993737,0.0,Nov,1,1,1,2,Returning_Visitor,0,0
12,0.0,2,32.2,41,1321.322222,0.0,-0.14175187253958624,3.979543638,-0.6023792644197076,Oct,4,1,1,2,Returning_Visitor,0,0
3,756.7858701828359,0,0.0,18,-5433.446739097613,0.0,0.02,-62.14942136958692,-0.5950217846831966,May,2,2,6,5,Returning_Visitor,1,0
4,15.5,0,0.0,15,312.7,0.01,0.045,0.0,0.8,May,4,1,3,2,Returning_Visitor,0,0
-8,82.95714286,25,0.0,28,951.4412698,0.17257889145098462,0.21750988047656086,72.70222238935513,0.0,Oct,3,2,1,2,Returning_Visitor,0,0
2,13.0,0,0.0,23,441.0,0.066666667,0.101449275,0.0,-0.6112630482645238,Nov,2,2,1,1,Returning_Visitor,0,0
14,-467.08782226129546,1,0.0,200,7138.55473427581,0.004207921,0.017597513,3.730318306,0.0,Nov,2,5,4,1,Returning_Visitor,0,1
1,-464.96518409538083,0,0.0,20,471.4777778,0.0,0.004545455,32.95851549,0.0,Jul,1,1,1,4,Returning_Visitor,0,1
0,0.0,0,0.0,-106,0.0,-0.12844102996113163,0.19992781693977246,0.0,0.0,May,2,2,4,1,Returning_Visitor,0,0
-9,296.2,0,0.0,175,920.4,0.177989308413535,0.013513514,0.0,0.0,Oct,1,1,1,5,Returning_Visitor,0,0
-9,0.0,0,0.0,-121,0.0,0.2,0.2,0.0,0.0,May,3,2,3,13,Returning_Visitor,0,0
0,0.0,0,0.0,-103,8055.039959816609,0.19403783195932545,0.1,0.0,0.0,Nov,2,6,1,3,Returning_Visitor,0,0
0,0.0,25,0.0,1,0.0,0.2,0.2,0.0,0.0,Dec,2,4,1,1,Returning_Visitor,1,0
0,0.0,0,0.0,25,644.875,0.0,0.044,0.0,0.0,Nov,2,2,3,2,Returning_Visitor,0,0
10,316.1405025,7,321.6666667,287,12983.78771,0.000668896,0.006998399,71.87661897919655,0.0,Mar,2,4,3,8,New_Visitor,0,0
0,-472.92625632971084,25,0.0,12,231.75,0.0,0.016666667,0.0,-0.7077837523420216,Nov,1,1,2,1,Returning_Visitor,0,0
2,132.0,0,0.0,6,1564.0,0.044444444,0.066666667,0.0,-0.702224891689094,May,3,2,2,13,Returning_Visitor,0,0
0,0.0,25,0.0,12,173.0,0.0,0.016666667,0.0,0.8,May,1,1,6,1,Returning_Visitor,0,0
2,125.0,0,0.0,7,8661.157808986734,0.025,0.075,0.0,-0.644034372146134,May,1,1,8,1,Returning_Visitor,0,0
6,88.6,0,0.0,4,59.4,0.0,0.028571429,0.0,0.0,Nov,2,2,7,2,Returning_Visitor,0,0
0,-549.1388638629164,25,0.0,177,34.2,0.066666667,0.1,0.0,0.0,Oct,3,2,5,13,Returning_Visitor,0,0
0,0.0,0,0.0,9,76.0,0.022222222,0.055555556,0.0,0.0,Mar,2,2,6,1,Returning_Visitor,0,0
14,310.0,1,73.0,16,416.4,0.0,0.011111111,0.0,0.0,Mar,1,1,1,2,Returning_Visitor,1,0
2,80.0,6,544.918888741125,201,7331.8623764496715,0.003773585,-0.11256139512133817,34.85660705,0.0,Dec,2,2,3,1,Returning_Visitor,0,0
-8,73.125,2,53.5,200,6671.290144,0.003458896,0.012152531,0.0,0.0,Nov,2,2,4,2,Returning_Visitor,0,0
11,201.84,25,0.0,48,2074.401905,0.0,0.2264973394416796,7.248757745,0.0,Aug,2,7,3,1,Returning_Visitor,0,0
9,274.6666667,0,0.0,40,720.4257937,0.0,0.015259259,-54.313878179340705,-0.6613618714362883,Dec,2,2,2,1,Returning_Visitor,0,0
0,0.0,0,-465.64801136281824,9,258.2916667,0.0,0.022222222,0.0,0.0,Nov,2,5,3,2,Returning_Visitor,0,0
0,0.0,25,0.0,3,13.0,0.066666667,0.133333333,0.0,0.0,Dec,3,2,3,1,Returning_Visitor,1,0
0,0.0,25,0.0,162,43.0,0.18640583677921646,0.1,0.0,0.0,May,3,2,8,2,Returning_Visitor,0,0
1,15.2,1,13.0,39,1706.119697,0.010365854,0.030371661,5.251288882,0.0,June,2,2,2,2,Returning_Visitor,1,0
18,608.14,25,733.8,168,4948.398759,0.006631763,0.013527508,10.15064372,-0.5702622407995952,Aug,2,2,3,1,Returning_Visitor,1,0
3,304.0,0,0.0,31,1735.301587,0.015625,0.0515625,0.0,0.6751326193846163,Mar,1,1,2,1,Returning_Visitor,0,0
0,0.0,0,-457.8688108368101,15,8555.265102959955,0.013333333,0.086666667,0.0,-0.5839474117849898,May,2,2,1,3,Returning_Visitor,0,0
2,-505.19992894714073,0,586.3505803204922,16,681.5,0.0,0.022916667,0.0,0.0,Dec,2,4,1,2,Returning_Visitor,0,0
4,67.0,0,0.0,-137,731.3333333,0.034920635,0.038095238,0.0,0.767854646082309,May,2,2,6,3,Returning_Visitor,0,0
-7,688.9147855901966,25,-409.8124082685955,7,55.0,0.2117891558148344,0.114285714,68.92863225366301,0.0,Mar,2,2,1,1,Returning_Visitor,0,0
0,0.0,0,588.0035808531396,4,219.5,-0.13234579292924856,0.016666667,0.0,0.0,May,1,2,2,2,Returning_Visitor,0,0
0,753.5049093139436,0,497.93579039993267,9,211.0,0.0,-0.10985600380716626,0.0,-0.6529805148741904,Mar,2,2,3,2,Returning_Visitor,0,0
0,0.0,0,0.0,167,586.5333333,0.0,0.003448276,-52.01825575529942,0.2,May,2,2,2,2,New_Visitor,0,1
2,20.15,0,0.0,60,1521.15,0.003333333,0.015277778,-61.501719995796186,0.0,Nov,2,4,1,2,Returning_Visitor,0,1
2,191.0,1,100.0,46,2452.582143,0.007246377,0.022253906,0.0,0.0,Mar,3,2,9,3,Returning_Visitor,1,0
0,0.0,0,475.49205199155307,64,2018.762066,0.009895833,0.027936058,0.0,0.0,Nov,3,2,1,2,Returning_Visitor,0,0
1,9.1,0,0.0,9,115.6,0.0,0.04,0.0,0.0,Oct,2,5,2,3,Returning_Visitor,0,0
0,0.0,0,-465.9074822043332,14,260.8666667,0.0,0.028571429,0.0,0.0,June,2,2,1,3,Returning_Visitor,0,0
0,0.0,0,0.0,4,6924.091035963544,0.1,0.15,74.29070636716752,0.0,May,2,2,6,3,Returning_Visitor,0,0
4,191.1666667,25,0.0,108,4656.331746,0.006456456,0.018326694,-62.60608431575706,0.0,Nov,3,2,1,10,Returning_Visitor,0,0
6,231.9,0,0.0,8,188.3,0.0,0.014285714,12.15713406,0.0,Sep,2,2,1,4,Returning_Visitor,0,0
-7,704.4745268344568,0,0.0,25,1109.233333,0.0,0.001666667,61.30486592,0.0,Aug,2,2,6,5,New_Visitor,0,1
1,194.0,0,0.0,21,304.275,0.0,0.22586716664180717,0.0,0.0,May,1,2,4,2,Returning_Visitor,0,0
12,0.0,0,0.0,12,-4663.280410084413,0.004166667,0.21315232243450513,0.0,0.0,Mar,2,2,3,2,Returning_Visitor,0,0
0,0.0,0,0.0,16,370.6666667,0.033333333,0.051041667,0.0,0.0,Dec,3,2,2,3,Returning_Visitor,0,0
0,0.0,0,0.0,2,22.0,0.0,0.05,0.0,0.0,Mar,1,1,3,15,Returning_Visitor,1,0
0,0.0,3,83.0,68,2162.657393,0.006527627,-0.1402371486748732,68.31128411096019,0.0,Dec,1,2,1,2,Returning_Visitor,0,0
8,146.5333333,25,0.0,175,3739.635556,0.0,0.009316239,2.551140814,0.8130280060982522,Oct,2,2,3,2,Returning_Visitor,0,0
0,0.0,0,-421.146291794423,43,1650.416667,0.0,0.003875969,0.0,0.0,Mar,2,2,7,3,Returning_Visitor,1,0
1,10.0,1,0.0,28,830.0,0.013793103,0.044827586,0.0,0.4,May,2,2,1,2,Returning_Visitor,0,0
5,99.16666667,1,27.0,33,483.2666667,0.002777778,0.009126984,0.0,0.6,May,8,5,1,2,Returning_Visitor,0,0
0,0.0,0,0.0,1,0.0,0.2,0.2,0.0,0.8003584622506957,May,2,5,7,3,Returning_Visitor,0,0
4,158.2,0,0.0,62,7364.594510675389,0.0,0.001041667,246.7585902,0.0,Oct,4,1,8,2,New_Visitor,0,0
3,124.0,0,0.0,13,173.0,0.0,0.017777778,0.0,0.0,May,2,2,1,2,New_Visitor,0,0
9,208.2666667,0,0.0,19,543.775,0.0,0.002380952,0.0,0.0,May,3,2,3,11,New_Visitor,1,0
0,764.434442325047,25,-407.628943032964,9,27.5,0.044444444,0.1,0.0,0.0,May,2,2,1,1,Returning_Visitor,0,0
5,-549.4203979380852,25,144.0,101,1808.162266,0.045307443,0.06290128,2.153839297,0.0,Jul,3,2,1,3,Returning_Visitor,0,0
13,154.4,0,0.0,33,1267.06,0.021621622,0.040540541,0.0,0.0,June,2,2,1,3,Returning_Visitor,0,0
0,0.0,25,0.0,18,315.6944444,0.0,0.002941176,0.0,0.7209173837868746,Nov,1,1,8,8,New_Visitor,0,0
4,725.6123056528702,4,785.875,251,9297.575489,-0.15385193780969275,0.027881156,0.0,0.0,Nov,2,2,1,2,Returning_Visitor,0,0
2,23.0,0,0.0,39,1828.966667,0.005128205,0.02008547,76.29792406687163,0.0,Nov,1,1,1,2,Returning_Visitor,1,1
-7,0.0,0,0.0,5,131.5,0.04,0.093333333,0.0,0.6,May,1,1,1,1,Returning_Visitor,0,0
0,0.0,0,0.0,-136,371.0,-0.12405619958424652,0.00952381,0.0,-0.634633070045947,Nov,2,2,1,13,Returning_Visitor,0,0
8,693.7167617606968,25,32.0,328,9694.260714,-0.16474802232125652,0.010905045,6.467831696,0.0,Mar,2,2,3,1,Returning_Visitor,0,0
0,0.0,25,0.0,42,570.1832287,0.01,-0.129656729308242,0.0,0.0,Aug,2,2,1,2,Returning_Visitor,0,0
13,-605.1185185843525,25,0.0,200,187.0,0.20998723095143323,0.0,0.0,0.0,Sep,2,5,4,1,Returning_Visitor,0,0
2,167.8888889,2,825.5,117,5256.472341,0.004030055,0.22560176276592583,3.187495058,0.0,Nov,3,2,5,8,Returning_Visitor,0,1
0,740.3950751123825,0,0.0,31,1008.416667,0.0,0.007881773,0.0,0.0,May,2,6,1,2,Returning_Visitor,0,0
4,85.92857143,0,0.0,39,681.7619048,0.015384615,0.032988166,0.0,0.0,May,1,1,7,3,Returning_Visitor,0,0
2,50.4,0,-459.371117140292,14,497.8,0.011458333,0.018333333,-55.506675179444144,0.7486748809115046,Sep,3,6,1,2,Returning_Visitor,0,0
15,196.6,0,0.0,31,1514.3,0.19376053337344265,0.066666667,0.0,0.0,Aug,1,8,7,1,Returning_Visitor,1,0
0,0.0,2,36.5,41,1383.661111,0.002790698,0.011436389,0.0,0.0,Dec,1,1,1,2,Returning_Visitor,0,0
0,-530.4034362733212,25,0.0,-99,138.5416667,0.023076923,0.028205128,0.0,0.0,Dec,1,1,8,1,Returning_Visitor,1,0
6,17.0,0,0.0,51,1056.616667,-0.16055591041659986,0.036472303,0.0,0.8,May,2,2,3,11,Returning_Visitor,0,0
2,35.0,0,0.0,11,-5170.677912715937,0.0,0.015384615,-53.75220385327783,0.0,Mar,2,2,1,2,New_Visitor,0,0
0,0.0,0,-490.0538623351668,2,74.0,0.1,0.15,0.0,0.0,Mar,3,2,1,3,Returning_Visitor,0,0
0,0.0,0,0.0,17,248.9,0.0,0.02745098,0.0,0.8,May,1,1,3,2,Returning_Visitor,0,0
0,0.0,0,0.0,9,113.0,0.066666667,0.088888889,0.0,0.8,May,2,2,3,6,Returning_Visitor,0,0
0,0.0,0,0.0,72,2129.333333,0.0,0.01875,0.0,0.8,May,2,5,1,6,Returning_Visitor,0,0
0,0.0,25,508.9587968518383,-130,428.45,0.004545455,0.012878788,-65.16378361471412,1.0,May,3,2,1,2,Returning_Visitor,1,1
11,267.1666667,0,0.0,39,-5985.637799870853,0.004166667,0.011458333,20.11751289,0.0,Mar,2,2,3,1,New_Visitor,0,0
0,0.0,0,0.0,17,141.5,0.082352941,0.2343575364865363,0.0,0.6,May,2,2,1,6,Returning_Visitor,0,0
0,0.0,0,0.0,13,562.25,0.0,0.015384615,34.97250838,0.0,Nov,1,1,1,2,New_Visitor,0,1
3,-609.0822792155616,0,0.0,19,436.0,0.0,0.013636364,49.54827273,0.0,May,2,2,4,2,Returning_Visitor,1,1
1,17.0,0,-467.6525923492421,17,1340.583333,0.047058824,0.22309811164351837,0.0,0.0,Nov,3,2,1,2,Returning_Visitor,0,1
0,0.0,0,0.0,3,514.0,0.0,0.066666667,0.0,0.8471419808276622,Mar,2,2,3,1,Returning_Visitor,0,0
0,0.0,0,0.0,12,312.6666667,0.0,0.033333333,76.06272074632437,0.0,May,1,1,1,4,Returning_Visitor,0,0
1,5.0,0,0.0,5,95.1,0.066666667,0.077777778,0.0,0.7360777706724887,Oct,1,1,4,4,Returning_Visitor,0,0
6,183.25,2,80.5,60,1883.444231,0.2119467087188548,-0.11405719832036953,0.0,0.0,Nov,3,12,1,6,Returning_Visitor,1,1
2,27.0,0,0.0,-103,1278.090909,-0.14344597093392653,0.008333333,0.0,0.0,Mar,2,2,2,2,New_Visitor,1,0
1,6.0,0,0.0,23,2767.2,0.0,0.008333333,-54.59288165323298,0.7003962932413224,Sep,2,2,7,1,New_Visitor,0,0
14,0.0,25,505.86352962618207,19,273.7083333,0.021052632,0.035087719,0.0,0.0,Nov,3,2,4,11,Returning_Visitor,1,1
0,0.0,0,0.0,5,7988.256784977911,0.2,0.2,0.0,0.0,Jul,3,2,3,1,Returning_Visitor,1,0
1,669.2630537552981,0,0.0,52,1551.666667,0.001818182,0.019393939,7.882377258,0.0,Mar,1,1,3,2,Returning_Visitor,0,0
6,179.75,2,-470.33818705578426,64,-5760.356160149466,0.007246377,0.014251208,16.68711526,0.0,Dec,2,5,9,2,Returning_Visitor,0,0
-8,0.0,2,360.0,82,6858.672122,0.002409639,0.013380361,0.0,0.0,Nov,1,1,3,2,Returning_Visitor,0,0
4,46.5,25,0.0,34,762.5,-0.1397490269347076,0.1901540614703797,66.95143942083442,0.6,May,2,2,1,4,Returning_Visitor,0,0
0,0.0,25,26.0,90,-4718.897126888739,0.01978022,0.044796184,0.0,0.0,Nov,2,2,7,1,Returning_Visitor,0,1
-10,0.0,0,0.0,6,387.0,0.133333333,0.166666667,0.0,0.0,May,2,2,3,3,Returning_Visitor,0,0
1,90.0,1,510.8045303786983,57,1092.364286,0.0,0.006321839,19.11506897,0.6,May,2,2,7,4,Returning_Visitor,0,1
0,0.0,0,0.0,1,0.0,0.2,0.2,0.0,0.0,Mar,2,2,7,1,Returning_Visitor,0,0
0,0.0,0,0.0,1,0.0,0.2,0.2,0.0,0.0,Nov,2,2,6,10,Returning_Visitor,0,0
0,0.0,0,0.0,6,75.2,0.033333333,0.05,0.0,0.0,Jul,3,2,2,3,Returning_Visitor,0,0
0,0.0,0,0.0,1,0.0,0.2,0.2,0.0,-0.6534732382034313,June,2,2,1,1,Returning_Visitor,0,0
0,0.0,0,0.0,32,1916.633333,0.015625,0.0265625,0.0,-0.7387114381677884,Mar,2,2,1,10,Returning_Visitor,0,0
0,0.0,25,0.0,1,0.0,0.2,0.2,0.0,0.0,May,4,1,1,3,Returning_Visitor,0,0
1,0.0,0,0.0,3,58.6,0.0,0.05,113.3238614,0.0,Oct,2,2,9,2,Returning_Visitor,1,1
6,254.0,0,0.0,48,1740.525631,0.0,0.20567342372437367,0.0,0.0,Nov,1,1,3,2,New_Visitor,0,1
-8,0.0,0,0.0,1,0.0,0.19701599858814006,0.2,0.0,0.0,Dec,2,2,5,2,Returning_Visitor,1,0
3,787.1193518211423,0,0.0,162,134.0,0.1979611636293196,0.23736811050408566,0.0,0.8,May,3,2,8,2,Returning_Visitor,0,0
4,23.53333333,0,0.0,10,118.0,0.011111111,0.066666667,0.0,0.0,June,2,2,2,3,Returning_Visitor,1,0
0,0.0,25,0.0,29,-4941.193950307504,0.0,0.006896552,0.0,0.8139590095908513,May,1,1,6,4,Returning_Visitor,0,0
4,164.0,0,0.0,30,2136.0,-0.17268942264541545,0.008333333,0.0,0.8076110843301701,May,2,2,1,2,New_Visitor,0,0
0,0.0,0,-461.8576981873201,1,0.0,0.2,0.2,0.0,0.0,Mar,1,1,1,3,Returning_Visitor,1,0
5,129.625,1,15.0,25,389.4107143,0.007692308,0.21835769641753583,0.0,-0.6684104538975985,Dec,3,2,1,2,Returning_Visitor,1,0
0,0.0,0,0.0,14,731.5,0.014285714,0.042857143,0.0,0.0,Nov,2,2,4,2,New_Visitor,0,1
3,49.4,25,0.0,11,285.6,0.0,0.021428571,-65.06055452968768,0.0,Oct,2,2,7,2,Returning_Visitor,0,0
0,0.0,0,0.0,24,1163.266667,0.061111111,0.083333333,27.287869,0.0,Oct,1,1,4,1,Returning_Visitor,1,1
0,0.0,0,0.0,41,2213.0,0.004545455,0.031060606,76.97670650816946,0.2,May,2,2,5,4,Returning_Visitor,0,0
1,62.46666667,0,0.0,5,165.1,0.0,0.016666667,0.0,0.0,Sep,3,2,3,3,New_Visitor,0,0
0,0.0,0,0.0,3,-5522.731540610983,0.0,0.033333333,0.0,-0.64632309285607,Nov,3,2,1,3,Returning_Visitor,1,0
0,0.0,1,110.0,-128,402.3333333,0.028571429,0.052154195,0.0,0.6,May,2,2,3,13,Returning_Visitor,0,0
9,703.7608752422063,25,541.7679852132069,71,2816.43881,0.2059917864115291,0.002666667,-62.089173827631164,0.0,Mar,2,2,1,8,New_Visitor,1,0
4,73.33333333,1,0.0,52,1543.75,0.004166667,0.22663413904055965,0.0,0.0,Nov,2,2,9,13,Returning_Visitor,0,0
4,598.375,0,0.0,169,4446.303175,0.001538462,0.015567766,3.333835543,0.0,Dec,2,2,3,2,Returning_Visitor,0,0
0,0.0,25,0.0,7,126.0,0.028571429,0.057142857,0.0,0.0,Mar,2,5,2,10,Returning_Visitor,0,0
-7,309.0,0,0.0,25,383.0833333,0.018181818,0.037575758,0.0,0.7967178458110304,Mar,2,2,3,1,Returning_Visitor,0,0
3,70.6,0,0.0,11,7375.803374189509,0.1,0.107142857,0.0,0.0,Oct,1,1,1,3,Returning_Visitor,0,0
3,61.0,0,0.0,31,-5435.228109973269,0.20093831723494418,0.006666667,0.0,0.0,May,1,2,1,3,New_Visitor,0,0
0,0.0,0,0.0,23,647.1428571,0.004347826,0.022222222,0.0,0.8272016481512612,Nov,1,8,1,11,Returning_Visitor,1,0
14,634.9316144786524,6,130.5166667,35,1359.771429,-0.14490180943361602,0.018611111,34.98992634,0.0,Nov,3,2,1,11,Returning_Visitor,1,0
-8,743.0799901535835,25,0.0,2,63.5,0.0,0.1,0.0,0.0,Nov,2,4,1,1,Returning_Visitor,0,0
-10,20.0,25,0.0,21,442.0,0.008695652,0.020289855,65.93768586141265,-0.7140359004570598,Nov,2,2,1,13,Returning_Visitor,0,0
0,0.0,0,-507.95253852635744,2,12.0,0.0,0.1,0.0,0.0,Jul,2,10,2,6,Returning_Visitor,0,0
0,0.0,0,0.0,60,1147.615584,0.004285714,0.024416667,0.0,0.8,May,2,4,5,2,Returning_Visitor,0,0
3,682.5980290270445,0,0.0,-101,168.2,-0.16906236698217225,0.22945854648154757,4.78307258,0.0,Oct,2,7,7,20,Returning_Visitor,1,1
2,100.0,0,0.0,-109,7864.686836687571,0.0,0.008695652,-65.41240049924133,0.0,May,1,1,1,4,Returning_Visitor,1,1
-8,0.0,0,0.0,1,0.0,-0.12854260099350792,0.2,0.0,0.0,Mar,3,2,1,1,Returning_Visitor,0,0
3,73.5,8,376.3333333,185,986.5166667,0.2147272244434125,0.031113658,0.0,0.0,May,3,2,1,1,Returning_Visitor,1,0
0,0.0,1,125.0,12,-5418.613632023967,0.0,0.023076923,0.0,0.7529910767195812,May,2,2,4,4,Returning_Visitor,0,0
5,54.0,25,0.0,15,304.5,0.0,0.010526316,0.0,0.0,May,2,2,6,2,Returning_Visitor,0,0
13,69.66666667,1,23.0,161,6524.035369,0.005050505,0.013944826,45.41882207,0.0,Nov,2,2,3,2,Returning_Visitor,0,1
13,15.0,0,0.0,20,243.4166667,0.0,-0.14206741557213773,0.0,0.6751906033206617,May,2,2,1,3,Returning_Visitor,0,0
15,584.2,0,0.0,73,2693.963452,0.0,0.001298701,0.0,0.0,Nov,3,2,4,13,Returning_Visitor,0,0
7,634.2666667,3,89.5,54,2864.633333,0.012295082,0.024020297,7.448242868,0.0,Nov,3,2,3,1,Returning_Visitor,0,0
0,0.0,0,-472.0328010299954,4,568.4782609,-0.14588548421550754,0.068285714,74.73344448051968,0.4,May,2,2,1,7,Returning_Visitor,0,0
-10,0.0,0,0.0,1,0.0,0.2,0.2,0.0,0.0,May,2,2,6,13,Returning_Visitor,0,0
11,1215.333333,0,0.0,26,1090.916667,0.014193548,0.033870968,19.55501935,0.0,May,2,4,7,2,Returning_Visitor,0,0
0,731.9274707786318,0,-448.5574629039108,13,255.0,0.0,0.015384615,0.0,0.6778125451428123,Mar,2,4,1,1,Returning_Visitor,1,0
1,5.0,1,7.0,31,561.0940141,0.034375,0.052507716,0.0,0.7041507877489425,Jul,3,2,3,13,Returning_Visitor,0,0
0,0.0,25,0.0,12,276.0,0.19171958579478693,0.016666667,0.0,0.0,Dec,2,2,8,2,New_Visitor,0,0
12,-528.9144841892956,0,-427.4356097106725,36,1387.606061,0.005263158,0.025438596,-55.434873585447164,-0.5996509484707264,Mar,2,2,8,1,Returning_Visitor,1,0
-8,21.0,25,531.0227841216725,13,-5503.4199131940795,0.0,0.016666667,69.46175766,0.0,Dec,2,2,4,3,Returning_Visitor,0,1
-8,106.3,0,0.0,32,-4786.177151542799,0.20217058007681632,0.048958333,0.0,0.0,Aug,3,2,4,1,Returning_Visitor,0,0
-8,0.0,0,0.0,-101,40.0,0.0,0.05,0.0,-0.5885790634241108,May,1,1,3,3,Returning_Visitor,0,0
0,0.0,0,599.5376098530011,7,155.0,0.066666667,0.1,0.0,0.738582412335327,May,2,2,1,4,Returning_Visitor,0,0
15,0.0,0,0.0,8,149.0,0.0,0.033333333,64.788,0.0,May,2,2,1,2,Returning_Visitor,0,1
0,0.0,0,0.0,12,1437.75,0.016666667,0.066666667,0.0,0.0,Nov,2,2,3,1,Returning_Visitor,0,0
2,8.0,1,14.33333333,164,8088.609671976592,0.0,0.0125,44.67925,0.0,Mar,2,2,1,7,Returning_Visitor,0,1
0,0.0,0,0.0,19,1065.9,0.016666667,-0.1187299556819518,75.19785269395584,1.0,May,1,1,1,6,Returning_Visitor,1,0
13,-543.5096984077769,0,0.0,34,-5085.737159183931,0.004878049,0.024390244,0.0,0.7095267143594274,May,2,2,8,3,Returning_Visitor,0,0
-7,52.66666667,0,0.0,41,2303.183333,0.005714286,0.015873016,0.0,0.0,Dec,2,2,1,2,Returning_Visitor,1,0
13,75.0,25,498.14530609249516,9,-6004.026672652054,0.0,0.1951201539570937,0.0,-0.7097019043721119,Dec,2,4,3,8,Returning_Visitor,0,0
3,10.0,0,502.7915427702307,184,8.0,0.0,0.033333333,0.0,0.0,Sep,2,2,1,2,New_Visitor,0,1
0,0.0,0,0.0,162,118.3,0.011111111,0.077777778,0.0,0.0,June,2,2,1,2,Returning_Visitor,0,0
4,140.475,1,0.0,48,1252.561414,0.014038462,-0.11596542430922878,0.0,0.0,Nov,3,2,1,2,Returning_Visitor,1,0
0,0.0,0,0.0,164,8056.8401833306025,0.2,0.2,-64.26956747044485,-0.6204741069302773,Jul,1,1,3,1,Returning_Visitor,0,0
13,124.0,0,0.0,0,-5754.932418036048,0.0,0.033333333,0.0,0.0,Mar,3,2,6,3,Returning_Visitor,0,0
-9,0.0,0,504.67693590421516,1,0.0,0.2,0.2,0.0,0.0,May,2,2,1,3,Returning_Visitor,0,0
14,786.578764410572,0,0.0,179,685.0,0.0,0.022222222,0.0,0.0,Mar,2,2,7,1,Returning_Visitor,0,0
0,0.0,0,0.0,42,879.0333333,0.004761905,0.024603175,-52.16829765850278,0.0,May,2,2,2,4,Returning_Visitor,1,0
0,0.0,0,0.0,1,0.0,0.1813895492878712,0.2,-54.68402532195233,0.0,Mar,2,2,9,2,New_Visitor,1,0
15,100.6,2,5.0,-142,2002.76,0.008163265,0.026598639,-50.29513251013444,0.0,Sep,2,2,3,13,Returning_Visitor,0,0
12,722.2083333,25,151.5,238,10340.36916,0.002419355,0.016345046,3.851653215,0.0,Dec,2,2,4,1,Returning_Visitor,0,0
0,0.0,0,0.0,91,4157.633333,0.01,0.028013468,0.0,0.0,Jul,2,2,1,13,Returning_Visitor,0,0
1,92.6,0,0.0,4,207.9333333,0.0,0.04,74.34262139754114,0.0,Jul,1,1,9,20,New_Visitor,0,0
9,177.2,0,588.0728815655455,34,817.4333333,0.0,0.011111111,0.0,0.0,Nov,2,2,3,2,Returning_Visitor,0,0
4,68.5,2,845.0,82,2448.784448,0.000374532,0.008907697,6.506831398,0.0,Mar,1,1,2,2,Returning_Visitor,0,1
-10,0.0,0,0.0,-117,7312.5753785835195,0.014367816,0.2320228020317612,0.0,0.8,May,2,2,6,11,Returning_Visitor,0,0
5,782.9217006680781,2,15.0,34,2193.383333,-0.13998308544199517,0.024324324,0.0,-0.5670185083562078,Nov,1,1,1,2,Returning_Visitor,1,1
10,268.0,2,7.0,24,551.6666667,0.19983164037962936,0.020833333,63.09637865349974,0.0,May,2,2,1,2,Returning_Visitor,0,0
2,8.5,0,0.0,45,848.2051282,0.1965113719108541,0.022463768,0.0,0.0,May,4,1,1,1,Returning_Visitor,1,0
13,474.0,0,0.0,19,805.65,0.001242236,0.019397993,0.0,0.0,Nov,1,1,1,2,Returning_Visitor,0,0
5,263.7333333,1,16.2,-106,6079.82,-0.15617325597612924,0.017,3.454874142,0.0,Oct,2,2,2,3,Returning_Visitor,0,0
0,0.0,25,0.0,20,419.0,0.0,0.2218493744727578,0.0,0.0,May,2,2,5,4,Returning_Visitor,1,0
0,0.0,0,0.0,16,1533.0,-0.12714481539032688,0.22091851568595008,0.0,0.0,Mar,2,2,7,1,Returning_Visitor,0,0
9,103.9333333,0,0.0,16,172.1333333,0.012,0.049,0.0,0.0,Oct,1,1,1,2,Returning_Visitor,0,1
8,134.3733333,25,-458.7420975402549,196,1773.610152,0.004255319,0.008355899,72.45887122632396,-0.7387021009124094,Nov,1,1,8,2,Returning_Visitor,1,1
4,-558.1141399429688,0,0.0,28,580.65,0.0,0.20818968194483284,0.0,0.0,Jul,1,2,1,4,Returning_Visitor,0,0
0,-590.536567452885,0,0.0,14,-4587.299457055541,0.019047619,0.045986395,0.0,0.0,May,1,1,6,2,Returning_Visitor,1,0
-9,0.0,0,0.0,10,611.0,0.02,-0.1450548743547119,0.0,0.8,May,2,4,3,1,Returning_Visitor,0,0
0,0.0,0,-425.55168879033795,22,850.2083333,0.0,0.016666667,0.0,0.0,Mar,1,1,1,2,Returning_Visitor,0,0
-10,627.2826646079881,25,55.0,41,1705.041667,0.004545455,0.023982684,7.25975,0.0,May,2,4,2,2,Returning_Visitor,0,0
12,0.0,1,0.0,-102,488.0,0.0,0.018181818,0.0,0.0,May,2,2,6,3,New_Visitor,0,0
3,-616.15722559886,25,16.2,8,281.1,0.0,0.041666667,15.82044157,-0.6032834457388196,Nov,3,2,1,20,Returning_Visitor,0,1
3,34.25,2,17.0,60,2335.125,0.20052834029990346,0.01875,0.0,0.0,Dec,2,2,1,2,Returning_Visitor,1,0
14,205.9924242,1,65.0,52,1090.385281,-0.16580590089473773,0.23433221353390338,5.539900181,0.0,Nov,1,1,1,10,Returning_Visitor,0,0
4,103.5,0,0.0,28,-5866.41709912124,0.0,0.011326165,0.0,-0.7397568498402248,May,1,1,1,4,Returning_Visitor,0,0
0,0.0,0,0.0,6,8114.077106986483,0.0,0.066666667,0.0,-0.7332783600252627,Dec,2,2,7,2,Returning_Visitor,1,0
15,0.0,0,0.0,10,172.5,-0.14584921780446722,0.043333333,0.0,0.0,Mar,2,2,3,6,Returning_Visitor,0,0
8,160.5,2,1467.0,26,-5964.0543903603975,0.0,0.031029186,0.0,0.0,Mar,2,2,1,1,Returning_Visitor,0,0
1,146.0,0,0.0,7,221.4,-0.1670923985518556,0.0225,0.0,0.0,Nov,1,1,4,3,Returning_Visitor,0,0
0,0.0,0,0.0,-141,69.0,0.0,0.05,0.0,0.0,May,3,2,3,3,Returning_Visitor,0,0
1,11.0,25,0.0,104,4877.257071,0.003921569,0.020140056,0.0,0.0,May,2,2,1,6,Returning_Visitor,1,0
0,0.0,0,0.0,22,1310.5,0.00952381,0.028571429,23.86359286,0.6750925030420496,Mar,2,2,1,1,Returning_Visitor,0,1
-8,0.0,0,0.0,2,22.0,0.0,0.1,0.0,0.0,Dec,2,2,3,1,Returning_Visitor,0,0
-8,0.0,0,0.0,2,0.0,0.2,0.2,0.0,0.0,Nov,1,1,1,1,Returning_Visitor,0,0
0,0.0,0,0.0,7,105.0,0.0,0.033333333,0.0,0.0,Dec,2,2,1,8,New_Visitor,0,0
0,0.0,0,0.0,5,150.8,0.0,0.02,64.83022123730836,-0.649580957775423,Aug,1,1,1,2,Returning_Visitor,0,0
0,-600.1381158295859,0,0.0,3,189.0,0.0,0.066666667,0.0,0.0,May,2,2,3,4,Returning_Visitor,0,0
0,0.0,0,0.0,7,604.0,0.0,0.033333333,53.988,0.0,May,2,5,3,2,New_Visitor,0,1
0,0.0,0,523.6720300883685,-99,0.0,0.2,0.2,0.0,0.0,Nov,3,2,1,13,Returning_Visitor,0,0
-10,171.2,0,0.0,177,218.0,0.011111111,0.033333333,0.0,0.0,Oct,1,2,6,4,Returning_Visitor,0,0
-10,264.1333333,1,152.2,47,-6098.871082961434,0.0,-0.12297791468606502,0.0,0.0,Aug,3,2,3,2,New_Visitor,1,0
-10,2156.166667,2,92.0,15,463.0,0.036363636,0.042207792,0.0,0.0,May,1,2,4,4,Returning_Visitor,1,0
-7,290.8603687,6,529.7,178,4339.534423,0.003939056,0.015263169,6.149343862,0.4,May,2,2,3,4,Returning_Visitor,0,0
1,8.0,1,580.760853202288,170,2801.75119,0.010526316,0.016374269,7.267034211,0.0,Dec,3,2,4,2,Returning_Visitor,0,0
0,0.0,0,0.0,3,50.4,-0.156491323864682,0.066666667,0.0,0.0,Jul,2,2,3,1,Returning_Visitor,0,0
2,107.0,0,0.0,14,167.5,0.08125,0.108333333,0.0,0.0,May,3,2,1,2,Returning_Visitor,0,0
0,0.0,0,0.0,19,528.25,0.0,0.005263158,0.0,0.0,Sep,2,2,5,2,Returning_Visitor,0,0
0,0.0,25,0.0,9,521.0,0.0,0.2103345520479254,0.0,0.0,Dec,3,2,3,11,New_Visitor,0,0
0,0.0,0,0.0,-131,27.0,0.15,0.15,0.0,0.0,Feb,1,1,7,2,Returning_Visitor,0,0
0,0.0,25,0.0,4,47.5,0.05,0.075,0.0,0.0,May,3,2,6,3,Returning_Visitor,0,0
3,29.75,0,0.0,199,398.9803922,0.0,0.005555556,50.51764193,0.0,Nov,2,2,2,2,New_Visitor,0,1
0,0.0,0,0.0,3,18.0,0.0,0.066666667,0.0,0.2,May,2,2,2,5,Returning_Visitor,0,0
4,228.72,25,0.0,4,154.9,0.0,0.008333333,0.0,0.0,Oct,1,8,1,11,New_Visitor,0,0
-7,0.0,0,0.0,14,7928.867146776189,0.0,0.021428571,-50.6231533593906,0.0,Nov,5,11,1,8,Returning_Visitor,0,0
0,798.4923366054672,0,0.0,-137,289.5555556,0.017647059,0.031372549,0.0,0.0,Dec,1,1,1,10,Returning_Visitor,0,0
0,-610.2973493706007,0,0.0,188,79.75,-0.16799117190194476,0.025,0.0,0.0,Dec,2,4,1,2,Returning_Visitor,1,0
14,53.5,25,0.0,-99,287.3333333,0.0,0.013333333,0.0,0.0,Nov,2,2,1,6,New_Visitor,1,0
-8,0.0,3,45.5,117,3228.502137,0.005932203,0.018995891,78.22388691322891,0.0,Nov,1,2,1,2,Returning_Visitor,1,0
3,146.5,3,-394.28393593882754,31,-6099.414247808489,0.0,0.01712963,0.0,0.0,Aug,1,1,5,2,Returning_Visitor,1,0
0,0.0,0,0.0,163,2634.476245,0.000943396,0.016429608,0.0,0.0,Nov,2,2,1,2,Returning_Visitor,0,0
4,485.3333333,2,18.0,-117,345.3833333,0.0,0.23549559501198494,0.0,0.0,Mar,3,2,3,8,New_Visitor,1,0
4,140.5833333,25,385.0,53,1609.990079,0.003571429,0.028928571,7.209305119,0.0,Dec,2,2,5,2,Returning_Visitor,1,0
-7,504.2533333,2,1665.066667,243,8768.477228,0.014137484,0.028099523,1.827470744,0.7721656718207647,Jul,2,2,1,1,Returning_Visitor,0,1
-9,0.0,0,0.0,3,0.0,0.2,0.2,73.3203514604295,0.0,Mar,2,2,4,1,Returning_Visitor,0,0
10,1005.666667,0,0.0,36,2111.341667,0.004347826,0.014492754,11.43941195,0.0,Feb,2,6,1,2,Returning_Visitor,0,1
0,0.0,0,0.0,4,36.0,0.05,0.1,0.0,0.0,Mar,2,2,6,1,Returning_Visitor,0,0
2,30.0,0,0.0,24,300.6666667,0.008333333,-0.131665652095463,0.0,0.0,May,2,2,1,4,Returning_Visitor,0,0
-7,0.0,3,1830.5,81,5000.739116,0.003294118,0.020433155,0.0,0.0,Nov,2,2,3,2,Returning_Visitor,1,0
0,-612.7263258415815,0,0.0,4,107.25,0.0,0.025,0.0,0.0,Dec,2,2,1,3,Returning_Visitor,0,0
-7,118.75,0,0.0,66,7276.887080350769,0.018732493,0.02229101,-55.479829032657484,-0.5998160571278671,Nov,3,2,1,13,Returning_Visitor,0,0
7,-548.7603001512513,25,336.5,-124,1981.016667,0.005660377,-0.11612599854592268,-56.92687249474936,0.0,Mar,1,1,2,2,Returning_Visitor,1,1
0,0.0,0,0.0,2,0.0,0.2,0.2,0.0,0.0,May,1,8,2,1,Returning_Visitor,0,0
2,620.5900508027831,0,0.0,10,208.0,0.0,0.2208112321476991,-68.04695990159424,-0.6324809331026067,Nov,3,2,5,2,New_Visitor,0,0
-7,0.0,0,468.0558837471716,28,666.0,0.0,-0.11876615120549977,78.2008224132107,0.4,May,2,2,3,2,Returning_Visitor,0,0
0,0.0,25,0.0,22,2189.5,0.00952381,0.028571429,0.0,0.0,Nov,4,2,1,10,Returning_Visitor,0,0
1,12.06666667,0,0.0,45,591.2640602,0.0,0.013028631,0.0,0.0,Sep,2,2,1,2,Returning_Visitor,0,1
0,0.0,25,0.0,7,151.4166667,0.0,0.19556689178671868,0.0,0.0,Dec,8,13,9,20,Other,0,0
6,109.6666667,0,0.0,7,86.16666667,0.006666667,0.051111111,0.0,0.0,Dec,2,5,7,2,Returning_Visitor,0,1
1,-468.45526343969226,25,0.0,53,1170.733333,0.007272727,0.025454545,31.90320066,0.0,Aug,2,4,2,3,Returning_Visitor,0,1
0,0.0,0,0.0,-105,292.6944444,0.0,0.005128205,54.98,0.0,May,3,2,4,4,Returning_Visitor,0,1
4,-482.44044579089655,0,0.0,178,-6148.751007370286,0.012727273,0.021974359,1.660118182,0.0,Mar,3,2,7,3,Returning_Visitor,1,1
0,0.0,0,0.0,29,1970.0,0.0,0.0,100.7256048,0.0,Oct,4,1,5,2,Returning_Visitor,0,1
0,0.0,25,0.0,2,58.0,0.0,0.1,0.0,-0.5549698710409023,Nov,2,2,2,6,Returning_Visitor,1,0
1,30.5,0,-468.0108818905867,34,-6369.124808582284,0.0,0.006060606,8.754045182,0.0,Dec,2,2,7,2,New_Visitor,0,1
5,41.3,0,0.0,24,446.9277778,0.0,-0.13317492711272297,0.0,0.8325114365361164,Feb,2,2,8,1,Returning_Visitor,1,0
0,0.0,0,0.0,89,5044.75689,0.002528736,-0.1425288557379048,74.6444964489156,0.8,May,1,1,6,6,Returning_Visitor,0,0
2,21.33333333,25,0.0,3,45.33333333,0.0,0.0125,0.0,0.0,May,3,2,4,4,Returning_Visitor,1,0
5,77.0,0,0.0,94,8576.98531894139,0.18294045063764386,0.020921986,0.0,0.0,Oct,2,2,3,2,Returning_Visitor,1,0
-8,151.0,0,496.88835137929584,171,1547.233333,0.0,0.012121212,28.40448178,0.0,Sep,2,2,2,2,Returning_Visitor,1,1
-10,0.0,0,0.0,17,842.75,0.0,0.04,0.0,0.0,Dec,2,5,3,1,Returning_Visitor,0,0
0,0.0,0,-497.18523361421376,2,59.0,0.0,0.1,-56.54946034909204,0.0,May,2,2,7,4,Returning_Visitor,0,0
0,-524.3349272836331,0,0.0,10,724.0,0.0,0.022222222,97.98,0.0,May,1,1,4,2,New_Visitor,1,1
0,0.0,0,0.0,7,97.0,0.057142857,0.1,0.0,0.0,Mar,2,2,4,1,Returning_Visitor,0,0
-10,0.0,0,0.0,1,-5962.650022645352,0.2,0.2,0.0,0.0,Nov,2,2,2,13,Returning_Visitor,0,0
15,0.0,0,0.0,7,258.5,0.028571429,0.071428571,0.0,0.0,Mar,3,2,6,1,Returning_Visitor,0,0
2,91.0,3,865.0,27,-5405.135909978043,0.0,0.006896552,0.0,0.0,Mar,2,2,1,2,New_Visitor,1,0
8,456.9,0,0.0,35,1113.783333,0.0,0.012017544,12.1225775,0.0,Oct,2,5,2,2,Returning_Visitor,0,1
0,-591.9424551922659,0,0.0,40,3998.333333,0.002439024,0.041869919,-53.19563151507981,0.7464967727955686,Nov,4,2,4,1,Returning_Visitor,0,0
5,84.34545455,3,106.8,80,4240.036205,0.000169693,0.011635537,-59.131060723707925,0.0,Jul,3,2,1,2,Returning_Visitor,0,0
0,0.0,1,0.0,5,85.6,0.011111111,0.046666667,0.0,0.8670043020874758,June,3,2,6,2,Returning_Visitor,0,0
3,75.6,0,0.0,14,178.59,0.0125,0.00625,0.0,-0.6125851591638957,Aug,3,2,1,4,Returning_Visitor,1,0
0,0.0,0,0.0,25,1250.5,0.056,0.072,0.0,0.0,May,2,2,3,3,Returning_Visitor,0,0
8,160.5,0,0.0,22,759.75,0.002564103,0.019871795,0.0,0.0,Dec,1,1,2,2,Returning_Visitor,0,0
0,0.0,0,0.0,31,-4807.029905993713,0.0,0.018010753,0.0,0.0,Nov,2,1,1,2,Returning_Visitor,1,0
-7,91.66666667,25,12.0,29,1347.266667,0.21365910820638723,-0.12068655451481601,0.0,0.0,Dec,2,5,1,1,Returning_Visitor,0,0
5,200.5,2,390.0,32,-5832.138920613983,0.009009009,0.025405405,0.0,0.0,Dec,1,2,1,2,Returning_Visitor,1,0
2,217.8666667,0,0.0,15,614.6409524,0.0,0.20220984132280093,0.0,0.0,Nov,1,1,2,2,Returning_Visitor,0,0
15,0.0,25,0.0,7,191.0,0.0,0.028571429,0.0,0.0,May,2,4,4,2,Returning_Visitor,0,0
12,0.0,0,0.0,13,88.0,0.115384615,0.125641026,0.0,0.6,May,3,2,1,3,Returning_Visitor,0,0
0,0.0,0,0.0,61,8280.680420543582,0.021311475,0.041065574,0.0,0.0,Nov,3,2,2,13,Returning_Visitor,0,0
13,97.33333333,25,447.5,16,967.625,0.0,0.012727273,0.0,0.0,Dec,1,1,8,2,Returning_Visitor,0,0
13,7.0,25,2.0,43,2325.611905,0.00952381,0.01814059,0.0,0.8,May,3,2,1,4,Returning_Visitor,0,0
1,26.2,0,0.0,167,245.1666667,0.2053947111798445,0.0,58.9241766,0.0,Aug,2,5,3,4,New_Visitor,0,1
-7,-556.3074601080738,2,451.5,27,1686.966667,0.19504029492698507,0.023502304,-62.87610547388944,0.0,Mar,2,6,7,2,Returning_Visitor,0,0
0,0.0,0,0.0,205,0.0,0.2,-0.11796170239326509,0.0,0.0,Jul,1,2,8,1,Returning_Visitor,0,0
0,0.0,25,0.0,-141,157.0,0.19693316022092777,0.033333333,0.0,0.0,Nov,3,2,7,1,Returning_Visitor,0,0
-10,768.0065150452177,0,0.0,1,0.0,0.2,0.2,0.0,0.0,Dec,2,2,8,11,Returning_Visitor,0,0
0,0.0,0,0.0,8,70.66666667,0.025,0.05,0.0,0.0,Mar,2,2,9,10,Returning_Visitor,0,0
6,207.0928571,25,52.4,196,2239.502857,0.010833333,0.024333333,65.84351472948438,0.8237899514900531,Nov,1,1,8,3,Returning_Visitor,0,0
2,21.0,6,182.7916667,82,1836.214249,0.004545455,0.025181135,0.0,0.0,Dec,3,2,3,2,Returning_Visitor,0,0
10,278.6666667,0,0.0,50,907.2363636,0.020411523,0.21854004119732756,1.981038388,0.0,Oct,3,2,3,4,Returning_Visitor,0,0
2,115.6,2,503.25,61,1880.271429,0.18229993171291173,0.013347763,1.036090909,0.0,May,2,2,1,4,Returning_Visitor,0,0
12,0.0,0,0.0,2,0.0,0.2,0.2,0.0,0.0,May,2,2,1,4,Returning_Visitor,0,0
0,0.0,0,0.0,1,0.0,0.2,0.2,0.0,0.8,Feb,1,1,1,2,Returning_Visitor,1,0
12,245.7333333,25,1511.7,439,21857.04648,0.003588626,0.012497612,72.5250381286817,0.0,Sep,2,2,1,13,Returning_Visitor,0,0
0,0.0,0,527.4513302010755,78,-5447.044107557516,0.19435172681278945,0.015811966,0.0,0.0,Mar,2,2,8,3,Returning_Visitor,0,0
0,0.0,0,506.7295049131699,6,4.0,0.142857143,0.157142857,0.0,0.6,May,3,2,1,13,Returning_Visitor,0,0
7,105.4666667,0,537.9237577085681,193,778.9666667,-0.148749696726388,0.004166667,37.92414395,0.0,Aug,2,2,6,2,New_Visitor,0,1
0,0.0,0,531.9648180685191,22,2473.25,0.009090909,0.013383838,0.0,0.0,May,3,2,3,2,Returning_Visitor,0,0
0,0.0,0,0.0,1,0.0,-0.12647681487845736,0.2,0.0,0.0,May,3,2,4,13,Returning_Visitor,0,0
3,94.6,0,0.0,17,265.5,0.0,0.0,0.0,0.0,Oct,2,2,1,2,New_Visitor,0,0
3,666.2,25,173.54,27,1581.48831,0.0,0.010419753,35.22837227,0.0,Oct,3,6,3,20,Returning_Visitor,0,0
3,732.6078742377761,1,21.2,8,314.85,0.0,-0.14259676225361165,0.0,0.0,June,2,2,5,2,New_Visitor,0,1
7,165.1,0,0.0,63,1422.103333,0.0,0.008766234,0.0,0.0,June,4,2,2,3,Returning_Visitor,0,0
-7,-524.0472859436063,4,872.0,190,8505.21555089949,0.002409639,0.022377452,9.849816466,0.0,May,2,4,3,2,Returning_Visitor,0,0
2,12.625,3,95.0,168,1268.125,0.008333333,0.21724408068303058,25.04441774,0.0,Nov,2,2,1,10,Returning_Visitor,0,1
0,-570.3892158005915,0,0.0,42,1433.083333,0.005,0.02575,0.0,0.4,May,2,2,1,11,Returning_Visitor,0,0
0,0.0,0,0.0,28,1555.601212,0.0,0.009511278,78.1250517567062,0.0,Nov,3,2,2,2,Returning_Visitor,0,0
0,0.0,0,0.0,4,-5156.38150447704,0.016666667,-0.1125217719386015,0.0,0.0,Mar,2,5,3,2,Returning_Visitor,1,0
1,762.2306315563751,0,0.0,52,1380.166667,0.1793059142948779,0.023076923,21.10579025,0.0,Nov,2,2,3,3,Returning_Visitor,1,0
0,0.0,0,0.0,189,337.5,0.028571429,0.023809524,0.0,0.4,Feb,4,1,3,3,Returning_Visitor,0,0
1,38.0,0,0.0,5,131.0,0.033333333,-0.14621267816438074,0.0,0.8309537919536942,Mar,1,2,1,9,New_Visitor,1,0
4,134.1,0,0.0,7,110.3,0.0,0.015151515,0.0,0.0,Sep,3,2,1,5,New_Visitor,0,0
1,14.0,25,0.0,21,334.7857143,0.0,0.023333333,67.61649909276659,0.0,Mar,2,2,1,1,Returning_Visitor,0,0
5,-556.4743943033799,0,0.0,15,446.375,0.0,0.005882353,62.820808197317135,0.0,Dec,8,13,9,20,Other,0,0
0,671.6417946028043,25,0.0,56,7873.352667149099,0.074137931,0.094482759,0.0,0.0,Aug,3,2,1,3,Returning_Visitor,0,0
15,671.5667256542223,0,0.0,32,892.9166667,0.005714286,0.011428571,0.0,0.0,May,2,2,1,5,New_Visitor,1,0
8,187.7,25,0.0,21,881.35,0.0,0.008641975,23.42271616,0.0,Jul,2,4,1,2,Returning_Visitor,0,0
2,90.0,1,47.5,40,1186.141667,0.0,0.013821138,69.6613467156499,0.0,Nov,2,10,3,2,Returning_Visitor,0,0
13,0.0,0,0.0,10,351.75,0.033333333,0.05,0.0,0.0,Dec,2,2,4,1,Returning_Visitor,1,0
1,25.0,0,0.0,35,1570.5,0.0,0.002941176,13.07329412,0.0,May,2,2,6,4,Returning_Visitor,1,1
5,-500.1704443556454,1,6.0,33,1017.576667,0.013157895,0.011842105,0.0,0.0,Nov,3,2,1,3,Returning_Visitor,0,0
0,0.0,0,0.0,4,67.0,0.0,0.05,65.64336539150247,0.0,Dec,2,2,9,2,Returning_Visitor,0,0
2,561.5,2,31.0,95,4817.924102,0.007496464,0.025637791,50.09121868,0.0,Nov,1,1,5,2,Returning_Visitor,0,1
3,17.0,0,-462.88217185049837,62,1493.353846,0.00952381,0.04031746,0.0,0.0,Dec,2,2,1,2,Returning_Visitor,0,0
0,0.0,0,0.0,9,154.8,0.018181818,0.03030303,20.74935126,-0.6512975894106628,Nov,1,1,4,2,Returning_Visitor,0,1
7,-560.4446365704255,0,476.87095008739726,2,9.0,0.17041168812271476,0.025,0.0,0.0,Sep,2,4,1,2,New_Visitor,0,0
3,34.5,0,487.50902357151006,17,-6047.811014304338,-0.15525352772510467,0.014035088,0.0,-0.6553182887079959,Dec,1,5,1,2,New_Visitor,0,0
4,55.25,0,0.0,27,705.5,0.20853283514445853,0.007901235,0.0,0.7234503915377447,Nov,1,1,9,3,Returning_Visitor,0,0
3,107.8,0,0.0,11,362.6,0.19951919713325322,0.004761905,0.0,0.7970987381137068,Sep,2,2,2,4,Returning_Visitor,0,0
6,122.25,1,33.5,60,8499.962246524961,0.006557377,0.20401292751994843,0.0,0.0,Dec,1,2,1,2,Returning_Visitor,0,0
0,0.0,0,0.0,62,944.4055556,-0.15609453106998145,0.015591398,0.0,0.0,June,1,1,7,3,Returning_Visitor,0,0
0,0.0,25,0.0,-140,135.5,0.0,0.066666667,0.0,0.0,Mar,2,2,3,14,Returning_Visitor,0,0
0,0.0,0,0.0,12,8120.449337658316,0.0,0.028333333,0.0,0.0,Nov,4,2,3,2,Returning_Visitor,1,0
0,-629.9656758594089,0,496.12059081370927,52,1192.317857,0.006410256,0.033012821,0.0,0.0,May,2,6,1,3,Returning_Visitor,0,0
0,0.0,0,0.0,15,593.75,0.0,0.014285714,69.98847043485102,0.0,Nov,1,8,3,11,Returning_Visitor,1,1
-8,0.0,0,0.0,10,392.5,0.0,0.02,42.83887416,0.0,Nov,1,1,2,2,New_Visitor,0,1
-10,0.0,0,-418.32607307115796,3,81.75,0.0,0.033333333,-62.38623863095883,0.7293804270501094,Dec,3,2,3,6,Returning_Visitor,0,0
0,0.0,0,-514.302440910245,18,410.9166667,0.105263158,0.119473684,74.359159757525,1.0,May,3,2,4,13,Returning_Visitor,1,0
1,22.0,25,0.0,21,678.2738095,0.0,0.012878788,0.0,0.0,Mar,3,2,1,2,New_Visitor,0,0
15,66.33333333,2,58.16666667,38,1524.702381,-0.13780652854508438,0.006628788,-63.526103387863564,0.0,Mar,2,2,3,2,New_Visitor,1,0
-7,52.4,0,0.0,25,324.2666667,0.0,0.032692308,0.0,0.0,Sep,2,2,1,5,Returning_Visitor,0,0
-9,3.0,0,0.0,-115,884.3357143,0.001086957,0.014389234,18.12446087,0.0,May,2,2,1,4,Returning_Visitor,0,0
1,0.0,1,80.16666667,29,759.75,0.0,0.019354839,70.66779176125198,0.0,Nov,2,2,1,2,Returning_Visitor,1,0
2,41.5,0,0.0,43,4215.961111,0.009302326,0.022170543,0.0,0.0,Dec,2,10,2,1,Returning_Visitor,0,0
0,662.0591749057597,0,0.0,7,76.5,0.007142857,0.066190476,0.0,0.7431933131695002,May,3,2,1,1,Returning_Visitor,0,0
3,315.3333333,1,141.5,42,3009.0875,0.004021164,0.0323655,0.0,0.0,Nov,1,1,1,1,Returning_Visitor,0,0
0,0.0,0,-495.21310207403747,6,93.0,0.066666667,0.083333333,-64.33968154921413,0.0,Nov,4,2,3,13,Returning_Visitor,0,0
2,795.3379984266638,0,0.0,29,598.297619,0.0,0.016666667,0.0,0.8432595193608243,Mar,2,6,3,1,Returning_Visitor,0,0
2,27.375,0,0.0,39,1157.416667,0.010833333,0.045714286,0.0,0.0,Dec,2,2,4,1,Returning_Visitor,1,0
0,0.0,25,0.0,3,0.0,-0.15132313287121912,0.2,0.0,0.0,Jul,1,1,1,1,Returning_Visitor,1,0
6,159.7,1,72.6,44,531.72,0.0,0.003921569,66.95793002551696,0.0,Oct,2,2,2,5,New_Visitor,0,0
1,5.5,0,0.0,7,286.0,0.025,0.05,0.0,0.0,Mar,2,2,6,1,Returning_Visitor,0,0
6,716.7125855040131,0,-485.81857616686983,6,161.6,0.0,0.022222222,0.0,0.7376507111008501,Aug,1,1,3,3,New_Visitor,0,0
7,159.3333333,0,0.0,24,520.6666667,0.0,0.006666667,0.0,0.0,Mar,2,10,4,3,New_Visitor,1,0
9,789.2865669105313,3,61.6,10,124.8666667,0.021052632,0.030526316,0.0,0.7458093028486082,Aug,1,1,3,2,Returning_Visitor,0,1
0,-563.4257351473875,0,0.0,1,0.0,0.2,-0.11676065387570075,0.0,0.0,Dec,1,1,6,2,Returning_Visitor,1,0
0,0.0,0,0.0,5,90.66666667,0.04,0.12,0.0,0.0,May,2,2,6,6,Returning_Visitor,0,0
4,39.58333333,0,0.0,115,2547.717986,0.003478261,0.007207729,13.26221446,0.0,Nov,2,2,4,10,Returning_Visitor,0,1
0,-567.7425737310142,0,0.0,23,1516.966667,0.0,0.024242424,0.0,0.2,May,1,1,8,1,Returning_Visitor,0,0
1,0.0,25,0.0,1,19.0,0.0,-0.12054200702390017,0.0,0.0,Mar,1,1,3,1,Returning_Visitor,0,0
5,63.0,0,0.0,27,458.5,0.0,0.005952381,0.0,0.0,Dec,2,2,6,2,New_Visitor,1,0
1,0.0,0,0.0,12,277.45,0.06,0.09,0.0,0.0,June,3,2,3,13,Returning_Visitor,0,0
-9,0.0,25,0.0,1,0.0,0.2,0.2,-56.543847097167294,0.6965097039453297,Dec,1,1,1,10,Returning_Visitor,0,0
0,0.0,1,1.0,93,4324.737073,0.021112782,-0.13018137762901272,-54.05986077914762,1.0,May,3,2,1,5,Returning_Visitor,1,0
0,0.0,0,0.0,7,1018.0,0.0,0.2274763297278639,0.0,0.0,Mar,2,2,1,2,Returning_Visitor,0,0
0,0.0,25,0.0,9,396.1666667,0.20972027433147397,0.022222222,-56.001788210561905,0.0,Nov,3,2,8,13,Other,0,0
5,104.875,0,0.0,39,805.625,0.0,-0.13797726770467045,2.217029402,0.0,Dec,2,2,2,2,Returning_Visitor,0,0
0,0.0,0,0.0,57,4312.225,0.004464286,0.2002278666537851,0.0,0.0,Nov,2,2,1,2,Returning_Visitor,0,0
0,0.0,25,0.0,1,0.0,0.2,0.2,0.0,0.2,May,2,2,1,13,Returning_Visitor,0,0
-9,-461.1710489594701,0,0.0,205,-4758.979911888564,-0.17247112038909748,0.019047619,0.0,0.0,Nov,2,2,3,3,Returning_Visitor,1,0
0,0.0,0,0.0,2,0.0,0.2,0.2,0.0,-0.6887950052477408,Jul,3,2,9,13,Returning_Visitor,0,0
4,539.5,0,0.0,1,0.0,0.0,0.05,0.0,0.0,Mar,3,2,8,8,New_Visitor,0,0
3,704.3116928226659,5,243.5,43,3065.945238,0.0,0.2372415466008655,3.31108,0.0,Mar,1,2,1,1,Returning_Visitor,1,1
1,1.333333333,0,0.0,32,395.2222222,0.006060606,0.23705426715835576,0.0,0.0,Mar,2,4,1,2,Returning_Visitor,1,0
0,0.0,1,0.0,31,751.0,0.003125,0.0421875,0.0,0.0,Dec,2,2,1,6,Returning_Visitor,1,0
1,4.0,0,0.0,8,227.1,0.022222222,0.066666667,0.0,0.0,Aug,2,2,3,13,Returning_Visitor,0,0
12,704.7365203428851,0,0.0,2,-6415.238377779478,-0.16768818084033313,0.05,0.0,0.0,Oct,2,4,1,2,Returning_Visitor,1,0
3,143.0,0,0.0,199,331.8375,0.033333333,0.051234568,0.0,0.7185061145636212,Dec,2,2,1,1,Returning_Visitor,1,0
0,0.0,0,0.0,23,-5867.02880505527,0.017391304,0.049275362,0.0,0.0,Nov,2,2,7,1,Returning_Visitor,0,0
0,0.0,25,0.0,23,566.8,0.19828344579080148,0.007971014,0.0,0.0,Nov,3,2,1,13,Returning_Visitor,0,0
0,0.0,0,0.0,8,7312.815484000142,0.075,0.08,0.0,0.7601201784131775,May,1,1,1,3,Returning_Visitor,0,0
0,0.0,0,0.0,1,-5316.750619525564,0.2,0.2,0.0,-0.703947268838254,May,2,2,1,3,Returning_Visitor,0,0
-9,0.0,25,0.0,19,771.75,0.17540038477459372,0.061403509,0.0,0.0,Nov,3,2,3,1,Returning_Visitor,0,0
3,-551.0868898713993,7,486.0561311697122,198,3025.290325,0.014102564,0.019800052,11.43180835,0.0,Sep,3,2,1,2,Returning_Visitor,0,0
0,0.0,25,0.0,5,1620.0,0.14,0.166666667,79.39522142546001,0.8668077982444681,Mar,2,2,1,1,Returning_Visitor,0,0
4,132.0,0,0.0,204,1413.333333,0.036,0.029285714,0.0,0.0,Mar,3,2,7,8,Returning_Visitor,0,0
1,0.0,1,0.0,0,0.0,0.2032412245504451,0.2,0.0,0.0,May,1,1,6,2,Returning_Visitor,0,0
0,0.0,0,0.0,-100,-6303.682182679159,0.0,0.1,0.0,0.0,May,1,1,3,3,Returning_Visitor,0,0
-8,215.4,25,0.0,-121,1221.7,0.0,0.0,0.0,0.0,June,2,2,1,2,New_Visitor,0,0
1,43.0,1,0.0,-102,65.0,0.0,0.04,0.0,0.6,May,2,2,1,4,Returning_Visitor,0,0
0,-560.0483539411939,0,0.0,16,2214.666667,0.0,0.003921569,92.9041786,0.0,Oct,2,2,1,2,New_Visitor,0,1
3,68.5,0,0.0,37,1121.205556,0.005405405,-0.10458440760999602,0.0,0.0,Mar,1,1,1,2,Returning_Visitor,1,0
0,0.0,0,0.0,1,0.0,0.2,0.2,-68.10683453029726,0.0,Dec,1,1,1,2,New_Visitor,0,0
2,13.1,25,0.0,62,5556.932698,-0.15786071468255616,0.020625,4.964521194,0.0,Sep,2,2,3,2,Returning_Visitor,1,0
0,0.0,0,0.0,29,2064.766667,-0.14749691243342966,0.037356322,69.96535081760851,0.0,June,2,4,3,1,Returning_Visitor,0,0
2,386.0,1,25.0,31,2725.0,0.18659892242018705,0.017482517,0.0,0.0,May,2,6,2,5,Returning_Visitor,1,0
0,0.0,0,0.0,5,109.5,0.08,0.093333333,0.0,0.4,May,3,2,1,13,Returning_Visitor,0,0
1,18.83333333,0,0.0,2,-5879.154692568242,0.0,0.05,0.0,0.0,Dec,3,2,1,10,Returning_Visitor,0,0
0,0.0,0,0.0,171,1038.0,0.033333333,0.066666667,-66.41535722490286,0.0,Dec,2,4,1,2,Returning_Visitor,0,0
4,119.3333333,0,0.0,174,5602.593506,0.0,0.009057596,0.0,0.0,Dec,2,2,4,1,Returning_Visitor,0,0
0,0.0,0,0.0,15,-4840.60687217668,0.053333333,0.064444444,0.0,0.0,Aug,2,2,3,1,Returning_Visitor,0,0
0,0.0,0,0.0,14,655.1666667,0.0,0.007692308,0.0,0.0,May,2,2,7,4,Returning_Visitor,1,0
0,0.0,0,0.0,-124,181.0,0.025,0.070833333,0.0,0.0,Nov,2,2,4,13,Returning_Visitor,0,0
0,0.0,0,0.0,3,9.0,0.2018910335880127,0.133333333,0.0,0.0,May,2,2,2,3,Returning_Visitor,1,0
6,40.66666667,0,0.0,49,783.45,0.0,0.007692308,4.272807692,0.0,May,2,2,1,2,Returning_Visitor,1,0
-10,794.3233843721216,0,0.0,50,1831.903509,0.0,0.20265881159025492,52.03463312,0.0,Dec,2,4,3,8,Returning_Visitor,0,1
0,0.0,0,0.0,40,1161.9,0.055,0.08,73.48940224532556,0.0,Sep,1,8,6,1,Returning_Visitor,0,0
0,0.0,0,-430.07322167180774,24,1286.5,0.0,0.015277778,0.0,0.0,Nov,2,2,9,8,Returning_Visitor,0,0
10,131.34,2,38.2,102,6684.520952,0.002181818,0.22800730904736924,4.215363542,0.0,Sep,2,2,5,1,Returning_Visitor,0,0
4,62.9,5,482.4,4,128.5,0.0,0.018181818,0.0,0.0,Sep,2,2,1,5,New_Visitor,0,0
-7,44.5,25,0.0,35,1330.666667,0.005882353,0.014705882,0.0,0.0,Nov,2,2,6,3,Returning_Visitor,0,0
0,0.0,0,0.0,1,7334.760455838203,0.2,0.2,0.0,0.6926651357106116,Mar,2,5,5,1,Returning_Visitor,0,0
0,0.0,0,0.0,27,652.7,0.0,-0.1419540853458891,0.0,-0.7263497288532497,Jul,2,2,7,1,Returning_Visitor,1,0
0,673.0581984841892,0,0.0,193,1559.6,-0.1331452254493061,0.2192434273944424,0.0,0.0,Mar,2,4,1,1,Returning_Visitor,0,0
8,-583.9947292494371,4,168.5,14,361.5,0.009090909,0.009090909,0.0,0.0,May,1,1,3,3,Returning_Visitor,0,0
3,249.0,0,576.0790116653012,189,1046.5,0.04,0.04,0.0,0.0,May,1,1,6,4,New_Visitor,1,0
0,0.0,0,0.0,10,206.5,0.0,0.02,0.0,0.0,Mar,2,2,1,1,Returning_Visitor,0,0
-9,65.0,0,0.0,48,1142.666667,0.0,0.00625,0.0,0.0,May,2,5,7,3,Returning_Visitor,0,0
0,0.0,0,0.0,36,641.4083333,0.060925926,0.081375661,0.0,0.0,Jul,3,2,2,13,Returning_Visitor,0,0
15,32.64285714,3,189.0,-106,8167.583757706534,0.002623688,0.016400421,10.36159616,0.0,Nov,1,2,1,2,Returning_Visitor,0,1
1,14.0,0,485.1627110661854,7,6975.444093367435,0.0,0.025,0.0,0.0,Nov,1,1,1,2,New_Visitor,0,0
0,0.0,0,0.0,2,-5866.915593183329,0.05,0.2266405349056036,0.0,0.0,Dec,3,3,5,20,Returning_Visitor,0,0
0,0.0,2,13.5,197,7292.189707211848,0.0,0.027916667,0.0,-0.7145116790191542,Dec,4,2,1,3,Returning_Visitor,0,0
3,48.0,1,58.5,35,1698.0,0.005714286,0.005714286,93.52994426,0.0,Nov,4,1,1,2,Returning_Visitor,1,1
0,0.0,0,0.0,50,-5435.417490669603,0.0,0.001666667,173.4697917,-0.7365193865670003,May,2,2,9,2,New_Visitor,0,1
8,674.0,0,0.0,18,1090.533333,0.008695652,0.026086957,69.2786087,0.0,May,2,2,1,4,Returning_Visitor,0,1
3,60.73333333,0,0.0,-104,696.9,0.2150475394495798,0.014814815,0.0,0.0,Sep,2,2,6,4,Returning_Visitor,0,0
4,120.5,25,0.0,66,3960.646154,0.002941176,0.013663064,0.0,0.0,Mar,2,4,1,1,Returning_Visitor,0,0
14,0.0,25,579.9401735094623,1,7258.175661606813,0.2,0.2,0.0,0.0,May,1,1,1,3,Returning_Visitor,1,0
-9,0.0,0,0.0,14,599.5833333,0.0,0.016326531,0.0,0.0,Nov,2,2,1,20,Returning_Visitor,0,0
-7,0.0,0,0.0,199,-5090.667995889771,0.019047619,0.035714286,77.82038715099041,0.0,Mar,1,1,3,1,Returning_Visitor,0,0
0,0.0,25,0.0,24,663.0,0.0375,0.066666667,0.0,0.0,Dec,2,2,1,1,Returning_Visitor,0,0
0,0.0,0,0.0,6,241.0,-0.16628692371492143,0.033333333,0.0,0.0,May,2,10,2,3,Returning_Visitor,0,0
0,0.0,0,0.0,1,0.0,0.2,0.23116725996058288,0.0,0.0,Mar,2,5,2,3,Returning_Visitor,0,0
0,0.0,0,0.0,91,4766.021032,0.0,0.009213483,0.0,0.0,Dec,2,2,1,2,New_Visitor,0,0
0,0.0,0,0.0,1,0.0,0.2,-0.144492307138497,0.0,0.0,Mar,3,2,2,1,Returning_Visitor,0,0
5,-599.0339724033088,3,97.66666667,170,5639.22176,0.002457143,0.21411316106872819,0.0,0.0,Dec,2,2,7,2,Returning_Visitor,0,0
0,0.0,0,0.0,52,1622.433333,0.006410256,0.031730769,0.0,0.0,May,2,2,3,13,Returning_Visitor,0,0
9,449.8166667,0,0.0,17,200.95,0.0,0.024603175,0.0,0.0,Sep,2,2,1,2,Returning_Visitor,0,0
0,684.0525420223121,0,-434.5155832127427,8,101.75,0.025,0.075,0.0,0.0,Nov,2,2,6,2,Returning_Visitor,0,0
0,0.0,0,0.0,3,190.0,0.0,0.066666667,68.18963930061595,0.0,Mar,2,7,4,3,Returning_Visitor,1,0
3,365.0,0,0.0,6,737.75,0.0,0.008333333,0.0,0.0,Nov,1,1,6,2,Returning_Visitor,0,0
0,0.0,0,0.0,65,6053.466667,0.005208333,0.026197917,71.79511392333269,0.0,Sep,2,4,9,3,Returning_Visitor,0,0
5,28.0,0,0.0,6,80.0,0.0,0.028571429,0.0,0.0,Mar,2,4,3,1,Returning_Visitor,0,0
1,23.2,0,0.0,4,52.4,-0.14279968776121643,0.02,0.0,0.0,Oct,2,4,2,1,New_Visitor,0,1
12,0.0,25,0.0,4,18.0,0.05,0.1,70.91208414205789,0.0,Nov,2,2,1,13,Returning_Visitor,0,0
15,0.0,0,0.0,10,234.0,0.022222222,0.088888889,0.0,0.4,May,2,5,1,4,Returning_Visitor,0,0
14,75.0,0,0.0,29,1279.089286,0.003333333,0.014166667,35.60912359,0.0,Nov,2,2,3,11,Returning_Visitor,0,1
-8,14.5,0,0.0,24,1277.842857,-0.13024259871529997,0.016073781,-51.30627228833848,0.0,Nov,3,2,1,2,New_Visitor,1,0
0,0.0,0,0.0,1,7901.1392494611655,0.2,0.2,0.0,0.0,Mar,2,4,6,2,Returning_Visitor,0,0
-7,0.0,2,686.0,11,288.125,0.030769231,0.066666667,0.0,0.0,Dec,4,1,3,3,Returning_Visitor,0,0
-9,-524.5046244618705,0,0.0,41,857.2666667,0.18945190573133908,0.0242741,5.850665427,0.0,Nov,2,2,1,1,Returning_Visitor,0,0
11,353.125,6,230.25,85,3725.670725,0.007446809,0.014960902,2.527217484,0.0,Dec,3,2,6,1,Returning_Visitor,0,1
0,643.9288162802836,0,0.0,19,346.1333333,0.0,0.039473684,0.0,0.7925000645393458,Aug,2,2,1,3,Returning_Visitor,0,0
0,0.0,0,0.0,13,281.547619,-0.15037139643697442,0.017307692,0.0,0.0,Mar,1,1,2,2,Returning_Visitor,1,0
0,0.0,0,0.0,27,1224.541667,0.0,0.024691358,0.0,0.0,Dec,4,2,1,2,New_Visitor,1,0
12,0.0,0,0.0,6,13.0,0.133333333,0.166666667,0.0,0.0,Mar,2,2,1,3,Returning_Visitor,0,0
0,0.0,0,0.0,3,1666.5,0.0,0.033333333,0.0,0.0,Nov,2,5,3,3,Returning_Visitor,0,0
4,-542.8402684668031,1,1174.0,173,-6304.965598156208,-0.16880356257715645,0.025130309,1.53931845,0.0,Nov,3,2,1,2,Returning_Visitor,1,1
8,352.4,1,49.73333333,12,309.7,0.011764706,0.1957107657004852,0.0,0.0,Sep,3,2,1,4,Returning_Visitor,0,0
13,0.0,0,0.0,4,562.0,0.075,0.1,-63.69533544029451,0.0,Dec,3,2,3,13,Returning_Visitor,0,0
4,673.4002569587271,1,38.3,36,725.21,0.005,0.034166667,0.0,0.0,Oct,2,2,9,2,Returning_Visitor,1,0
1,65.0,25,0.0,196,1803.758333,0.0046875,0.019404762,5.38296875,0.2,May,3,2,3,3,Returning_Visitor,0,0
0,0.0,0,0.0,170,472.6666667,0.075675676,0.100510511,76.25780700612272,0.8,May,3,2,7,13,Returning_Visitor,0,0
0,0.0,25,0.0,33,1324.616667,0.009677419,0.043870968,0.0,0.2,May,2,2,1,4,Returning_Visitor,0,0
-7,103.9,3,50.2,9,1759.066667,0.011764706,0.024705882,0.0,0.0,Sep,1,1,7,5,Returning_Visitor,0,0
3,746.1305537334609,4,32.0,4,46.0,0.1878637758651063,-0.10611470444761384,0.0,0.0,Sep,1,1,1,5,New_Visitor,0,0
13,278.1519608,1,46.5,-119,5575.614608,0.17099049162757776,0.19549947728576686,1.529570511,0.0,Dec,2,2,2,1,Returning_Visitor,0,1
15,9.0,0,0.0,111,2451.869048,0.0,0.015775776,-54.066053701792384,0.4,May,2,2,8,3,Returning_Visitor,0,1
0,0.0,0,469.5743743061819,177,61.5,0.0,0.033333333,65.80625726491635,0.0,Dec,1,1,9,2,Returning_Visitor,0,0
3,64.5,0,0.0,17,269.6833333,0.0,0.003703704,0.0,0.0,Nov,2,2,1,2,Returning_Visitor,0,0
4,118.5,1,-502.5668288404593,62,2910.632251,0.005833333,0.017587302,67.08734553915453,0.0,Nov,3,2,1,2,Returning_Visitor,0,1
1,58.4,0,0.0,18,1045.3,-0.15840978413524842,0.026315789,0.0,0.0,Sep,2,2,2,1,Returning_Visitor,0,0
3,36.0,1,62.0,19,-5831.636514591414,0.0,0.004761905,0.0,-0.5643828575442307,Mar,2,2,1,2,New_Visitor,0,0
0,773.2138394465662,3,494.0,164,3269.256933,0.006586826,0.012909664,5.873000789,0.0,Dec,2,2,1,1,Returning_Visitor,0,0
0,0.0,0,0.0,11,976.0,0.0,0.033333333,0.0,0.0,May,2,2,1,1,Returning_Visitor,0,0
0,752.5286376805349,0,0.0,201,105.0,0.0,0.033333333,0.0,0.0,Feb,3,2,1,5,Returning_Visitor,0,0
0,0.0,0,-453.8956810750162,-132,449.6,0.0,0.015384615,68.56815942438038,0.0,Mar,3,2,1,10,Returning_Visitor,0,0
1,21.0,0,0.0,81,2930.722222,0.003658537,0.21285463105468316,0.0,0.0,Nov,2,2,3,1,Returning_Visitor,1,1
3,97.0,0,0.0,205,8563.348557845033,0.0125,0.025,0.0,0.0,Mar,2,2,6,1,Returning_Visitor,0,0
0,0.0,25,0.0,193,7332.157438615605,0.0,0.057142857,0.0,0.6953011208399346,May,2,2,3,1,Returning_Visitor,0,0
3,57.0,0,0.0,42,-6224.874455153548,0.0,0.23458153736004886,26.98362279,0.0,Dec,2,4,3,1,Returning_Visitor,0,0
7,714.6481312116279,25,0.0,63,1242.661699,0.011911765,0.20730744229641346,0.0,0.0,Nov,1,1,8,2,Returning_Visitor,0,0
0,0.0,0,0.0,1,0.0,0.2,-0.11695933454766383,0.0,0.0,Dec,3,2,3,1,Returning_Visitor,1,0
14,0.0,25,0.0,22,356.8,0.0,0.016666667,0.0,0.0,Mar,2,2,2,8,Returning_Visitor,0,0
2,51.0,0,0.0,25,698.8333333,0.0,0.008727273,0.0,0.6755982335404903,May,2,10,1,4,Returning_Visitor,0,0
-9,70.33333333,25,0.0,29,1049.313889,0.025595238,0.054241071,66.47174955786558,0.0,Nov,3,2,3,2,Returning_Visitor,1,0
0,0.0,0,-427.41068257734076,1,-5773.673004620245,0.2,0.2,-65.46977449962264,0.0,Nov,3,2,9,13,Returning_Visitor,1,0
0,-568.5085623894444,0,0.0,5,47.0,0.17347091266752587,0.06,-54.27844071603245,0.0,May,2,2,3,1,Returning_Visitor,0,0
0,0.0,0,0.0,72,3559.375,-0.14914508656898906,0.023797619,0.0,0.0,Nov,2,2,1,2,Returning_Visitor,0,0
2,28.2,0,0.0,7,212.5,0.0,0.007407407,94.01683315,0.0,Nov,2,2,3,2,New_Visitor,1,1
4,-508.04059904431256,0,0.0,13,704.0,0.0,0.19957713675810168,76.79037287,0.0,Dec,2,2,1,2,Returning_Visitor,0,1
0,0.0,0,0.0,17,7692.3555649452255,0.047058824,0.062745098,0.0,0.0,Mar,2,2,6,1,Returning_Visitor,0,0
3,150.125,4,26.5,26,1332.695346,0.026523297,0.04656682,5.473874968,-0.5685443813546601,Dec,3,2,3,2,Returning_Visitor,0,0
3,285.2,0,0.0,23,619.48,0.007692308,0.22325401456412552,8.342755887,0.0,Jul,2,4,2,4,Returning_Visitor,0,0
5,716.404848267206,2,34.25,-126,14505.72725,0.007309999,0.013519938,70.37934195477007,0.0,Nov,3,2,3,3,Returning_Visitor,0,0
4,-545.2407406639013,0,0.0,28,-4579.665148719238,0.007142857,0.028571429,-60.86393240420315,0.0,May,4,1,2,4,Returning_Visitor,0,0
8,164.4666667,0,0.0,3,26.7,0.21628558385903499,0.044444444,0.0,0.0,Oct,3,2,4,4,New_Visitor,1,0
4,200.5238095,25,-403.71396152867237,200,1934.990476,0.042083333,0.043815476,0.0,1.0,May,3,2,7,2,Returning_Visitor,1,0
1,29.0,25,0.0,25,381.3571429,-0.16473218288959432,0.004166667,0.0,0.8,May,2,2,1,2,New_Visitor,0,0
0,0.0,0,0.0,15,1332.833333,0.014285714,0.005714286,0.0,0.0,Mar,2,5,4,2,Returning_Visitor,1,0
-8,0.0,25,0.0,15,-5565.876906473293,0.003571429,0.053571429,0.0,0.0,Mar,3,2,1,1,Returning_Visitor,0,0
0,0.0,0,0.0,6,114.0,0.0,0.033333333,0.0,0.0,May,2,2,3,1,Returning_Visitor,1,0
0,-632.8773874490382,0,0.0,4,88.0,0.0,0.05,0.0,0.0,Feb,4,1,1,3,Returning_Visitor,0,0
6,113.0,0,0.0,18,359.4,0.008333333,0.05,0.0,-0.6246299550017017,Sep,2,2,3,1,Returning_Visitor,0,0
10,779.45,0,0.0,198,1002.491667,0.01875,0.033796296,0.0,0.74455002350721,Nov,3,2,1,3,Returning_Visitor,0,0
0,0.0,0,0.0,-140,50.5,0.0,0.04,0.0,0.0,Mar,2,2,1,1,Returning_Visitor,1,0
9,269.8,0,0.0,112,2478.622727,0.0,0.23256212682703842,60.43385263,0.2,May,2,2,4,3,Returning_Visitor,0,1
0,0.0,0,0.0,23,1202.75,0.0,0.004545455,0.0,0.6790727711496561,Dec,8,13,9,20,Other,1,0
0,654.4227116056884,0,0.0,1,0.0,0.2,0.2,0.0,0.0,Nov,2,2,7,11,Returning_Visitor,1,0
0,-540.9617517194433,0,0.0,2,7689.258463217948,0.0,0.033333333,63.302471403557405,0.0,Nov,1,1,5,10,Returning_Visitor,1,0
0,649.0697205399988,0,0.0,153,4565.930621,0.00130719,0.006432173,6.189215434,0.0,Aug,2,2,4,1,Returning_Visitor,1,1
-8,0.0,0,-500.59596913886173,5,71.0,0.0,0.04,0.0,0.0,May,4,1,1,2,Returning_Visitor,1,0
5,216.25,2,107.0,39,1056.511364,0.02,0.031666667,0.0,0.0,Dec,3,2,1,1,Returning_Visitor,1,0
5,52.0,0,493.1378992375191,16,866.5,0.0,0.011764706,0.0,0.8056166046464807,May,2,2,1,2,Returning_Visitor,0,0
1,34.0,0,0.0,182,2052.833333,0.016666667,0.016666667,78.89886024806329,-0.7188718051761019,May,1,1,1,3,Returning_Visitor,0,0
1,9.0,0,0.0,22,1889.25,0.0,0.024603175,66.99539919283312,0.0,Aug,2,2,7,6,Returning_Visitor,0,0
8,355.0,25,0.0,50,1039.599344,0.000925926,0.010164456,0.0,0.0,Nov,1,2,3,10,Returning_Visitor,0,0
-8,145.0,0,0.0,177,1704.580556,0.002930403,0.02539857,0.0,-0.6717767684202933,Nov,1,2,3,2,Returning_Visitor,0,1
1,2.0,0,0.0,23,1016.160714,0.024347826,0.02402746,0.0,0.0,Nov,3,2,2,13,Returning_Visitor,0,0
10,-475.6429340220611,0,522.1612182972841,7,35.16666667,0.0,0.006060606,0.0,0.0,Nov,2,7,8,3,Returning_Visitor,0,0
0,0.0,0,-489.6616382300345,1,0.0,0.2,0.2,0.0,0.0,Dec,1,1,1,2,New_Visitor,0,0
0,0.0,0,0.0,2,-5118.782009869019,0.0,0.1,0.0,-0.5871374526529355,Mar,2,4,2,1,Returning_Visitor,0,0
-7,17.0,4,32.0,11,948.0,0.013333333,0.016666667,25.484,0.766822345772208,May,2,2,1,6,Returning_Visitor,0,1
-7,88.60416667,0,0.0,188,2997.00203,0.0,-0.13954517035835737,32.56725746,0.0,Nov,2,4,2,2,Returning_Visitor,0,1
0,0.0,0,0.0,7,128.3333333,0.0,0.057142857,0.0,0.0,May,4,1,3,3,Returning_Visitor,0,0
0,0.0,0,0.0,33,472.3611111,0.012903226,0.22984515410551642,0.0,0.0,Nov,1,1,9,2,Returning_Visitor,0,0
-10,-471.16223346298403,3,1439.0,19,1119.716667,0.0,-0.10719484214414599,0.0,0.0,May,1,1,8,2,Returning_Visitor,0,0
5,3398.75,6,2549.375,449,63973.52223,0.19508149240133388,0.02770134,0.0,0.0,Dec,2,2,1,2,Returning_Visitor,0,0
0,0.0,0,0.0,12,201.3333333,0.016666667,0.035714286,0.0,-0.6682594002050609,Nov,3,2,1,13,Returning_Visitor,1,0
-7,94.1,0,461.1486017385469,92,4212.141886,0.008333333,0.19418957267327766,6.664927724,0.0,Nov,1,1,1,2,Returning_Visitor,1,1
-9,34.0,0,-504.22273209819355,18,671.0,0.0,-0.13983315186789466,0.0,0.0,Mar,3,2,3,11,New_Visitor,1,0
3,251.8142857,2,101.8,37,1722.814286,0.16991760519013913,0.007997558,-67.13850095033888,0.0,Oct,1,1,1,2,Returning_Visitor,1,0
0,0.0,0,0.0,25,1690.977778,0.008,0.037333333,0.0,0.0,Mar,1,1,8,1,Returning_Visitor,0,0
0,0.0,0,0.0,9,273.25,0.18957363031742522,0.077777778,-65.42222522196509,0.0,Dec,3,3,5,1,Returning_Visitor,1,0
12,158.5952381,2,167.0,48,1256.291667,0.003846154,0.016570513,29.76290794,0.0,Nov,3,2,1,2,Returning_Visitor,0,0
2,83.0,0,0.0,15,605.8857143,0.0,0.005882353,0.0,0.729780025187419,Mar,1,1,3,2,Returning_Visitor,1,0
3,69.1,0,0.0,24,368.6,0.0,-0.13413536101399484,0.0,0.0,Sep,2,2,1,2,New_Visitor,0,0
0,0.0,0,0.0,53,661.4455285,0.000754717,0.006528045,0.0,0.7947856278157708,Nov,3,2,1,11,Returning_Visitor,1,0
0,0.0,0,0.0,21,197.3333333,0.00952381,0.041269841,0.0,0.8,May,2,10,7,4,Returning_Visitor,0,0
1,44.5,0,0.0,31,739.6666667,0.01,0.052222222,0.0,0.0,Dec,1,8,3,1,Returning_Visitor,0,0
-10,55.4,0,0.0,29,451.7,0.003448276,0.022988506,78.42561191777604,0.7448582041234647,Aug,2,2,3,4,Returning_Visitor,0,0
-9,10.0,1,36.6,78,1983.225629,0.0025,-0.10600958977672514,15.50362136,0.0,June,3,2,1,2,Returning_Visitor,0,0
0,718.8031331786557,0,0.0,5,116.5,0.0,0.05,0.0,0.0,May,4,2,1,5,New_Visitor,0,0
4,113.8333333,0,0.0,3,23.66666667,0.0,0.05625,0.0,0.0,Dec,2,2,6,2,Returning_Visitor,1,0
3,602.0,0,-463.2681895520927,204,1810.966667,0.003174603,0.012962963,0.0,0.0,May,3,2,1,6,Returning_Visitor,0,0
8,63.0,0,0.0,36,1500.380952,0.010810811,0.01981982,14.33124324,0.0,May,2,2,2,4,Returning_Visitor,0,0
0,0.0,25,0.0,24,810.5,0.0,-0.11946979739604874,0.0,0.0,Nov,1,1,1,3,Returning_Visitor,1,0
5,145.8833333,0,0.0,9,-6325.555521638998,0.023529412,0.043137255,2.001640344,0.0,Jul,3,2,4,1,Returning_Visitor,0,0
11,373.62,9,322.8,191,3677.258176,-0.15520281553472287,0.024303938,0.0,0.0,Aug,2,2,6,1,Returning_Visitor,1,0
0,0.0,25,-476.9777493723937,-102,39.0,0.0,0.022222222,0.0,0.0,Mar,2,2,1,3,Returning_Visitor,0,0
0,0.0,0,546.2001389756288,13,323.3,0.084615385,0.2249295006172966,0.0,0.0,June,3,2,1,1,Returning_Visitor,0,0
6,108.9166667,0,0.0,24,516.4166667,0.0,0.013333333,8.1816,0.0,May,2,2,1,5,Returning_Visitor,1,1
0,0.0,0,0.0,-117,1102.85,0.009195402,0.028275862,63.923377958731876,0.0,Nov,1,1,1,3,Returning_Visitor,0,0
8,1013.171429,4,353.9666667,90,4984.371429,0.042666667,0.066033333,1.464010432,0.0,Aug,2,2,3,13,Returning_Visitor,1,0
-7,0.0,0,0.0,190,-5401.120210520667,0.08,0.12,0.0,0.6,May,2,2,6,2,Returning_Visitor,0,0
6,121.0,25,0.0,7,65.5,0.0125,0.0625,0.0,0.0,Nov,1,1,6,1,Returning_Visitor,0,0
0,638.7005976226775,25,0.0,17,315.0,0.004166667,0.020625,0.0,-0.6257653938282416,May,2,2,3,4,Returning_Visitor,0,0
0,713.0741556442458,25,0.0,34,1021.75,0.0,-0.13000292747088585,0.0,0.4,May,2,2,3,3,Returning_Visitor,0,0
5,-486.77140806447164,0,0.0,34,7061.336578477923,-0.14651689146396155,-0.14446281421205723,0.0,0.0,May,2,2,3,2,Returning_Visitor,0,0
0,0.0,25,0.0,14,927.2777778,0.0,0.014285714,0.0,-0.6281368211587564,Mar,2,2,1,2,Returning_Visitor,0,0
0,0.0,0,568.1548888645788,11,170.5,0.16958514332135446,0.018181818,0.0,0.0,Nov,1,8,1,11,Returning_Visitor,1,0
0,0.0,25,0.0,6,70.83333333,0.0,-0.1057633970916388,-51.01123863228625,0.6987878786192688,Mar,2,2,8,2,Returning_Visitor,0,0
0,0.0,0,0.0,30,2759.833333,0.025,-0.11371396835206249,0.0,0.0,May,2,2,6,13,Returning_Visitor,0,0
4,-535.4573851836722,1,-450.74480175707345,191,86.0,0.0,0.033333333,0.0,0.0,May,3,2,4,5,New_Visitor,0,0
12,23.0,0,0.0,20,723.25,0.036363636,0.050606061,62.34827651183398,0.4,May,3,2,1,6,Returning_Visitor,0,0
1,0.0,0,522.1159646752536,10,645.2,-0.16430391369480746,0.05,0.0,0.0,Jul,3,2,4,1,Returning_Visitor,0,0
5,99.66666667,0,-460.5798515787344,14,1714.166667,0.0,0.022222222,33.196,0.0,May,2,2,1,2,Returning_Visitor,0,0
13,761.1807114721666,8,604.8,-122,7580.783029317027,0.001142857,0.001799477,17.34893623,0.7976494550104245,Mar,2,2,1,2,Returning_Visitor,1,1
0,0.0,0,0.0,1,0.0,0.2,0.2,0.0,-0.6219875608201507,Dec,3,2,3,1,Returning_Visitor,0,0
1,28.66666667,0,-486.30442557415535,148,3486.194444,0.008697765,0.017685455,0.0,0.0,Nov,3,2,4,1,Returning_Visitor,0,0
0,0.0,0,0.0,1,0.0,0.2,0.2,0.0,0.0,May,2,2,2,1,Returning_Visitor,0,0
12,150.1333333,25,0.0,17,231.0,0.016,-0.10517216002148239,-55.90964283873946,0.0,Sep,3,2,3,3,Returning_Visitor,0,0
4,130.3,2,5.0,74,1903.45,0.005,0.019107143,0.0,0.0,Aug,2,2,9,13,Returning_Visitor,0,0
8,166.2,5,-521.3515803355624,23,626.2213675,0.004444444,0.008888889,0.0,0.0,Mar,1,1,8,3,Returning_Visitor,0,0
0,0.0,25,0.0,53,1121.433333,0.007843137,0.019607843,24.57349606,0.0,Jul,2,4,9,1,Returning_Visitor,0,1
2,58.25,3,47.75,24,833.1666667,0.028571429,0.053401361,0.0,0.0,Dec,3,2,1,1,Returning_Visitor,0,0
1,19.83333333,25,-490.3242416079758,17,545.0833333,0.18076470700059946,0.00625,9.836358025,0.0,Nov,3,2,5,2,New_Visitor,0,1
0,0.0,25,0.0,13,979.0833333,0.0,0.006060606,0.0,0.0,Dec,3,2,6,2,New_Visitor,1,0
0,0.0,0,0.0,9,462.5,0.075,0.0875,0.0,-0.6739684141330511,May,1,1,3,3,Returning_Visitor,0,0
6,66.55,0,0.0,41,1556.523333,0.005681818,0.012878788,0.0,0.0,Aug,3,2,1,4,Returning_Visitor,1,0
1,12.0,0,0.0,6,74.0,0.0,0.028571429,0.0,0.0,Mar,1,1,1,10,Returning_Visitor,0,0
2,147.5,25,209.0,48,698.6715201,0.21364091013309328,0.01989011,68.91364255,0.0,Nov,3,2,7,11,Returning_Visitor,0,1
2,22.0,25,0.0,25,436.5,0.008,0.024,-68.015853566046,0.2,Feb,2,4,1,1,Returning_Visitor,0,0
7,74.08333333,1,3.0,197,2915.571429,0.0,0.005025126,1.573423226,0.0,Nov,2,2,3,3,Returning_Visitor,1,0
9,135.1,0,0.0,23,620.0333333,-0.1543080053240388,0.030246914,0.0,0.0,Aug,2,5,5,1,Returning_Visitor,0,0
8,-466.5978466104188,25,954.0,14,336.5,0.2051925794057987,0.005555556,0.0,0.0,Mar,3,2,7,9,Returning_Visitor,1,0
4,711.4708998427457,1,32.0,20,789.35,0.0,0.002721088,0.0,0.0,Mar,1,2,4,2,Returning_Visitor,0,0
15,27.9,25,0.0,-129,3875.427778,0.0,-0.11991809679158316,65.22653709845531,0.0,Nov,2,2,1,2,Returning_Visitor,0,0
-7,318.6410256,9,991.25,216,7761.034859,0.007542901,0.022135148,1.589329821,-0.6196178391379987,Nov,2,6,2,2,Returning_Visitor,1,1
-8,0.0,0,0.0,8,142.0,0.1873234445682566,0.05,0.0,0.0,Mar,2,7,2,3,Returning_Visitor,0,0
0,0.0,0,0.0,7,205.5,0.028571429,-0.14908636346878446,0.0,0.0,Nov,2,2,3,13,Returning_Visitor,1,0
2,76.6,0,0.0,16,-5961.687943426775,-0.1652199551288642,0.021568627,0.0,0.0,Oct,4,1,4,1,Returning_Visitor,1,0
0,0.0,0,0.0,101,2611.747653,-0.1687413362071917,-0.11128393350099738,-65.09242903569016,0.0,Oct,2,2,1,1,Returning_Visitor,0,0
2,95.0,0,-487.2319810272136,24,360.5416667,0.011538462,0.017948718,0.0,0.0,Dec,1,1,1,1,Returning_Visitor,0,0
-10,656.9729364515766,1,-439.45437149928296,50,1570.362302,0.008959436,0.19031339515345552,69.55134608234086,0.0,Nov,3,2,1,10,Returning_Visitor,0,1
4,785.2166667,0,0.0,8,8645.485476776075,0.016666667,0.016666667,0.0,0.0,Sep,3,2,3,5,Returning_Visitor,0,0
4,19.8,0,0.0,2,-5286.65516099823,0.0125,0.1912282046752794,0.0,0.0,Sep,1,1,6,5,New_Visitor,1,1
13,68.6,0,0.0,73,2265.492857,0.011111111,0.00716821,70.30696345686881,0.0,Nov,3,2,3,13,Returning_Visitor,0,0
7,114.25,1,17.33333333,25,874.5833333,0.0,0.012345679,54.33103704,0.0,May,2,5,2,4,Returning_Visitor,1,1
-7,-471.0272797750491,2,68.4,2,44.66666667,0.21608015160614957,0.033333333,0.0,0.0,Oct,2,2,7,2,New_Visitor,1,0
-8,0.0,0,0.0,68,2614.209722,0.0,0.006942149,0.0,0.0,Nov,2,2,1,3,Returning_Visitor,1,0
0,0.0,0,481.33744937490934,4,302.0,0.0,0.04,67.91122002370982,0.0,Dec,8,13,9,20,Other,0,1
7,110.25,0,0.0,20,266.5833333,0.011111111,0.039753086,0.0,-0.5930211729784198,Mar,2,2,1,2,Returning_Visitor,0,0
6,91.88888889,0,0.0,25,437.2222222,-0.13387457325780255,0.035,0.0,0.0,Mar,3,2,1,1,Returning_Visitor,1,0
4,83.25,0,0.0,152,4307.409559,0.002631579,0.005971036,73.27115245094087,0.0,Dec,2,2,1,2,Returning_Visitor,0,1
0,0.0,0,0.0,15,7824.324530889462,0.026666667,0.04,-62.28449492103386,0.0,May,2,2,1,4,Returning_Visitor,0,0
3,155.5,2,121.0,197,-5693.111056790307,0.0,0.01,0.0,0.0,Nov,2,2,3,10,Returning_Visitor,0,0
0,0.0,25,0.0,24,1050.5,0.022727273,-0.13213321704605807,0.0,0.0,Dec,2,10,4,1,Returning_Visitor,0,0
6,110.5,1,-424.4286494416711,137,5380.686996,0.005517241,0.021311846,1.963592426,0.7793337201616666,Nov,2,4,3,10,Returning_Visitor,0,1
0,0.0,0,595.6388685936533,7,248.0,0.057142857,0.080952381,0.0,0.7026480124558387,Nov,3,2,3,13,Returning_Visitor,0,0
2,45.2,25,0.0,19,7528.105700715261,-0.13256978783267112,0.019047619,0.0,0.0,Jul,2,2,2,2,New_Visitor,0,0
0,0.0,0,0.0,7,8360.846812120373,0.0,0.021428571,0.0,0.0,Dec,3,2,9,2,Returning_Visitor,0,0
3,100.0,0,0.0,8,127.6666667,0.0,0.005,0.0,0.0,May,3,2,4,2,Returning_Visitor,0,0
5,80.66666667,25,278.25,4,-6226.178944556322,0.21002340320883667,0.02,0.0,0.0,Nov,1,1,1,2,Returning_Visitor,0,0
11,265.4333333,2,35.7,158,2110.255093,0.18552633825368223,0.009762498,0.0,0.0,Aug,3,2,8,1,Returning_Visitor,0,0
0,0.0,0,0.0,8,186.0,0.0,0.044444444,0.0,-0.6632288060957466,Dec,2,2,1,10,Returning_Visitor,0,0
0,0.0,0,0.0,-122,468.8333333,0.046296296,0.075,0.0,0.0,May,3,2,3,13,Returning_Visitor,0,0
-8,0.0,0,0.0,4,270.0,0.0,0.016666667,0.0,0.8,Feb,1,1,1,3,Returning_Visitor,0,0
5,267.5,0,0.0,5,62.5,0.022222222,0.2187444841546781,0.0,0.0,Mar,2,2,2,3,New_Visitor,1,0
0,0.0,1,255.0,15,1418.25,0.0,0.00625,0.0,0.0,Mar,2,2,3,1,Returning_Visitor,0,0
0,0.0,0,0.0,16,336.3,0.0125,0.025,0.0,0.7630604733619923,Jul,2,2,7,1,Returning_Visitor,0,0
0,0.0,0,0.0,2,58.4,0.0,0.1,0.0,0.0,Oct,2,4,1,2,New_Visitor,0,0
0,0.0,0,0.0,4,98.6,0.0,0.05,0.0,0.0,Jul,2,2,5,1,Returning_Visitor,0,0
0,0.0,0,-463.3471888764123,1,0.0,0.2,0.2,0.0,0.0,Mar,2,4,1,1,Returning_Visitor,0,0
0,0.0,0,0.0,2,25.0,0.0,0.1,73.63702522369464,0.0,May,2,2,1,5,Returning_Visitor,1,0
3,68.58333333,0,0.0,72,1781.191667,0.008219178,0.015174871,0.0,0.0,Nov,1,1,1,8,Returning_Visitor,1,0
0,0.0,25,598.6593115301898,3,145.0,0.066666667,-0.13421923912680225,-53.5435298021801,-0.7177514684734321,June,2,2,1,3,Returning_Visitor,0,0
0,-605.0214215398263,0,0.0,1,0.0,0.2,0.2,0.0,-0.7343024288972252,Dec,2,2,1,1,Returning_Visitor,1,0
2,29.0,1,0.0,9,536.0,0.0,0.018181818,37.51854545,0.0,May,2,2,3,4,New_Visitor,0,1
3,626.9924783780037,0,0.0,179,4895.022989,0.003333333,0.023321256,0.0,-0.6525540480358776,May,2,2,1,13,Returning_Visitor,0,0
0,0.0,0,0.0,38,1035.935714,0.037894737,-0.13842447314317124,0.0,0.2,May,1,1,1,1,Returning_Visitor,0,0
0,-609.7706962130062,0,0.0,21,1045.0,0.20447557647560236,0.031746032,0.0,0.0,May,2,6,2,13,Returning_Visitor,0,0
0,0.0,0,0.0,12,689.2857143,0.0,0.058333333,-50.35743163799107,0.0,Mar,3,2,3,1,Returning_Visitor,1,0
0,0.0,0,0.0,7,176.3333333,0.0,0.011111111,0.0,0.0,May,2,2,2,13,Returning_Visitor,0,0
0,0.0,0,0.0,7,296.7666667,0.0,0.0,0.0,0.0,Aug,1,8,7,3,Returning_Visitor,0,0
6,337.0,4,693.0,164,14150.54613,0.00598336,0.026011023,0.951933747,0.0,Nov,2,2,3,2,Returning_Visitor,0,1
3,195.0,0,0.0,49,1179.014103,0.0,0.001923077,0.0,0.0,May,2,2,3,2,New_Visitor,0,0
7,-566.7696724513057,0,0.0,195,64.75,0.0,0.027272727,0.0,0.0,Nov,2,2,5,2,New_Visitor,0,0
-7,714.723946378049,0,0.0,-131,1926.33339,-0.15104666617363519,0.020052948,0.0,0.0,May,3,2,3,13,Returning_Visitor,0,0
-10,95.91666667,25,0.0,-130,671.55,0.0,0.19709952294829444,28.12876638,0.0,Dec,2,2,7,2,Returning_Visitor,0,0
0,0.0,0,0.0,11,125.0,0.018181818,0.081818182,0.0,0.0,Mar,2,2,1,13,Returning_Visitor,0,0
2,726.852374978776,0,0.0,29,2147.375,0.0,0.006896552,0.0,0.0,Dec,2,2,7,2,New_Visitor,0,0
0,0.0,0,0.0,4,10.0,0.1,0.21063086600060707,-57.44112067758377,-0.5812372326597851,Nov,2,2,1,1,Returning_Visitor,0,0
7,146.25,0,0.0,42,8294.951229408856,0.0,0.008695652,0.0,0.0,Mar,2,2,1,2,New_Visitor,0,0
1,45.0,0,0.0,10,413.0,-0.12628046859271766,0.009090909,0.0,0.0,Mar,2,4,1,1,Returning_Visitor,1,0
0,0.0,0,-454.57592442504784,14,394.25,0.0,0.23270387954933128,0.0,0.0,May,2,2,1,4,Returning_Visitor,1,0
16,675.2928143175891,0,0.0,-101,3593.12932,0.007795699,0.018264209,0.0,0.7885799728220234,May,1,2,1,2,Returning_Visitor,0,0
0,0.0,0,0.0,52,1218.1,0.001282051,-0.11352992889241187,0.0,0.0,Sep,2,2,3,1,Returning_Visitor,0,0
-9,133.8666667,0,0.0,7,128.0,0.0,0.026666667,0.0,0.0,Oct,1,2,1,1,Returning_Visitor,1,0
0,0.0,4,147.5,45,1424.839744,0.012244898,0.031739553,0.0,0.0,Dec,1,1,3,2,Returning_Visitor,1,0
-7,61.0,4,-523.2771002513008,1,43.0,0.0,0.025,0.0,0.0,Dec,8,13,9,20,Other,0,0
0,0.0,25,-422.0382965376783,2,11.0,0.0,0.1,0.0,0.0,Dec,2,2,2,13,Returning_Visitor,0,0
13,0.0,0,0.0,15,1269.5,0.014285714,0.061904762,0.0,0.6,May,2,4,9,3,Returning_Visitor,0,0
6,326.25,4,94.0,198,5062.213753,0.000854701,0.01791847,0.0,0.0,Feb,2,5,1,3,Returning_Visitor,0,0
0,0.0,0,0.0,9,223.0,0.0,0.022222222,0.0,0.0,Mar,3,2,5,2,Returning_Visitor,0,0
6,-629.5190479976922,6,-446.2947088545713,16,261.0,0.012820513,0.029871795,69.3382540796613,0.0,Nov,3,2,7,1,Returning_Visitor,1,0
-10,153.9166667,0,0.0,97,1935.887111,0.001168385,0.008928355,0.0,0.0,Dec,2,2,4,2,Returning_Visitor,0,0
-10,0.0,0,0.0,18,708.25,0.0,0.045098039,0.0,0.0,Mar,1,1,1,3,Returning_Visitor,0,0
0,0.0,0,0.0,199,0.0,0.18925887057140867,0.2,0.0,0.8290939520849752,May,1,1,1,3,Returning_Visitor,0,0
-8,0.0,25,0.0,1,0.0,0.2,0.2,0.0,0.0,Dec,2,2,8,3,Returning_Visitor,0,0
2,18.0,0,0.0,30,474.5,-0.14537932617752714,0.003225806,0.0,0.0,Mar,1,1,3,2,Returning_Visitor,1,0
0,0.0,0,0.0,188,1489.590909,0.009459459,0.20293251051922806,0.0,0.0,Sep,3,2,2,4,Returning_Visitor,0,0
-10,241.7666667,0,0.0,12,7880.792659017156,0.002,0.036666667,0.0,0.0,Mar,2,2,8,2,Returning_Visitor,0,0
0,0.0,0,0.0,9,980.5666667,0.0,-0.11251990637412873,78.56959864,0.0,Sep,2,2,5,2,New_Visitor,0,1
0,0.0,0,0.0,3,51.5,0.0,0.066666667,-59.439210622412986,0.0,Mar,3,2,1,10,Returning_Visitor,1,0
0,0.0,25,-530.9834391368938,5,368.0,-0.15710129170024853,0.016666667,0.0,0.0,Dec,4,1,2,1,Returning_Visitor,1,0
7,405.2583333,1,88.0,22,6970.710084054111,0.007692308,0.22676272823248622,0.0,0.0,May,1,1,4,2,Returning_Visitor,0,0
1,26.5,0,0.0,6,110.0,0.066666667,0.1,0.0,0.0,Nov,3,2,1,2,Returning_Visitor,0,1
8,820.8,1,29.5,59,1609.313889,0.010447761,0.030795428,12.44030746,0.0,May,2,4,4,2,Returning_Visitor,1,0
2,40.0,0,0.0,5,558.5,0.0,0.028571429,0.0,0.0,Mar,2,2,7,2,New_Visitor,1,0
-9,-612.8151766225805,0,-402.52693834676717,13,8615.0650950512,0.0,0.046153846,67.45925711352797,0.0,Mar,2,2,1,1,Returning_Visitor,1,0
0,0.0,0,572.0978512212507,7,243.0,0.057142857,0.085714286,0.0,0.0,May,2,2,6,4,Returning_Visitor,0,0
1,14.0,0,0.0,-135,1317.795833,0.2020430126623252,0.021469506,0.0,0.0,Nov,3,2,4,1,Returning_Visitor,1,0
0,0.0,0,0.0,17,437.1666667,0.011111111,0.033333333,0.0,0.0,Feb,2,4,1,3,Returning_Visitor,0,0
0,-466.74078767405183,0,0.0,48,476.3600939,0.000694444,-0.14584485531383493,0.0,0.0,Aug,1,1,1,2,Returning_Visitor,0,0
5,114.6666667,0,0.0,14,222.6666667,0.08,0.097777778,0.0,0.8,May,3,2,3,13,Returning_Visitor,0,0
7,92.5,0,0.0,48,1681.52381,0.0,0.016993464,53.988,0.0,May,2,2,2,2,Returning_Visitor,0,0
6,89.8,0,0.0,26,1570.133333,0.0,0.005357143,0.0,0.0,June,2,2,8,4,New_Visitor,1,0
0,0.0,0,0.0,25,929.5833333,0.016,0.0296,0.0,0.0,Dec,3,2,4,13,Returning_Visitor,0,0
4,131.4,0,-503.40340308052794,4,199.4,0.18372548309010764,0.025,0.0,0.0,Aug,2,6,3,5,New_Visitor,0,0
12,0.0,0,0.0,10,246.9333333,0.17553066734484202,-0.14687763555049083,0.0,0.4,May,1,1,8,2,Returning_Visitor,0,0
1,60.5,25,556.0939618481525,31,1574.375,0.0,0.022580645,0.0,0.0,Dec,2,2,3,1,Returning_Visitor,0,0
11,770.546450842845,0,0.0,91,2434.144872,0.002020202,0.019021966,10.51901813,0.0,Dec,2,2,4,3,Returning_Visitor,0,0
1,123.0,25,0.0,7,-4666.074264700514,0.0,0.025,75.39989477600159,0.0,Mar,2,2,1,2,New_Visitor,1,1
0,0.0,0,0.0,5,17.0,0.0,0.04,0.0,0.0,May,4,2,3,1,Returning_Visitor,0,0
-9,0.0,0,0.0,3,-4629.5752865604045,-0.15447867555076805,0.066666667,0.0,0.0,Mar,1,8,4,11,Returning_Visitor,0,0
0,0.0,0,0.0,1,0.0,0.16977307138190909,0.2,0.0,0.0,Sep,2,2,6,1,Returning_Visitor,1,0
4,338.0,0,0.0,9,724.76,0.0,0.022380952,0.0,0.0,Sep,3,2,2,4,Returning_Visitor,1,0
8,130.55,4,-469.0176369078798,18,385.75,0.0,0.20476906455980207,0.0,0.0,Sep,2,2,6,4,New_Visitor,0,0
7,169.5,0,-530.9753737124021,50,1557.916667,0.003773585,0.013207547,0.0,0.7603822246178684,Dec,1,1,3,2,Returning_Visitor,0,0
0,0.0,0,0.0,21,460.4166667,0.019047619,0.036507937,0.0,0.0,Mar,2,2,6,1,Returning_Visitor,0,0
1,33.5,0,-419.31351869487884,18,1169.0,0.0,0.011764706,54.38258659,0.7227795800231464,Dec,2,4,7,2,New_Visitor,0,1
0,0.0,0,0.0,26,2021.4,0.007692308,0.030769231,-61.20095405653621,0.0,Jul,3,3,1,4,Returning_Visitor,0,0
0,659.6287758443652,0,0.0,26,1685.266667,0.007692308,0.034615385,0.0,0.8021019821079389,Mar,2,2,6,3,Returning_Visitor,1,0
7,204.5,2,37.0,52,1941.083333,0.01754386,0.029824561,0.0,0.8243586427856785,May,2,2,2,13,Returning_Visitor,0,0
0,0.0,0,0.0,31,887.9166667,0.038709677,0.069892473,0.0,0.6,May,1,1,1,15,Returning_Visitor,0,0
13,80.5,0,0.0,62,2337.196667,0.008196721,0.023911007,0.0,0.0,Aug,2,2,5,1,Returning_Visitor,0,0
2,82.0,0,0.0,13,155.9833333,0.0,0.037777778,0.0,0.0,Dec,2,2,1,2,Returning_Visitor,0,0
0,696.7248622178465,0,0.0,182,267.0,0.0,0.05,0.0,-0.6833226949887644,Mar,2,2,3,3,Returning_Visitor,0,0
4,-506.44088340773146,0,-469.63077712299963,-143,1248.058333,0.0140625,0.024479167,0.0,-0.6538230788535339,Nov,2,6,4,2,Returning_Visitor,0,0
4,138.1,0,578.8337672379052,20,1708.98,-0.14256473705555223,0.057936508,0.0,0.0,Sep,3,3,4,4,Returning_Visitor,1,0
5,102.8666667,0,0.0,-123,219.6,0.0,0.035294118,0.0,0.0,Oct,2,2,6,20,Returning_Visitor,0,0
1,7.1,0,525.3923063117488,16,222.2333333,0.0,0.029411765,0.0,0.0,June,2,5,3,2,Returning_Visitor,0,0
0,0.0,0,0.0,7,323.5,0.0,0.057142857,0.0,0.0,May,2,2,1,5,New_Visitor,0,0
15,-603.8694098128842,0,0.0,5,136.6666667,-0.1291652313924968,0.12,0.0,0.0,Mar,3,2,1,10,Returning_Visitor,1,0
5,43.5,0,0.0,6,110.3333333,0.0,0.02,0.0,0.0,Dec,2,2,8,8,New_Visitor,1,0
0,-635.4481317541872,0,0.0,6,551.5,0.033333333,0.077777778,69.71111210840701,0.7288769915828214,Nov,3,2,4,11,Returning_Visitor,1,0
-7,82.5,0,494.8354595557847,186,299.5,0.0,0.005555556,0.0,0.0,Dec,1,1,4,2,Returning_Visitor,1,0
1,25.75,3,189.5,22,2297.801282,0.01474359,0.017435897,18.99561538,0.4,May,3,2,1,13,Returning_Visitor,0,1
6,32.5,2,-428.2442013984029,80,-4566.813098330018,0.005714286,-0.14212354898027335,7.530107143,0.8,May,2,2,1,4,Returning_Visitor,0,0
1,85.0,4,208.5,12,-5135.686142156655,0.0,0.003921569,0.0,0.7853494889851579,Mar,1,1,1,2,Returning_Visitor,0,0
6,81.83333333,0,0.0,7,8122.584208990619,0.0,0.015384615,0.0,0.0,Nov,2,2,3,3,New_Visitor,0,0
0,0.0,0,596.5311380254664,165,910.0,0.007407407,0.21075575825811477,0.0,0.6842122936140433,Nov,4,2,1,3,New_Visitor,1,0
0,0.0,0,0.0,50,1149.433333,0.012,0.026383333,4.5476,0.0,May,4,1,1,4,Returning_Visitor,0,1
4,45.0,0,0.0,21,-5118.861025780208,0.0,0.002898551,-58.858108336863275,0.0,May,3,2,1,2,New_Visitor,0,0
7,243.7469512,25,1073.0,33,4931.198912,0.016666667,0.028235129,25.10043261,0.0,Nov,3,2,2,2,Returning_Visitor,0,0
4,31.6,0,0.0,-126,1760.7,0.0,0.21626165254017915,0.0,0.0,Nov,4,2,9,2,Returning_Visitor,0,0
0,0.0,0,0.0,-122,444.0,0.0,0.044444444,0.0,0.0,Nov,2,2,6,13,Returning_Visitor,0,0
3,30.0,1,0.0,170,14.0,-0.16685470691259272,0.21994573366854137,0.0,0.0,Nov,2,4,4,2,Returning_Visitor,0,0
4,146.0,0,0.0,14,879.5,0.0,0.0125,0.0,0.0,Dec,2,5,4,2,New_Visitor,1,0
6,84.66666667,0,0.0,24,1387.5,0.0,0.017261905,11.30850046,0.0,Nov,2,2,1,3,Returning_Visitor,0,1
0,0.0,25,-487.9650576513235,12,8144.339200757617,0.005555556,-0.119032152931832,0.0,0.0,May,1,1,2,3,Returning_Visitor,1,0
0,0.0,0,483.88305764779636,28,803.5833333,0.18962970981060165,0.033333333,0.0,0.0,Jul,3,2,3,15,Returning_Visitor,0,0
0,0.0,3,300.0,13,509.1214286,0.006666667,0.002222222,40.7932,0.0,Mar,3,2,7,2,Returning_Visitor,1,1
0,0.0,1,26.0,51,3540.239394,0.001960784,0.023180828,2.172431373,0.8,May,1,1,3,1,Returning_Visitor,0,1
14,247.15,3,788.0,111,2556.373335,0.000423729,0.00814597,2.514977953,0.0,Nov,2,2,1,3,Returning_Visitor,0,0
1,77.0,25,0.0,-114,312.0,0.0,0.044444444,0.0,0.0,Mar,1,1,3,3,New_Visitor,1,0
0,0.0,25,0.0,9,482.0,0.0,0.23655047101070642,0.0,0.7325157454842536,Feb,2,5,1,6,Returning_Visitor,0,0
0,748.7070136451167,0,0.0,6,34.0,0.133333333,0.166666667,78.04147795805957,0.4,May,3,2,4,13,Returning_Visitor,0,0
9,867.922619,25,0.0,137,-6442.574475035587,0.0,0.005055944,9.930187005,0.0,Mar,2,2,6,2,Returning_Visitor,0,0
0,0.0,0,0.0,15,1639.5,0.18378227709611739,0.06875,75.61767333855767,-0.5628698586007808,May,2,2,1,13,Returning_Visitor,0,0
0,0.0,0,0.0,27,925.3333333,0.003703704,0.025925926,0.0,0.6,Feb,4,1,3,3,Returning_Visitor,0,0
1,-605.6023712732484,0,0.0,171,0.0,0.2,0.2,-65.904528975331,0.0,May,1,1,4,4,Returning_Visitor,1,0
1,0.0,25,34.2,69,7009.342979779323,0.000714286,0.016949586,0.0,-0.5720502320236219,Oct,2,4,9,3,Returning_Visitor,0,0
0,0.0,0,0.0,20,499.6666667,0.01,0.03,0.0,0.6,May,2,2,1,4,Returning_Visitor,0,0
1,35.0,0,0.0,10,89.33333333,-0.12857575316403194,0.02,0.0,0.0,May,2,2,1,3,New_Visitor,0,0
1,88.0,3,-405.12559637709245,57,1656.410714,0.0,0.002259887,0.0,0.0,Nov,2,4,9,3,Returning_Visitor,0,0
8,185.0,0,-498.1849992142055,195,368.9,-0.127088899877451,0.02375,-49.938708188620666,0.0,Oct,3,2,1,13,Returning_Visitor,1,0
0,0.0,0,0.0,2,21.2,0.0,0.1,0.0,0.0,June,2,2,5,1,Returning_Visitor,0,0
13,-593.4759603408712,1,13.0,57,1518.903694,0.0,0.022947455,-66.93149973247513,0.0,May,2,2,1,4,Returning_Visitor,0,0
3,76.25,0,0.0,16,-6020.793840594995,0.014285714,0.031746032,0.0,0.0,Nov,1,1,4,8,Returning_Visitor,0,0
6,71.5,0,0.0,79,1854.26,0.039,0.2335528257009264,2.852036737,0.7948824654892079,Jul,2,2,9,1,Returning_Visitor,0,0
5,85.16666667,1,-397.760537018925,95,3715.777564,0.01010101,0.011851852,-63.05891996918095,0.0,Jul,2,4,4,1,Returning_Visitor,0,0
1,-506.6160626139146,0,0.0,31,1998.25,0.01010101,-0.10494985517455876,0.0,0.0,Nov,2,2,1,2,Returning_Visitor,1,0
0,0.0,0,0.0,2,8090.336946692535,0.0,0.066666667,26.85210163,0.0,Oct,3,2,7,4,Returning_Visitor,0,1
13,157.0,4,60.0,24,-4849.778458567345,0.015151515,0.033760684,5.689554113,-0.7012536331880117,May,2,2,1,7,Returning_Visitor,0,0
1,44.0,0,0.0,1,0.0,0.0,0.066666667,0.0,0.0,Sep,1,1,1,5,New_Visitor,0,1
1,763.2729380745161,1,0.0,38,821.1666667,0.021052632,0.049475963,72.24233692284197,0.8,May,3,2,3,4,Returning_Visitor,0,0
0,0.0,0,0.0,1,0.0,0.2,0.2,0.0,0.8646359311370289,Nov,1,1,4,2,Returning_Visitor,0,0
9,320.2708333,2,298.3333333,51,1788.370821,0.016969697,-0.11153617529160273,8.21617792,0.0,Nov,3,2,3,2,Returning_Visitor,1,1
4,72.2952381,1,103.8,27,1211.066667,0.022580645,0.19394092482421044,0.0,0.0,Aug,2,2,3,13,Returning_Visitor,0,0
0,0.0,0,0.0,24,324.0,0.104166667,0.131944444,0.0,-0.7083281768115902,May,3,2,6,13,Returning_Visitor,0,0
0,0.0,0,515.1510690027426,20,7190.638883545624,0.01,0.028888889,-49.9086905495449,-0.6934493031733585,Dec,1,2,3,2,New_Visitor,0,1
4,103.0,0,0.0,13,250.1666667,0.0,0.030612245,0.0,0.0,Mar,3,2,1,11,Returning_Visitor,0,0
15,25.5,0,0.0,10,361.5,0.0,0.02,65.34632480474026,-0.7162680018586831,Dec,2,2,1,1,Returning_Visitor,0,1
0,0.0,0,-474.5445991508436,12,417.0,0.1,0.2296412032951684,0.0,0.6,May,2,5,1,3,Returning_Visitor,0,0
7,-584.6932879126371,0,-396.22560621172823,-118,644.25,0.005263158,0.01754386,-57.68724500490949,0.0,Nov,2,2,1,2,Returning_Visitor,0,0
0,0.0,0,0.0,12,8319.241043956139,0.016666667,0.20624622775957313,0.0,0.0,May,2,2,1,13,Returning_Visitor,0,0
6,633.8893807420274,2,126.0,146,-4661.803416694651,0.006570513,0.020305773,5.942025641,0.4,May,2,2,3,1,Returning_Visitor,0,0
3,117.5,0,0.0,174,285.4166667,0.0,0.21060688524565552,-55.541889987900106,0.0,May,3,2,1,2,New_Visitor,1,0
4,75.1,0,0.0,7,102.7,0.0,0.011111111,0.0,0.0,Sep,2,4,6,2,Returning_Visitor,0,1
6,331.25,3,540.0784230632005,6,267.0,0.0,0.021428571,0.0,0.8100672163758837,Dec,1,2,7,3,Returning_Visitor,1,0
5,501.75,0,0.0,18,-5635.730843862066,0.004761905,0.012698413,37.02263046,0.0,Nov,2,2,3,3,Returning_Visitor,0,1
0,0.0,0,0.0,12,234.0,0.015384615,0.053846154,0.0,0.0,May,2,2,4,14,Returning_Visitor,1,0
5,237.25,25,181.0,63,3445.0125,0.011897436,0.22061331025478592,78.53490696593256,0.0,Dec,3,2,1,2,Returning_Visitor,0,0
4,210.5,0,0.0,131,2749.058333,0.009090909,0.22160090752799522,8.960896465,0.0,May,2,2,2,1,Returning_Visitor,0,0
14,324.0,2,40.5,12,338.25,0.18900006585224666,0.002380952,0.0,0.0,Dec,1,1,1,10,Returning_Visitor,1,0
1,17.75,0,0.0,-109,610.975,0.031818182,0.072727273,0.0,0.7155670818327796,Nov,1,1,1,2,Returning_Visitor,0,0
3,106.0,0,0.0,19,-5597.5493064720595,0.0,0.010526316,0.0,0.0,May,3,2,3,6,Returning_Visitor,0,0
3,92.16666667,1,39.0,46,1388.866667,0.004166667,0.029444444,71.04491655485386,0.0,May,2,4,2,2,Returning_Visitor,0,0
0,0.0,1,0.0,179,268.75,0.007692308,0.038461538,13.43133991,0.0,Dec,1,1,1,1,Returning_Visitor,0,0
1,2.0,1,-475.3087382568547,77,-5741.948098892302,0.005128205,0.02648199,0.0,0.0,Dec,2,2,1,2,Returning_Visitor,0,1
1,3.0,0,0.0,28,271.125,0.0,0.19988657881951566,0.0,-0.7236867718932087,May,4,2,1,3,New_Visitor,0,0
7,156.9,0,0.0,32,1123.691667,0.002702703,0.011312741,69.05976315225524,0.0,May,3,5,7,2,New_Visitor,0,1
0,0.0,0,0.0,-107,429.0,0.0,0.016666667,0.0,0.0,Nov,1,1,3,8,Returning_Visitor,0,0
3,64.0,25,0.0,29,-5949.938549427542,0.0,0.007142857,42.89057143,0.0,May,2,2,1,3,Returning_Visitor,0,1
-9,0.0,0,0.0,-137,180.0,0.028571429,0.20292063661281776,0.0,0.6,May,2,2,1,4,Returning_Visitor,0,0
15,0.0,25,0.0,16,149.9,0.05625,0.1,0.0,0.0,June,2,2,7,1,Returning_Visitor,0,0
0,0.0,0,0.0,97,7515.583333,0.004166667,0.2123078984818239,0.0,0.8,May,2,2,3,2,Returning_Visitor,0,0
12,53.5,0,0.0,186,2019.828571,0.007692308,0.015734266,68.89700925487942,0.0,Nov,2,2,3,2,Returning_Visitor,0,0
7,147.1666667,0,0.0,10,8592.167861932487,0.053333333,0.068888889,0.0,0.0,Dec,1,1,2,1,Returning_Visitor,0,0
1,5.0,0,0.0,13,545.5714286,0.013333333,0.020784314,26.12015415,0.0,Mar,2,2,3,2,Returning_Visitor,1,1
0,0.0,25,0.0,7,157.0,0.18611574728549019,0.014285714,0.0,0.0,Mar,3,2,1,2,Returning_Visitor,0,0
0,0.0,1,0.0,5,-6317.627919932434,0.0,0.041666667,0.0,0.0,Nov,3,2,1,2,Returning_Visitor,0,0
0,0.0,25,0.0,10,221.0,0.1,0.116666667,0.0,0.2,May,3,2,6,13,Returning_Visitor,0,0
3,142.5,0,0.0,48,1052.255952,0.004347826,0.013043478,-66.0791087166017,0.0,Nov,1,8,6,11,Returning_Visitor,0,0
-10,0.0,0,0.0,18,2335.125,0.0,0.033333333,0.0,0.0,Nov,2,2,1,3,Returning_Visitor,0,0
0,779.8744095341067,0,0.0,3,15.0,-0.12484886414870028,0.066666667,0.0,-0.6281039829256417,May,1,1,3,3,Returning_Visitor,0,0
0,0.0,0,0.0,13,392.0,0.0,0.026923077,0.0,0.6,May,3,2,1,13,Returning_Visitor,0,0
0,-602.1114294289299,3,65.0,15,1957.616667,0.1708180553701529,0.00625,0.0,0.0,Mar,1,1,1,1,Returning_Visitor,1,0
1,7.5,0,0.0,-115,-6200.031957725541,0.024623656,0.03604734,0.0,0.0,Nov,3,2,1,3,Returning_Visitor,0,0
0,0.0,25,0.0,8,400.8,0.05,0.120833333,0.0,0.0,Feb,1,1,1,3,Returning_Visitor,0,0
2,298.2,0,0.0,48,1850.116667,0.004081633,0.004421769,7.56292207,0.0,Nov,1,1,2,2,Returning_Visitor,1,1
0,0.0,0,0.0,2,-4678.8967609604215,0.0,0.1,0.0,0.0,May,2,2,3,6,Returning_Visitor,0,0
0,0.0,0,0.0,6,474.3333333,0.0,0.01,0.0,0.0,Dec,1,1,3,3,Returning_Visitor,0,0
2,2.0,0,0.0,0,8489.6119697907,0.1,0.1,67.20803210089998,0.0,May,1,1,3,2,Returning_Visitor,1,0
-10,364.5,0,0.0,27,955.525,0.013333333,0.22182425335722758,0.0,0.0,Nov,3,2,3,1,Returning_Visitor,1,0
3,31.6,0,0.0,192,372.8,0.013333333,0.026428571,2.3976,-0.5793882057796859,Mar,3,2,7,1,Returning_Visitor,0,0
8,463.75,4,337.5,157,6123.741494,0.007198364,0.019816374,0.0,0.0,Nov,2,2,7,2,Returning_Visitor,1,1
4,20.0,0,0.0,57,1008.916667,0.003508772,0.029239766,5.304,0.0,May,2,5,2,6,Returning_Visitor,1,0
0,0.0,0,0.0,14,320.25,0.0,0.013333333,52.17313647,0.0,Oct,2,2,1,3,Returning_Visitor,1,1
1,0.0,3,92.5,9,359.1666667,0.1836239014027814,0.018181818,58.16727273,0.0,May,1,1,1,5,New_Visitor,0,1
0,0.0,0,0.0,4,478.0333333,0.05,0.047619048,0.0,0.0,Nov,1,1,3,2,Returning_Visitor,1,0
7,758.2818747153393,2,139.5,98,3452.2625,0.003543956,0.02462704,0.0,0.0,Nov,4,1,1,3,Returning_Visitor,0,0
0,0.0,0,0.0,1,0.0,0.2,0.2,0.0,0.0,Mar,1,2,9,2,Returning_Visitor,0,0
6,262.25,3,298.0,49,2302.021242,0.000308642,0.026591844,43.3616369,0.0,Mar,1,1,1,2,Returning_Visitor,0,1
0,636.8885492712441,0,0.0,7,128.0,0.028571429,0.057142857,0.0,0.6,May,3,2,1,3,Returning_Visitor,0,0
2,61.5,2,-407.0212592798419,177,210.0,0.0125,0.03125,0.0,0.0,Dec,3,2,4,1,Returning_Visitor,0,0
9,760.0544900106227,6,564.8282099083881,33,3239.418207,0.02,-0.14974970393973155,17.02873771,0.0,Dec,1,1,1,2,Returning_Visitor,0,0
1,19.0,0,0.0,7,-6008.841842939247,0.0,0.028571429,66.7521183273346,0.0,Mar,3,2,2,10,Returning_Visitor,0,0
0,0.0,25,0.0,33,1246.708333,0.03030303,0.056986532,0.0,0.0,Dec,3,2,1,2,Returning_Visitor,0,0
0,0.0,25,-477.17261974427123,2,130.0,0.0,0.05,0.0,0.0,May,4,1,1,3,Returning_Visitor,0,0
6,647.3333333,25,191.5833333,175,10886.87692,0.19612230779894785,0.018243793,16.64099403,0.0,Nov,2,2,1,2,Returning_Visitor,0,1
0,0.0,0,0.0,59,-5138.683143606678,0.017241379,0.030879354,-50.79454584792396,0.0,Dec,3,2,3,1,Returning_Visitor,0,0
2,26.2,0,0.0,4,487.6,0.18124903292312178,0.025,0.0,0.0,Sep,2,2,1,4,Returning_Visitor,0,0
0,0.0,0,0.0,50,2617.233333,0.0,0.001360544,53.22881633,0.8486090933441632,May,4,1,3,2,New_Visitor,1,1
0,0.0,0,0.0,87,4403.382777,0.002941176,0.011552302,0.0,0.0,Dec,2,2,6,2,Returning_Visitor,0,0
0,-584.573596189585,0,-428.93868557802966,7,649.5,0.17352778646354838,-0.12422458301385658,0.0,0.0,Dec,2,2,4,2,New_Visitor,0,1
15,676.8218934438817,0,542.747806641252,7,512.25,-0.1700174409495854,0.014285714,0.0,0.0,Dec,3,2,1,11,New_Visitor,0,0
16,237.35,0,0.0,46,1143.833333,0.009803922,0.014488017,0.0,0.0,Nov,3,2,4,1,Returning_Visitor,1,0
8,115.7,0,0.0,24,2159.5,0.0,0.022857143,0.0,0.0,Sep,2,2,5,2,Returning_Visitor,0,0
1,13.0,0,0.0,-123,7021.481043474451,0.0,0.022105263,-51.071983522012886,0.0,Mar,3,2,3,3,Returning_Visitor,0,0
6,777.4853577128965,5,132.8333333,45,901.0916667,0.004,0.010111111,0.0,0.0,May,2,5,2,2,Returning_Visitor,0,0
15,98.0,0,0.0,44,-5771.739785843223,-0.14820577784094674,0.012301587,66.92392215715975,0.0,May,3,2,7,4,Returning_Visitor,0,0
0,0.0,0,0.0,17,1293.083333,0.0,-0.13327440417318417,67.10983346309942,0.0,Dec,2,5,7,2,New_Visitor,0,0
1,28.2,0,0.0,35,942.6879221,0.017142857,0.035442177,8.435206908,0.853722857025976,Sep,1,1,1,2,Returning_Visitor,1,0
5,106.0,0,0.0,30,1418.0,0.0,0.010344828,0.0,0.0,Mar,2,2,3,2,New_Visitor,0,0
0,0.0,0,-479.81505844080186,-135,181.0,0.066666667,0.1,0.0,0.0,Dec,2,2,3,2,Returning_Visitor,0,0
14,286.8333333,7,373.5,15,176.5,0.048,0.052,-51.75075372367344,0.0,May,3,2,3,4,Returning_Visitor,0,0
0,0.0,0,0.0,-103,495.0,-0.12846055102241796,0.02,77.96,-0.7077367688704513,Mar,1,2,9,2,Returning_Visitor,1,1
7,186.6666667,7,790.0066667,57,-5412.8625268630185,0.000980392,0.007866316,3.801048407,0.0,Sep,3,2,6,2,Returning_Visitor,1,0
9,164.3333333,0,0.0,102,4227.094444,0.0,0.00849359,0.0,0.0,Nov,2,2,1,2,Returning_Visitor,1,0
4,699.0,0,-479.2014083599936,9,261.7,0.0,0.020512821,0.0,0.0,May,3,2,3,11,New_Visitor,0,0
13,717.3597108725469,0,0.0,19,337.1666667,0.0,0.003508772,70.89842984943365,1.0,May,1,1,9,3,Returning_Visitor,1,0
-7,102.1666667,1,20.0,162,1222.625,0.0,0.035,0.0,0.0,Dec,2,2,1,2,Returning_Visitor,0,0
2,213.6,4,108.0,19,989.3333333,0.029166667,0.0375,62.410861910577964,0.0,June,1,1,1,2,Returning_Visitor,1,0
-10,134.75,3,16.0,165,6323.853465,0.010654414,0.02804138,3.512852934,0.0,Nov,1,1,1,2,Returning_Visitor,0,1
0,0.0,0,0.0,11,606.5,0.0,0.011111111,0.0,0.0,May,1,8,9,4,Returning_Visitor,1,0
0,0.0,0,0.0,3,58.4,0.0,0.066666667,0.0,0.0,Jul,2,4,1,2,Returning_Visitor,0,0
1,7.0,0,591.6414568714432,15,430.5,0.0,0.019047619,0.0,0.8460123338715846,May,2,4,7,2,Returning_Visitor,0,0
2,700.2382474304158,0,0.0,38,1649.766667,0.0,0.011965812,0.0,0.0,Oct,1,1,3,3,Returning_Visitor,0,0
0,0.0,25,141.5,43,7547.863431696973,0.0,0.19706698983972726,-60.134889707009805,0.0,Dec,2,4,1,10,Returning_Visitor,0,1
5,-619.5609617080821,4,116.0,26,595.3416667,0.026728111,0.023763441,-64.10377677885282,0.2,May,3,2,1,4,Returning_Visitor,0,0
5,74.75,0,0.0,164,7396.193379373184,0.0,0.023529412,0.0,0.0,Dec,2,7,7,8,New_Visitor,1,0
0,701.9899623228754,0,0.0,4,4.0,0.125,0.175,0.0,0.8,May,3,2,4,13,Returning_Visitor,0,0
4,-566.9114869340781,25,465.1915915789073,24,583.0833333,0.0,0.007692308,63.60515431435488,0.0,Nov,1,1,1,2,Returning_Visitor,0,0
4,57.3,0,0.0,25,488.7166667,0.021428571,0.067517007,0.0,0.0,June,2,5,1,1,Returning_Visitor,0,0
-8,-573.2525514548188,2,1652.0,43,1717.740476,0.0,0.018472224,18.07802206,0.0,Dec,3,2,5,2,Returning_Visitor,0,1
8,340.9333333,0,0.0,26,1076.861905,-0.1572434053660636,0.014942529,11.9331881,0.7337435091512489,Dec,1,1,1,8,New_Visitor,1,0
3,52.0,25,0.0,175,319.0,0.0,0.2033734722628125,0.0,0.0,Mar,1,1,1,1,Returning_Visitor,0,0
13,93.8,0,0.0,40,7416.638621384419,-0.13300058589487412,0.020412311,-50.28592094922195,0.0,Aug,1,1,4,2,Returning_Visitor,0,0
0,-495.68217197987155,0,0.0,3,6.0,0.066666667,0.133333333,0.0,0.6,May,2,2,1,1,Returning_Visitor,0,0
4,713.3888819522848,0,0.0,22,739.5833333,0.009090909,0.006060606,0.0,0.0,May,1,1,6,4,New_Visitor,1,0
0,0.0,0,0.0,25,770.0285714,0.0112,0.034933333,0.0,0.0,Mar,3,2,8,10,Returning_Visitor,0,0
0,718.8127048130391,0,0.0,171,-4631.384426057712,0.0,0.22392405512126956,19.37005896,0.0,Dec,2,5,4,1,Returning_Visitor,1,1
7,134.625,0,0.0,162,1010.375,0.011764706,0.058823529,0.0,-0.5996246886670485,Nov,2,2,1,1,Returning_Visitor,0,0
0,-610.4759048799739,0,0.0,1,0.0,0.2,0.2,0.0,0.0,Dec,1,13,9,20,Returning_Visitor,0,0
0,0.0,0,0.0,56,-5765.750006091819,-0.1343532453138904,0.018571429,0.0,0.0,Nov,2,2,3,2,New_Visitor,1,0
14,15.0,0,0.0,13,77.0,0.014285714,0.028571429,0.0,0.0,Mar,2,2,9,1,Returning_Visitor,0,0
1,0.0,0,-505.67750626190787,10,304.0,0.0,0.02,0.0,0.0,May,3,2,4,4,Returning_Visitor,1,0
0,0.0,25,0.0,3,20.2,0.0,0.066666667,0.0,0.0,Jul,2,2,2,1,Returning_Visitor,0,0
2,235.0,0,516.2265836837173,23,1193.0,0.0,0.008333333,45.6125,0.7101404188683742,May,3,2,7,2,New_Visitor,0,1
0,659.0736253868815,5,194.4,8,197.9,0.19588512581824416,0.054545455,0.0,0.0,Aug,1,1,3,4,Returning_Visitor,0,1
1,11.88888889,0,0.0,111,3510.879903,9.83e-05,0.009438427,12.01656549,0.0,Mar,3,2,5,2,Returning_Visitor,0,0
0,0.0,0,0.0,5,108.0,0.0,0.04,0.0,0.0,May,2,2,3,2,Returning_Visitor,1,0
2,91.0,0,0.0,94,4698.796429,0.0,0.017659574,0.0,0.0,Nov,2,2,5,2,Returning_Visitor,1,0
5,494.1666667,0,0.0,8,204.0,0.0,0.030769231,0.0,0.0,Mar,2,4,4,1,Returning_Visitor,0,0
4,59.5,2,662.0,200,1586.154762,0.016666667,0.037334126,0.0,0.0,Nov,1,1,1,2,Returning_Visitor,0,0
1,68.0,0,0.0,55,4277.0,0.003636364,0.021212121,7.291757576,0.0,May,1,1,1,1,Returning_Visitor,1,0
2,41.5,2,60.5,21,534.5,0.004347826,0.23821866549588722,0.0,0.0,Mar,2,2,2,13,Returning_Visitor,1,0
0,0.0,0,0.0,37,1212.0,0.010810811,0.017117117,75.82310882600665,0.0,Nov,2,2,6,2,Returning_Visitor,0,1
1,6.0,0,0.0,97,1643.365907,0.005666667,0.015870587,24.21760276,0.0,Jul,2,2,1,1,Returning_Visitor,0,0
-10,37.0,0,0.0,30,-5569.571329945663,0.0,0.01547619,3.356892857,0.0,May,3,2,9,4,Returning_Visitor,1,0
0,0.0,0,598.2968302539757,-114,155.5,0.1,0.15,0.0,-0.7286198223433819,Dec,3,2,3,1,Returning_Visitor,1,0
5,339.0,4,188.0,5,376.0,0.0,0.019047619,0.0,0.0,Dec,2,2,9,8,New_Visitor,0,0
1,63.0,1,-421.3476745324589,22,2815.416667,0.0,0.0125,0.0,0.0,Mar,2,2,3,2,Returning_Visitor,0,0
1,5.0,2,-503.07447584596866,126,5276.227193,-0.12859508040586098,0.033933258,75.02124312139416,0.0,Dec,2,2,9,1,Returning_Visitor,1,0
5,277.8,0,0.0,190,884.5,-0.13608814005593645,0.003571429,7.48051616,0.0,Jul,2,10,2,2,New_Visitor,1,1
3,-629.2223907464161,0,0.0,14,527.375,0.015555556,0.033862434,0.0,0.0,Mar,7,1,6,1,Returning_Visitor,1,0
0,-528.9284158297355,25,0.0,25,319.3333333,0.016666667,0.036666667,10.4445,0.0,May,2,5,5,1,Returning_Visitor,0,1
3,160.5,0,0.0,10,370.5,0.0,0.016666667,0.0,0.8022031951773242,Mar,1,1,7,10,Returning_Visitor,0,0
3,38.0,0,0.0,165,279.0833333,-0.14895519751463462,0.038461538,0.0,0.0,Nov,1,1,8,2,Returning_Visitor,0,0
4,91.33333333,0,0.0,27,759.0857143,0.20878991145863468,0.007407407,-51.89930003902235,-0.7287087106237873,May,1,10,1,3,Returning_Visitor,1,0
14,253.0,0,-495.6435289653635,21,686.4,0.003846154,0.012179487,0.0,0.0,Mar,1,1,3,3,Returning_Visitor,0,0
0,0.0,25,0.0,1,7377.341873411281,0.2,0.2,0.0,0.0,Dec,2,2,4,8,New_Visitor,0,0
12,0.0,0,0.0,1,-5329.462963388706,0.2,0.2,0.0,0.0,Nov,3,2,3,13,Returning_Visitor,0,0
0,0.0,3,135.0,32,804.1899134,0.029946524,0.19411337673525472,4.027998418,0.8543597465288726,Oct,1,1,6,2,Returning_Visitor,1,0
0,-515.5005263223641,1,-413.0819179538321,48,8690.58193288811,0.0,0.027253521,0.0,0.0,Sep,1,1,4,2,Returning_Visitor,0,0
0,0.0,16,1210.397619,5,279.8571429,-0.16730183560274742,0.012764202,0.0,0.7135432268482195,Mar,2,2,1,8,Returning_Visitor,0,0
1,4.0,0,0.0,37,1828.375,0.0,0.013888889,8.258088766,0.0,Nov,4,1,2,3,Returning_Visitor,0,1
4,-547.2470853334036,3,67.0,44,1489.144444,0.004081633,0.014693878,0.0,0.0,Mar,3,2,6,1,Returning_Visitor,1,0
10,1559.75,1,7.0,41,1663.761905,0.004347826,0.015942029,13.63463318,-0.7089425893552729,Mar,1,1,1,2,Returning_Visitor,0,1
0,0.0,25,0.0,63,7056.271150169671,0.0,0.000468384,0.0,0.0,Nov,2,6,1,2,Returning_Visitor,0,0
0,0.0,0,0.0,12,329.2142857,0.17345298155346472,0.028703704,0.0,0.800620243979951,Nov,3,2,1,2,Returning_Visitor,0,0
13,225.5386364,8,368.1547619,111,3874.240873,0.006494118,0.021731397,6.245397811,0.0,Nov,2,2,9,2,Returning_Visitor,0,0
3,77.6,0,0.0,164,8.0,0.033333333,0.2069836434155927,0.0,0.0,June,2,2,6,2,Returning_Visitor,0,0
0,0.0,0,0.0,17,65.0,0.047058824,0.076470588,0.0,0.8,May,2,2,1,3,Returning_Visitor,0,0
5,135.5,0,0.0,86,2106.894048,0.002325581,0.008914729,0.0,0.0,Nov,2,2,3,2,Returning_Visitor,0,0
0,-611.1071164736283,0,0.0,13,167.5,0.0,0.035897436,0.0,0.0,Jul,2,2,1,1,Returning_Visitor,0,0
0,0.0,0,-496.9608660427413,21,1005.833333,0.009090909,0.039393939,0.0,0.0,Dec,2,2,2,2,Returning_Visitor,0,0
3,770.6115266985327,0,0.0,-106,8486.538579525954,0.0,-0.1441319550005343,0.0,0.0,Dec,1,8,3,11,New_Visitor,0,0
0,0.0,0,0.0,9,1591.0,0.066666667,0.133333333,0.0,0.0,Dec,2,2,3,13,Returning_Visitor,0,0
-10,0.0,0,0.0,14,-5880.214935120608,0.0,0.23667296040408747,0.0,0.0,Feb,2,2,5,4,Returning_Visitor,1,0
-8,215.2333333,25,450.0,35,1974.352381,0.004761905,0.018866213,79.53403173277195,0.0,Mar,2,2,3,2,Returning_Visitor,0,0
13,-519.4478583615937,25,83.0,16,223.0,0.0,0.023529412,0.0,0.0,Mar,2,2,1,2,Returning_Visitor,0,0
5,47.5,0,0.0,40,787.2,-0.1369848133648528,0.012121212,2.782886364,0.4,May,2,2,4,4,Returning_Visitor,0,0
8,57.0625,3,-413.662874027629,23,176.8193627,0.019444444,0.065189145,0.0,0.0,Mar,2,2,1,1,Returning_Visitor,0,0
2,-472.4887679446132,0,0.0,7,212.1666667,0.0,0.00625,0.0,0.0,Mar,3,2,1,8,New_Visitor,1,0
0,0.0,0,0.0,1,0.0,0.2,0.2,0.0,0.0,Dec,3,2,7,2,Returning_Visitor,0,0
2,10.0,1,69.0,-131,1279.333333,0.000645161,0.016052227,0.0,0.8,May,2,5,1,3,Returning_Visitor,0,0
5,755.5201931148546,0,0.0,35,1712.833333,-0.1470699746536021,0.000263158,0.0,0.4,May,2,2,3,3,New_Visitor,0,0
-10,701.167990576279,0,0.0,13,468.1666667,-0.13563201875306202,0.006060606,0.0,0.0,May,2,2,6,2,New_Visitor,1,0
5,132.0,1,-449.6964632171412,167,5080.233631,0.000238095,0.004785636,64.81173101,0.0,Nov,4,2,1,1,Returning_Visitor,1,1
4,41.2,1,0.0,15,142.4,0.022222222,0.077777778,0.0,0.0,Jul,1,1,4,2,Returning_Visitor,0,0
13,108.0,0,0.0,8,-5821.042223385873,-0.14634231966908923,-0.13423910404163908,68.04446462023745,0.0,May,3,2,3,11,Returning_Visitor,1,0
0,0.0,2,56.0,9,379.0,0.0,0.03,0.0,0.0,May,2,2,2,4,New_Visitor,0,0
0,0.0,0,0.0,2,21.0,0.0,-0.13093222599586635,0.0,-0.5781610574285787,May,2,2,9,3,Returning_Visitor,0,0
14,620.952381,25,1307.0,131,9487.940434,0.001726619,0.011632486,0.761076259,0.0,May,2,2,2,2,Returning_Visitor,0,0
0,0.0,0,0.0,12,7965.489598769634,0.01,0.03,0.0,0.0,May,1,1,6,4,Returning_Visitor,0,0
9,299.45,2,48.3,54,2802.367821,0.009289968,0.025442703,16.96885494,0.0,Aug,3,2,7,1,Returning_Visitor,0,0
0,0.0,0,0.0,4,46.25,0.0,0.1,0.0,0.0,Nov,1,1,1,2,Returning_Visitor,0,1
8,223.375,0,0.0,37,8345.23301498095,0.0,0.011965812,66.91333202406496,0.0,Dec,3,2,3,2,Returning_Visitor,0,1
12,279.4166667,25,0.0,42,1553.583333,0.009,-0.13221458710093367,38.30849268,0.0,Feb,1,1,3,2,Returning_Visitor,0,0
0,0.0,0,0.0,2,0.0,0.2,0.2,0.0,0.7654097198448181,Nov,2,10,2,10,Returning_Visitor,0,0
0,-594.8523514229659,0,0.0,3,7068.562074866166,0.21391882716347255,0.066666667,0.0,0.0,May,2,2,6,13,Returning_Visitor,0,0
0,0.0,25,0.0,8,704.1666667,0.0125,0.035416667,0.0,0.0,Nov,3,2,1,3,Returning_Visitor,0,0
0,0.0,0,547.8740994403611,23,-5385.724264568478,-0.13993581180087,0.004347826,0.0,0.0,Nov,1,1,3,2,New_Visitor,0,0
4,94.0,0,0.0,34,1159.666667,-0.1304210925652997,-0.1416019669190379,-66.7771682942156,0.0,May,1,8,1,4,Returning_Visitor,0,0
5,161.1076923,5,108.3,44,8816.376969494873,0.016352201,0.037389344,77.33751585713495,0.6947038931560087,Nov,1,1,4,1,Returning_Visitor,0,1
14,0.0,0,0.0,172,277.1666667,0.028571429,0.05,0.0,0.0,Nov,3,2,4,13,Returning_Visitor,0,0
6,771.0711594542114,25,18.0,28,1559.65,0.0125,0.1909353263755372,15.81839583,0.0,May,2,2,5,4,Returning_Visitor,0,1
2,137.0,25,0.0,6,185.4,0.0,0.20647739156341005,44.89345937,0.0,Oct,2,2,7,4,Returning_Visitor,0,1
10,-546.422333777295,25,0.0,69,2464.294444,0.0,0.000544218,0.0,0.0,Dec,2,2,3,2,New_Visitor,0,0
8,433.1,2,309.0,36,1523.416667,0.011742424,0.016427739,7.9755,0.0,May,2,2,1,2,Returning_Visitor,0,0
1,11.0,0,0.0,7,950.0,0.01875,0.020833333,0.0,0.7042939191157576,May,3,2,2,3,Returning_Visitor,0,0
6,888.8333333,0,0.0,39,1570.791667,0.00952381,0.011156463,16.32930757,0.0,Dec,1,1,3,2,Returning_Visitor,1,0
0,0.0,25,0.0,7,94.33333333,0.0,0.028571429,78.7625098856349,0.0,May,2,5,2,3,Returning_Visitor,0,0
4,101.3333333,7,693.5,171,9119.885413,0.00441989,0.021627971,0.686565227,0.0,Dec,2,2,3,10,Returning_Visitor,0,0
0,0.0,0,0.0,35,806.125,0.012121212,0.024444444,0.0,0.0,Nov,1,1,4,2,Returning_Visitor,0,0
3,71.0,3,246.0,192,1501.333333,0.0,0.009756098,0.0,0.0,May,3,2,1,2,Returning_Visitor,1,0
0,0.0,0,0.0,13,1461.416667,0.021978022,0.047163947,0.0,0.0,Nov,3,2,3,11,Returning_Visitor,1,0
0,0.0,1,-477.27858369117797,19,797.1666667,0.17288487734449487,0.014035088,0.0,0.0,May,3,3,6,4,Returning_Visitor,1,0
5,133.0,0,0.0,16,324.5,0.0,0.031481481,0.0,0.0,May,3,2,8,4,Returning_Visitor,0,0
3,39.6,0,0.0,53,856.7522398,0.0,0.002272727,-60.13219143671128,0.0,Mar,2,2,1,2,Returning_Visitor,1,0
1,4.0,25,0.0,30,1409.53355,0.0,0.028,0.0,0.0,Nov,3,2,3,2,Returning_Visitor,1,0
0,0.0,0,0.0,7,221.7142857,0.028571429,0.060714286,0.0,0.0,Mar,3,3,1,3,Returning_Visitor,0,0
0,0.0,0,0.0,16,1027.657143,0.0125,0.01875,-51.700759762325745,0.0,Mar,1,1,1,3,Returning_Visitor,0,0
0,0.0,0,0.0,9,145.9,0.022222222,0.074074074,67.41156943301277,0.0,June,1,1,2,3,Returning_Visitor,1,0
2,54.5,0,0.0,5,66.5,0.0,0.028571429,0.0,0.0,Dec,8,13,9,20,Other,0,0
0,0.0,0,0.0,198,0.0,0.2,0.2,0.0,-0.6911893323911494,May,2,2,4,6,Returning_Visitor,1,0
0,0.0,0,0.0,39,2643.333333,0.0,0.012820513,0.0,-0.7307302028698013,May,4,1,3,4,Returning_Visitor,0,0
1,64.0,25,0.0,33,1564.17381,0.00625,0.003506944,10.12275,0.0,May,1,1,2,5,Returning_Visitor,1,0
5,238.375,25,0.0,24,2174.375,0.17035260584491263,-0.12235203929867315,27.07791667,0.0,Mar,3,2,3,1,Returning_Visitor,0,0
9,73.25,25,0.0,26,2923.25,0.020689655,0.037931034,0.0,0.0,Dec,1,1,3,1,Returning_Visitor,0,0
0,0.0,0,-505.74309013242504,30,1737.016667,0.034482759,0.048357964,1.444763592,0.0,June,3,2,4,3,Returning_Visitor,1,0
4,-478.88516111836,0,0.0,15,362.6333333,0.17041325066010926,0.039285714,0.0,0.0,Dec,3,2,2,3,Returning_Visitor,0,0
0,0.0,0,0.0,23,647.5,0.028571429,0.04,0.0,0.0,May,3,2,1,1,Returning_Visitor,0,0
5,172.0833333,0,0.0,21,-4962.224254069601,0.0,-0.1265894143905029,-49.958517405719626,0.0,Nov,2,2,4,1,Returning_Visitor,0,1
0,0.0,0,0.0,6,222.0,0.0,0.04,87.9029606,0.7229750680670729,Dec,8,13,9,20,Other,0,1
0,0.0,0,0.0,12,354.0,0.0,-0.11997972407531707,0.0,0.0,May,2,7,1,2,New_Visitor,1,0
0,-561.1856839823365,0,0.0,5,164.3333333,-0.1342567007825296,0.06,0.0,0.0,Mar,3,2,2,1,Returning_Visitor,0,0
0,0.0,0,0.0,11,326.5,0.036363636,0.077272727,0.0,0.0,Nov,1,1,4,3,Returning_Visitor,0,0
0,751.2095719370045,0,0.0,3,8737.803621091423,0.066666667,0.133333333,0.0,0.0,June,3,2,2,1,Returning_Visitor,0,0
6,197.8,0,0.0,48,3332.293511,0.0,0.20905384916424222,11.45469444,0.0,Mar,1,1,1,3,Returning_Visitor,0,0
10,200.5833333,25,86.0,65,-5927.746530792792,0.040096618,0.059661836,1.680318841,0.8,May,2,6,5,1,Returning_Visitor,0,0
1,6.0,0,0.0,6,45.5,0.057142857,0.114285714,0.0,0.7450881748469846,Mar,1,1,3,3,Returning_Visitor,0,0
3,267.5,0,0.0,4,8.0,-0.1458988689616585,0.085714286,0.0,0.0,Sep,4,6,4,13,Returning_Visitor,0,0
14,0.0,0,0.0,2,73.0,0.0,0.20143395263475017,0.0,0.0,May,1,1,1,3,Returning_Visitor,0,0
0,0.0,0,0.0,2,44.0,0.0,0.05,0.0,0.0,Mar,2,4,1,3,Returning_Visitor,0,0
1,13.0,0,0.0,14,253.8,0.0,0.02,0.0,0.0,May,2,2,1,3,New_Visitor,0,0
0,0.0,0,0.0,1,0.0,0.2,0.2,0.0,0.0,Dec,1,1,1,1,Returning_Visitor,1,0
10,76.16666667,0,0.0,17,404.0,0.0,-0.12331392722891557,0.0,0.7913487544718333,May,1,2,2,11,Returning_Visitor,1,0
0,-466.2447429748709,0,0.0,201,738.8861111,0.0,0.002469136,0.0,0.0,Dec,3,2,6,2,Returning_Visitor,1,0
3,74.0,0,0.0,14,584.3333333,0.20258705875375302,0.003703704,0.0,0.0,May,2,2,3,5,New_Visitor,0,0
5,36.86666667,0,-506.24719017892625,123,3886.823333,0.002090592,0.015563298,0.0,0.0,June,2,2,1,4,Returning_Visitor,0,0
0,0.0,25,-396.72695374698753,193,828.25,0.012903226,0.20791929077539148,0.0,0.0,Nov,2,2,9,2,New_Visitor,1,0
-7,0.0,0,0.0,-120,7244.326677355677,0.066666667,-0.12166468826838184,0.0,0.4,May,2,5,1,1,Returning_Visitor,0,0
5,75.25,0,0.0,35,572.9761905,0.005405405,0.014414414,-55.748939053652364,0.0,Dec,3,2,1,3,Returning_Visitor,0,0
0,0.0,0,0.0,6,123.75,0.0,0.011111111,0.0,0.0,Dec,2,2,7,6,Returning_Visitor,0,0
2,270.0,3,228.5,13,2451.0,0.1704765107706008,0.1975215499087135,42.22150549,0.0,Nov,2,2,4,2,Returning_Visitor,0,1
0,-522.9035932774871,25,560.0637976966528,11,234.1,0.0,0.022222222,73.68517102776026,0.0,Dec,3,2,1,2,Returning_Visitor,0,0
0,0.0,0,575.3915618817048,19,7874.985902916481,0.0,0.19566581673821115,0.0,-0.6149197784346667,Nov,1,1,3,10,Returning_Visitor,0,0
12,1106.389831,9,627.4583333,125,7444.938071,0.007701238,0.022385989,7.201209277,0.0,Nov,3,2,4,2,Returning_Visitor,0,1
6,205.0,0,0.0,20,221.78,0.0,0.001515152,0.0,0.0,Nov,1,1,1,2,Returning_Visitor,0,0
0,0.0,0,-390.3714093994621,10,166.1666667,-0.16175857149319,0.05,0.0,0.0,Dec,2,2,1,2,Returning_Visitor,0,0
-9,69.0,0,0.0,20,1180.0,0.0,0.20559653696846403,30.52636364,0.0,May,2,2,6,3,Returning_Visitor,0,1
0,0.0,0,540.4733040336546,3,41.0,0.17778072944316717,0.066666667,-65.31167297108686,0.0,Feb,1,1,3,3,Returning_Visitor,0,0
2,32.5,0,0.0,3,-5514.756096907583,0.04,0.026666667,0.0,0.0,Dec,1,1,1,2,Returning_Visitor,1,0
3,44.75,25,-498.0368060527967,-119,8011.031799524691,0.066666667,-0.14532697789392934,0.0,0.689534405627822,May,3,2,2,13,Returning_Visitor,0,0
13,97.6,0,0.0,24,7667.874418039551,0.0,0.01875,-57.531950464669166,0.0,Oct,2,2,1,2,Returning_Visitor,0,1
0,0.0,0,0.0,6,183.5,0.0,0.20435723503291783,-53.63946725782285,0.0,Dec,2,2,1,2,New_Visitor,0,0
4,781.8477454875728,0,0.0,43,2124.833333,0.0,0.015151515,48.864,0.8143083266183269,May,2,2,3,4,Returning_Visitor,1,1
0,0.0,25,0.0,1,0.0,0.2,0.2,0.0,0.0,Mar,3,2,3,1,Returning_Visitor,0,0
0,0.0,0,576.1955868604281,17,649.02,0.0,0.017647059,0.0,0.0,June,2,4,3,3,Returning_Visitor,0,0
2,89.33333333,0,0.0,-142,502.5083333,0.0,0.018695652,0.0,0.0,Sep,3,2,2,2,Returning_Visitor,1,0
4,192.5714286,8,-399.5663267168982,146,8150.556716,0.001290323,-0.11826305151993144,1.842913617,0.0,Nov,2,4,4,2,Returning_Visitor,1,0
2,134.0,0,0.0,15,284.1,0.0,0.011764706,0.0,0.0,Nov,2,4,8,2,New_Visitor,0,0
5,150.2,2,20.0,22,392.6,0.028,0.06,0.0,0.0,Oct,2,2,7,3,Returning_Visitor,0,0
0,0.0,0,0.0,23,736.2333333,-0.13605814321163404,0.013636364,140.6621366,0.0,Dec,1,8,1,11,New_Visitor,0,1
1,9.0,1,49.0,25,2454.45,0.0,0.015384615,31.75846154,0.8558938154685372,May,2,2,9,6,Returning_Visitor,0,1
11,-635.9583557750725,4,65.5,149,6082.873739,0.011520436,-0.13723942929627916,0.0,0.0,Nov,1,1,3,2,Returning_Visitor,0,0
5,98.35,0,0.0,166,9485.374568,-0.12930085686919393,-0.11275415961849448,0.651781814,0.0,Nov,2,2,1,2,Returning_Visitor,1,0
4,195.5,25,0.0,31,1028.533333,0.018181818,0.031313131,-50.08490511544619,0.0,Nov,3,2,1,13,Returning_Visitor,0,0
0,0.0,0,0.0,12,440.75,0.0,0.041666667,-55.860395528399515,0.8461433595865346,Dec,2,2,6,1,Returning_Visitor,1,0
7,356.675,0,464.95878387117693,72,1636.258333,0.005333333,0.007733333,0.0,0.0,Oct,2,2,4,4,Returning_Visitor,0,0
0,0.0,0,0.0,187,491.5833333,0.0,0.008333333,-51.093039644869826,0.0,Dec,3,2,4,2,New_Visitor,1,1
3,86.75,0,0.0,16,1102.5,-0.16167510316532452,0.014285714,77.38724795382092,0.0,Dec,1,1,2,2,Returning_Visitor,0,0
0,0.0,0,0.0,42,1022.384615,-0.1414847899095048,-0.13768107976300564,0.0,0.0,Nov,1,1,2,10,Returning_Visitor,1,0
4,316.8333333,1,13.0,73,-6237.640303515788,0.008333333,0.02475118,-54.45099397918351,0.2,May,3,2,1,13,Returning_Visitor,0,0
-9,639.085583897669,0,0.0,18,519.5,0.0,0.035,20.394,0.7885729330446842,May,2,2,7,13,Returning_Visitor,0,0
5,345.0,0,0.0,7,229.5,-0.12663431816918858,0.026666667,0.0,0.0,Mar,3,2,4,2,Returning_Visitor,0,0
13,-504.2108842475858,2,50.5,30,1089.285714,0.0,-0.1450920724588794,23.59811637,0.0,Nov,2,2,4,2,Returning_Visitor,0,0
0,0.0,0,0.0,100,5212.708333,0.00952381,0.025768619,66.50228294646107,0.711871152164175,Nov,2,2,7,2,Returning_Visitor,1,1
0,0.0,0,0.0,10,242.5833333,0.0,0.026666667,0.0,0.0,Dec,2,2,7,2,New_Visitor,0,0
0,691.4678153786272,0,0.0,6,306.25,0.053571429,0.052592593,0.0,0.0,Nov,3,2,1,13,Returning_Visitor,0,0
-8,736.625663285633,0,0.0,3,90.0,0.1918070053190582,0.066666667,67.70979499422512,0.0,Mar,1,2,5,10,Returning_Visitor,0,0
1,13.0,0,0.0,28,611.94,0.0,0.006896552,0.0,-0.6508549103946092,Sep,3,2,1,1,Returning_Visitor,0,0
0,0.0,0,497.04001474428674,8,781.0,0.028571429,0.057142857,0.0,0.0,Mar,3,2,4,1,Returning_Visitor,0,0
0,0.0,0,0.0,1,8038.852798133492,0.2,0.2,0.0,0.0,Jul,1,1,1,2,Returning_Visitor,0,0
14,5.0,0,594.6168854774,43,1990.125,0.001162791,0.024031008,6.889766003,-0.6925502055792067,Dec,2,2,3,3,Returning_Visitor,0,0
9,204.0833333,25,0.0,187,3552.702381,0.0,0.007,19.95572297,0.0,Mar,1,2,8,8,New_Visitor,0,1
1,96.66666667,0,0.0,-128,1605.875,-0.17015750996269063,-0.15192257192618805,54.10230816,0.0,Dec,2,2,2,10,Returning_Visitor,0,1
5,72.5,0,493.64691241645295,-128,936.1333333,0.003571429,0.020238095,23.27552205,0.0,Nov,2,2,1,2,Returning_Visitor,0,1
3,741.1460844829828,2,49.4,16,703.3,0.0,0.01,0.0,0.8652089330524478,Aug,2,4,3,4,Returning_Visitor,0,0
13,-633.758362646556,0,0.0,7,117.0,0.0,0.028571429,0.0,0.0,May,2,10,6,1,Returning_Visitor,1,0
5,224.75,0,0.0,10,235.4166667,0.015384615,0.030769231,0.0,0.0,Dec,1,1,8,2,New_Visitor,0,0
0,0.0,0,0.0,186,186.7,0.18710044871393744,0.022222222,0.0,0.0,Mar,2,2,1,2,Returning_Visitor,1,0
0,-499.21151012282075,0,0.0,1,0.0,0.2,0.2,0.0,0.0,May,2,10,3,4,Returning_Visitor,1,0
5,1417.5,0,0.0,36,1051.248276,0.0,0.002293202,0.0,0.0,Mar,2,2,5,2,Returning_Visitor,1,0
0,0.0,0,0.0,21,7642.192573806944,0.00952381,0.042857143,0.0,0.0,Dec,2,2,1,2,Returning_Visitor,0,0
1,63.5,0,0.0,10,7678.026316757175,0.0,0.016363636,0.0,0.0,Dec,1,1,4,10,Returning_Visitor,0,0
0,0.0,3,103.5,30,1093.175,-0.15089370309567074,0.028125,0.0,0.0,Dec,2,2,1,2,Returning_Visitor,1,0
13,624.93876443172,0,0.0,4,157.0,0.2003914740988396,0.05,-55.801080290073976,0.6969352517300919,May,2,5,6,6,Returning_Visitor,1,0
14,0.0,0,-528.3944951873215,-138,103.8333333,0.033333333,0.055555556,0.0,0.0,May,2,2,3,3,Returning_Visitor,0,0
4,669.2324982998141,3,62.0,43,1770.625,0.004255319,0.015153664,64.92056328112724,0.0,Mar,2,5,6,2,Returning_Visitor,0,0
7,-604.9221112436564,4,277.5,-143,3993.135714,0.006,0.014539683,62.1743597490821,0.0,Nov,3,2,1,2,Returning_Visitor,1,1
3,42.0,0,-409.23800736129317,16,1266.5,0.0,0.003508772,0.0,0.0,Mar,2,2,6,1,Returning_Visitor,0,0
0,0.0,0,492.09179148208636,1,8026.3844517824,-0.15183203451575247,0.2,0.0,0.0,Dec,3,2,4,13,Returning_Visitor,0,0
0,0.0,0,0.0,1,0.0,0.2,0.21698004431204043,0.0,0.0,May,3,2,9,3,Returning_Visitor,0,0
13,245.4,0,0.0,61,3773.3,0.005714286,0.025021645,22.37276151,0.0,Oct,2,2,9,3,Returning_Visitor,0,1
0,0.0,25,-470.6126255076367,34,1266.333333,0.005882353,0.20281324498079994,0.0,0.4,May,2,2,3,4,Returning_Visitor,0,0
9,306.46,0,0.0,-122,-4876.0921740260565,0.0,0.00952381,0.0,0.0,Sep,2,2,1,2,Returning_Visitor,0,0
0,0.0,0,0.0,27,1192.22619,0.0,0.20623818410151737,0.0,0.0,May,3,2,3,4,Returning_Visitor,1,0
0,0.0,0,0.0,26,1312.333333,0.036538462,0.054230769,0.0,0.0,Nov,3,2,1,13,Returning_Visitor,0,0
-9,-631.6802979592547,0,0.0,32,931.5,0.008823529,0.023529412,51.11722549,0.0,May,2,2,1,1,Returning_Visitor,0,0
2,673.7085312142344,25,0.0,31,1909.232143,0.0125,0.2267079694410765,17.15249937,-0.6238344480052206,Dec,2,2,3,8,Returning_Visitor,0,1
3,152.6,0,0.0,188,608.8833333,0.009375,0.03125,19.82770888,0.7734920699518582,Jul,2,2,7,13,Returning_Visitor,0,1
1,766.8430292228043,2,4.0,108,6740.557143,0.013761468,0.032553517,24.80248887,0.0,Nov,2,2,1,1,Returning_Visitor,0,1
-10,-506.5028004320564,0,0.0,12,676.25,0.0,0.025,0.0,0.0,Nov,2,4,1,6,Returning_Visitor,0,0
0,0.0,0,0.0,33,7979.645651277004,0.012121212,-0.10950488790983398,0.0,-0.6714123037728046,Nov,2,2,3,1,Returning_Visitor,0,0
0,0.0,0,0.0,16,865.5833333,0.0,0.002083333,93.77761706,0.0,Dec,1,1,1,2,New_Visitor,1,1
0,0.0,25,0.0,16,79.0,0.025,0.0375,0.0,0.0,May,2,2,2,4,Returning_Visitor,1,0
0,0.0,0,0.0,48,3025.333333,0.004166667,-0.14119971764736997,0.0,0.0,Aug,1,1,1,20,Returning_Visitor,0,0
1,786.3389140137658,0,0.0,21,7730.347084618317,0.035497835,0.057482993,0.0,0.0,Nov,3,2,5,13,Returning_Visitor,0,0
11,298.0820225,4,138.5,397,11940.0165,0.006959671,0.21200535770305612,-61.07679055994241,0.0,Nov,1,1,3,3,Returning_Visitor,1,1
4,147.5,1,506.3626737108043,25,788.2666667,0.007142857,0.028571429,16.70657143,0.0,May,2,2,3,3,Returning_Visitor,0,1
0,0.0,0,-482.9128827778602,164,215.0,0.04,0.08,0.0,0.6,May,3,2,3,2,Returning_Visitor,0,0
1,149.2,0,482.53218205344115,13,272.0083333,0.0,0.014285714,82.021436,0.0,Oct,1,1,1,20,Returning_Visitor,0,1
1,337.0,1,-411.5126471105617,16,630.5,0.0,0.00625,28.794,0.0,May,3,2,1,11,Returning_Visitor,1,1
0,0.0,0,0.0,5,214.0,-0.14189153255404582,-0.1457536498679942,0.0,0.0,May,3,2,8,1,Returning_Visitor,0,0
4,15.0,0,0.0,10,-5734.552518947499,0.0,-0.11795745962846002,38.99,0.8391063670849875,Mar,1,1,1,3,Returning_Visitor,1,1
15,53.0,25,7.0,24,678.0,0.0,-0.14119742579475533,20.13555556,0.0,May,2,5,3,2,Returning_Visitor,0,1
5,152.5,0,0.0,15,291.1666667,0.0,0.02,0.0,0.0,Dec,4,1,1,2,New_Visitor,1,0
2,16.0,0,-450.030357156341,33,1123.242857,0.006060606,0.021969697,11.12342124,0.0,Mar,2,2,3,13,Returning_Visitor,0,0
0,0.0,0,0.0,91,2631.473214,-0.1471851198365448,0.023321123,-63.055447239952535,0.0,Nov,2,2,1,2,Returning_Visitor,0,0
10,323.55,0,0.0,46,1044.8,0.017021277,0.019756839,0.0,0.0,May,3,2,7,4,Returning_Visitor,0,0
12,-542.4255062727924,0,0.0,-111,780.5833333,0.008695652,0.017391304,25.03946022,-0.6529116740592709,Nov,2,5,1,3,New_Visitor,0,1
0,0.0,3,-454.6845617523563,76,1966.092332,0.007876231,0.014700317,0.0,0.0,Dec,3,2,1,2,Returning_Visitor,0,1
2,48.5,0,0.0,53,2438.075,0.005357143,0.017261905,29.04476648,0.0,Nov,2,2,1,6,Returning_Visitor,1,1
5,722.7771632252261,1,123.5,42,1610.783197,0.009090909,0.017794258,4.646503212,0.0,Dec,3,2,3,2,Returning_Visitor,0,0
0,0.0,0,0.0,7,289.5,0.0,0.014285714,0.0,0.0,Mar,1,1,1,1,Returning_Visitor,1,0
15,9.0,25,0.0,19,-6095.928082388209,0.016666667,0.044444444,0.0,0.0,Mar,2,10,1,1,Returning_Visitor,0,0
0,0.0,0,-396.78765177902875,4,75.5,0.0,0.05,0.0,0.8104819288605516,Mar,2,2,1,1,Returning_Visitor,1,0
0,0.0,0,0.0,5,150.25,0.04,0.12,0.0,0.8551666066630375,Nov,1,1,3,3,Returning_Visitor,0,0
0,0.0,25,0.0,13,649.25,0.0,0.015384615,65.56066818811483,0.0,Feb,2,2,1,5,New_Visitor,0,0
-9,0.0,0,527.8552530898305,-120,8100.403703953237,0.0,0.1,0.0,0.0,May,1,1,1,1,Returning_Visitor,0,0
1,19.0,25,0.0,8,87.0,0.21587355888486298,0.014285714,-50.73039322609691,0.6,May,2,2,1,3,New_Visitor,0,0
10,154.0229167,0,0.0,50,1388.052366,0.008611111,0.22205480888456447,18.19675574,0.0,Sep,3,2,3,4,Returning_Visitor,0,0
0,0.0,0,0.0,-136,857.1833333,0.0,0.19850780571684312,0.0,-0.5411589010915077,Nov,2,2,9,10,Returning_Visitor,0,0
1,63.0,0,0.0,24,777.0,0.025,0.045833333,5.24475,0.4,May,2,2,1,13,Returning_Visitor,0,0
0,0.0,25,0.0,24,8377.71594518455,0.032,0.068,0.0,0.0,Sep,2,2,4,13,Returning_Visitor,0,0
0,0.0,0,0.0,11,194.0,0.0,0.018181818,0.0,0.0,Mar,2,2,6,1,Returning_Visitor,0,0
13,0.0,0,0.0,18,849.5416667,0.0,0.00875,0.0,0.0,Nov,1,1,1,2,Returning_Visitor,0,0
8,47.0,0,0.0,18,6951.083770566598,0.0,0.02173913,76.7871255570266,0.0,Nov,2,2,2,1,Returning_Visitor,0,0
0,0.0,0,0.0,12,580.5,0.02,0.046666667,11.193,0.0,May,1,1,1,3,Returning_Visitor,0,0
-9,0.0,25,0.0,25,701.8833333,0.0,0.023333333,0.0,0.0,Sep,2,2,1,2,Returning_Visitor,0,0
4,131.0,25,0.0,10,285.5,0.033333333,0.083333333,0.0,0.0,Dec,3,2,4,3,Returning_Visitor,0,0
0,773.0151226846707,25,0.0,1,-5523.61641205809,0.2,0.2,0.0,0.0,May,1,1,9,4,Returning_Visitor,1,0
0,0.0,0,0.0,-137,321.2333333,0.0,0.0125,0.0,0.0,Jul,3,5,1,1,Returning_Visitor,0,0
3,275.0,1,29.5,30,-5310.318981998561,0.18281174629480218,0.017760943,73.47000214439707,0.0,Mar,3,2,3,1,Returning_Visitor,1,1
5,70.0,0,0.0,61,2635.61627,0.0,0.003389831,0.0,0.6,May,1,8,1,3,Returning_Visitor,0,0
1,786.9984987877781,0,0.0,4,111.6,0.04,0.04,0.0,0.0,Jul,1,8,9,4,New_Visitor,0,0
0,0.0,0,0.0,188,797.84,0.0,0.018181818,0.0,0.0,Aug,2,2,3,4,Returning_Visitor,0,0
-8,0.0,0,0.0,18,211.4166667,0.033333333,0.061111111,0.0,0.0,Nov,2,2,5,3,Returning_Visitor,1,0
2,746.7888071006763,25,0.0,10,352.0,0.0,0.007692308,27.19298393,0.0,Sep,2,2,1,2,New_Visitor,1,1
0,0.0,0,0.0,2,64.5,0.0,0.05,0.0,0.0,Nov,3,2,8,2,Returning_Visitor,0,0
4,25.0,0,0.0,193,7978.977785041167,0.013471503,0.029620035,0.0,0.0,Jul,2,2,1,3,Returning_Visitor,0,0
0,-600.7676193557235,0,-472.1888602580818,111,1624.75,0.013636364,0.025515152,0.0,0.8357191430156279,Dec,2,2,1,2,Returning_Visitor,0,0
0,0.0,0,466.22050452419813,-134,-6186.6350906538855,0.05,0.1,79.50429715153187,0.7075135328982437,May,2,2,1,13,Returning_Visitor,0,0
11,903.7,1,26.2,109,3297.491311,0.006140351,0.010281148,3.870588042,0.0,Oct,3,2,6,1,Returning_Visitor,0,0
0,0.0,1,98.66666667,94,3085.25,0.0,0.00609319,0.0,0.0,Nov,2,2,2,3,Returning_Visitor,0,0
0,0.0,0,0.0,18,587.7333333,0.0,0.022222222,32.52380772,0.0,Nov,2,2,7,4,Returning_Visitor,1,1
1,0.0,0,0.0,56,2627.756494,0.021052632,0.19202340210509586,0.0,0.0,Nov,3,2,1,2,Returning_Visitor,1,1
0,0.0,0,0.0,-142,728.2,0.0,0.023076923,-52.45163849703445,0.0,May,3,2,8,4,Returning_Visitor,0,1
0,0.0,25,0.0,10,253.25,0.0,0.02,0.0,0.8283605117152857,Dec,3,2,1,10,Returning_Visitor,0,0
6,378.4666667,0,0.0,13,950.6666667,0.022222222,-0.12845065672776107,0.0,0.0,Oct,1,1,1,3,Returning_Visitor,0,0
11,238.775641,1,472.17473940705986,200,-5634.345002216972,0.002619048,0.014230973,21.83420125,0.0,Nov,2,2,1,2,Returning_Visitor,0,1
9,-479.7282346219514,1,88.0,114,3772.405525,0.0,0.001680672,42.41914286,0.0,May,2,2,2,14,Returning_Visitor,1,1
3,102.0,0,0.0,18,1107.466667,0.022222222,0.029444444,0.0,0.2,May,1,1,6,3,Returning_Visitor,0,0
8,256.5,1,0.0,57,1319.366667,0.006774194,0.032699169,69.60886676296118,-0.6645986721284778,Nov,3,2,3,2,Returning_Visitor,1,1
0,0.0,0,0.0,25,1512.52381,0.0,0.024,0.0,0.0,Mar,2,2,3,11,Returning_Visitor,0,0
4,55.0,3,17.25,100,1284.361822,0.20234310130152564,0.011603935,-64.95679681497035,0.0,Dec,1,1,1,10,Returning_Visitor,0,0
2,37.33333333,0,0.0,31,1552.883333,0.0,0.008333333,-53.45406977411287,0.0,May,2,2,3,2,Returning_Visitor,0,0
0,0.0,1,3.5,13,503.0,-0.1352274041421453,0.008333333,0.0,0.0,May,3,2,4,2,Returning_Visitor,0,0
0,0.0,1,39.5,97,2811.47807,0.002749141,0.015832106,65.61534885203774,0.0,Nov,2,5,6,1,Returning_Visitor,1,0
2,29.0,1,14.0,106,3825.102381,0.007592593,0.039827675,0.0,1.0,May,2,2,4,3,Returning_Visitor,1,0
0,0.0,0,0.0,8,551.1666667,0.025,0.035,0.0,0.0,Mar,3,2,2,3,Returning_Visitor,0,0
1,8.0,0,0.0,11,701.0,0.0,0.016666667,0.0,0.0,Aug,2,2,1,2,Returning_Visitor,0,0
7,136.6666667,1,7.0,25,687.5333333,-0.13088278214317992,0.014022989,73.27897145673131,0.0,May,1,2,3,4,New_Visitor,0,0
1,12.0,0,0.0,-137,213.0,0.05,0.066666667,0.0,0.0,Nov,2,2,4,13,Returning_Visitor,1,0
0,0.0,1,0.0,51,2122.656061,0.0,0.007051282,9.294775641,-0.5572221765642418,Mar,2,2,1,10,Returning_Visitor,0,1
9,96.18666667,1,-430.76995080671736,63,1345.136667,0.029166667,0.053287037,2.10185027,0.0,Jul,2,2,9,13,Returning_Visitor,0,0
-9,159.0,2,55.5,23,1100.125,0.0,0.011111111,0.0,0.4,May,3,2,4,14,Returning_Visitor,0,0
3,-509.74196676640736,0,0.0,4,117.0,0.0,0.028571429,0.0,0.0,Nov,2,2,6,2,New_Visitor,0,0
3,37.0,25,478.12475397042107,53,2409.068434,0.001960784,0.018076564,0.0,0.0,May,3,2,1,1,Returning_Visitor,0,0
2,-528.9977279305004,2,7.0,39,2447.548611,0.028354978,0.057999382,5.291989149,0.0,Nov,1,1,9,1,Returning_Visitor,1,0
2,15.2,0,-481.0533331908155,22,244.2,0.027272727,-0.12523239803833458,0.0,-0.6860578231958524,Aug,2,2,7,1,Returning_Visitor,1,0
-9,0.0,0,0.0,1,0.0,0.2,0.2,-64.23144611577091,0.0,Feb,1,1,1,3,Returning_Visitor,0,0
9,126.2631579,2,50.83333333,59,2004.371491,0.008695652,-0.1260086553468383,0.0,0.836782935739891,Dec,2,2,6,3,Returning_Visitor,0,0
15,0.0,0,0.0,10,82.5,0.0,0.20827658072135463,0.0,0.0,Nov,2,2,9,11,Returning_Visitor,0,0
0,0.0,0,0.0,15,194.0666667,0.001904762,0.051238095,0.0,0.0,May,2,5,4,2,Returning_Visitor,0,0
14,85.0,0,-501.0851380581048,189,567.45,0.17513873428299784,0.058666667,0.0,1.0,May,3,2,3,1,Returning_Visitor,1,0
0,0.0,0,0.0,7,322.75,0.047619048,0.071428571,0.0,0.0,Nov,3,2,2,13,Returning_Visitor,0,0
2,1223.0,4,416.0,21,2755.67094,0.004545455,0.027575758,0.0,0.0,Mar,3,2,1,2,Returning_Visitor,1,0
14,15.0,1,4.0,49,711.3630952,-0.17080363635395734,0.002040816,78.60283917100301,0.0,Dec,1,1,1,2,New_Visitor,0,0
4,143.8333333,0,0.0,43,997.7083333,0.002222222,0.021111111,0.0,0.0,Dec,2,5,3,2,Returning_Visitor,0,0
5,173.1666667,25,24.5,30,1288.733333,0.0,0.013376623,-53.861210693861956,0.0,Nov,1,2,3,2,Returning_Visitor,1,0
0,-558.1269480193592,25,0.0,2,46.5,0.1,0.1,0.0,0.0,Nov,2,2,3,1,Returning_Visitor,0,0
2,24.2,0,0.0,46,1376.3,0.008163265,0.03537415,6.012671082,0.0,Sep,2,4,3,1,Returning_Visitor,0,0
0,0.0,1,105.1333333,17,-5024.305131338629,0.18594089268768313,0.045751634,0.0,0.0,June,3,2,6,13,Returning_Visitor,0,0
15,0.0,0,0.0,-118,1911.610665,-0.16103106149320182,0.026739194,0.0,0.677663924746359,Nov,1,2,2,10,Returning_Visitor,1,0
3,89.0,0,0.0,26,655.5357143,0.0,0.0375,0.0,0.0,Nov,2,2,4,1,Returning_Visitor,0,0
4,65.5,0,0.0,23,783.75,0.007692308,0.030769231,0.0,0.0,Nov,2,5,3,1,Returning_Visitor,1,1
0,0.0,0,0.0,194,-5033.733277471067,0.2,0.2,0.0,0.0,Nov,3,2,3,3,Returning_Visitor,0,0
3,-482.2329545059103,0,0.0,10,265.9333333,0.0,0.015277778,0.0,0.0,Sep,1,1,1,2,Returning_Visitor,0,0
3,108.5,0,0.0,2,74.66666667,0.0,0.016666667,0.0,0.8,May,3,2,3,2,Returning_Visitor,0,0
0,0.0,2,-486.87806158749135,16,275.1,0.0,0.027777778,0.0,0.0,Aug,2,2,3,3,Returning_Visitor,1,0
5,78.4,0,0.0,35,-5500.822243710125,0.024561404,0.20844710866781632,64.04945789894012,0.0,May,3,2,1,2,Returning_Visitor,1,0
15,644.5718653002715,0,0.0,110,10278.90421,0.0128,0.02480939,14.4030575,0.0,Oct,2,2,3,3,Returning_Visitor,0,0
2,24.0,0,0.0,16,-5943.575887911747,0.004444444,0.022222222,0.0,0.0,Jul,2,2,9,2,Returning_Visitor,0,0
17,856.8333333,0,0.0,78,4716.572619,0.011494253,0.026155811,0.0,0.0,Dec,3,2,1,1,Returning_Visitor,1,0
0,0.0,0,0.0,8,134.0,0.0,0.025,0.0,0.0,May,2,2,1,2,Returning_Visitor,0,0
0,0.0,0,0.0,2,0.0,-0.16778974987918147,0.2,0.0,0.0,Mar,1,1,1,3,Returning_Visitor,0,0
4,120.0,0,0.0,162,293.0,0.0,0.014285714,0.0,0.0,Mar,1,2,1,10,Returning_Visitor,0,0
0,0.0,25,0.0,194,1472.0,0.016666667,0.040625,0.0,0.0,May,2,6,1,1,Returning_Visitor,0,0
0,0.0,0,0.0,11,225.5,0.018181818,0.054545455,0.0,0.0,Nov,2,5,4,11,Returning_Visitor,0,0
0,780.2651682577599,0,0.0,19,539.15,0.010526316,0.003947368,0.0,-0.6826078844590038,Nov,3,2,3,3,Returning_Visitor,0,0
1,28.5,1,0.0,315,11232.65691,0.003164557,0.019252583,-58.399221395060195,0.0,Nov,2,2,1,2,Returning_Visitor,0,0
-8,112.75,0,0.0,15,658.75,0.0,0.011111111,0.0,0.0,Nov,3,2,6,2,New_Visitor,0,0
14,0.0,0,0.0,176,1947.5,0.0,0.021428571,0.0,0.0,Nov,1,1,1,3,Returning_Visitor,0,0
-8,102.5,25,500.485702371173,5,97.0,0.0,0.011111111,0.0,0.0,Mar,3,2,1,9,New_Visitor,1,0
0,0.0,25,0.0,171,82.0,0.0,0.05,0.0,0.0,Nov,2,2,4,1,Returning_Visitor,0,0
0,0.0,25,582.5269896120751,5,46.75,0.0,0.04,77.6089502159852,0.0,Dec,1,1,3,3,Returning_Visitor,0,0
1,24.5,0,0.0,170,1792.466667,0.0,0.01469428,0.0,0.0,Dec,2,2,2,2,Returning_Visitor,0,0
6,-465.44595294251394,0,0.0,200,3486.370682,0.009364162,-0.1303981038783148,-49.817633101095105,0.0,Nov,1,1,1,2,Returning_Visitor,0,1
0,0.0,0,0.0,12,-4723.16378308064,0.018181818,0.054545455,75.84657399837792,-0.6973983990997376,May,2,2,3,1,Returning_Visitor,0,0
2,785.06230873042,0,0.0,3,7847.177636942307,0.0,0.066666667,0.0,1.0,May,2,2,2,5,Returning_Visitor,1,0
0,0.0,0,0.0,11,169.1666667,0.0,0.036363636,-55.22945399213075,0.0,Oct,2,2,1,1,Returning_Visitor,0,0
-7,0.0,25,0.0,-141,0.0,0.2,0.2,0.0,0.8103921795208696,May,3,2,1,3,Returning_Visitor,0,0
4,84.0,0,0.0,21,270.0,0.0,0.22768260588041345,0.0,0.0,Mar,1,1,3,2,Returning_Visitor,0,0
0,0.0,2,7.0,23,-5503.034525738068,0.0,0.012,0.0,0.8,May,2,2,1,4,Returning_Visitor,0,0
0,740.276265549258,25,0.0,1,0.0,-0.1480659333636415,0.2,0.0,0.8,May,2,2,3,13,Returning_Visitor,0,0
0,0.0,0,0.0,9,771.5,0.022222222,0.044444444,0.0,0.0,Mar,1,1,6,1,Returning_Visitor,0,0
1,633.8947590059787,0,0.0,13,392.1875,0.0,0.005128205,60.26309658,0.0,Dec,1,8,1,20,New_Visitor,0,1
0,0.0,0,0.0,5,614.75,0.0,0.073333333,0.0,0.0,Dec,2,10,2,2,Returning_Visitor,0,0
0,0.0,0,0.0,5,-5285.864800672947,0.16,0.18,0.0,0.4,May,1,2,2,4,Returning_Visitor,0,0
15,649.179024076077,0,0.0,237,6817.942235,0.00167364,0.01380616,70.8750575369831,0.0,Nov,2,2,1,3,Returning_Visitor,0,1
0,0.0,0,0.0,1,0.0,0.2,0.2,0.0,0.0,Mar,3,2,3,3,Returning_Visitor,0,0
2,30.75,0,0.0,150,4760.778303,0.01212528,0.019068861,0.0,0.0,Nov,3,2,8,13,Returning_Visitor,0,0
1,48.0,0,0.0,-137,2376.861905,0.016666667,0.045679012,13.32592593,0.0,May,2,2,3,3,Returning_Visitor,0,0
0,641.0054891704302,0,0.0,6,954.5,0.0,0.066666667,0.0,0.4,May,2,2,3,4,Returning_Visitor,0,0
8,636.0,0,0.0,52,3374.016667,0.0,0.003703704,108.0893873,0.0,Nov,2,2,3,13,Returning_Visitor,0,1
5,171.7333333,0,580.6143106077125,93,2087.64987,0.013829787,-0.11537271507836719,-62.87230010217768,0.8047439887722398,Oct,3,2,1,4,Returning_Visitor,1,0
13,8.0,1,47.5,46,689.0606061,0.002272727,0.012062937,1.125146064,-0.6666884490157396,Nov,2,2,2,11,Returning_Visitor,1,1
1,112.8,0,0.0,173,543.7333333,0.0,0.011111111,28.69843548,0.0,Oct,1,1,6,2,New_Visitor,1,1
2,16.66666667,0,515.0709363950381,9,63.66666667,0.088888889,0.122222222,0.0,0.2,May,1,1,4,15,Returning_Visitor,0,0
2,61.5,0,-429.3621901227063,179,1950.386667,0.0,0.007291667,0.0,0.0,Nov,2,10,2,4,Returning_Visitor,1,0
0,0.0,0,0.0,8,113.6666667,-0.15059533806401104,0.025,0.0,0.0,Nov,2,2,4,13,Returning_Visitor,0,0
-8,0.0,0,-399.34664281657376,1,1195.8,0.1904496570274215,0.0,0.0,0.0,Aug,2,2,7,13,Returning_Visitor,0,0
0,0.0,0,0.0,16,980.25,0.0,0.04,0.0,0.0,Mar,2,2,4,3,Returning_Visitor,0,0
0,0.0,0,512.1906977919551,166,952.9666667,0.001666667,0.016666667,0.0,0.0,Mar,1,1,2,2,Returning_Visitor,0,0
0,0.0,0,-460.6960676880903,-104,8501.765852425817,0.2,0.2,0.0,0.0,Feb,1,1,1,1,Returning_Visitor,0,0
0,764.0450361752587,0,0.0,32,-5976.263732351321,0.0,0.00625,0.0,0.0,May,2,2,2,4,Returning_Visitor,0,0
0,0.0,0,0.0,-105,167.0,0.022222222,0.20433555186054558,0.0,0.0,May,2,6,4,3,Returning_Visitor,0,0
1,6.0,0,0.0,53,-6249.3965337344325,0.18803214184543865,0.026923077,0.0,0.4,May,2,4,9,20,Returning_Visitor,0,0
-7,233.5,2,102.0,81,2477.666667,0.001149425,0.011954023,0.0,0.0,May,2,2,1,2,Returning_Visitor,0,0
0,0.0,0,0.0,171,2960.971429,0.036936937,0.062012012,0.0,0.0,Oct,1,1,1,1,Returning_Visitor,0,0
3,33.0,0,524.703686837892,8,182.5833333,0.0,0.03125,0.0,0.0,Mar,2,4,6,3,Returning_Visitor,0,0
0,-486.8927613284959,0,0.0,1,0.0,0.2,0.2,0.0,0.0,Mar,1,1,8,1,Returning_Visitor,0,0
0,0.0,1,31.0,41,1678.733333,0.21022747068493944,0.013333333,0.0,0.0,May,3,2,2,6,Returning_Visitor,0,0
3,13.0,1,0.0,51,7976.189229520855,0.004155844,0.020606061,0.0,0.0,Jul,2,4,3,4,Returning_Visitor,0,0
15,-536.7699064203848,1,0.0,120,2872.719031,0.000226757,0.011948854,5.915342917,0.0,Aug,2,2,2,1,Returning_Visitor,0,0
4,104.25,0,0.0,38,1429.875,0.0,0.022807018,4.113391331,0.0,Nov,2,2,1,13,Returning_Visitor,0,1
5,69.6,3,53.0,6,92.7,0.0,0.02,0.0,0.0,Jul,2,6,1,3,New_Visitor,1,0
3,64.3,0,0.0,25,2199.52,0.0,0.042307692,3.17966645,0.0,Oct,2,2,3,2,Returning_Visitor,0,0
3,35.4,0,0.0,27,473.0833333,0.0,0.028965517,0.0,0.0,Nov,2,2,6,1,Returning_Visitor,0,0
-7,99.5,0,0.0,-123,953.0686869,0.0,-0.11379176590685576,0.0,0.0,May,1,1,6,4,Returning_Visitor,1,0
14,691.2947555345578,0,-473.42568825379067,24,302.9833333,0.018181818,0.022727273,0.0,0.6,May,3,2,1,3,Returning_Visitor,0,0
0,0.0,1,257.0,31,1906.8,0.01875,-0.1453606442809171,22.62989583,0.4,May,2,2,2,11,Returning_Visitor,0,1
1,647.5019562068902,25,0.0,4,100.5,0.21222672511352958,0.20776471767214172,0.0,0.0,May,3,3,1,3,New_Visitor,1,0
0,0.0,0,0.0,6,7825.685001939654,0.0,0.033333333,-57.553330114399294,0.0,Mar,2,4,7,10,Returning_Visitor,0,0
0,0.0,0,0.0,-132,-4734.993562816582,0.0,0.05,0.0,0.0,May,3,2,1,3,New_Visitor,0,0
5,81.6,0,0.0,16,308.7,0.00952381,0.019047619,0.0,0.0,Sep,2,4,2,5,New_Visitor,0,0
0,0.0,0,483.61613688302816,200,444.0,0.0,0.028571429,59.75418351,0.0,Dec,1,1,2,8,New_Visitor,1,1
-8,0.0,25,-519.5176643584701,38,1355.366667,0.0,0.009259259,0.0,0.0,Nov,1,2,6,2,Returning_Visitor,0,0
0,0.0,0,0.0,11,123.0,0.0,0.036363636,0.0,0.0,May,2,2,4,13,Returning_Visitor,0,0
0,0.0,0,0.0,46,8639.382425791184,0.0,0.000555556,0.0,0.0,May,2,2,7,2,New_Visitor,0,0
12,232.3404762,1,19.2,22,504.0285714,-0.16545141849143127,0.003763441,0.0,0.0,Sep,1,1,1,3,New_Visitor,0,0
0,0.0,0,0.0,205,-5463.575156157209,0.19664492413632087,0.01,0.0,0.0,May,2,4,1,1,Returning_Visitor,0,0
0,0.0,0,0.0,79,2663.583333,0.002531646,0.017088608,0.0,0.0,Nov,2,2,1,1,Returning_Visitor,1,1
0,0.0,0,484.37443483341946,4,54.5,0.1,-0.1361692398257458,69.80689167144475,0.0,Nov,2,2,1,10,Returning_Visitor,0,0
6,288.0,0,0.0,16,7491.063716324173,0.010526316,0.036842105,0.0,0.0,Sep,2,2,2,13,Returning_Visitor,0,0
1,218.6,0,0.0,19,513.1622222,0.003333333,0.0075,0.0,0.0,Aug,3,2,1,2,Returning_Visitor,0,0
3,14.0,0,0.0,-115,513.9404762,0.0,0.01,62.866,0.0,May,2,2,4,13,Returning_Visitor,0,0
13,0.0,5,-430.6311824054209,-129,558.3988095,0.022727273,0.046212121,64.44179043887442,0.0,Dec,1,8,5,11,Returning_Visitor,0,0
0,0.0,25,0.0,24,1762.25,0.008333333,0.016666667,0.0,0.0,Mar,2,2,2,1,Returning_Visitor,0,0
0,0.0,0,0.0,26,852.7666667,0.001923077,0.024166667,78.95377094024475,1.0,May,3,2,4,1,Returning_Visitor,1,0
7,302.9,0,0.0,42,651.665,0.028787879,0.060270563,0.0,0.0,Aug,1,1,1,3,Returning_Visitor,1,0
-10,84.5,0,0.0,17,596.0833333,-0.15694004696130018,0.03697479,0.0,0.0,May,2,4,3,3,Returning_Visitor,0,0
-7,208.4,0,0.0,13,177.7333333,0.0,0.03125,0.0,0.0,May,1,1,8,4,Returning_Visitor,0,0
0,670.8204823582118,0,0.0,5,116.6666667,0.04,0.05,-62.43074161260294,0.764871265381714,Oct,3,2,1,3,Returning_Visitor,1,0
2,20.0,0,494.59150728223415,66,3391.68588,-0.16129581279370417,-0.12071987801018644,0.0,0.0,Dec,3,2,8,1,Returning_Visitor,0,0
1,5.5,2,28.0,20,929.3333333,0.0,0.015333333,0.0,0.0,Dec,2,2,6,2,Returning_Visitor,0,0
10,471.06,0,0.0,171,-5487.259665004127,0.001098901,0.005494505,0.0,0.0,Oct,2,10,4,2,Returning_Visitor,0,1
5,174.3,25,0.0,39,794.7131148,-0.15805395539854283,0.056528671,73.39636853909721,0.0,Sep,1,2,1,1,Returning_Visitor,0,0
0,0.0,0,0.0,6,197.0,0.0,0.011111111,0.0,-0.633944013744251,Mar,2,2,1,2,Returning_Visitor,0,0
8,121.75,25,0.0,154,5253.069444,0.1706157200753468,0.008832272,0.0,0.0,Nov,4,1,1,8,Returning_Visitor,1,0
0,0.0,2,-477.6401071498153,141,7235.588344998975,0.001408451,0.013891039,0.0,0.0,Dec,2,2,1,2,Returning_Visitor,0,0
2,113.5,0,0.0,37,1344.340476,0.0,0.005405405,11.77908986,0.0,Dec,2,2,3,2,New_Visitor,0,1
0,0.0,0,0.0,12,1638.5,0.083333333,0.116666667,0.0,0.8,May,2,2,5,13,Returning_Visitor,0,0
16,235.25,1,46.66666667,74,3206.193407,0.004819277,0.019399025,10.67331708,0.6,May,2,2,3,1,Returning_Visitor,0,0
13,0.0,25,0.0,17,295.0,-0.13642561706279482,0.052941176,0.0,0.8,May,2,2,2,6,Returning_Visitor,0,0
13,38.2,1,9.0,21,1290.5,0.0,0.0,86.12351528,0.0,Nov,2,2,9,2,New_Visitor,0,1
14,-588.2807262189356,0,0.0,4,158.0,0.05,0.1,0.0,0.0,May,2,2,4,13,Returning_Visitor,0,0
2,40.0,2,162.0,17,-5516.674698177202,0.024561404,0.036842105,32.64521053,0.69843264909168,Mar,2,7,3,2,Returning_Visitor,0,0
0,0.0,0,0.0,3,-4891.227888138989,-0.12636714869897886,0.066666667,0.0,-0.6079959868101991,May,2,2,4,1,Returning_Visitor,1,0
1,43.66666667,0,0.0,179,-4564.2797962085215,0.0,0.030621469,71.66478217590611,0.0,May,2,2,1,1,Returning_Visitor,0,0
0,0.0,0,0.0,3,20.0,0.1,0.166666667,-56.76725044976108,0.0,Nov,3,2,3,13,Returning_Visitor,0,0
0,0.0,0,0.0,9,311.7,0.0,0.055555556,0.0,0.0,June,2,2,4,13,Returning_Visitor,0,0
3,1373.5,0,0.0,43,2798.07381,0.0,0.010971006,2.915511628,0.0,Mar,2,6,2,3,Returning_Visitor,0,0
0,0.0,25,0.0,12,-5798.457046163395,0.05,0.066666667,0.0,0.0,Jul,2,2,1,1,Returning_Visitor,0,0
-9,114.5,0,0.0,36,-6255.031858000407,-0.16718421773598832,0.2090650758125116,16.09065,0.6,May,2,2,1,3,Returning_Visitor,0,0
2,50.875,25,0.0,32,1375.8,0.016129032,0.041935484,0.0,-0.6681995692884768,Nov,3,2,3,6,Returning_Visitor,1,0
-8,0.0,0,0.0,4,124.0,0.20292924229317671,-0.11569090538752802,-53.045505241362164,0.0,May,3,2,1,4,Returning_Visitor,1,0
4,91.0,0,468.4108623091997,20,537.625,0.0,0.01,78.4382777241475,0.733105806307724,Dec,8,13,9,20,Other,0,0
0,-636.2674006846587,1,55.0,63,1462.45,0.0,0.003225806,70.83082787803578,0.0,May,2,2,1,5,New_Visitor,0,1
0,0.0,25,0.0,4,-4585.40670985939,0.0,0.05,0.0,0.8,May,2,5,3,2,Returning_Visitor,0,0
1,9.0,1,29.5,23,1157.583333,0.007692308,0.053846154,0.0,0.0,Nov,2,2,7,2,Returning_Visitor,0,0
2,22.9,0,-522.9685855774685,145,5962.732411,0.002857143,0.013265367,0.780277403,0.0,Nov,2,10,7,3,Returning_Visitor,1,1
12,0.0,0,0.0,10,244.6666667,0.005,0.065,0.0,0.7222784990818105,Dec,1,1,1,1,Returning_Visitor,0,0
6,80.5,1,10.06666667,-121,477.7,0.18480658186040602,0.007142857,0.0,0.7835309889141326,Jul,4,2,7,2,New_Visitor,1,0
1,5.0,25,0.0,186,1062.749495,0.007843137,0.019263449,0.0,0.4,May,1,1,1,4,Returning_Visitor,0,0
0,0.0,2,59.5,204,760.875,0.018412698,0.036790123,0.0,0.0,Dec,4,2,1,2,Returning_Visitor,1,0
0,0.0,0,0.0,48,1916.873737,0.017391304,0.050362319,0.0,0.0,Dec,2,2,5,1,Returning_Visitor,0,0
5,127.8,0,-524.8477630417286,15,766.8238095,0.0,0.0,-65.74330211636065,0.0,Aug,1,8,4,1,Returning_Visitor,0,1
0,0.0,0,0.0,-118,836.5,0.0,0.013043478,0.0,0.7633288399819205,Nov,3,2,3,2,Returning_Visitor,0,0
6,169.7916667,0,0.0,32,7790.807004751029,0.0,0.013157895,23.53105656,0.0,Dec,2,2,1,1,Returning_Visitor,0,0
0,0.0,0,0.0,9,953.8333333,0.0,0.011428571,92.83857143,0.0,May,3,2,1,5,Returning_Visitor,1,1
2,160.0,0,0.0,-102,1306.666667,0.010526316,0.014035088,-56.82168787349958,0.0,Mar,3,2,2,3,Returning_Visitor,0,0
2,95.8,0,0.0,83,4052.358631,0.000340136,0.008176477,19.61979883,0.0,Sep,2,2,4,3,Returning_Visitor,0,1
-9,4.0,25,0.0,28,877.6666667,0.0,0.003571429,0.0,0.0,Nov,2,2,9,2,New_Visitor,1,0
9,329.297619,1,75.0,32,1888.547619,0.1755715277942036,0.025900901,24.63837838,0.0,May,1,1,9,4,Returning_Visitor,1,1
0,0.0,25,120.5,54,1389.216667,0.008928571,-0.13434222745869115,0.0,0.7984511931719787,Dec,1,1,1,2,Returning_Visitor,0,0
0,0.0,25,0.0,26,548.2678571,-0.12917028431815167,0.046666667,0.0,0.0,Nov,1,2,6,2,Returning_Visitor,0,0
2,84.5,0,0.0,21,710.5416667,0.012121212,0.23715386608053235,0.0,0.0,Nov,2,4,4,2,Returning_Visitor,0,0
7,46.2,0,0.0,22,280.0466667,0.00952381,0.22436202135343625,0.0,0.0,Aug,2,2,1,3,New_Visitor,1,0
0,781.5362715373061,0,0.0,1,13.0,0.0,0.1,0.0,0.0,Mar,2,2,3,1,Returning_Visitor,0,0
0,0.0,25,0.0,12,655.0,0.036363636,0.063636364,0.0,0.8,May,2,2,1,6,Returning_Visitor,0,0
-10,0.0,0,0.0,43,3382.083333,0.0,-0.13470709154599847,0.0,-0.6240119183337258,May,2,2,1,2,Returning_Visitor,0,0
6,177.6,25,0.0,17,284.7833333,-0.12878277422151924,0.20739275444222238,31.99181419,0.0,Oct,4,1,1,2,Returning_Visitor,0,1
0,0.0,0,0.0,5,180.5,0.04,0.066666667,0.0,0.0,May,2,2,1,2,Returning_Visitor,0,0
-9,0.0,0,0.0,2,0.0,0.2,0.2,0.0,0.0,May,2,2,2,3,Returning_Visitor,0,0
0,0.0,0,0.0,6,219.5,0.17073954188139814,0.077777778,0.0,0.0,May,2,4,2,6,Returning_Visitor,0,0
2,87.83333333,1,552.8996710257485,67,-5058.260376357826,0.18923074786110392,0.003174603,48.45370723,0.7105762595171431,Dec,2,2,5,2,Returning_Visitor,0,1
8,294.5,3,231.7,24,1034.583333,0.0,0.015196078,9.877647059,0.0,May,2,4,3,3,Returning_Visitor,0,1
3,14.0,0,0.0,154,4712.769322,0.001282051,0.014267214,3.890350183,0.0,May,2,5,6,3,Returning_Visitor,0,0
0,0.0,0,516.481243292685,48,3177.366667,0.008510638,0.044680851,0.0,0.0,Jul,2,2,5,1,Returning_Visitor,0,0
4,159.0,25,0.0,3,64.75,0.0,-0.10475150767831493,0.0,0.0,Mar,1,1,1,2,Returning_Visitor,0,0
0,0.0,0,0.0,2,0.0,-0.14532767066429575,0.2,0.0,0.0,Dec,2,5,2,1,Returning_Visitor,0,0
6,360.9166667,4,114.2,17,806.65,0.01,0.015,0.0,0.0,June,2,10,3,5,New_Visitor,1,0
4,166.5,1,474.054330593745,21,452.8141026,0.044,0.047238095,0.0,0.0,May,3,2,4,3,Returning_Visitor,0,0
6,83.4,1,102.3,34,970.6266667,0.008823529,0.014313725,0.0,0.0,Nov,1,1,6,2,Returning_Visitor,0,0
0,0.0,1,2.0,33,2601.231408,0.005882353,0.011764706,177.7714536,0.0,Nov,2,2,7,20,Returning_Visitor,0,1
2,664.9806543435596,25,-489.2055192382677,6,425.0,0.0,0.025,69.36509131011319,0.0,Jul,2,10,1,4,Returning_Visitor,1,0
0,0.0,25,19.0,27,1523.05,0.0,0.001851852,22.12888889,0.0,May,1,1,1,4,Returning_Visitor,0,1
5,20.0,0,0.0,56,441.2166667,0.008474576,0.019322034,76.99458722387493,0.2,May,2,2,2,3,Returning_Visitor,0,0
5,151.3333333,0,-450.56507704625176,11,283.3333333,0.033333333,0.058333333,13.91046998,0.0,Nov,2,2,6,20,Returning_Visitor,0,1
5,46.5,25,0.0,17,219.5,0.011111111,-0.11910006505266846,0.0,0.0,Dec,3,2,2,13,Returning_Visitor,0,0
1,6.0,0,0.0,6,125.0,0.0,0.057142857,-49.763792613202554,0.0,Dec,2,2,6,1,Returning_Visitor,0,0
12,56.0,0,0.0,-105,831.3888889,0.2148961781138412,0.059259259,0.0,0.0,May,3,2,4,3,Returning_Visitor,0,0
15,19.25,0,0.0,8,713.5833333,0.0,-0.11626394002776992,0.0,0.0,Nov,3,2,1,10,Returning_Visitor,1,0
1,-458.93113476651195,0,0.0,79,3421.653333,0.004878049,0.022357724,4.127430681,0.0,Oct,2,4,1,2,Returning_Visitor,0,1
0,0.0,0,-489.2364228542168,28,1425.583333,0.014814815,0.026984127,14.59072178,0.0,Dec,2,4,4,1,Returning_Visitor,0,0
0,0.0,0,0.0,6,192.0,0.0,0.2332207752234935,0.0,0.0,Mar,2,10,4,3,Returning_Visitor,0,0
0,0.0,0,0.0,7,496.75,0.0,0.011111111,0.0,0.0,Mar,3,2,6,1,Returning_Visitor,0,0
2,15.41666667,6,160.8333333,8,143.3333333,0.013333333,0.045238095,0.0,0.0,Nov,1,1,4,2,Returning_Visitor,0,0
0,0.0,0,0.0,51,1219.054286,0.0,0.012113703,9.063088034,0.0,Aug,2,2,2,1,Returning_Visitor,0,1
0,0.0,25,0.0,164,149.0,0.17548787197260077,-0.10649937754921851,-66.71637875619493,0.8,May,2,2,7,3,Returning_Visitor,0,0
4,59.4,0,0.0,19,157.2,0.010526316,0.20328108411862653,0.0,0.0,Sep,2,5,3,2,New_Visitor,1,0
2,793.3205216289607,0,0.0,-107,68.0,-0.14259338681999026,0.045454545,0.0,0.2,May,2,2,2,3,Returning_Visitor,0,0
6,-480.5120821681767,0,0.0,23,251.3333333,0.0,0.013768116,0.0,0.706072441679014,May,2,2,3,3,New_Visitor,0,0
0,0.0,1,8.0,36,1093.154762,0.0,0.19728464339969523,0.0,0.0,May,1,1,6,4,Returning_Visitor,0,0
5,-633.6778704242183,25,473.76151131502775,33,808.1666667,0.0,0.005405405,20.85956757,0.0,Mar,2,4,9,10,New_Visitor,0,1
1,162.2,0,0.0,6,156.2,0.16933378126288595,0.1,0.0,0.0,Jul,3,2,3,1,Returning_Visitor,0,0
-9,294.6587879,2,97.64,-108,3173.210417,0.003138528,0.00912201,-55.80137928393224,0.0,June,1,1,1,2,Returning_Visitor,0,0
0,0.0,25,0.0,51,1655.358333,0.0,0.013071895,0.0,0.0,Nov,2,2,1,2,Returning_Visitor,1,0
1,32.33333333,1,56.0,62,2414.9,0.0,0.002222222,30.4615873,0.0,May,2,2,9,2,Returning_Visitor,0,1
2,95.0,25,0.0,10,445.0,0.016666667,0.033333333,78.57353932510608,0.0,Dec,2,2,4,2,New_Visitor,1,0
2,386.0,0,0.0,72,712.2960784,0.17354157961840558,0.000913242,0.0,0.0,Nov,2,2,4,2,New_Visitor,0,0
1,38.0,25,20.0,57,2931.580303,0.004,0.021833333,0.0,1.0,May,2,2,4,2,Returning_Visitor,1,0
1,-593.8911993033306,1,115.0,50,-6022.0862065883875,0.013,0.044,0.0,0.0,Dec,2,2,2,2,Returning_Visitor,1,0
2,32.0,2,1150.0,58,5072.395938,0.007667474,0.038802798,2.483389831,0.2,May,2,2,3,6,Returning_Visitor,0,0
7,441.8333333,25,102.5,201,9230.890838,0.006458333,0.021838687,0.0,0.0,Nov,3,2,1,2,Returning_Visitor,1,0
2,225.0,0,0.0,6,7689.613189112582,0.0,0.014285714,0.0,0.0,May,3,2,1,4,New_Visitor,0,0
14,0.0,0,-492.6762774255321,19,196.5,0.0,0.021052632,0.0,0.0,May,2,2,7,1,Returning_Visitor,1,0
1,94.8,0,-510.9143056914377,171,223.1,0.0,0.00952381,0.0,0.0,Sep,5,11,8,14,Returning_Visitor,0,0
4,20.0,25,0.0,34,461.2333333,0.0,0.022685185,0.0,0.0,Jul,2,4,1,4,Returning_Visitor,1,0
4,76.0,0,0.0,39,1936.55,0.004761905,0.023809524,5.51397619,0.0,Mar,4,1,3,2,Returning_Visitor,0,0
0,679.1853554768148,0,465.56400839661745,4,0.0,0.2,0.2,0.0,0.0,June,2,4,3,3,Returning_Visitor,0,0
2,15.0,0,0.0,26,601.7681818,-0.14248869624394805,0.19847011056285419,-51.787106968217174,0.8,May,2,4,1,2,New_Visitor,0,0
0,0.0,0,0.0,14,561.6666667,0.0,0.025,0.0,0.0,Dec,2,2,9,10,Returning_Visitor,0,0
1,37.2,0,0.0,14,387.7666667,0.013333333,0.031111111,0.0,0.0,Oct,1,8,3,1,Returning_Visitor,0,0
0,0.0,0,588.983739476712,6,-4568.554949244999,-0.1562828925091732,0.23027764672707773,0.0,0.0,May,1,1,1,3,Returning_Visitor,1,0
1,5.0,0,-437.18692866301166,7,1252.766667,0.025,0.021428571,0.0,0.0,Sep,1,2,7,4,Returning_Visitor,0,0
0,772.2178170503103,0,0.0,10,203.0,0.0,0.026666667,0.0,0.0,Mar,3,2,2,3,Returning_Visitor,0,0
0,0.0,0,0.0,14,-5217.555346693732,0.0,0.021428571,0.0,0.0,Nov,3,2,1,11,New_Visitor,1,0
0,-574.5544011338878,0,0.0,4,58.5,0.0,0.066666667,0.0,0.0,Dec,3,2,8,13,Returning_Visitor,0,0
0,672.5410236967464,0,0.0,21,6987.153848972776,-0.17160219407876934,0.030952381,0.0,0.0,Mar,2,6,1,3,Returning_Visitor,0,0
2,58.4,0,527.8550967348597,54,3708.392857,0.002631579,0.020467836,11.7031641,0.0,Sep,4,2,9,13,Returning_Visitor,0,1
0,785.2141659547243,0,0.0,34,4190.75,0.17762332840199035,-0.13708446094768242,0.0,0.0,May,2,2,8,6,Returning_Visitor,0,0
1,620.3051253277478,0,0.0,188,8.0,0.0,0.066666667,0.0,0.0,Mar,2,2,8,6,New_Visitor,0,0
2,47.66666667,0,0.0,5,7334.849187969035,0.0,0.014285714,0.0,0.0,Mar,1,1,8,2,New_Visitor,0,0
2,21.0,0,0.0,9,-5368.351280036744,0.0,0.006060606,0.0,0.0,Oct,2,2,3,2,New_Visitor,0,0
1,626.7924745111633,25,0.0,29,432.0222222,0.0,0.006896552,0.0,0.0,Nov,1,1,1,3,New_Visitor,0,0
0,0.0,0,0.0,4,0.0,0.2,0.2,0.0,0.0,Jul,3,2,1,13,Returning_Visitor,0,0
-8,130.5,25,-455.2029862736761,6,165.5,0.20625654272094301,0.033333333,0.0,0.0,May,3,2,1,4,Returning_Visitor,0,0
3,208.0,0,0.0,16,6955.849499575394,0.020833333,0.028125,71.09923057808116,0.0,Nov,1,1,1,8,Returning_Visitor,1,0
0,0.0,25,0.0,15,-6191.440965437423,0.019047619,0.042857143,0.0,0.0,Mar,1,1,3,1,Returning_Visitor,0,0
1,19.0,25,0.0,4,51.5,0.05,-0.11273074489943086,70.21291875743077,0.0,Nov,3,2,6,13,Returning_Visitor,0,0
6,27.0,1,0.0,141,6481.483333,0.0,0.019984285,1.257438906,0.0,Nov,2,2,1,2,Returning_Visitor,0,0
15,0.0,1,16.0,8,308.0,0.0,0.025,73.87966025659584,0.0,May,2,4,1,2,Returning_Visitor,0,1
0,0.0,0,0.0,-127,504.0,0.0,0.1,0.0,0.0,May,1,1,3,3,Returning_Visitor,0,0
0,0.0,0,0.0,4,34.2,0.05,0.1,0.0,0.0,Oct,2,2,1,5,Returning_Visitor,0,0
4,-627.6269636644703,0,558.7246832008369,110,4096.712716,-0.16874083138306928,-0.11219998419570654,0.0,0.6673596211377715,Nov,1,2,6,2,Returning_Visitor,0,0
0,0.0,25,0.0,4,137.0,0.15,0.15,77.06652347763185,0.2,May,3,3,2,11,Returning_Visitor,0,0
8,206.0,0,555.3351532715561,8,107.0,0.19171355233528556,0.02,-56.091247416085196,0.0,May,1,1,6,1,Returning_Visitor,0,0
8,77.0,0,0.0,36,2670.869444,0.0,0.018461538,13.99676923,0.0,May,2,5,7,2,Returning_Visitor,0,0
0,-505.3167385857303,1,527.3099169361183,24,1689.134524,0.0,0.008,0.0,0.0,Nov,2,2,9,2,Returning_Visitor,0,0
-10,431.0,0,0.0,6,619.0,0.0,0.025,0.0,0.0,May,1,8,2,11,Returning_Visitor,0,0
-9,0.0,0,0.0,49,579.5833333,0.0,0.00625,0.0,-0.6948861733917757,May,2,2,3,1,Returning_Visitor,0,0
2,50.5,0,-494.736663838898,14,689.3833333,0.0,0.013333333,100.7776,0.0,May,2,2,3,2,Returning_Visitor,0,1
0,653.884045492551,0,0.0,2,-4617.518975398323,0.0,0.1,-65.61842900721668,0.0,Nov,3,2,3,3,Returning_Visitor,0,0
0,0.0,25,0.0,20,597.25,0.0,0.02,0.0,0.0,Dec,2,2,1,13,Returning_Visitor,0,0
14,0.0,0,0.0,26,338.2333333,0.024871795,0.078269231,66.30790954427171,0.0,May,2,2,2,2,Returning_Visitor,1,0
1,8.0,0,586.657408432342,29,826.85,0.007142857,0.029591837,10.98707143,0.0,May,1,1,3,4,Returning_Visitor,0,1
2,115.0,5,151.6666667,21,2080.75,-0.14500142400889524,0.045192308,20.37964966,0.0,May,1,1,1,2,Returning_Visitor,0,0
8,574.55,0,0.0,181,7628.883270899631,0.031578947,0.029645043,0.0,0.0,Oct,3,2,4,2,Returning_Visitor,0,0
0,0.0,0,0.0,20,606.0,0.0,0.011111111,0.0,0.0,Mar,2,2,6,1,Returning_Visitor,0,0
1,21.0,25,61.0,49,1647.152381,-0.1277411273755917,-0.11874343649284727,144.3934888,0.0,Mar,2,2,7,2,Returning_Visitor,1,1
0,0.0,1,37.2,37,7675.488354374985,0.005555556,0.015,0.0,0.0,Nov,2,2,2,2,Returning_Visitor,0,0
3,142.2,0,0.0,24,755.0,0.0,0.007407407,64.83095839927195,0.0,Oct,2,5,7,2,New_Visitor,1,0
0,-489.0232866547629,25,0.0,8,56.33333333,0.0,0.0125,0.0,0.6975566870102993,May,2,2,1,4,Returning_Visitor,1,0
0,-556.6749811866083,0,0.0,4,64.0,0.0,0.05,0.0,0.4,May,2,5,3,1,Returning_Visitor,0,0
1,19.0,0,0.0,16,278.9142857,0.18553877110040928,-0.1382804332639551,0.0,0.0,May,1,8,1,4,Returning_Visitor,1,0
3,11.33333333,0,524.4610227545834,20,-4727.560344378945,0.0,0.002380952,-56.35031422862721,0.0,Mar,2,2,1,1,Returning_Visitor,0,0
0,0.0,0,0.0,166,8699.007078717272,0.025,0.045833333,0.0,0.0,Mar,3,2,7,3,Returning_Visitor,1,0
12,-530.0308561163155,0,0.0,30,-5002.326966119445,0.019354839,0.041935484,0.0,0.0,Aug,2,2,5,1,Returning_Visitor,0,0
4,-586.8325213222201,0,0.0,3,52.26666667,0.19044617541101483,0.021212121,0.0,0.0,Oct,3,2,1,5,Returning_Visitor,0,0
-8,-617.384087356269,0,0.0,1,0.0,0.2,0.2,65.33266991643004,0.0,May,2,2,1,3,Returning_Visitor,0,0
1,10.0,0,0.0,82,706.2996032,0.0,0.002439024,0.0,1.0,May,2,2,4,2,Returning_Visitor,1,0
0,0.0,0,0.0,4,124.5,0.05,0.07,0.0,0.6,May,2,2,6,3,Returning_Visitor,0,0
3,92.83333333,0,0.0,24,-5942.247613295917,0.002666667,0.015333333,17.84230699,0.0,Mar,1,1,1,2,Returning_Visitor,0,1
13,52.5,0,0.0,162,3608.432937,0.001242236,0.004347826,54.0486956,0.0,Nov,2,2,7,2,New_Visitor,0,1
0,0.0,25,0.0,-128,1833.0,0.0,0.05,0.0,0.7370129279176538,Mar,2,5,2,10,Returning_Visitor,1,0
8,279.28,0,0.0,17,835.4180952,0.0,0.2091818022277806,-54.55518037121535,0.7976210203711996,Aug,3,2,3,2,New_Visitor,0,1
11,210.8555556,0,0.0,192,4107.119658,0.006369427,0.013305319,0.513385987,0.6,May,1,1,3,1,Returning_Visitor,0,0
10,714.5790793275323,2,246.0,51,2697.487879,0.004310345,0.017471264,3.099,0.668377641238497,May,2,2,2,19,Returning_Visitor,0,0
7,75.84615385,4,246.3333333,16,672.8794872,0.021428571,0.029027611,0.0,0.0,May,1,1,1,3,Returning_Visitor,0,0
0,0.0,2,232.7333333,23,1669.024978,0.0,0.016333333,65.62325939218167,0.0,June,3,2,4,2,Returning_Visitor,0,0
2,94.0,0,0.0,25,-4875.654739203819,0.0,0.009615385,0.0,0.0,Mar,2,4,4,1,Returning_Visitor,0,0
2,15.0,25,0.0,7,50.5,-0.16882100298586888,0.028571429,0.0,0.0,Mar,2,2,1,3,Returning_Visitor,0,0
0,765.0837470703829,25,0.0,3,96.0,0.0,0.066666667,-56.10172899472069,0.0,May,1,8,6,11,Returning_Visitor,1,0
12,91.5,0,0.0,36,1266.5,0.038888889,0.052777778,0.0,0.4,May,2,2,1,2,Returning_Visitor,0,0
4,61.5,0,528.4019030469474,40,1115.878205,0.0,0.003216374,0.0,0.0,May,3,2,1,11,New_Visitor,0,0
0,0.0,25,0.0,10,146.9166667,0.06,0.085,0.0,0.0,Nov,3,2,4,13,Returning_Visitor,1,0
0,-566.8141024788629,0,0.0,4,26.0,0.0,0.05,0.0,0.0,Nov,2,5,6,11,Returning_Visitor,1,0
10,382.8333333,25,486.475971476836,72,4163.797619,0.000297619,-0.13532145216289787,12.0921619,0.0,Mar,2,2,6,2,Returning_Visitor,0,1
13,0.0,0,-447.31016492617556,17,1338.8,0.058823529,0.20911628173504626,-61.57156073345364,0.0,Aug,2,2,3,13,Returning_Visitor,0,0
3,145.2,0,0.0,11,1646.366667,0.20642793685474692,0.027777778,0.0,0.0,June,2,2,2,1,Returning_Visitor,0,0
0,0.0,3,191.3333333,57,1315.455182,0.0,0.009501916,0.0,0.0,Nov,3,2,3,2,Returning_Visitor,1,1
0,0.0,0,0.0,68,-5259.553989976055,0.002985075,0.005970149,109.9124051,0.7423554889924469,Mar,2,5,4,2,Returning_Visitor,0,1
1,5.0,25,0.0,37,2235.828084,0.0,0.010810811,50.07598981,0.0,Nov,2,5,7,10,Returning_Visitor,0,1
12,275.5166667,2,288.375,60,1276.594048,0.0,0.00952381,5.45243266,0.0,Nov,4,1,1,2,Returning_Visitor,0,1
0,0.0,0,0.0,10,225.4666667,0.0,0.05,-56.81985628103601,-0.5711971365894393,Feb,1,1,8,3,Returning_Visitor,0,0
9,186.6730769,0,0.0,73,1606.30825,0.010295359,0.019108884,0.0,0.0,Nov,3,2,8,2,Returning_Visitor,1,0
0,0.0,0,0.0,6,8804.689450902519,0.0,0.016666667,0.0,0.0,Nov,3,2,1,6,New_Visitor,1,0
0,0.0,25,0.0,4,0.0,0.2,0.2,0.0,0.0,Aug,2,2,2,4,Returning_Visitor,0,0
12,26.0,0,576.1827656908649,46,1852.75,0.0,0.005797101,68.7516766109917,-0.551824548143651,Mar,2,2,2,3,Returning_Visitor,0,0
5,734.2515992820273,0,0.0,29,730.35,0.006060606,0.026262626,32.91300914,0.0,Nov,4,1,8,1,Returning_Visitor,0,1
0,0.0,0,0.0,5,200.9333333,0.0,0.08,79.76691758160746,0.0,Dec,3,2,1,6,Returning_Visitor,0,0
16,244.2666667,1,0.0,101,8355.947852499328,0.008408408,0.024055759,3.50497054,0.0,Dec,3,2,2,10,Returning_Visitor,0,0
3,33.46666667,25,0.0,113,1576.252222,0.21535139722895588,0.20030031361570408,40.08238165,0.0,June,2,2,7,3,Returning_Visitor,0,0
0,0.0,25,0.0,3,14.0,0.155555556,0.155555556,0.0,0.0,May,1,1,4,4,Returning_Visitor,1,0
0,0.0,25,0.0,180,275.5,0.004444444,0.031111111,0.0,0.0,Nov,2,2,3,2,Returning_Visitor,0,0
13,319.0,1,21.5,33,1829.183333,0.0,0.017619048,-50.88892700445786,0.6,May,2,4,7,2,Returning_Visitor,0,1
4,42.2,25,0.0,-121,2260.838889,0.004040404,0.007070707,32.9346011,0.0,Nov,2,4,1,3,New_Visitor,0,1
4,118.4545455,0,-449.261163372068,112,7968.903361,0.003093259,0.036793698,0.0,0.8,May,2,2,1,1,Returning_Visitor,0,0
0,0.0,0,0.0,16,1558.25,0.0,0.013244048,0.0,0.0,Nov,3,2,3,2,New_Visitor,1,0
4,64.5,0,0.0,-127,852.3333333,0.013793103,0.02454844,-65.47214051546065,-0.5769162883993536,May,2,2,1,7,Returning_Visitor,1,0
4,181.5,0,0.0,34,2265.571429,0.0,0.018018018,28.11367347,0.0,Nov,4,1,3,1,Returning_Visitor,1,1
18,257.5625,3,70.25,247,10415.32566,0.011229304,0.029681426,0.0,0.0,Nov,2,2,6,1,Returning_Visitor,0,0
0,0.0,0,0.0,3,161.0,0.0,0.22440494301283762,0.0,0.0,Mar,2,2,1,1,Returning_Visitor,0,0
1,713.4514170488894,0,0.0,35,1267.0625,0.005555556,0.021296296,-53.211549417929525,0.0,Dec,2,2,3,10,Returning_Visitor,1,0
7,139.575,0,0.0,30,986.5,0.0,0.011428571,36.39286104,0.0,Dec,2,10,1,2,New_Visitor,0,1
12,316.55,3,221.0,67,1564.444444,0.002631579,-0.11524142833374879,1.089771303,0.0,May,2,2,4,3,Returning_Visitor,0,0
0,0.0,0,0.0,11,-5431.556659376266,0.018181818,0.22271718546351443,0.0,0.7259127467187608,Feb,2,2,3,1,Returning_Visitor,0,0
1,18.0,25,0.0,-114,765.3928571,0.0,-0.11224703400475611,0.0,0.0,Nov,2,2,8,3,New_Visitor,0,0
9,559.1666667,0,0.0,126,4558.372222,0.0,0.00620155,0.0,0.0,Nov,2,2,3,2,Returning_Visitor,0,0
8,171.75,0,501.5763671945032,32,486.6666667,0.0,0.005555556,0.0,0.0,Dec,4,2,1,2,New_Visitor,0,0
1,14.0,0,0.0,11,239.5833333,-0.12408873715407652,0.016666667,0.0,0.0,Nov,2,2,6,1,Returning_Visitor,1,0
2,624.7847076767844,25,-411.05740790567035,7,-6429.3262809673,0.0,0.022222222,0.0,0.0,May,1,1,8,4,Returning_Visitor,0,0
-10,36.2,0,0.0,2,7157.440743720027,0.0,0.04,27.79373861,0.0,Oct,2,2,6,2,New_Visitor,1,0
6,100.5,0,0.0,10,-4825.43324735684,0.0,0.002197802,73.37986936288611,0.0,Dec,8,13,9,20,Other,0,0
-7,83.0,0,0.0,15,630.0,0.0,0.003333333,42.23025869,0.0,Dec,4,1,3,1,Returning_Visitor,1,1
0,0.0,0,0.0,6,7059.484557742984,0.0,0.016666667,0.0,0.0,May,2,4,3,3,Returning_Visitor,0,0
0,0.0,0,0.0,14,404.3392857,0.0,0.033333333,0.0,0.0,Dec,1,8,3,20,Returning_Visitor,1,0
15,0.0,0,0.0,11,303.5,0.0,0.012121212,0.0,0.0,Nov,3,2,1,2,Returning_Visitor,0,0
0,0.0,25,0.0,4,57.0,0.05,0.075,0.0,0.0,Nov,1,1,1,8,New_Visitor,0,0
0,0.0,2,75.5,109,4008.578283,0.003003003,0.01899841,73.78546261777595,0.6877586782535045,Nov,2,2,1,2,Returning_Visitor,0,1
12,97.61111111,0,0.0,24,-5738.521714356563,0.038461538,0.058577534,0.0,0.0,Mar,2,4,3,1,Returning_Visitor,0,0
0,0.0,0,0.0,167,171.5,0.0,0.022222222,0.0,0.0,Nov,2,2,2,13,Returning_Visitor,0,0
7,54.63636364,1,75.0,67,1336.554221,-0.1480877469360535,0.027327327,-63.234310344563966,0.77424551469245,May,2,2,7,4,Returning_Visitor,0,0
2,21.0,0,0.0,34,2600.258333,0.011111111,0.037464387,9.938399233,0.0,Mar,1,1,1,3,Returning_Visitor,0,0
3,50.37333333,4,63.1,91,7714.597877459372,0.057801418,0.072399527,0.0,0.0,Sep,3,2,6,13,Returning_Visitor,0,0
3,53.5,0,0.0,82,3801.680397,-0.1495090290729209,0.03015873,0.906375967,0.0,Sep,2,2,1,4,Returning_Visitor,0,0
9,249.5,0,0.0,66,2506.333333,0.015277778,0.041369048,13.99708333,0.0,May,2,2,6,6,Returning_Visitor,0,1
1,17.2,0,0.0,11,394.8,0.0,0.027272727,0.0,0.0,Nov,2,2,4,13,Returning_Visitor,0,0
0,0.0,1,0.0,9,215.0,0.044444444,0.074074074,0.0,0.8,Feb,4,1,1,3,Returning_Visitor,0,0
1,174.0,0,562.0809822416927,9,7696.382855682382,0.013333333,0.073333333,0.0,0.0,May,1,1,3,4,Returning_Visitor,0,0
2,66.4,25,41.2,177,4031.561667,0.002857143,0.010238095,0.0,0.0,Nov,2,2,9,13,Returning_Visitor,0,0
2,29.5,0,0.0,36,1110.666667,-0.15995402600152234,0.035585586,0.0,0.0,Dec,2,4,9,2,Returning_Visitor,1,0
14,0.0,0,549.9325102884615,10,123.0,0.0,0.02,0.0,0.0,May,2,2,3,3,Returning_Visitor,0,0
3,45.0,0,0.0,10,8060.5839261939855,0.0,0.022222222,0.0,0.0,May,1,1,2,5,New_Visitor,0,0
19,760.4755101678514,4,116.0,64,8664.444103679167,0.002531646,0.016289934,4.642,0.0,Mar,2,2,2,2,Returning_Visitor,0,1
0,0.0,1,0.0,7,1646.2,0.025,0.075,0.0,0.0,June,2,2,1,2,Returning_Visitor,0,0
0,0.0,25,0.0,-103,513.25,0.0,0.013333333,-59.47899627838222,0.0,Nov,3,2,7,6,Returning_Visitor,0,0
15,0.0,0,0.0,10,236.0,0.0,0.026666667,0.0,-0.5927883021556706,Mar,2,2,1,1,Returning_Visitor,0,0
5,1321.25,0,0.0,7,54.5,0.0,0.04,0.0,0.7151403236836258,May,3,2,2,2,Returning_Visitor,0,0
8,190.25,1,23.0,19,1323.25,0.18243388248100484,0.021816239,21.318,0.0,May,6,2,4,2,Returning_Visitor,1,1
15,11.0,0,-505.5941053054721,59,779.2628571,0.0,-0.12640842502502317,-58.227124075155146,0.0,Aug,4,1,1,4,Returning_Visitor,0,0
0,-500.1128551869891,25,0.0,258,3637.985674,0.00078125,0.008679315,0.0,0.0,June,2,2,3,3,Returning_Visitor,0,0
0,0.0,0,0.0,13,193.5,0.085714286,0.097619048,0.0,0.8,May,3,2,3,13,Returning_Visitor,0,0
5,60.8,0,518.3452920743949,3,20.6,0.0,0.033333333,0.0,0.0,Aug,2,5,5,2,New_Visitor,1,0
0,637.8127874397153,0,0.0,122,8129.777788812873,0.018032787,0.033333333,0.0,1.0,May,2,6,1,6,Returning_Visitor,1,0
9,210.625,3,143.5,167,8249.106771,0.006940472,0.021347061,71.79227544354525,0.0,Nov,1,1,1,10,Returning_Visitor,0,1
1,699.1780461881091,1,49.5,11,1464.0,0.0,0.020512821,32.946,0.2,May,2,2,4,4,Returning_Visitor,0,1
3,29.0,25,0.0,2,11.0,0.075,0.075,0.0,0.0,Dec,1,1,4,8,Returning_Visitor,0,0
7,68.4,25,0.0,145,5175.377371,0.002666667,0.008978355,2.042762326,0.0,Aug,2,2,1,1,Returning_Visitor,0,1
14,159.8958333,0,0.0,121,3648.5625,0.001927438,-0.14176890687591287,3.322866215,0.0,Nov,2,2,5,7,Returning_Visitor,0,0
1,14.0,1,0.0,14,710.25,0.0,0.017777778,0.0,0.0,Mar,2,2,1,1,Returning_Visitor,0,0
1,28.0,0,0.0,8,290.0,0.0,0.01,0.0,0.0,Mar,2,2,1,2,Returning_Visitor,0,0
2,196.6,0,528.9762124261046,0,0.0,0.1987511619749143,0.033333333,-65.25001534877198,0.0,Nov,3,2,9,5,New_Visitor,1,0
10,164.0666667,0,0.0,37,1553.52381,0.005128205,0.01025641,0.0,0.0,Sep,2,2,1,2,Returning_Visitor,0,0
13,0.0,0,0.0,9,120.0,0.022222222,0.066666667,0.0,0.0,May,1,1,1,4,Returning_Visitor,0,0
-9,167.1666667,6,348.0,172,4086.144897,0.000555556,0.009603919,1.418440397,0.6720853079000602,May,2,7,7,3,Returning_Visitor,0,0
1,5.0,0,0.0,7,228.0,0.0,0.028571429,0.0,0.0,May,1,1,3,3,Returning_Visitor,0,0
0,0.0,0,571.3229153610641,3,8768.615948305072,0.20680309301489766,-0.1184470585667747,0.0,0.0,June,2,2,1,4,Returning_Visitor,0,0
0,0.0,0,0.0,-105,1420.25,0.00625,0.027083333,0.0,0.0,Mar,4,2,1,1,Returning_Visitor,0,0
0,0.0,1,14.0,34,7439.076922025371,0.19743520260145733,0.078938839,0.0,0.6,May,1,1,1,4,Returning_Visitor,0,0
0,0.0,2,11.0,1,0.0,0.066666667,0.133333333,0.0,0.0,Nov,1,1,1,2,Returning_Visitor,0,0
-7,0.0,3,50.5,6,238.55,0.0,0.018518519,0.0,0.0,Nov,3,2,1,2,Returning_Visitor,0,0
10,161.7083333,25,0.0,-127,2645.833333,0.004511278,0.01597088,2.776907268,0.6,May,3,2,2,3,Returning_Visitor,0,0
2,12.6,0,0.0,7,62.8,0.21749787394013226,0.022222222,73.38400844249001,0.0,June,1,1,4,4,Returning_Visitor,0,0
14,88.19047619,5,218.65,168,4316.262171,0.003575419,0.018670927,11.71746761,0.0,Jul,2,2,3,1,Returning_Visitor,0,0
-8,0.0,0,0.0,15,575.6666667,0.043333333,0.044444444,0.0,0.0,May,2,2,2,2,Returning_Visitor,0,0
-7,36.0,1,530.0884664507142,98,7712.375,0.0,0.012431818,15.3498858,0.0,Dec,2,10,4,2,Returning_Visitor,0,0
2,64.0,0,0.0,19,371.2272727,0.001666667,0.029166667,0.0,0.0,Mar,2,4,9,10,Returning_Visitor,0,0
4,124.0,0,476.2363217968948,-109,165.0,0.0,0.033333333,0.0,0.8192504637251935,May,2,6,4,1,Returning_Visitor,0,0
4,47.83333333,0,0.0,69,2499.990079,0.0,0.007608395,-64.03000096739669,0.0,Nov,2,2,8,2,New_Visitor,0,0
0,0.0,0,0.0,-123,7490.404065146534,0.0,0.1,0.0,0.0,Dec,2,2,8,1,Returning_Visitor,0,0
0,0.0,0,0.0,20,1116.473333,0.033,0.027954545,0.0,0.0,Oct,3,2,6,1,Returning_Visitor,0,0
6,112.5,0,-488.827180984769,86,2041.23355,0.000387597,0.00786268,5.911452178,0.0,Nov,2,4,1,2,Returning_Visitor,0,1
0,0.0,25,6.0,65,2349.101818,0.2110622084491784,0.046505418,0.0,0.0,Jul,2,2,2,3,Returning_Visitor,0,0
1,24.0,0,0.0,15,496.75,0.0,0.00625,115.48625,0.0,May,2,2,3,2,Returning_Visitor,0,1
5,626.0,1,66.0,77,2660.15,0.0,0.008227848,41.92518987,0.0,May,1,1,3,2,Returning_Visitor,0,0
4,54.93333333,0,0.0,35,1126.666667,0.0,0.005952381,28.32886648,-0.6824184776968514,Jul,2,2,7,2,Returning_Visitor,0,0
0,0.0,0,0.0,1,8734.782563850618,-0.15646304772854705,0.2,0.0,0.0,Nov,2,6,1,2,Returning_Visitor,0,0
0,0.0,0,0.0,23,-5546.029723939751,0.0,0.017391304,0.0,0.0,Mar,2,4,7,2,Returning_Visitor,0,0
1,45.4,0,-473.6772720552249,60,2580.634935,0.0,0.009442743,0.0,0.0,Oct,1,1,1,2,Returning_Visitor,0,0
0,-546.3695864060836,0,0.0,1,0.0,0.2,0.2,0.0,0.0,Mar,2,5,1,1,Returning_Visitor,0,0
0,0.0,0,574.9267312301785,3,0.0,0.2,0.2,0.0,0.8,May,3,2,1,3,Returning_Visitor,0,0
10,42.1,25,0.0,-129,7893.129872516426,0.009090909,-0.13426598602248274,0.0,0.0,Aug,1,1,1,2,Returning_Visitor,0,0
12,153.2,1,24.2,22,615.0666667,0.008,0.036,0.0,0.0,Oct,2,2,1,1,Returning_Visitor,0,0
2,115.2,0,573.17334600347,7,211.1,0.0,0.0,0.0,0.0,Jul,2,2,2,2,New_Visitor,1,0
5,400.0,0,0.0,-125,991.5,0.0,0.2164255503059125,22.13419743,0.0,Dec,2,2,3,2,Returning_Visitor,0,1
8,217.0,2,281.5,5,236.1666667,-0.14060494925327605,0.014285714,-51.391991186478634,0.0,May,2,2,3,2,Returning_Visitor,0,0
1,4.0,0,0.0,11,724.0,0.0,0.036363636,0.0,0.0,Nov,2,2,1,1,Returning_Visitor,0,0
2,56.5,25,0.0,12,544.8333333,0.0,0.007142857,31.38886179,0.0,Dec,1,2,1,2,Other,1,0
0,0.0,0,0.0,6,270.2142857,0.0,-0.14120374097522528,0.0,0.0,May,3,2,9,2,Returning_Visitor,0,0
0,0.0,0,0.0,1,0.0,0.2,0.2,0.0,0.0,May,1,1,4,3,Returning_Visitor,0,0
1,54.0,0,494.3430421057061,23,7591.789717257901,0.18067051649521187,0.012318841,0.0,0.0,Dec,2,2,5,10,Returning_Visitor,0,0
1,706.6900565280289,1,38.0,46,1060.451515,0.004444444,0.01558385,0.0,0.0,May,2,2,1,2,Returning_Visitor,1,0
2,26.0,3,140.8333333,65,5478.530087,0.00952381,0.038958835,8.08875,0.0,May,2,2,3,6,Returning_Visitor,0,0
2,8.0,0,0.0,11,543.5,-0.1685760409781978,0.038461538,0.0,0.0,Mar,2,2,3,13,Returning_Visitor,0,0
0,0.0,0,0.0,10,447.1333333,0.0,0.018181818,17.29676376,0.0,Oct,2,2,5,2,New_Visitor,1,1
-9,20.0,0,-503.78207587827006,30,7798.3298018977775,0.006666667,0.026666667,0.0,0.0,Nov,3,2,1,2,Returning_Visitor,0,0
0,0.0,0,-456.0027139636752,5,7891.005786567478,0.0,0.013333333,61.728638137469346,0.0,Jul,1,1,4,4,Returning_Visitor,0,0
4,76.8,0,0.0,59,8823.492988986947,0.010055755,0.022337803,0.0,0.0,Jul,2,6,2,7,Returning_Visitor,0,0
1,0.0,0,-476.8991319220934,29,1085.9,0.0,0.007407407,30.54596337,0.0,Nov,2,2,1,4,New_Visitor,0,1
3,43.5,25,0.0,30,2264.333333,-0.15983938594553038,0.010416667,0.0,0.0,Mar,2,2,1,3,Returning_Visitor,1,0
0,0.0,0,0.0,37,7319.860175831414,0.005555556,0.032271242,71.11463353434202,0.0,Mar,2,4,3,2,Returning_Visitor,1,1
0,753.3670498199709,0,-479.0578641744221,34,606.7857143,0.017647059,0.040441176,0.0,0.4,May,1,1,1,3,Returning_Visitor,0,0
5,85.16666667,4,365.9666667,-129,538.72,0.18075953099697445,0.029699248,0.0,0.0,Oct,4,1,3,1,Returning_Visitor,0,0
0,730.929045421846,1,56.0,8,497.3333333,0.03,0.06,0.0,0.4,May,3,2,3,3,Returning_Visitor,0,0
0,0.0,0,0.0,1,0.0,0.2,0.2,0.0,0.4,May,1,8,7,4,Returning_Visitor,0,0
14,537.5,25,0.0,12,748.9583333,0.0125,0.20637859354734128,0.0,-0.6940037932462055,Dec,2,5,7,2,Returning_Visitor,0,0
6,53.0,25,-398.55078410054915,188,778.8333333,0.0,0.009469697,-65.50362403580695,0.0,Aug,1,1,1,4,New_Visitor,1,0
5,-519.7543681275492,1,21.2,179,8233.225572561754,0.0,0.009068627,0.0,0.0,Aug,2,2,2,2,Returning_Visitor,0,0
9,659.4323119465762,0,0.0,534,18504.12621,0.010856514,0.023309001,2.54795624,0.0,Nov,2,2,3,2,Returning_Visitor,1,1
1,72.6,0,0.0,44,8782.729777970348,0.0,0.0,0.0,0.0,Nov,1,1,4,5,New_Visitor,0,0
0,0.0,25,554.1167374491325,96,2857.712454,0.002393617,0.019742908,-55.75378682570822,0.0,Nov,3,2,1,6,Returning_Visitor,1,0
1,65.4,25,0.0,55,1033.65,0.017857143,0.024404762,0.0,0.0,Oct,3,2,1,1,Returning_Visitor,0,0
1,-513.6272284116416,0,0.0,13,2123.5,0.015384615,0.030769231,42.74590431,0.7219926537895869,Nov,2,2,1,3,Returning_Visitor,0,1
0,0.0,25,117.0,8,8274.441105410828,0.025,0.0375,0.0,0.0,Dec,2,2,8,2,Returning_Visitor,0,0
15,0.0,0,0.0,184,507.3333333,0.0,0.018181818,0.0,0.0,May,2,4,1,3,Returning_Visitor,0,0
11,189.4833333,1,303.2,91,4864.147143,0.0,0.002380952,0.0,0.0,Oct,2,2,1,2,New_Visitor,1,0
1,47.16666667,1,3.0,183,1462.659125,0.004651163,0.019047619,-61.13440578138997,0.0,May,2,2,6,4,Returning_Visitor,0,1
5,68.0,2,9.0,32,1195.583333,0.01981982,0.036486486,32.0201901,0.0,Nov,2,5,3,2,Returning_Visitor,0,1
0,-478.9980184937583,25,0.0,47,8791.015072165234,0.007407407,0.023703704,0.0,0.0,Nov,3,2,1,3,Returning_Visitor,0,0
0,0.0,0,0.0,3,-5931.176760688284,0.0,0.066666667,0.0,1.0,May,3,2,1,20,Returning_Visitor,1,0
0,-532.102940705641,25,-426.2676875395881,12,70.0,0.15,0.166666667,0.0,0.4,May,1,1,3,3,Returning_Visitor,0,0
1,47.5,0,0.0,15,1330.3,0.0,0.005128205,0.0,0.0,Mar,2,4,2,10,Returning_Visitor,0,0
1,33.0,1,-466.00651746676596,18,630.871912,0.0,0.000292398,64.7754915310165,0.0,May,1,1,3,3,New_Visitor,0,0
0,0.0,0,0.0,17,-4914.988019409903,0.015686275,0.042666157,0.0,0.7310226086788552,Nov,3,2,1,6,Returning_Visitor,1,0
14,0.0,0,0.0,16,2156.0,0.01875,0.035416667,0.0,0.0,Mar,2,2,3,1,Returning_Visitor,0,0
14,0.0,0,-499.9786784285666,1,0.0,0.18501436534496046,0.2,0.0,0.0,Mar,2,2,1,1,Returning_Visitor,0,0
0,0.0,0,0.0,3,70.0,0.0,0.066666667,0.0,0.0,Nov,1,1,2,2,New_Visitor,1,0
-9,0.0,0,0.0,8,332.0,-0.14057058376770704,0.028571429,0.0,0.0,Mar,3,2,1,8,New_Visitor,1,0
0,0.0,0,0.0,7,666.0,-0.16553952880449468,0.014285714,0.0,0.0,Feb,1,1,6,2,Returning_Visitor,0,0
2,37.5,0,-444.7201923400386,70,6384.366987,0.016666667,0.027790836,0.0,0.0,Nov,1,1,3,8,Returning_Visitor,0,1
1,250.5,25,0.0,1,0.0,0.0,0.1,78.38354455158374,0.0,Nov,2,2,9,13,Returning_Visitor,0,0
13,-605.7106923146972,5,271.25,182,5402.78526,0.000968661,0.2160472985081317,16.27511574,0.0,Dec,3,2,1,2,Returning_Visitor,0,0
4,379.5,25,0.0,188,8618.031872,0.003454411,0.019765654,0.0,-0.657406958178401,Nov,2,2,1,2,Returning_Visitor,0,0
0,0.0,0,0.0,177,-5036.9523680642815,-0.17090600036144077,0.133333333,0.0,0.8120361616115429,Nov,1,1,1,1,Returning_Visitor,0,0
2,36.0,0,0.0,47,2102.581502,0.004166667,0.010416667,14.63957834,0.0,Mar,1,1,2,1,Returning_Visitor,0,0
0,0.0,0,462.42863835640895,1,7985.3945954532755,0.2,0.2,0.0,0.0,Mar,2,4,1,1,Returning_Visitor,0,0
0,0.0,2,174.0,105,5254.158333,0.001869159,0.017589264,0.0,0.0,Nov,2,2,3,2,Returning_Visitor,0,0
12,0.0,0,560.3310101490598,-137,597.625,0.007692308,0.034615385,0.0,0.0,Nov,3,2,1,8,Returning_Visitor,0,1
12,40.5,0,0.0,89,1938.996646,0.003863636,0.01808048,0.0,0.0,Dec,1,1,1,3,Returning_Visitor,0,0
2,40.9,0,0.0,9,437.4,0.018181818,0.22324315959224966,0.0,0.0,Jul,3,2,1,5,Returning_Visitor,1,0
2,102.0,0,0.0,4,268.0,0.0,0.013333333,0.0,0.0,Mar,2,2,1,3,Returning_Visitor,1,0
0,0.0,0,0.0,24,676.1666667,0.0,0.213782989402512,2.705833333,0.7042485484946968,May,2,2,6,4,Returning_Visitor,1,1
1,42.5,1,12.83333333,104,4054.755952,0.003883495,0.010097087,141.4590538,0.0,Nov,2,2,1,2,Returning_Visitor,0,1
0,0.0,2,386.0,163,-4729.2769179423585,0.0,0.009323308,12.50325678,0.0,Nov,2,2,3,3,Returning_Visitor,0,1
5,175.2307692,0,0.0,20,7262.596402407961,0.004347826,0.20478160900665923,0.0,0.0,Mar,4,2,8,1,Returning_Visitor,0,0
5,157.5,0,0.0,15,138.75,0.0125,0.025,0.0,0.0,Nov,1,1,1,2,New_Visitor,0,0
-8,-492.08662867019,1,335.0,33,3583.166667,0.02,0.045170068,11.15734286,0.0,May,2,2,3,11,Returning_Visitor,1,0
1,0.0,2,211.25,144,4627.489571,0.001360544,0.19834467575961928,0.0,0.0,Nov,2,2,1,2,Returning_Visitor,0,1
0,0.0,0,0.0,11,650.1666667,0.036363636,0.060606061,0.0,0.0,Oct,1,1,6,1,Returning_Visitor,0,0
3,60.0,0,0.0,-116,2339.805556,0.012121212,0.034848485,0.0,0.7429775303927312,Nov,2,2,1,2,Returning_Visitor,0,0
0,0.0,0,0.0,1,8001.828438805352,0.2,0.2,-54.252724954324606,0.6,Feb,2,2,5,1,Returning_Visitor,0,0
12,268.4166667,0,0.0,41,1124.875,0.0,0.011904762,0.0,0.0,Nov,2,2,9,2,Returning_Visitor,0,1
2,59.83333333,0,0.0,70,2509.25,0.0,0.006428571,11.28411429,0.0,May,2,2,3,1,Returning_Visitor,0,1
0,0.0,25,36.0,23,660.4047619,0.016,0.025,30.3236,0.6,May,1,1,1,4,Returning_Visitor,0,1
10,303.9279762,0,-447.7237951004768,82,1853.286538,0.0,0.015957265,11.01940759,0.0,Dec,2,2,3,2,Returning_Visitor,0,0
0,0.0,0,0.0,5,41.0,0.04,0.08,0.0,-0.6302712532579244,Dec,2,5,1,1,Returning_Visitor,0,0
0,0.0,0,0.0,-140,38.0,0.0,0.042857143,68.82241263815567,0.0,Mar,2,2,3,1,Returning_Visitor,0,0
1,51.5,0,0.0,169,8207.671097100956,0.007407407,0.20156945138184706,0.0,0.0,Nov,3,2,1,13,Returning_Visitor,0,0
0,0.0,0,0.0,2,0.0,0.2,0.22036833935590774,0.0,-0.6905790963317143,May,3,2,3,3,Returning_Visitor,0,0
11,281.3333333,0,0.0,41,1167.95,0.0,0.011347518,7.907379545,0.0,Nov,1,1,3,2,New_Visitor,1,1
-10,-509.8806706318575,0,0.0,11,350.375,0.018181818,0.011688312,-52.90155844739507,0.0,Nov,3,2,3,2,New_Visitor,0,0
10,130.625,0,0.0,20,-5473.733340593748,0.20869434109201074,0.007222222,0.0,0.0,Nov,4,1,1,3,Returning_Visitor,0,0
0,641.7761041003071,0,0.0,-133,149.0,0.0,0.05,0.0,0.0,Mar,2,2,1,2,Returning_Visitor,0,0
5,47.33333333,25,0.0,65,1267.502814,0.004545455,0.021632395,0.0,0.0,Nov,3,2,1,10,Returning_Visitor,0,0
2,243.0,25,-397.58858773573866,12,1180.5,0.0,0.007692308,0.0,0.0,Mar,1,1,1,9,Returning_Visitor,0,0
0,0.0,0,0.0,1,0.0,0.2,0.2,0.0,-0.5795688419654544,Nov,1,1,3,3,Returning_Visitor,0,0
0,0.0,0,0.0,29,2841.0,0.0,0.024137931,0.0,0.8,May,2,2,7,4,Returning_Visitor,0,0
3,91.83333333,0,0.0,-142,534.0,0.015384615,0.015384615,44.29661538,0.0,May,1,1,1,2,New_Visitor,0,1
0,0.0,25,0.0,1,7845.488177119257,-0.16103779822926306,0.2,0.0,0.0,Nov,8,13,9,20,Other,0,0
1,644.230766609035,0,0.0,17,-6098.65995823351,0.0,0.001388889,0.0,0.0,Oct,2,4,1,3,New_Visitor,0,0
0,0.0,0,-522.7442931873837,46,944.2333333,0.004347826,0.017391304,0.0,-0.7337668741854451,May,2,2,1,3,Returning_Visitor,0,0
11,247.3333333,2,369.0,90,7686.858320409949,0.001030928,0.003917526,13.46406308,0.0,Mar,2,2,3,8,Returning_Visitor,0,1
0,659.1078989736144,0,0.0,168,249.0,0.0,0.066666667,-58.05529740411405,0.0,Mar,2,4,9,3,Returning_Visitor,0,0
-9,0.0,0,0.0,9,165.0,0.0,0.022222222,75.43642076727723,1.0,May,2,2,4,4,Returning_Visitor,1,0
14,9.5,0,0.0,-139,528.9666667,0.007692308,0.037179487,3.296827304,0.0,June,2,2,2,3,Returning_Visitor,0,0
6,214.0,0,0.0,27,830.1041667,0.0,0.021428571,71.1764802119468,0.0,Dec,1,1,2,2,Returning_Visitor,0,0
15,0.0,0,0.0,6,-6171.490744502358,0.05,0.056666667,0.0,0.0,Dec,3,3,1,3,Returning_Visitor,0,0
-7,335.5,1,15.0,4,96.0,0.0,0.025,0.0,0.7003569021492241,Nov,1,1,8,15,Returning_Visitor,0,0
1,-477.5215075356594,0,0.0,12,1192.866667,0.1983216524567682,0.019230769,0.0,0.0,Sep,2,2,1,3,Returning_Visitor,0,0
2,172.0,0,473.5011931274542,61,3374.916667,0.001111111,0.021388889,0.0,0.7969292283608178,May,2,2,2,1,Returning_Visitor,0,0
0,704.6898617653358,0,0.0,38,1185.986275,0.0,0.009501385,0.0,-0.7376305335456649,Nov,1,1,4,3,Returning_Visitor,0,0
0,0.0,0,0.0,5,26.5,0.04,0.12,0.0,0.0,Mar,1,1,3,1,Returning_Visitor,0,0
0,0.0,1,0.0,-99,102.0,0.0,0.1,0.0,0.4,May,2,2,1,2,Returning_Visitor,0,0
0,0.0,0,0.0,10,422.5,0.0,0.02,0.0,0.0,Nov,3,2,5,10,Returning_Visitor,0,0
13,1230.333333,7,286.0833333,68,3147.245589,0.013684211,0.026801619,1.597803468,0.0,Dec,1,1,1,2,Returning_Visitor,0,1
13,-526.213097051285,0,0.0,20,267.5,0.022222222,0.028888889,0.0,0.6,May,2,2,1,13,Returning_Visitor,0,0
0,0.0,25,0.0,3,26.0,0.066666667,0.133333333,0.0,0.0,May,3,3,1,3,Returning_Visitor,0,0
13,0.0,25,590.3378138247596,13,89.0,0.046153846,0.1,0.0,0.0,Mar,2,2,2,1,Returning_Visitor,0,0
10,214.7833333,3,30.2,52,1968.942963,0.004166667,0.023015892,17.75267237,0.0,June,3,3,3,2,Returning_Visitor,1,1
1,-530.7387659794713,0,0.0,179,339.25,0.0,0.026984127,0.0,0.0,Mar,2,2,2,3,Returning_Visitor,0,0
4,38.0,0,0.0,6,107.0,0.006060606,0.042424242,0.0,1.0,May,2,6,2,2,Returning_Visitor,1,0
0,748.4128262665124,0,0.0,5,427.0,0.0,0.04,0.0,-0.7387561403825131,Mar,3,3,3,9,Returning_Visitor,1,0
1,16.0,1,29.0,19,7277.97727501391,0.016,0.024884615,19.3154,0.0,May,3,2,1,2,Returning_Visitor,0,0
-10,241.8541667,1,27.5,202,10014.26935,0.004038462,0.021947073,69.7237800275186,0.0,Nov,2,2,1,2,Returning_Visitor,0,1
2,57.5,0,0.0,10,677.5,0.047619048,0.070138889,70.00088510495326,0.0,May,3,2,2,13,Returning_Visitor,0,0
0,0.0,0,0.0,12,7818.425560916849,0.0,0.025,0.0,0.0,Mar,3,3,2,1,Returning_Visitor,0,0
5,51.5,0,0.0,-112,6.0,0.0,0.033333333,0.0,0.0,Mar,2,5,2,1,Returning_Visitor,0,0
5,766.8333333,0,0.0,37,-6292.265249206285,0.0,0.013846154,49.66307692,-0.5529108445535481,May,4,2,4,2,Returning_Visitor,0,1
0,0.0,25,0.0,10,150.8666667,-0.17051487882867084,0.02,0.0,0.0,Sep,1,1,6,2,Returning_Visitor,0,0
2,52.0,1,17.66666667,18,1262.0,0.0,0.00952381,0.0,0.0,Mar,2,2,1,2,New_Visitor,0,0
8,85.48223443,1,5.5,227,3818.308629,0.007264957,0.018863427,0.154821253,0.0,Oct,2,2,1,13,Returning_Visitor,0,0
4,305.0,25,0.0,16,1090.7,0.0,0.041666667,72.01813633900517,0.0,Nov,2,2,1,2,Returning_Visitor,0,0
3,104.0,0,-443.2173837263128,190,2991.319444,0.005555556,0.026111111,0.0,0.0,Dec,2,2,4,1,Returning_Visitor,0,0
0,0.0,0,0.0,199,631.0857143,0.012903226,0.02078853,0.0,0.0,June,2,2,8,1,Returning_Visitor,0,0
0,0.0,25,0.0,205,-5008.021308289059,0.003225806,0.2280326827204051,0.0,0.0,Nov,2,2,4,1,Returning_Visitor,0,0
0,0.0,0,0.0,-104,0.0,0.2,0.2,0.0,0.7213595095839306,Dec,3,2,7,1,Returning_Visitor,0,0
0,0.0,25,-509.6242116635436,8,123.0,0.0,0.21770303605053754,59.988,0.0,May,2,2,1,2,New_Visitor,0,1
6,507.0,2,36.25,11,431.0,0.0,0.013333333,0.0,0.0,Dec,3,2,2,2,Returning_Visitor,0,0
0,0.0,0,0.0,2,8048.454649905285,0.1,0.15,0.0,0.0,Nov,3,2,3,13,Returning_Visitor,0,0
5,473.1666667,2,195.4,111,-6254.456540757046,0.003571429,0.012351425,0.0,0.0,Aug,3,2,9,5,Returning_Visitor,0,0
5,796.0990952246441,25,15.0,58,2153.71859,0.007526882,0.012156298,3.97647235,0.0,May,3,2,1,2,Returning_Visitor,1,0
0,-519.6363258886781,0,0.0,7,442.1666667,0.0,0.057142857,0.0,0.0,May,4,2,3,3,Returning_Visitor,0,0
-10,0.0,0,0.0,135,7091.697778,0.18369300010080275,0.037964727,0.0,0.0,Sep,2,2,2,3,Returning_Visitor,0,0
0,0.0,0,0.0,23,373.5,0.1892251834488737,0.050793651,0.0,0.0,June,3,2,1,1,Returning_Visitor,0,0
0,0.0,0,0.0,11,431.1666667,0.0,0.004545455,0.0,0.0,Nov,1,1,1,2,Returning_Visitor,0,0
0,-459.8679972457254,0,0.0,23,943.25,0.008695652,0.046376812,0.0,-0.5863456959533828,Nov,1,1,3,3,Returning_Visitor,0,0
15,177.3333333,25,69.6,10,402.6166667,0.0,0.005555556,0.0,0.0,Nov,1,1,3,5,New_Visitor,0,0
2,89.0,25,119.0,41,4270.141667,0.004444444,0.027160494,0.0,0.0,Mar,2,2,4,1,Returning_Visitor,0,0
7,640.2940166215387,1,-438.01502605162176,61,-5156.1389458205,0.0,0.006349206,0.0,0.0,May,2,2,1,3,New_Visitor,0,0
4,68.66666667,0,0.0,14,617.15,0.0,-0.14401180035240585,-60.394811592959115,-0.6762731022927226,Sep,1,1,6,5,New_Visitor,0,1
0,0.0,0,0.0,2,5.0,0.0,0.1,0.0,0.0,Mar,2,2,3,1,Returning_Visitor,0,0
15,0.0,0,0.0,7,-6410.482376762385,0.0,0.033333333,0.0,0.0,Mar,1,1,1,9,New_Visitor,1,0
0,0.0,0,0.0,16,588.3333333,0.028571429,0.2296498576774832,0.0,0.8,May,2,6,1,2,Returning_Visitor,0,0
4,47.0,0,0.0,26,380.1666667,0.0,0.015873016,0.0,-0.5488290348099907,May,4,1,1,1,Returning_Visitor,0,0
-9,0.0,25,490.278095569375,2,149.0,0.0,0.1,0.0,0.0,May,1,1,1,3,Returning_Visitor,0,0
6,144.6666667,0,0.0,-130,123.6666667,-0.1271296421620717,0.013333333,0.0,0.0,Nov,1,1,1,8,New_Visitor,1,0
0,0.0,2,28.75,82,2375.114286,0.007058824,0.031764706,0.0,-0.5951808057053962,Nov,2,2,1,1,Returning_Visitor,1,0
10,299.6031746,2,-475.5360223148941,86,8704.773730550976,0.008333333,0.008587569,2.087782738,0.0,May,3,2,7,5,Returning_Visitor,0,0
0,0.0,0,0.0,8,846.2,0.0,0.025,-65.59929385984896,-0.6097497225619309,Jul,2,2,1,2,Returning_Visitor,0,1
6,100.1,0,0.0,4,60.4,0.0,0.022222222,0.0,0.0,Sep,2,4,7,2,New_Visitor,0,1
2,131.0,2,9.0,14,237.75,0.0,0.022222222,0.0,0.0,Dec,2,10,4,2,New_Visitor,0,0
1,87.0,3,40.0,17,-4837.4763928568445,0.0,0.004761905,-50.889420198888054,0.0,Mar,3,6,1,1,Returning_Visitor,1,0
12,11.92307692,2,-498.8555349432538,80,4099.737392,0.004117063,0.005279668,16.88069613,0.854431745057806,Mar,3,2,1,2,Returning_Visitor,1,1
2,9.0,0,0.0,23,-6283.338747378062,0.016,0.028,17.72722287,0.0,June,2,2,5,2,Returning_Visitor,0,1
1,5.0,3,40.0,79,1594.972222,0.20211952376021905,0.015691057,0.0,0.0,May,2,2,3,2,Returning_Visitor,1,0
12,-518.0896688480508,0,0.0,7,174.0,-0.15408908590770515,0.05,0.0,-0.6854664968369664,Nov,4,2,3,20,Returning_Visitor,0,0
3,45.0,0,0.0,24,506.1666667,0.16988187919360556,0.034,0.0,0.8,May,2,5,2,2,Returning_Visitor,0,0
0,0.0,4,218.25,25,402.0430403,0.007142857,0.02202381,0.0,0.7243644114639584,Nov,1,1,1,10,Returning_Visitor,0,1
-7,0.0,2,199.0,30,661.1388889,0.00625,0.027083333,-57.774830165219186,0.0,Nov,2,2,3,10,Returning_Visitor,0,1
0,0.0,0,0.0,-110,1401.50873,0.0,0.003225806,88.95486906,0.0,Nov,1,1,1,7,Returning_Visitor,0,1
4,103.8,25,0.0,14,314.2933333,0.0,0.2312647249593412,79.44353446,0.0,Jul,2,2,5,2,New_Visitor,0,1
4,32.1,1,75.0,88,3827.753571,0.0,0.007269504,0.255191489,0.0,May,2,2,7,6,Returning_Visitor,0,0
0,0.0,0,0.0,193,86.5,0.076923077,0.087179487,0.0,0.8,May,3,2,6,13,Returning_Visitor,0,0
6,322.35,0,0.0,33,1845.394615,0.0,0.009714286,-57.700262544745996,0.0,Jul,2,2,1,1,Returning_Visitor,0,1
1,5.0,0,596.5038943295239,177,258.6166667,0.0,0.009090909,71.51549956424967,0.0,Dec,2,2,4,3,Returning_Visitor,0,0
9,666.0,0,0.0,199,2061.066667,0.018918919,0.038918919,3.064378378,0.0,May,2,2,1,1,Returning_Visitor,0,0
8,767.3444183583567,3,168.375,142,4777.812554,0.005666252,0.019707705,0.0,0.0,Nov,3,2,1,1,Returning_Visitor,1,0
2,6.0,0,-481.48377162819406,38,876.4766667,0.0,0.014529915,72.23486170911931,0.0,Oct,3,2,1,1,Returning_Visitor,0,1
1,0.0,2,30.26666667,33,835.3,0.005714286,0.028571429,-53.08202268669092,0.0,Oct,2,5,1,1,Returning_Visitor,1,1
0,0.0,0,0.0,19,686.5833333,0.0,0.010526316,0.0,0.0,Dec,1,1,5,2,Returning_Visitor,1,0
13,59.0,0,0.0,3,82.0,0.20816301701817064,0.06,0.0,-0.6609681277993213,May,1,1,6,3,New_Visitor,0,0
14,-627.7452894633152,0,0.0,54,3978.245833,0.003846154,0.024807692,0.0,0.0,Nov,2,2,6,1,Returning_Visitor,1,0
0,-482.9498480896462,0,0.0,11,315.6,0.0,0.018181818,0.0,0.7541433891319909,Mar,1,1,6,3,Returning_Visitor,1,0
12,178.65,25,0.0,203,999.0133333,-0.1498707629736561,0.026893939,5.292014182,0.0,June,2,2,4,13,Returning_Visitor,0,0
0,0.0,0,0.0,2,84.0,0.15,0.166666667,0.0,0.0,Nov,3,2,6,3,Returning_Visitor,1,0
0,624.8894948802796,0,0.0,7,56.0,0.0,0.042857143,0.0,1.0,May,2,2,3,1,Returning_Visitor,1,0
2,273.0,1,1.0,10,384.4,0.044444444,0.043386243,0.0,0.0,May,1,1,1,3,Returning_Visitor,0,0
4,-596.4715305340923,25,0.0,6,173.0,0.0125,0.2135943441651147,68.53068310142038,0.0,May,1,2,2,2,Returning_Visitor,0,0
3,112.9607843,0,0.0,13,3014.018519,0.013068182,0.06140625,70.59827469588281,-0.7181279230397319,Mar,2,2,1,2,Returning_Visitor,0,0
2,66.26666667,1,348.6,6,233.1666667,0.044444444,0.046666667,11.12205139,0.0,Oct,3,2,3,7,Returning_Visitor,0,0
0,0.0,0,0.0,1,51.0,0.0,0.1,0.0,0.0,May,3,2,3,3,Returning_Visitor,0,0
0,696.2911095063083,0,0.0,22,876.25,0.0,0.004761905,-64.59684065733926,0.0,Dec,2,2,2,10,Returning_Visitor,0,0
0,0.0,0,0.0,3,0.0,0.2,-0.12751317348643243,0.0,0.0,Mar,3,2,6,3,Returning_Visitor,0,0
14,175.4666667,1,535.7441136401397,82,-5021.078326484221,-0.17102435421857734,0.017004257,13.9750483,0.0,Nov,3,2,1,13,Returning_Visitor,0,1
0,0.0,0,0.0,-117,166.1666667,0.0,0.025,17.541,1.0,May,2,2,2,4,Returning_Visitor,1,1
0,0.0,0,0.0,52,2004.708333,-0.1536814603642148,0.019337607,0.0,0.0,Dec,2,2,3,1,Returning_Visitor,0,0
-10,0.0,25,0.0,35,897.6666667,0.011764706,0.017016807,5.220705882,0.0,May,3,2,2,3,Returning_Visitor,0,1
3,148.0,2,58.5,33,1847.211905,0.0,0.007830405,0.0,0.0,May,2,4,3,2,Returning_Visitor,0,0
5,115.9666667,1,0.0,9,181.3,0.0,0.016666667,0.0,0.0,Dec,1,1,1,8,New_Visitor,0,0
0,0.0,0,0.0,177,0.0,0.2,0.2,0.0,0.7939667708082174,Mar,1,1,1,1,Returning_Visitor,0,0
0,0.0,0,0.0,3,67.5,0.0,0.066666667,0.0,0.0,Mar,1,1,3,3,Returning_Visitor,1,0
14,325.48,6,22.6,24,359.63,0.19419016980400572,0.042342342,0.0,0.0,Sep,1,1,2,4,Returning_Visitor,1,0
2,668.8431852727496,0,0.0,5,63.4,-0.16181865865634654,0.20942445300231471,0.0,0.0,Jul,4,1,2,2,New_Visitor,0,0
0,0.0,0,550.897411640377,7,87.0,0.0,0.028571429,0.0,0.0,Dec,8,13,9,20,Other,0,0
0,0.0,0,0.0,1,0.0,0.2,-0.1226429290101341,0.0,0.0,Mar,1,1,2,1,Returning_Visitor,0,0
5,46.5,25,0.0,94,-6078.071484313478,0.005050505,0.025420875,6.322599996,0.0,Aug,2,2,8,1,Returning_Visitor,0,0
0,-567.2844202669903,0,0.0,162,162.0,0.0,0.1900785164277938,0.0,0.0,May,2,4,1,4,Returning_Visitor,0,0
6,174.75,2,123.0,33,773.2566667,0.010810811,0.022972973,31.74373458,-0.7029805309665333,Nov,3,2,1,2,Returning_Visitor,0,1
8,228.5,0,583.0032757499475,5,64.5,0.0,0.028571429,66.52165213963605,0.0,May,1,2,3,5,New_Visitor,1,0
0,639.5518115621653,25,0.0,-107,121.0,0.028571429,0.057142857,69.71523216898926,-0.5535076874646967,Dec,2,2,7,3,Returning_Visitor,1,0
0,0.0,0,0.0,6,193.0,0.21654332091770678,0.033333333,0.0,0.0,Mar,4,1,3,3,Returning_Visitor,1,0
2,56.2,0,0.0,102,5978.180357,0.004692308,0.020329446,15.25033754,0.6,May,2,2,3,2,Returning_Visitor,0,0
15,55.5,0,0.0,33,1274.190476,0.005714286,0.009285714,0.0,0.0,Mar,2,2,6,2,Returning_Visitor,1,0
12,-598.4531452027467,0,590.1448636885129,24,-6118.698710589145,0.0,0.016666667,0.0,0.0,Mar,2,2,3,1,Returning_Visitor,0,0
0,0.0,0,0.0,196,345.25,0.02,0.04,75.01710294710495,0.0,May,2,4,3,3,Returning_Visitor,0,0
0,0.0,7,269.6666667,24,518.85,0.019139785,0.025371224,0.0,0.0,Jul,1,1,6,2,Returning_Visitor,0,0
6,36.0,0,0.0,13,125.125,0.047058824,0.053333333,0.0,0.0,Nov,3,2,3,1,Returning_Visitor,1,0
0,0.0,2,20.2,11,473.8333333,-0.15712760606330597,0.025,0.0,0.0,June,3,2,8,3,Returning_Visitor,0,0
13,255.9159289,0,-422.24942454077024,255,8467.584379,0.017351104,0.025016422,0.685335799,0.0,June,3,2,1,3,Returning_Visitor,0,0
5,60.0,1,0.0,10,647.6666667,0.016666667,-0.12174966966507728,0.0,0.0,May,2,4,1,2,Returning_Visitor,1,0
-9,65.5,0,0.0,11,-4983.50927562285,0.0,0.016666667,74.45425136120741,0.0,Nov,2,2,1,2,Returning_Visitor,0,1
0,0.0,25,0.0,7,1721.666667,-0.14902677904203007,-0.14627822445772787,0.0,0.0,Nov,1,1,3,3,Returning_Visitor,0,0
0,0.0,0,0.0,18,323.6833333,0.0,0.005208333,0.0,0.0,Dec,3,2,2,1,Returning_Visitor,0,0
0,0.0,0,0.0,16,994.5757576,0.0375,0.034583333,0.0,0.6,May,1,1,1,3,Returning_Visitor,0,0
14,-484.10936092941733,25,37.83333333,378,12003.31758,0.003655352,0.023352993,75.48562987812042,0.0,Nov,2,2,1,2,Returning_Visitor,0,0
2,34.0,0,0.0,21,521.5,0.018181818,0.021212121,0.0,0.0,Mar,3,2,5,1,Returning_Visitor,1,0
0,0.0,0,0.0,47,1475.366667,0.010638298,0.02674772,-57.143637002079636,0.0,Nov,1,1,4,1,Returning_Visitor,1,0
-9,-615.9101747558454,0,-462.49231195418383,26,794.9928571,0.007407407,0.026419753,33.44471217,0.0,Dec,1,1,1,2,Returning_Visitor,0,0
9,215.5,1,12.0,12,-5372.768928020205,0.0,0.0125,0.0,0.862595015981637,Oct,2,2,4,5,New_Visitor,0,0
0,0.0,0,0.0,178,570.5,0.0,0.02,0.0,0.6,May,2,4,1,3,Returning_Visitor,0,0
0,0.0,0,505.0262365772611,58,3178.5,0.0,0.015789474,0.0,0.0,Nov,2,2,9,2,Returning_Visitor,0,1
0,770.1918561804132,0,0.0,11,146.5,0.018181818,0.018181818,0.0,-0.6774334125188091,Nov,1,1,1,2,New_Visitor,0,0
7,290.6666667,0,0.0,35,1384.533333,0.001754386,0.016885965,62.278218080332834,0.0,May,2,2,2,2,Returning_Visitor,1,0
-10,0.0,0,0.0,13,136.0,0.142857143,0.19132698052243374,0.0,0.8,May,3,2,7,13,Returning_Visitor,0,0
5,269.8,0,0.0,8,-5664.69751587322,-0.12836824664300567,0.01,0.0,0.0,Nov,1,1,9,4,Returning_Visitor,0,0
0,0.0,0,0.0,46,2425.083333,0.010869565,0.027681159,0.0,0.6,May,1,1,3,2,Returning_Visitor,0,0
5,154.2,0,0.0,-135,269.5357143,-0.14843128229064545,0.006111111,0.0,0.0,Aug,3,2,1,4,Returning_Visitor,0,0
6,416.0,2,121.0,94,2881.684524,0.21480971430447385,0.025340136,0.0,0.0,Nov,3,2,2,13,Returning_Visitor,0,0
4,75.5,0,0.0,10,158.9733333,0.17169214992539183,0.038461538,20.65287956,-0.6951727590456231,Oct,1,1,3,2,Returning_Visitor,1,1
2,58.0,0,0.0,6,245.0,0.0,0.028571429,54.98,1.0,May,2,2,3,3,Returning_Visitor,1,1
9,175.9345238,25,54.5,229,6606.783899,-0.1561738581750422,0.015020196,8.896836973,0.861228557150812,Nov,2,2,1,2,Returning_Visitor,0,1
0,0.0,25,341.3333333,59,-4612.866098524259,0.003278689,0.007962529,9.380377049,0.0,May,1,1,6,2,Returning_Visitor,1,1
0,0.0,0,0.0,12,274.75,0.0,0.030555556,-56.513300735736735,0.0,Nov,2,2,1,1,Returning_Visitor,0,0
3,56.8,1,3.0,73,1677.666667,0.010666667,0.19013575461342425,0.0,0.0,June,2,2,7,1,Returning_Visitor,0,0
12,263.0,0,0.0,163,212.0,0.0,0.028571429,0.0,0.0,Mar,1,1,9,8,New_Visitor,0,0
3,61.0,0,0.0,-132,573.6571429,0.036842105,0.04,0.0,-0.5667809757015592,Mar,1,1,2,1,Returning_Visitor,0,0
0,0.0,0,0.0,-141,706.05,0.006666667,0.044938272,-60.88830900411937,0.0,Nov,1,8,1,11,Returning_Visitor,1,0
-10,110.0,0,0.0,21,884.3333333,0.0,0.016231884,17.94797101,0.0,May,1,2,5,2,Returning_Visitor,0,0
-9,0.0,0,0.0,62,1471.858333,0.060655738,0.080437158,0.0,1.0,May,3,2,3,13,Returning_Visitor,1,0
0,0.0,0,0.0,11,435.3333333,0.063636364,0.104242424,0.0,0.0,Nov,1,1,1,3,Returning_Visitor,0,0
1,-582.5746323918476,3,47.75,25,1925.979167,0.023076923,0.056025641,0.0,0.0,Dec,2,2,7,2,Returning_Visitor,0,0
2,17.2,0,0.0,-131,0.0,0.0,0.05,0.0,0.0,Sep,2,2,2,6,New_Visitor,1,1
2,11.0,0,-429.4808012631081,12,347.0,-0.12730401545292114,0.023076923,9.960923077,0.0,May,1,1,3,3,Returning_Visitor,1,1
0,0.0,25,498.20965486728517,10,73.5,0.12,0.15,0.0,-0.5844915919559339,Dec,3,2,1,13,Returning_Visitor,1,0
3,81.0,0,0.0,19,448.0333333,0.0,0.21793355480316534,0.0,0.0,May,3,2,5,4,Returning_Visitor,1,0
7,156.0,0,0.0,60,2126.461941,0.00808768,0.20079997007021766,0.0,0.0,Mar,3,2,4,2,Returning_Visitor,0,0
0,0.0,0,0.0,12,262.9166667,0.008333333,0.055555556,0.0,0.0,Dec,1,6,1,2,Returning_Visitor,0,0
-7,0.0,0,0.0,6,604.0,0.0,0.04,0.0,0.0,Nov,1,1,2,2,New_Visitor,0,0
0,0.0,0,0.0,4,-5457.513301862341,0.05,0.075,0.0,0.0,Nov,2,2,3,3,Returning_Visitor,0,0
14,0.0,0,0.0,3,0.0,0.18163888901989717,0.2,0.0,0.7981974960383551,Mar,1,1,3,1,Returning_Visitor,0,0
1,6.0,25,0.0,-136,1183.0,0.0,0.004761905,17.5336164,-0.6631488792292334,Nov,2,2,6,10,New_Visitor,1,1
1,54.0,1,237.0,16,744.5,0.20075019913503644,0.19429511756592122,-50.329113612674696,0.0,Mar,2,2,6,2,Returning_Visitor,0,0
4,37.0,0,0.0,9,224.25,0.0,0.015384615,0.0,0.0,Nov,2,2,3,2,New_Visitor,0,0
0,0.0,0,0.0,6,66.9,0.18955153625931062,0.02,0.0,-0.6566670336543013,Nov,3,2,1,2,New_Visitor,0,0
5,282.0,25,0.0,8,326.0,0.20076784850022034,0.022222222,-63.98452840428419,0.0,Mar,1,1,1,3,Returning_Visitor,0,0
15,5.0,0,580.2442708146943,15,228.8,0.01875,0.06875,0.0,0.0,Nov,2,2,1,1,Returning_Visitor,0,0
-7,190.0,0,0.0,12,307.6666667,0.0,0.013333333,0.0,0.0,Nov,2,2,9,8,New_Visitor,0,0
3,17.0,25,0.0,13,174.0,0.015384615,-0.14307676985680734,0.0,0.2,May,2,2,3,3,Returning_Visitor,0,0
2,36.5,0,503.9402983884897,47,1073.31002,0.004787234,0.21237305025866282,0.0,0.0,Nov,1,1,1,3,Returning_Visitor,1,0
13,648.0,4,521.4575766080571,31,1300.728987,-0.16074260716471286,0.021511104,6.938235354,0.0,Mar,2,2,1,2,Returning_Visitor,0,0
7,44.29545455,25,-505.617787630282,44,2747.616288,0.024205128,0.062408964,0.0,0.0,Nov,2,2,7,1,Returning_Visitor,0,0
0,0.0,0,0.0,10,103.0,0.02,0.036666667,0.0,0.0,May,2,2,1,6,Returning_Visitor,0,0
0,0.0,0,0.0,28,1028.116667,0.0,0.008928571,0.0,0.0,Mar,2,4,1,2,Returning_Visitor,0,0
-9,0.0,0,0.0,1,7266.803478157696,-0.1272947778229872,0.22625120673816207,0.0,0.0,May,1,8,1,3,Returning_Visitor,0,0
13,0.0,0,0.0,25,1978.7,0.032,0.06,0.0,0.0,Aug,2,2,1,3,Returning_Visitor,0,0
7,312.8,1,4.0,-136,2374.966713,0.19625304292600193,0.039077841,0.0,0.0,Jul,3,2,4,13,Returning_Visitor,0,0
0,0.0,0,0.0,14,-4694.806986310916,0.014285714,0.21603278711699977,0.0,0.0,May,2,2,4,3,Returning_Visitor,0,0
0,0.0,0,0.0,53,715.5,0.022641509,-0.144636674401559,0.0,1.0,May,2,2,7,3,Returning_Visitor,1,0
12,0.0,0,-437.62893881706054,-143,2123.0,0.018181818,0.036363636,0.0,0.0,Dec,2,2,1,6,Returning_Visitor,0,0
0,0.0,2,288.0,132,6725.66369,0.003731343,0.01286425,0.0,0.0,Nov,2,2,2,2,Returning_Visitor,0,0
12,134.0,0,0.0,21,1429.616667,0.0,-0.10489916155239595,0.0,0.0,Nov,1,1,2,2,New_Visitor,0,0
4,113.25,0,0.0,-125,7639.409725618532,0.0,0.00428729,0.0,0.0,Nov,2,2,8,8,New_Visitor,0,0
0,0.0,0,0.0,15,203.35,0.025,0.066666667,0.0,0.0,Sep,2,2,3,3,Returning_Visitor,0,0
0,0.0,0,540.5702782354332,11,257.75,0.0,0.024242424,67.46823564098648,0.0,Dec,3,2,2,2,New_Visitor,0,0
0,0.0,25,-425.2034954089692,47,778.7619048,-0.14355739670282125,0.051999065,0.0,0.0,May,3,2,6,15,Returning_Visitor,1,0
12,350.6,9,406.9166667,68,2435.74375,0.002564103,0.01555896,0.0,0.0,Dec,1,1,1,2,Returning_Visitor,0,0
9,150.0,0,0.0,128,-5718.906405009086,0.009237379,0.020182874,0.0,0.8,May,3,2,3,13,Returning_Visitor,0,0
0,0.0,0,0.0,2,56.0,0.0,0.1,0.0,0.7348475464206211,Mar,3,2,1,1,Returning_Visitor,0,0
0,0.0,0,598.6489394547608,7,43.0,0.085714286,0.121428571,-58.87553311745827,0.0,Dec,3,2,1,1,Returning_Visitor,0,0
-7,-534.6949081321613,3,170.5833333,5,124.9583333,0.0,0.005555556,0.0,0.0,Nov,2,4,7,2,New_Visitor,0,0
0,0.0,0,0.0,183,933.4166667,0.031932773,0.043075335,0.0,0.0,Mar,3,2,1,3,Returning_Visitor,0,0
5,138.5,0,0.0,11,7775.404979985404,0.05,0.072916667,0.0,0.0,May,1,1,1,4,Returning_Visitor,0,0
4,68.10769231,6,1022.25,104,8130.964914,0.1734228189118828,0.22404779702327576,-63.56971316901413,0.0,Nov,1,1,4,2,Returning_Visitor,0,1
0,0.0,0,0.0,5,226.0,0.086666667,0.133333333,0.0,0.8325508684762981,May,1,1,1,1,Returning_Visitor,0,0
0,0.0,25,6.0,50,3831.1,0.0,0.017307692,0.0,-0.702019270312854,Nov,2,2,1,10,Returning_Visitor,0,0
0,0.0,0,0.0,4,9.0,0.1,0.15,0.0,0.0,Mar,3,2,3,1,Returning_Visitor,0,0
0,0.0,0,0.0,1,0.0,0.19158725694602546,0.2,0.0,0.0,Mar,2,2,1,10,Returning_Visitor,0,0
12,0.0,25,0.0,193,21.0,0.1936632602299399,-0.11610307221312122,0.0,0.0,Nov,2,4,2,2,Returning_Visitor,1,1
18,198.99,2,28.2,53,2387.596667,0.0,0.007692308,0.0,-0.6346139691334467,Oct,2,2,1,2,Returning_Visitor,0,0
0,0.0,0,567.6111998928103,18,1259.0,0.010526316,0.033684211,-60.86633393584774,0.0,May,2,2,1,1,Returning_Visitor,0,0
1,6.0,0,0.0,20,739.8333333,0.019047619,0.030952381,0.0,0.0,Mar,2,2,3,3,Returning_Visitor,1,0
-10,398.7,0,0.0,50,1483.366667,0.0,0.01047619,-55.8419306243387,0.4,May,2,2,2,4,Returning_Visitor,0,0
0,0.0,0,0.0,37,918.5416667,-0.17054041424968075,0.005315315,0.0,0.0,Nov,1,1,1,2,New_Visitor,1,1
4,88.25,2,546.5,37,2304.5,0.0,0.005,14.54270238,0.0,Nov,2,2,9,2,New_Visitor,0,1
4,46.45833333,0,0.0,-122,2875.615909,0.0,0.007267442,27.75787044,0.0,Nov,2,4,3,1,Returning_Visitor,0,1
1,-546.7990831487145,0,0.0,30,1668.116667,0.0,0.023809524,0.0,0.0,Dec,1,1,8,2,Returning_Visitor,0,0
0,0.0,0,0.0,14,1025.0,0.042857143,-0.1478470440583818,0.0,0.0,May,4,2,1,13,Returning_Visitor,0,0
0,0.0,0,0.0,1,0.0,0.2,0.2,0.0,0.0,Jul,1,1,1,1,Returning_Visitor,1,0
1,663.6817470484608,0,0.0,15,524.5,0.0,0.013333333,33.9612,0.0,May,3,2,1,6,Returning_Visitor,0,1
0,786.8578666591418,0,0.0,16,650.8333333,0.0,0.019047619,13.99,0.0,May,2,2,7,2,Returning_Visitor,0,1
8,315.845679,4,382.4,31,1314.112346,0.014285714,0.013518007,37.53469014,0.7984987492315861,Oct,1,1,1,4,Returning_Visitor,0,1
-10,101.5,0,0.0,16,692.6666667,-0.15871176475583587,-0.12443358791784913,146.23875,0.0,May,2,2,5,2,New_Visitor,0,1
1,0.0,0,0.0,1,28.0,0.0,0.1,0.0,0.0,Mar,2,2,1,1,Returning_Visitor,0,0
5,-550.1327648562474,2,41.0,31,2013.595238,0.0,0.21460756871705128,8.482727273,0.0,Mar,2,2,8,2,Returning_Visitor,0,1
0,0.0,0,0.0,14,207.1666667,0.042857143,0.083333333,0.0,0.6,May,2,2,7,11,Returning_Visitor,0,0
0,0.0,0,0.0,-133,338.5833333,0.0,0.008695652,0.0,0.0,Nov,3,2,1,10,Returning_Visitor,0,0
0,0.0,0,0.0,-126,0.0,-0.15463605161406754,0.2,0.0,0.842192391340215,Mar,1,1,1,1,Returning_Visitor,0,0
14,-618.2186622172396,0,0.0,156,7259.048808718827,0.010009921,0.029074729,75.13492693812026,1.0,May,2,2,6,1,Returning_Visitor,1,0
0,0.0,25,0.0,8,194.4,0.0,0.025,0.0,-0.6542727198708717,Aug,2,10,6,4,Returning_Visitor,0,0
1,0.0,3,447.5,27,1381.75,0.18770675264126058,0.034482759,-59.99606108679566,0.0,Nov,2,2,1,2,Returning_Visitor,1,0
1,61.5,0,0.0,13,-4834.356459578121,0.0,0.007692308,51.75775772,0.0,Dec,1,1,1,2,New_Visitor,0,1
0,0.0,0,0.0,26,553.5,0.2105486083692703,0.008333333,35.98,0.0,May,2,5,3,4,Returning_Visitor,0,1
-8,38.5,2,15.0,50,1766.855952,0.002884615,0.013141026,12.83705128,0.8,May,3,2,4,3,Returning_Visitor,0,0
2,75.0,0,-524.9736620663241,14,851.0,0.17159352249671087,0.014285714,22.88908649,-0.5747295898263886,Mar,1,1,1,2,New_Visitor,1,1
1,67.5,25,0.0,-143,592.25,0.0,0.018181818,75.59854299097044,-0.6550812122150483,Dec,1,1,5,3,New_Visitor,0,1
2,61.0,0,0.0,5,7209.853958518539,0.0,0.04,-58.0226558298839,0.0,Mar,2,2,1,1,Returning_Visitor,0,0
0,0.0,25,0.0,15,176.5,0.04,0.12,0.0,0.0,Jul,2,2,1,3,Returning_Visitor,0,0
-8,43.72727273,0,0.0,59,3354.078463,0.012307692,0.026494505,9.005310781,0.0,Nov,2,2,3,1,Returning_Visitor,0,1
0,0.0,25,0.0,22,185.25,0.021212121,0.075757576,0.0,0.0,Nov,2,7,1,1,Returning_Visitor,1,0
0,-484.54335064535337,0,0.0,50,1085.891081,0.025952381,0.21219083798326957,0.0,-0.611647530699482,Oct,1,1,1,4,Returning_Visitor,0,0
0,0.0,0,0.0,3,75.0,0.0,0.066666667,0.0,0.0,Mar,2,5,1,3,Returning_Visitor,1,0
0,0.0,0,0.0,1,0.0,0.2,0.2,0.0,0.0,Jul,2,4,7,1,Returning_Visitor,0,0
1,78.0,0,0.0,11,225.1666667,0.02,0.026666667,0.0,0.0,Nov,1,1,4,2,Returning_Visitor,0,0
0,0.0,0,0.0,13,229.5,0.0,0.015384615,0.0,0.0,May,2,2,5,2,Returning_Visitor,0,0
15,47.5,25,0.0,5,116.5,-0.12830119305664067,0.005714286,-63.974899704889914,-0.6126357587549858,Mar,3,2,5,2,Returning_Visitor,1,0
-8,0.0,0,0.0,12,-5312.0705657075605,0.0,0.033333333,-62.55640507458442,0.0,Mar,2,2,1,2,Returning_Visitor,0,0
0,0.0,0,0.0,15,281.7380952,0.0,0.001923077,57.82473775,0.0,Nov,2,4,1,2,New_Visitor,0,1
0,712.7923138437991,25,0.0,4,41.4,0.20931414319534425,0.125,0.0,0.0,Jul,3,2,6,1,Returning_Visitor,0,0
2,4.0,25,0.0,10,284.0,0.0,0.016666667,33.32834503,0.0,Mar,2,5,1,8,New_Visitor,0,1
0,0.0,0,511.12439990822566,84,4894.851299,0.002682927,0.028446662,0.0,0.0,Nov,2,2,3,1,Returning_Visitor,1,1
2,10.0,1,57.0,99,6266.208586,0.0,0.010869841,65.1282793578906,0.0,May,2,2,1,1,Returning_Visitor,1,0
13,0.0,0,0.0,169,1535.0,0.01,0.048333333,0.0,0.0,Nov,2,2,7,3,Returning_Visitor,0,0
0,0.0,0,0.0,13,737.1666667,0.038461538,0.084615385,0.0,0.0,Nov,3,2,3,13,Returning_Visitor,0,0
0,0.0,0,0.0,7,220.3333333,0.0,0.01,0.0,0.0,May,2,2,1,5,New_Visitor,0,0
0,0.0,0,0.0,11,297.25,0.0,0.022222222,0.0,0.0,May,2,2,3,1,Returning_Visitor,0,0
2,98.0,0,0.0,29,1407.375,0.0,0.006666667,39.59436227,0.0,Dec,2,2,4,1,Returning_Visitor,1,1
1,20.2,0,0.0,77,3107.173333,0.002597403,0.017041847,18.74860165,0.0,Sep,2,2,7,1,Returning_Visitor,0,1
0,0.0,6,270.3333333,11,160.5,0.0,0.004761905,0.0,0.0,Mar,2,4,1,8,New_Visitor,0,0
0,0.0,0,0.0,13,182.25,0.046153846,-0.13748329563003392,0.0,0.0,Dec,2,2,1,1,Returning_Visitor,0,0
0,0.0,0,0.0,-129,1624.941667,0.0,0.0203125,0.0,0.0,Nov,2,6,2,11,Returning_Visitor,1,0
12,795.0063906240105,0,0.0,25,629.5,0.0,0.01447619,0.0,0.0,May,2,2,1,13,Returning_Visitor,0,0
4,252.5,0,0.0,13,930.0535714,0.0,0.027083333,0.0,0.0,Nov,1,1,3,3,Returning_Visitor,0,0
5,67.5,3,245.0,32,1929.329762,-0.16474800587820523,0.00430839,0.0,0.0,Mar,2,4,1,1,Returning_Visitor,0,0
4,178.0,2,209.0,17,2777.666667,-0.12754098718367635,-0.11113306244887972,0.0,0.0,Mar,3,2,7,1,Returning_Visitor,0,0
3,228.0,1,267.5,23,1266.267677,0.002197802,0.037765568,0.0,0.0,Mar,2,2,3,2,Returning_Visitor,0,0
6,171.0833333,0,0.0,28,952.2857143,0.0,0.013333333,52.10818182,0.8173203136037256,Mar,2,2,1,2,Returning_Visitor,0,1
-7,0.0,0,0.0,9,265.6,0.022222222,0.048148148,0.0,0.0,May,2,4,3,4,Returning_Visitor,0,0
6,113.25,2,19.0,192,2049.75,0.022222222,0.033333333,95.35469341,0.0,Dec,1,1,2,2,Returning_Visitor,0,1
0,0.0,2,594.1333333,39,922.4006061,0.0,0.001709402,154.0955389,0.0,Sep,3,2,1,2,New_Visitor,0,1
0,0.0,0,0.0,16,566.4866667,0.0,0.039365079,18.30205576,0.0,Sep,3,2,2,1,Returning_Visitor,0,1
1,30.0,0,0.0,21,204.1666667,0.028571429,0.048412698,0.0,0.0,May,3,2,8,4,Returning_Visitor,1,0
-8,112.25,0,-486.2156341340636,55,1170.711048,0.006779661,0.004699538,0.0,0.0,Nov,3,2,1,2,New_Visitor,1,0
-9,68.5,0,0.0,152,5426.823764,0.005228758,0.19448677104777462,0.0,0.0,Nov,2,2,4,10,Returning_Visitor,0,0
2,21.0,0,0.0,65,2881.133333,0.0,0.002985075,80.68062856,0.0,Mar,2,2,4,2,New_Visitor,0,1
0,0.0,0,548.8363975718157,12,749.75,0.0,0.016666667,0.0,0.0,Nov,8,2,1,10,Returning_Visitor,0,0
0,0.0,0,0.0,1,-6197.36430727149,0.2,0.2,0.0,0.0,Nov,8,5,3,3,Returning_Visitor,1,0
2,23.0,0,0.0,22,335.6666667,0.0,0.011904762,0.0,0.0,May,2,2,1,2,New_Visitor,1,0
4,63.75,25,0.0,13,7699.203734987863,0.0,0.012150434,0.0,0.0,Nov,2,2,6,2,Returning_Visitor,0,1
6,190.9231928,0,0.0,7,603.2565261,0.021862348,0.034024526,0.0,0.0,Nov,1,1,3,2,Returning_Visitor,0,0
1,669.9905669422442,0,0.0,5,323.4,0.17461454065596996,0.083333333,0.0,-0.6270849578578115,Jul,2,4,1,3,Returning_Visitor,1,0
-9,0.0,0,-459.2090437518526,5,54.5,0.0,0.04,0.0,0.0,Dec,2,5,1,2,New_Visitor,0,0
1,36.0,0,0.0,19,1661.75,0.0,0.023529412,0.0,0.0,May,2,2,3,1,Returning_Visitor,0,0
4,75.86666667,25,-475.18652479338783,72,1822.866667,0.006756757,0.024774775,11.34860076,0.0,June,2,2,7,1,Returning_Visitor,0,0
2,40.0,25,0.0,4,55.0,0.0,0.033333333,0.0,0.2,May,4,2,1,13,Returning_Visitor,0,0
-10,4.0,0,-457.25230600258135,18,143.85,0.0,0.034117647,0.0,0.0,May,2,2,3,3,Returning_Visitor,0,0
7,45.41666667,0,0.0,35,653.8595238,0.0,0.027350427,19.78456264,0.0,Dec,2,2,1,8,Returning_Visitor,0,0
0,0.0,0,0.0,9,478.0,0.0,0.011111111,-59.27539851145447,0.0,Mar,3,2,2,3,Returning_Visitor,1,0
0,0.0,0,0.0,1,0.0,0.19859968258771424,0.2,0.0,0.0,Nov,6,2,9,2,Returning_Visitor,0,0
1,7.0,7,546.9156263564605,25,1644.0,0.002150538,-0.12855106597857394,0.0,0.0,Mar,2,4,1,10,Returning_Visitor,0,0
5,46.5,0,0.0,-134,26.0,0.0,0.028571429,0.0,0.0,Nov,2,2,1,2,Returning_Visitor,0,1
4,77.1,0,0.0,4,41.7,0.0,0.028571429,0.0,0.0,Sep,2,2,4,6,Returning_Visitor,1,0
10,519.0,25,0.0,89,7801.967182182764,0.012852234,0.03729051,0.0,-0.6014587349858553,Jul,3,2,7,1,Returning_Visitor,0,0
7,121.0,0,0.0,16,589.875,0.0,-0.1286364237161714,0.0,0.0,Dec,2,6,1,2,Returning_Visitor,1,0
4,-618.7797607731751,25,0.0,37,839.2083333,0.005263158,0.017105263,12.96520279,0.0,Nov,1,1,1,2,Returning_Visitor,0,1
5,86.5,0,0.0,68,2241.844444,0.010958904,0.023059361,0.0,0.8,May,3,2,3,4,Returning_Visitor,0,0
2,21.0,0,0.0,27,694.0,0.007142857,0.014285714,0.0,0.8,May,2,2,1,2,Returning_Visitor,0,0
3,-473.902734646813,1,0.0,36,1100.916667,0.007692308,0.015262515,18.99269231,0.0,May,2,2,1,2,Returning_Visitor,0,0
4,64.0,0,0.0,53,1200.892857,0.001818182,0.018030303,0.0,0.0,Mar,2,2,4,1,Returning_Visitor,1,0
4,-476.4202652687906,0,0.0,177,457.9,0.0,0.022222222,0.0,0.0,Nov,1,1,1,4,Returning_Visitor,1,0
1,30.7,0,0.0,33,1148.333333,0.0,0.23591667484606652,0.0,0.0,Aug,2,5,6,1,Returning_Visitor,0,0
13,91.0,0,-462.4075424710105,23,7187.492721810004,-0.1298098268038988,0.012068966,0.0,0.0,Nov,2,2,6,2,New_Visitor,0,0
13,316.0,25,0.0,69,1618.532967,0.005555556,0.027698413,0.0,0.7322124369580735,Nov,2,5,1,1,Returning_Visitor,0,0
0,0.0,0,0.0,-110,910.0,0.0,0.025,0.0,0.0,Mar,2,5,1,10,Returning_Visitor,0,0
2,50.5,1,7.0,27,916.9222222,0.0,-0.12964392266641783,-65.32356693097833,0.0,Nov,1,2,1,8,New_Visitor,1,1
4,63.6,0,0.0,187,-5973.096408100143,0.18802833509391156,0.033950617,0.0,0.0,May,1,1,1,3,Returning_Visitor,1,0
0,0.0,0,-503.92605903709796,1,0.0,0.2,0.2,0.0,0.0,May,3,2,1,13,Returning_Visitor,0,0
5,75.66349206,0,0.0,194,35.92777778,0.0,0.056481481,0.0,0.0,Oct,2,5,7,2,Returning_Visitor,0,0
2,75.6,25,11.0,28,8468.09879949695,0.0,-0.13784672412023213,0.0,0.0,Oct,2,4,3,2,Returning_Visitor,0,0
6,78.51333333,1,63.4,110,1691.236147,0.003448276,0.019359924,19.18310758,0.0,Aug,2,2,7,4,Returning_Visitor,1,0
4,183.25,1,21.0,20,651.4,0.0,0.004166667,0.0,-0.7010736848911826,Mar,1,1,1,2,Returning_Visitor,0,0
0,0.0,2,19.5,48,1249.75,0.008333333,0.02046131,0.0,0.7077506534160344,Dec,2,2,1,2,Returning_Visitor,0,0
0,783.2833067842728,0,0.0,6,117.5,0.0,0.22219140190828307,0.0,-0.560085674505852,May,2,2,1,1,Returning_Visitor,1,0
2,30.0,1,558.7455061998426,185,567.25,0.0,0.011538462,0.0,0.0,Dec,2,5,1,2,Returning_Visitor,0,0
1,74.0,0,0.0,21,744.8333333,0.0,0.01,0.0,0.0,May,2,2,1,2,New_Visitor,1,0
1,38.8,0,0.0,11,214.0533333,0.016666667,0.03015873,0.0,0.0,Oct,3,2,1,2,Returning_Visitor,0,0
3,81.6,0,0.0,9,1346.2,0.0,-0.1392252447133535,0.0,-0.567876837201748,Nov,2,2,2,3,New_Visitor,0,0
0,0.0,25,0.0,10,7923.002342768777,0.0,-0.12311609772813534,64.41271250963828,0.0,May,2,5,2,2,Returning_Visitor,0,0
0,-636.9584776115363,0,0.0,19,-5429.1732046008065,0.027777778,0.024814815,0.0,0.6,May,1,1,8,1,Returning_Visitor,0,0
0,0.0,0,-502.3450304324549,3,43.4,0.066666667,0.066666667,0.0,0.0,Sep,1,1,3,4,Returning_Visitor,0,0
0,0.0,0,0.0,28,630.0833333,0.013580247,0.2032033523202636,0.0,0.0,Nov,1,1,1,10,Returning_Visitor,1,0
-8,0.0,0,0.0,3,105.25,0.0,0.044444444,65.17415822290096,0.0,May,3,2,8,4,Returning_Visitor,1,0
0,774.5573850321568,0,0.0,-119,0.0,0.2,0.2,-66.52928050231698,0.0,Dec,1,1,1,3,Returning_Visitor,0,0
15,251.8666667,0,0.0,60,1993.915257,0.005970149,0.011984127,13.09154641,0.811674380587028,May,2,2,2,1,Returning_Visitor,0,0
7,399.25,25,298.0,85,-6239.648823458136,0.006818182,0.017267562,-59.36665609515002,0.0,Dec,3,2,1,2,Returning_Visitor,0,0
5,294.7,6,329.5,59,2816.781781,0.003214696,-0.1270132144968259,2.346800426,0.0,Mar,2,2,4,1,Returning_Visitor,0,0
15,233.25,2,9.0,162,2277.555556,-0.13653903957370062,0.004761905,0.0,0.0,Dec,2,4,1,2,New_Visitor,1,0
16,314.505,0,0.0,37,1048.663333,0.0,0.008695652,87.25396293,0.0,Nov,1,1,3,2,New_Visitor,0,1
0,0.0,0,0.0,2,27.0,0.0,0.05,0.0,0.0,May,3,2,3,3,Returning_Visitor,0,0
0,0.0,1,0.0,173,645.9166667,0.0,0.05,0.0,0.7124278175248066,Mar,1,1,1,2,Returning_Visitor,0,0
12,32.0,25,3.0,198,1039.766667,0.0,0.02027027,0.0,0.0,Mar,2,4,3,2,Returning_Visitor,1,0
3,24.75,0,0.0,2,74.75,0.0,0.022222222,0.0,0.0,Nov,2,2,3,2,New_Visitor,0,1
1,686.2031885556813,0,0.0,14,548.1857143,0.028571429,0.02987013,0.0,0.0,Mar,3,2,3,1,Returning_Visitor,1,0
6,160.0,0,0.0,55,-5191.178502640145,0.0,0.005357143,65.03103130220735,0.0,Dec,2,2,1,2,New_Visitor,0,1
1,35.0,25,0.0,13,233.1666667,0.0,0.016666667,0.0,0.0,May,1,1,5,4,Returning_Visitor,0,0
22,438.3309524,3,703.5,178,-5074.886574763788,0.002878526,0.016885589,2.038399449,0.0,Nov,2,2,1,10,Returning_Visitor,0,1
14,574.4511905,0,0.0,41,2688.864762,0.0,0.011853002,36.96220452,0.0,Sep,3,2,3,4,Returning_Visitor,0,1
0,-538.8357493884791,0,0.0,2,50.0,0.0,0.05,0.0,0.0,Mar,3,2,8,11,Returning_Visitor,0,0
-7,0.0,25,0.0,3,-5402.02915747579,0.0,0.033333333,-56.890621802854255,0.0,May,3,2,4,4,Returning_Visitor,1,0
0,776.3686612555757,0,0.0,1,487.0,0.0,0.1,0.0,0.0,Nov,1,1,4,10,Returning_Visitor,1,0
-7,190.3125,2,494.66945563759094,22,1259.872817,0.013333333,0.025185185,0.0,0.0,Nov,2,2,3,2,Returning_Visitor,0,0
0,0.0,0,584.9726371015221,4,30.5,0.0,0.05,0.0,0.0,Mar,2,4,3,3,Returning_Visitor,0,0
13,18.0,0,0.0,62,1288.130556,0.003278689,0.009071038,13.63692586,0.7667554362002247,Nov,2,10,1,3,Returning_Visitor,0,1
14,0.0,25,0.0,14,264.5,0.0,0.007142857,0.0,-0.6728827485308998,Mar,2,2,1,10,Returning_Visitor,0,0
4,112.0,0,0.0,39,1379.5,0.006349206,0.027777778,0.0,0.0,May,2,5,2,4,Returning_Visitor,0,0
-7,0.0,0,0.0,5,24.0,0.04,0.23118219848395005,0.0,0.0,May,1,1,1,4,Returning_Visitor,1,0
0,0.0,0,0.0,205,112.0,0.0,-0.1339077142059149,79.54511261563779,0.6,May,2,2,4,3,Returning_Visitor,0,0
0,699.1501388174597,25,0.0,32,875.9333333,0.031770833,0.072395833,65.60488625582953,0.0,Oct,1,1,3,3,Returning_Visitor,0,0
9,395.8785714,25,0.0,124,3959.145344,0.004871324,0.014283416,3.464444066,0.0,Nov,2,2,1,2,Returning_Visitor,0,1
0,0.0,3,62.8,-126,2167.900476,0.002898551,-0.1252074979120075,0.0,0.0,Aug,1,1,3,4,Returning_Visitor,0,0
0,0.0,0,-409.7884016491278,27,1058.02381,0.026923077,0.036923077,79.54853131022091,0.2,May,2,2,1,4,Returning_Visitor,0,0
12,0.0,0,0.0,18,490.3,0.011111111,0.19039384230463105,0.0,0.0,Sep,2,2,1,13,Returning_Visitor,0,0
12,59.5,0,0.0,39,650.8333333,0.0,0.003070175,0.0,0.8074717766756593,Nov,1,2,1,11,Returning_Visitor,1,1
4,60.08333333,0,0.0,24,1204.416667,0.007692308,0.026923077,46.62801597,0.0,Dec,2,2,6,6,Returning_Visitor,0,0
-7,0.0,0,0.0,50,2147.983333,-0.12806799488429327,0.024768116,0.0,0.0,Nov,3,2,1,2,Returning_Visitor,1,0
7,106.8285714,0,0.0,181,6842.002513,0.0,0.007218823,-59.87361133051432,0.0,May,4,1,3,4,Returning_Visitor,1,0
3,32.83333333,1,473.4638219449732,197,1470.629167,0.20196417495771518,0.015396825,0.0,-0.7255798946593895,Nov,3,2,1,1,Returning_Visitor,1,0
0,0.0,25,0.0,23,363.5,0.21745317994508412,0.013043478,0.0,0.8,May,2,2,2,1,Returning_Visitor,0,0
7,98.46666667,0,0.0,175,257.9333333,0.0,-0.1368110502414892,0.0,0.0,Sep,2,2,3,4,Returning_Visitor,0,0
-10,0.0,25,5.0,5,122.4,0.028571429,-0.10518409480339821,0.0,0.0,Jul,3,2,2,4,Returning_Visitor,1,0
2,126.75,25,0.0,22,2281.583333,0.19425965273281282,-0.13953632423682877,0.0,0.0,Dec,3,2,2,3,Returning_Visitor,0,0
1,21.33333333,1,235.0,71,7791.153581152853,0.012676056,-0.12733719348641803,0.0,0.0,Mar,3,2,2,1,Returning_Visitor,1,0
0,0.0,0,-427.8666622958583,7,499.5,0.0,0.033333333,0.0,0.8,May,2,4,1,5,New_Visitor,0,0
0,0.0,0,0.0,1,7344.054756148928,0.2,0.2,0.0,0.0,Nov,3,2,4,3,Returning_Visitor,0,0
8,127.7,3,36.0,70,1675.525366,0.018181818,0.026731602,15.02583766,0.0,May,3,2,3,11,Returning_Visitor,0,0
0,0.0,0,0.0,9,329.0,0.022222222,0.044444444,65.51784902684753,0.0,Mar,2,2,3,1,Returning_Visitor,0,0
0,0.0,0,0.0,6,226.0,-0.13916879805224674,0.22032454832090714,0.0,0.0,Mar,2,2,1,2,Returning_Visitor,0,0
9,505.5,0,0.0,19,1227.0,0.0,0.017391304,0.0,0.0,May,3,2,1,4,Returning_Visitor,0,0
-10,157.4,0,0.0,9,128.5,-0.16353488193524185,0.081818182,0.0,0.0,Jul,3,2,1,3,Returning_Visitor,1,0
5,318.2666667,0,0.0,23,1037.833333,0.017857143,0.039285714,-65.48771843840676,0.0,Aug,2,2,5,1,Returning_Visitor,0,0
-10,-576.9651519272351,3,56.9,80,1242.063095,0.004545455,0.020707071,0.0,0.0,Oct,2,2,3,1,Returning_Visitor,0,0
0,0.0,0,-459.8615689766529,-107,38.0,-0.14022522713346303,0.16,64.91409452099835,0.6,May,2,5,1,3,Returning_Visitor,0,0
0,0.0,25,0.0,-130,272.3333333,-0.14888226877429186,0.02,0.0,1.0,May,1,1,1,3,Returning_Visitor,1,0
2,701.701234973315,0,0.0,3,66.4,0.0,0.04,0.0,-0.7249735115266829,Oct,1,1,4,3,Returning_Visitor,1,0
-8,-529.2028617688751,0,0.0,13,1248.0,0.0,0.020512821,0.0,0.0,May,1,2,8,6,Returning_Visitor,0,0
0,0.0,25,0.0,20,545.1,0.01,0.031666667,0.0,0.0,Jul,3,2,8,4,Returning_Visitor,0,0
0,751.5990966505525,0,0.0,3,7204.6637143756025,0.133333333,0.20436261280420398,0.0,-0.5824238257524651,May,1,1,3,3,Returning_Visitor,0,0
0,0.0,0,0.0,6,66.5,0.011111111,0.111111111,0.0,0.4,May,2,2,5,4,Returning_Visitor,0,0
0,0.0,0,0.0,10,322.5,0.04,0.07,78.98157792833442,0.0,Mar,2,2,4,1,Returning_Visitor,0,0
0,0.0,0,-486.73567446791503,13,436.0,0.030769231,0.079487179,0.0,0.6,May,1,1,4,2,Returning_Visitor,0,0
0,0.0,0,0.0,5,186.0666667,0.146666667,0.15952381,0.0,0.674162655187038,June,3,2,1,13,Returning_Visitor,0,0
0,0.0,25,474.95372611429934,6,92.0,0.0,0.1915346845471656,-57.49588127945384,0.0,Mar,1,1,3,10,Returning_Visitor,0,0
0,0.0,2,7.0,16,-4702.548398284368,0.015686275,0.071568627,0.0,0.0,Dec,1,1,3,2,Returning_Visitor,0,0
0,0.0,0,-466.65213152869643,5,240.5,0.08,0.07,0.0,0.0,May,1,1,1,3,Returning_Visitor,0,0
0,0.0,0,0.0,17,391.8666667,0.0,-0.15186088620182325,0.0,1.0,May,2,2,1,1,Returning_Visitor,1,0
-7,-617.450339784325,2,56.5,203,4264.419078,0.007783883,0.019834499,0.0,0.0,Nov,3,2,1,10,Returning_Visitor,1,0
0,0.0,0,0.0,22,366.75,0.018181818,0.040909091,63.372990307841725,0.0,Nov,2,2,6,1,Returning_Visitor,0,0
5,265.2916667,25,191.75,29,991.8270202,0.008823529,0.008921569,74.69646069625608,0.0,Nov,3,2,7,6,Returning_Visitor,1,0
10,237.8333333,25,23.0,-124,1814.564286,0.002325581,0.010385835,8.495651163,0.0,May,3,2,3,2,Returning_Visitor,0,0
2,170.0,1,22.0,39,1177.291667,0.002564103,0.01965812,0.0,0.0,Nov,2,5,7,2,Returning_Visitor,0,0
0,0.0,0,0.0,57,1384.5,0.010344828,0.034482759,0.0,0.0,May,2,2,3,13,Returning_Visitor,0,0
0,0.0,0,0.0,12,305.4,0.0,0.019444444,0.0,0.0,Dec,3,2,1,11,Returning_Visitor,0,0
0,0.0,0,0.0,34,8521.543499972986,0.0,0.005882353,62.07882353,0.0,May,2,2,1,6,Returning_Visitor,1,1
0,633.902969702526,25,0.0,16,200.0,0.034375,0.072115385,0.0,0.8,May,2,2,1,1,Returning_Visitor,0,0
14,0.0,0,0.0,-129,8115.83765911795,-0.1332071609500659,-0.1277626663927567,0.0,0.0,May,3,2,1,15,Returning_Visitor,0,0
0,0.0,0,0.0,174,238.9333333,0.0,0.014285714,66.70235454922545,-0.6910236339234137,Sep,2,2,4,2,Returning_Visitor,0,0
15,37.0,0,0.0,28,2778.333333,0.007142857,0.023809524,5.569285714,0.0,May,2,2,2,11,Returning_Visitor,1,0
6,86.0,0,0.0,205,905.5,0.0,0.026666667,23.6393946,0.0,Dec,4,5,1,1,Returning_Visitor,0,1
12,365.1111111,4,-496.81378165616104,113,5882.174206,0.0,0.006584897,1.033764021,0.0,May,2,2,3,2,Returning_Visitor,0,0
0,-611.9289298032656,0,0.0,13,98.66666667,0.015384615,0.046153846,0.0,0.0,Dec,2,2,3,13,Returning_Visitor,0,0
0,0.0,0,0.0,13,123.0,0.0,0.020833333,0.0,0.0,Mar,2,2,1,3,Returning_Visitor,0,0
1,0.0,0,0.0,7,37.0,0.083333333,-0.11307346684021716,0.0,0.6,May,1,1,2,4,Returning_Visitor,0,0
14,311.9166667,0,0.0,40,633.4,0.002272727,0.1943290208904623,64.92087900628717,0.0,Mar,2,2,1,3,Returning_Visitor,0,0
-10,91.5,0,0.0,14,187.9166667,0.0,0.02745098,0.0,0.7891372829321132,Dec,1,1,3,3,Returning_Visitor,0,0
0,777.2997497329887,0,0.0,10,111.0,0.0,0.02,68.4636327781389,0.0,Mar,2,4,7,3,Returning_Visitor,0,0
0,0.0,0,0.0,68,1212.441667,0.002898551,0.014381271,64.4161607,0.0,Nov,4,1,1,1,Returning_Visitor,0,0
4,160.2,2,21.2,43,-4748.009545795758,0.009183673,0.02292517,28.05716135,0.0,Oct,1,1,3,2,Returning_Visitor,0,0
15,120.25,5,869.0,42,-5134.742496244529,0.017391304,0.048188406,17.70684845,0.0,May,2,2,4,4,Returning_Visitor,0,0
4,97.5,0,0.0,5,454.5,0.0,0.00625,0.0,0.0,Dec,2,2,7,2,New_Visitor,0,0
2,35.2,25,0.0,15,521.8666667,0.0,0.00625,0.0,-0.5460206115913429,June,2,2,9,2,New_Visitor,0,0
7,598.0,3,144.5,83,6860.632738,0.011512297,0.039305682,0.0,0.7406226299428392,May,2,2,1,2,Returning_Visitor,0,0
12,0.0,25,0.0,-132,7926.099415699676,0.0,0.04,64.6422745810927,0.0,Feb,1,1,9,3,Returning_Visitor,0,0
1,12.0,0,0.0,36,493.3033901,0.0,0.01660575,0.0,0.0,Oct,2,2,5,2,Returning_Visitor,0,0
24,876.2333333,25,625.5,34,-6146.463257564744,0.0,0.013800705,-56.21790224482419,0.0,Mar,2,2,5,2,Returning_Visitor,0,0
0,0.0,0,0.0,42,-5684.610276462648,0.004761905,0.014920635,0.0,0.0,Oct,1,1,1,2,Returning_Visitor,0,0
14,0.0,0,0.0,19,491.6666667,0.011111111,0.012222222,0.0,0.0,Mar,1,1,1,6,Returning_Visitor,1,0
0,0.0,25,0.0,75,1289.25,0.005479452,0.017351598,11.8290411,0.8,May,2,2,1,4,Returning_Visitor,0,1
5,-462.60278105444326,25,17.0,33,1540.583333,0.0,0.23781379417916343,10.84440741,-0.729997181900175,Mar,2,2,2,2,Returning_Visitor,1,0
0,0.0,0,0.0,14,313.0178571,0.18601189977356425,0.016071429,0.0,0.0,Nov,3,2,4,2,Returning_Visitor,0,0
0,0.0,0,0.0,15,454.75,0.026666667,-0.14741649668082418,0.0,-0.583810917599632,May,3,2,3,1,Returning_Visitor,1,0
0,0.0,0,0.0,1,0.0,0.2,0.2,0.0,0.0,Nov,1,1,1,1,Other,0,0
6,101.2,2,438.7,53,1692.694155,0.012068966,0.022197723,0.0,0.0,Aug,3,2,4,1,Returning_Visitor,0,0
22,474.4764124,3,167.1428571,-130,2324.820965,0.014613095,0.020072361,7.935285933,0.0,Nov,3,2,2,13,Returning_Visitor,0,1
0,0.0,25,0.0,201,392.1666667,0.011764706,0.023529412,0.0,0.2,May,1,1,1,1,Returning_Visitor,0,0
0,704.3528580866903,0,0.0,49,2612.357143,0.0,0.20582207434612967,0.0,0.0,Mar,2,2,1,1,Returning_Visitor,0,0
0,-530.9330154774168,0,501.11671196849375,17,504.0,0.0,0.02125,33.32796813,0.0,Mar,2,2,3,1,Returning_Visitor,0,0
0,0.0,0,0.0,11,1390.166667,0.012121212,0.014545455,0.0,0.0,Mar,1,1,1,3,Returning_Visitor,1,0
6,573.5,1,-452.4755386809988,33,1946.942857,0.005882353,0.020602653,69.39046277751348,-0.5513703650277445,Mar,3,2,3,2,Returning_Visitor,0,0
-9,0.0,0,0.0,6,218.0,0.0,0.066666667,0.0,0.0,Mar,2,2,3,1,Returning_Visitor,0,0
3,273.0,0,0.0,11,-5472.275528096167,0.0,0.007692308,17.81649911,0.0,Oct,2,2,1,2,Returning_Visitor,0,1
3,79.0,0,-389.9601359138531,36,2517.0,0.0,0.005405405,27.23866195,0.0,Mar,2,10,2,2,Returning_Visitor,1,1
7,52.4,3,202.5,-105,1995.466667,0.003333333,0.025396825,1.8315,0.0,May,2,2,6,13,Returning_Visitor,0,0
2,126.3333333,0,0.0,11,401.0133333,0.0,0.022222222,45.12532172,0.0,Nov,1,1,3,2,Returning_Visitor,1,1
0,0.0,0,0.0,34,887.6666667,0.0,0.004747475,12.61543434,-0.5774968272999148,May,2,2,5,2,Returning_Visitor,0,0
1,74.6,0,0.0,8,810.0,0.0,0.036666667,10.67716934,0.0,Nov,2,2,1,4,Returning_Visitor,0,0
4,134.39,1,191.9,24,1592.533333,0.003703704,0.013580247,5.245868726,0.0,Oct,3,2,1,5,Returning_Visitor,0,0
4,67.5,0,0.0,27,834.6666667,0.0,0.014285714,0.0,0.0,Nov,2,2,2,2,New_Visitor,1,0
1,10.0,0,0.0,23,271.5785714,0.16898452590174423,0.008333333,0.0,0.0,Aug,2,2,4,1,Returning_Visitor,0,0
0,0.0,0,0.0,16,1011.0,0.0,0.025,0.0,0.0,Mar,2,2,1,1,Returning_Visitor,0,0
7,95.75,0,0.0,41,1164.202381,0.004545455,0.010606061,27.07846934,0.0,Dec,3,2,5,1,Returning_Visitor,1,1
-7,76.5,0,0.0,10,123.2291667,0.022857143,0.059444444,0.0,-0.6180192506588595,Dec,1,2,1,10,Returning_Visitor,0,0
0,0.0,0,-523.4081977735513,1,0.0,0.17629066851456057,0.2,0.0,0.0,Nov,3,2,4,1,New_Visitor,0,0
2,-570.3269008497145,0,0.0,65,1451.227362,0.003030303,0.008492896,0.0,0.0,Mar,2,2,1,1,Returning_Visitor,0,0
0,0.0,0,464.2181231307034,9,244.5,0.0,0.011111111,0.0,0.0,Mar,3,2,1,3,Returning_Visitor,0,0
11,789.5154322411692,25,470.48975928035,-139,5018.328289,0.21268576388479193,0.005625881,0.0,0.0,Oct,3,2,6,3,Returning_Visitor,0,0
3,49.4,0,0.0,176,6847.736667,0.003370787,0.011516854,20.44064077,0.0,Aug,2,4,9,4,Returning_Visitor,0,0
0,0.0,0,506.44037894495426,-128,952.5333333,0.0,0.01,-65.96566248535073,0.0,May,2,4,1,3,New_Visitor,0,1
5,316.8,0,0.0,181,1086.178571,-0.12503319031883897,0.017267081,5.981166667,0.0,May,3,2,3,2,Returning_Visitor,0,0
2,180.5,0,0.0,12,472.9166667,0.0,0.018181818,0.0,0.0,May,1,1,3,3,New_Visitor,0,0
13,138.5,25,0.0,192,831.0,0.0,0.01,0.0,0.0,Dec,2,12,4,2,Returning_Visitor,0,0
2,91.6,2,678.0,66,-6019.275087231528,0.0,0.010049751,48.04390582,0.0,Oct,2,2,3,2,Returning_Visitor,0,1
2,121.0,0,550.0007505340818,28,1830.583333,0.015555556,0.015740741,111.5113802,0.0,Dec,1,1,6,2,Returning_Visitor,1,0
0,0.0,0,0.0,6,44.0,-0.14151742206199222,0.1,0.0,0.0,Mar,2,2,3,1,Returning_Visitor,0,0
6,561.0,0,0.0,29,1816.427273,0.011458333,0.020880682,0.0,0.0,May,3,2,5,13,Returning_Visitor,0,0
-7,0.0,25,-456.94588400727935,12,8253.183983739069,0.016666667,0.025,0.0,0.0,Nov,1,1,1,2,Returning_Visitor,1,0
0,0.0,0,0.0,19,439.8333333,0.005555556,0.003703704,0.0,0.0,Mar,1,1,7,2,New_Visitor,0,0
0,0.0,0,0.0,20,513.3333333,0.0,0.2099435935403971,0.0,0.0,Dec,2,2,3,2,Returning_Visitor,0,0
0,0.0,0,0.0,17,376.5166667,0.0,0.01512605,0.0,0.0,Nov,2,2,6,2,Returning_Visitor,0,0
-7,12.6,0,0.0,6,140.7,0.0,0.00952381,15.89480154,0.0,Jul,2,10,3,2,Returning_Visitor,1,1
12,0.0,25,0.0,47,1153.54,0.003140097,0.039979296,0.0,0.0,Jul,1,1,6,2,Returning_Visitor,0,0
2,41.4,0,0.0,28,1576.966667,0.0,0.018452381,0.0,0.0,Nov,2,2,9,2,Returning_Visitor,1,0
0,0.0,0,0.0,25,612.5833333,0.008333333,0.0125,0.0,0.8,May,3,2,1,13,Returning_Visitor,0,0
0,0.0,0,0.0,-123,289.75,0.0,0.025,0.0,0.0,May,1,1,4,3,Returning_Visitor,0,0
0,0.0,0,0.0,14,343.52,0.0,0.028571429,0.0,-0.6165610784074391,Jul,3,2,8,1,Returning_Visitor,1,0
14,0.0,0,0.0,-99,315.3,0.0,0.027843137,-53.04595399736465,0.0,Nov,1,1,2,3,Returning_Visitor,0,0
0,0.0,0,0.0,4,396.25,0.0,0.083333333,0.0,0.0,Nov,2,2,4,2,Returning_Visitor,0,0
0,0.0,0,0.0,27,694.3035714,0.0,0.007692308,11.99264025,0.0,Mar,1,1,1,2,Returning_Visitor,1,1
0,0.0,0,0.0,7,267.0,0.0,0.033333333,0.0,0.2,May,2,2,7,1,Returning_Visitor,0,0
3,28.5,0,0.0,8,181.6666667,0.022222222,0.044444444,0.0,0.0,Dec,1,1,3,10,Returning_Visitor,0,0
0,0.0,6,521.9791667,27,733.2871212,0.02020202,0.031564383,0.0,0.0,Nov,2,2,7,2,Returning_Visitor,0,0
2,129.0,0,0.0,16,1835.5,0.003703704,0.031481481,0.0,0.0,Aug,2,4,9,6,Returning_Visitor,0,0
1,726.3519283913379,0,0.0,34,-5497.892481111776,0.0,0.000250438,0.0,0.0,Oct,2,2,3,2,Returning_Visitor,0,0
0,0.0,0,0.0,12,-6027.896820774339,-0.15500094878666296,0.007692308,61.9007453226432,-0.5721852375915363,Nov,3,2,1,1,Returning_Visitor,0,0
0,0.0,0,0.0,8,-4992.262511891745,0.0,0.04375,0.0,0.0,Mar,2,4,1,3,Returning_Visitor,0,0
-10,0.0,25,540.8315877875409,1,0.0,-0.1476395378672117,0.2,0.0,1.0,May,3,2,7,6,Returning_Visitor,1,0
0,0.0,2,76.6,377,11729.40804,0.1900645082237636,0.04524582,0.0,0.0,Jul,3,2,1,3,Returning_Visitor,0,0
0,0.0,1,0.0,1,44.0,0.0,0.1,0.0,-0.7326415740183067,Mar,2,2,6,2,Returning_Visitor,1,0
3,184.7333333,0,0.0,106,4590.381905,0.001851852,0.00287037,78.85195723680128,0.0,Aug,2,2,9,2,Returning_Visitor,0,1
1,0.0,25,-474.28518303346885,65,8202.116634086899,0.00625,0.0203125,2.734351538,0.0,Dec,2,2,1,2,Returning_Visitor,1,1
0,0.0,0,0.0,1,0.0,0.2,0.2,0.0,0.0,Mar,1,1,7,2,Returning_Visitor,1,0
-7,327.2357143,4,550.6193985852736,42,443.4990476,0.0,0.022666667,18.50321705,0.0,Jul,2,4,6,1,Returning_Visitor,0,1
6,109.2,0,0.0,31,663.2777778,0.005882353,0.007058824,0.0,-0.6713109934622371,Oct,1,1,1,3,Returning_Visitor,0,0
7,-625.9910159462631,0,0.0,43,1487.229317,0.004545455,0.019638695,0.0,0.0,Oct,2,4,1,2,Returning_Visitor,0,0
-10,0.0,0,-524.9414587898057,2,0.0,0.2,0.2,0.0,0.0,May,1,1,1,3,Returning_Visitor,0,0
4,-512.9043063718564,0,0.0,7,137.6,0.0,0.0375,0.0,0.0,Aug,3,2,1,5,New_Visitor,0,0
2,327.5,0,565.3701054923016,-130,570.5,0.0,0.028571429,0.0,0.0,Nov,2,2,2,2,Returning_Visitor,0,0
5,100.6,3,216.6,6,432.0,0.0,0.024242424,0.0,0.6975464604185646,Sep,1,1,1,5,New_Visitor,0,0
12,141.0357143,2,213.0,50,829.5190476,0.001149425,0.025172414,69.05315697715822,0.0,Dec,2,2,4,10,Returning_Visitor,0,0
0,0.0,0,580.915701739091,3,138.0,0.0,0.066666667,0.0,0.0,Feb,1,1,1,3,Returning_Visitor,0,0
-10,0.0,0,0.0,26,234.8,0.2167625375172258,0.119230769,0.0,-0.68687670769393,Jul,2,2,7,13,Returning_Visitor,0,0
1,670.920480351009,1,376.0,109,2925.677607,0.005504587,0.0156734,0.0,0.0,Nov,1,2,3,10,Returning_Visitor,0,0
3,14.0,0,468.67190948972257,-125,1585.666667,0.026666667,0.058333333,0.0,0.0,Mar,2,2,6,1,Returning_Visitor,1,0
0,0.0,0,0.0,4,105.0,0.0,0.05,0.0,0.0,Nov,2,5,3,1,Returning_Visitor,0,0
6,218.6666667,0,0.0,-124,1737.0,0.006896552,0.015172414,23.51599702,0.0,Nov,1,1,6,10,Returning_Visitor,1,1
1,15.2,0,0.0,30,515.5333333,0.0,0.19426969284950354,0.0,0.7043838577821652,Sep,2,2,1,2,Returning_Visitor,0,0
0,677.6402198481344,0,0.0,2,403.0,0.1,-0.10449587816536164,0.0,-0.5583218411509372,Mar,2,10,3,3,Returning_Visitor,0,0
0,0.0,0,0.0,179,487.3209524,0.0,0.002380952,47.32661324,0.0,Oct,3,2,1,2,New_Visitor,0,1
8,222.75,25,15.75,61,1749.842262,0.015196078,0.02894958,0.0,0.0,Nov,1,1,1,3,Returning_Visitor,1,0
5,679.5208532204838,2,13.0,37,-6062.312732064911,0.20432617669267236,0.030083333,0.0,0.0,May,2,2,3,2,Returning_Visitor,0,0
6,111.5,0,0.0,167,449.0277778,0.0,0.018518519,0.0,0.6,Feb,1,1,3,3,Returning_Visitor,0,0
-9,49.5,25,0.0,22,8092.188674221322,0.02,0.056666667,0.0,-0.5690189802608039,Nov,1,1,1,3,Returning_Visitor,0,0
12,0.0,25,0.0,25,7536.967759964387,0.008,0.024698413,0.0,0.6,May,1,1,3,3,Returning_Visitor,0,0
0,0.0,0,0.0,-100,342.1666667,0.0,0.022222222,51.176,-0.6452892322348327,May,2,2,1,1,Returning_Visitor,0,1
0,0.0,3,137.5,71,-5889.103205598821,0.001013514,0.015591693,65.08722818290624,-0.5999533243194032,Nov,1,2,1,11,Returning_Visitor,0,0
4,178.2,0,0.0,9,368.2,0.02,0.05,0.0,0.0,Mar,3,2,8,3,Returning_Visitor,1,0
3,107.0,25,0.0,45,-5138.825460468932,0.0,0.008510638,9.702113281,0.0,Mar,2,4,1,2,New_Visitor,1,0
9,230.6666667,0,0.0,66,2178.85,0.003555556,0.010977778,-59.75517155332063,0.0,Nov,2,2,3,2,Returning_Visitor,1,1
0,0.0,0,0.0,20,-6097.8478680638855,0.001754386,0.005789474,0.0,-0.6529355633385354,May,1,8,1,19,Returning_Visitor,1,0
3,-563.3428676570121,0,-480.4061217709787,19,576.0833333,0.009090909,0.018181818,30.65045455,-0.6717499563610656,Mar,2,2,2,1,Returning_Visitor,1,1
2,35.2,2,543.7718596724633,84,8365.602222,-0.15665083615872613,0.037209302,0.0,0.0,Sep,2,2,5,1,Returning_Visitor,0,0
0,0.0,0,0.0,3,19.0,0.0,0.066666667,-66.29502862162661,0.0,Jul,2,2,3,3,Returning_Visitor,0,0
5,141.14,0,-433.6250724510718,12,305.24,0.0,0.013333333,0.0,0.0,June,2,2,9,3,Returning_Visitor,0,0
3,100.92,0,0.0,-132,168.02,0.0,0.045454545,0.0,0.0,Oct,3,2,1,1,Returning_Visitor,1,0
0,0.0,25,0.0,205,8007.786480410695,0.077777778,0.116666667,0.0,0.0,Mar,2,4,3,1,Returning_Visitor,0,0
1,3.0,1,302.0,7,539.5,0.0,0.0125,0.0,0.0,Dec,2,2,4,2,Other,1,0
9,196.25,1,62.5,181,148.75,0.0,0.02,0.0,0.0,Dec,4,1,9,2,Returning_Visitor,0,0
0,-613.1525019115438,0,509.0722437300085,-108,186.9333333,0.042857143,0.071428571,0.0,0.0,May,2,2,3,4,Returning_Visitor,0,0
0,0.0,0,0.0,3,62.0,0.0,0.066666667,0.0,0.8,May,3,2,8,2,Returning_Visitor,0,0
1,10.0,0,0.0,30,602.5,0.009677419,0.014910394,0.0,0.0,Dec,2,2,2,10,Returning_Visitor,0,0
0,0.0,0,-502.1703362127826,18,8096.3239000472895,0.0,0.005555556,0.0,0.0,Mar,1,1,2,2,Returning_Visitor,1,0
0,0.0,2,1494.5,109,3339.07598,0.008181818,0.014582448,0.0,0.0,Nov,2,2,4,8,Returning_Visitor,1,0
0,0.0,0,0.0,-140,31.0,0.0,0.033333333,0.0,0.7220831225071832,Oct,2,5,1,1,Returning_Visitor,0,0
3,97.75,1,46.5,12,257.4166667,0.006666667,0.027111111,0.0,0.0,Nov,3,2,6,3,Returning_Visitor,0,0
1,52.4,0,0.0,13,447.2,0.0,0.007692308,42.30391708,0.0,Aug,1,1,1,20,Returning_Visitor,1,1
4,73.5,0,0.0,59,4679.029167,0.009617486,0.032389468,-58.49189469839615,0.0,Dec,2,2,1,13,Returning_Visitor,0,0
2,41.5,0,0.0,10,264.25,0.016666667,0.025,0.0,0.0,Nov,1,4,8,8,New_Visitor,1,1
12,0.0,0,0.0,1,0.0,0.2,0.2,0.0,0.0,June,1,1,3,2,Returning_Visitor,0,0
0,0.0,0,0.0,-108,97.0,0.0,0.025,0.0,0.0,Nov,2,2,3,2,Returning_Visitor,0,1
-7,343.0666667,0,0.0,63,1108.369762,0.0,0.002786596,7.826836353,0.0,Aug,2,10,1,2,Returning_Visitor,0,1
2,28.05714286,25,0.0,73,2260.857143,0.002666667,0.018933333,-57.87925689961211,0.0,June,2,2,7,4,Returning_Visitor,1,0
7,215.2,0,0.0,119,4749.240385,0.015772358,-0.11442809119906738,-54.130508620365404,0.8,May,3,2,6,6,Returning_Visitor,0,0
0,-548.9896913438223,25,41.0,13,698.0,0.0,0.032142857,-53.97321990399713,0.0,Mar,2,5,2,1,Returning_Visitor,0,0
1,23.0,0,0.0,35,1513.0,0.04,0.069333333,0.0,-0.5493451797814144,May,2,2,1,1,Returning_Visitor,0,0
14,444.7,0,505.4702067924419,59,-6050.702577930583,0.18416417887794084,0.0265,68.4175611652811,0.0,Jul,2,2,4,13,Returning_Visitor,0,0
14,0.0,0,0.0,17,857.0,0.023529412,0.076470588,0.0,0.0,May,4,2,4,2,Returning_Visitor,0,0
-10,0.0,0,0.0,14,-6412.5735844319925,0.0,0.023076923,0.0,0.0,Nov,2,2,9,20,Returning_Visitor,1,0
-8,0.0,25,0.0,1,0.0,-0.12646156111638926,0.2,-62.53241656472558,0.0,Jul,3,2,4,1,Returning_Visitor,0,0
3,18.75,0,0.0,7,68.75,0.0,0.025,0.0,0.0,Mar,2,2,5,2,New_Visitor,0,0
1,22.0,25,39.0,80,1903.081639,0.007228916,0.032248996,0.0,0.0,Dec,3,2,1,2,Returning_Visitor,0,0
3,-502.9106953695319,5,3.0,24,3230.25,0.036190476,0.096,0.0,0.0,Mar,2,2,1,2,Returning_Visitor,0,0
0,0.0,0,0.0,10,111.4166667,0.0,0.025,65.13930397840792,0.685267569095153,May,2,2,1,2,Returning_Visitor,0,0
0,0.0,0,0.0,8,158.5,0.0,0.2378085920486292,0.0,0.0,Mar,1,1,1,3,Returning_Visitor,1,0
5,132.4666667,0,0.0,59,1660.222222,0.0,0.21870337469170728,6.475910157,0.0,Mar,3,2,2,1,Returning_Visitor,0,0
0,0.0,25,0.0,11,667.9166667,0.0,0.009090909,0.0,0.0,Dec,2,5,1,2,Returning_Visitor,0,1
13,0.0,0,0.0,47,2493.985714,0.017021277,0.032056738,78.82995732827918,0.0,Dec,2,4,9,1,Returning_Visitor,0,1
1,38.0,0,0.0,16,727.7142857,0.17611309348420331,0.045198413,18.66333333,0.0,May,3,2,4,4,Returning_Visitor,1,0
3,140.0,0,0.0,26,1629.438095,0.0,0.004938272,0.0,0.0,Nov,4,5,2,2,Returning_Visitor,1,0
2,25.625,0,0.0,176,8596.669979,0.005075446,0.012349829,1.469693253,0.0,Dec,2,2,5,2,Returning_Visitor,0,0
0,0.0,25,0.0,4,0.0,0.17466180438472478,0.2,0.0,0.6,May,3,2,1,3,Returning_Visitor,0,0
4,648.9730406859406,0,-410.9303977311244,12,672.7,0.0,0.004444444,83.10114264,0.0,Nov,2,2,3,2,Returning_Visitor,1,1
0,0.0,25,0.0,175,2854.783333,0.005866667,0.019555556,-65.60809284321412,0.0,May,2,2,3,4,Returning_Visitor,0,0
8,196.55,0,0.0,27,422.5333333,0.0,0.009195402,79.75602047948382,0.0,Sep,2,4,1,2,Returning_Visitor,0,0
4,-503.6227744210795,1,146.0,26,-5035.075502003942,0.016666667,0.03,0.0,0.0,May,1,1,6,2,Returning_Visitor,1,0
0,0.0,1,2.0,12,1311.0,0.053333333,-0.15056838612405962,0.0,-0.5623261695804418,May,3,2,1,15,Returning_Visitor,0,0
15,56.4,1,7.0,72,2163.569524,0.19939158942449578,-0.13762391800286872,4.286743658,0.0,June,2,2,1,13,Returning_Visitor,0,0
1,43.5,25,0.0,185,183.875,0.0,0.014285714,0.0,0.7469494905745608,Dec,2,2,1,2,New_Visitor,0,0
0,0.0,2,148.5,72,-5681.133648083685,-0.14384894555925762,0.017905405,0.0,0.0,Dec,2,2,1,2,Returning_Visitor,0,0
0,629.9511646654507,0,0.0,39,2558.5,0.19772392712882955,0.010810811,0.0,0.0,Nov,4,2,2,10,Returning_Visitor,0,0
0,0.0,25,579.7967541084969,188,1225.5,0.18285791293543147,0.044444444,-63.837742637937055,0.0,Mar,1,2,9,1,Returning_Visitor,0,0
0,0.0,0,0.0,1,0.0,0.0,-0.12238243529420473,0.0,0.7785401687590089,May,2,2,3,18,Returning_Visitor,1,0
5,248.9166667,0,0.0,12,1581.5,0.003703704,0.026851852,63.1498595,0.0,Dec,2,2,1,8,Returning_Visitor,0,0
0,0.0,1,37.0,15,497.3333333,0.0125,0.0375,0.0,0.0,Mar,1,1,2,1,Returning_Visitor,0,0
0,0.0,25,0.0,-127,8604.591065291992,0.0,0.035714286,0.0,0.4,May,2,2,1,2,Returning_Visitor,0,0
13,0.0,0,0.0,16,-5962.263379906436,0.0,0.004910714,0.0,0.0,Nov,1,8,2,11,Returning_Visitor,1,0
0,782.5828956627198,0,0.0,19,-4901.543182954786,0.1942400264744325,0.054586466,0.0,1.0,May,1,1,3,3,Returning_Visitor,1,0
-10,0.0,0,0.0,3,74.0,0.0,0.022222222,0.0,0.0,May,3,2,2,2,Returning_Visitor,1,0
0,0.0,0,0.0,16,190.75,0.0,0.01875,0.0,0.0,May,2,2,1,4,Returning_Visitor,0,0
1,0.0,0,0.0,31,1282.0,0.03125,0.05,0.0,0.8,May,2,2,6,3,Returning_Visitor,0,0
8,623.5352189729283,3,124.5,52,968.1964286,0.0,0.005172414,-57.481578728802376,-0.735048717261225,Nov,2,2,1,2,Returning_Visitor,0,1
3,73.2,5,124.2666667,10,8706.636560893361,-0.13630558790916272,0.20599748192890585,0.0,0.0,Sep,2,2,5,1,New_Visitor,0,0
14,1064.0,1,10.0,58,7445.594975514532,-0.16932003206821133,0.028059163,6.221045455,0.0,May,2,5,3,1,Returning_Visitor,1,0
14,0.0,0,0.0,-100,450.2,0.0,0.021904762,0.0,0.0,May,2,2,7,2,Returning_Visitor,0,0
-10,8.0,0,0.0,27,787.5357143,0.0,0.005142857,0.0,0.788151402261331,Nov,3,2,1,20,Returning_Visitor,0,0
0,665.5702261370442,0,-434.44751677142085,2,0.0,0.2,0.2,0.0,0.0,Nov,1,1,1,3,Returning_Visitor,1,0
-7,752.2607106522,3,41.5,67,3397.957955,0.0,0.015504136,0.0,0.0,Dec,2,2,2,2,Returning_Visitor,1,0
4,662.7621295591575,1,194.5,56,1948.713745,0.001724138,0.021055381,14.69293103,0.0,May,1,2,3,2,Returning_Visitor,0,1
0,-573.211162079697,25,548.9060133104294,5,164.0,0.04,0.20976347030171502,0.0,0.0,Mar,3,2,1,1,Returning_Visitor,0,0
15,10.5,25,0.0,49,1747.125,-0.12560369089767626,0.048014184,0.0,-0.6238163408715617,May,2,4,1,4,Returning_Visitor,0,0
0,0.0,0,465.71718953145086,3,36.0,0.0,0.066666667,0.0,0.0,May,2,7,3,11,Returning_Visitor,1,0
0,0.0,0,0.0,9,319.6666667,0.033333333,0.055555556,0.0,0.0,May,1,1,1,1,Returning_Visitor,0,0
3,-596.2229114268205,1,51.0,16,463.4166667,0.0,0.021052632,0.0,-0.6814451951578464,May,3,2,3,4,New_Visitor,1,0
0,788.2898410437051,25,0.0,15,907.5,0.006666667,0.031111111,0.0,0.8082303918142657,May,2,2,7,2,Returning_Visitor,0,0
5,146.0,0,0.0,8,489.0,0.0,0.015384615,0.0,0.0,Mar,2,2,8,3,Returning_Visitor,0,0
12,0.0,25,465.50557972708424,8,166.25,0.0,0.0125,0.0,0.0,May,2,10,1,4,Returning_Visitor,1,0
2,24.0,0,-497.445047238518,37,1391.105556,0.001315789,0.01505848,0.0,0.0,Sep,1,1,2,2,Returning_Visitor,0,0
15,266.25,0,592.2299070052956,172,4098.699853,-0.142002508870633,0.016214742,2.90865324,0.0,Nov,2,2,7,2,Returning_Visitor,0,0
0,-490.47195785762773,2,90.0,9,103.6666667,0.018181818,0.061818182,0.0,0.0,Mar,3,2,1,1,Returning_Visitor,0,0
0,0.0,1,0.0,167,0.0,0.2,0.2,0.0,0.0,Nov,1,1,1,15,Returning_Visitor,0,0
0,0.0,0,-525.0960135541424,24,1010.25,-0.15435150628175548,0.016666667,31.81967723,0.0,Dec,3,2,8,2,Returning_Visitor,0,1
0,0.0,2,193.5,29,2141.902778,0.029032258,0.2127564207161934,0.0,0.0,Dec,2,2,1,3,Returning_Visitor,0,0
0,0.0,0,0.0,3,-5824.72719443294,0.18768422626013226,0.133333333,0.0,0.0,May,2,4,3,6,Returning_Visitor,0,0
6,162.1071429,25,0.0,31,1269.766667,0.012121212,0.021212121,29.77472727,0.0,May,2,5,1,2,New_Visitor,1,0
0,0.0,25,0.0,9,140.2,0.19091414528516895,0.044444444,-67.49568390824251,0.0,Sep,2,2,9,2,New_Visitor,1,0
0,0.0,0,0.0,33,8281.328870625039,0.0,0.015151515,0.0,0.0,Nov,2,2,2,13,Returning_Visitor,0,0
0,0.0,25,0.0,32,1723.75,0.006666667,0.026666667,0.0,0.7117732097519629,May,2,2,6,3,Returning_Visitor,0,0
0,0.0,0,0.0,1,0.0,-0.1562086710758263,0.2,0.0,0.0,Nov,1,1,1,20,Returning_Visitor,0,0
3,712.1151856516444,0,0.0,26,812.1047619,0.021428571,0.038095238,0.0,0.0,Nov,1,2,3,2,Returning_Visitor,0,0
-8,191.25,0,-412.85959313138335,27,1109.25,0.013793103,0.024137931,9.022741507,0.0,Nov,2,6,1,1,Returning_Visitor,0,0
3,102.6,0,0.0,35,871.8333333,0.0,0.002631579,0.0,0.0,Oct,1,1,1,2,New_Visitor,1,0
-8,695.3626373841653,0,0.0,36,851.3333333,0.010810811,0.032432432,0.0,0.2,May,4,1,1,4,Returning_Visitor,0,0
8,168.1666667,0,0.0,28,-4545.728575102003,0.014285714,0.011428571,0.0,0.0,May,1,1,1,3,Returning_Visitor,1,0
13,75.0,0,0.0,171,346.0,0.0,0.021052632,-57.43670560204497,0.0,Nov,2,2,3,11,Returning_Visitor,0,0
2,42.0,0,0.0,-139,218.0,0.0,0.003225806,0.0,0.0,Mar,2,2,1,2,Returning_Visitor,0,0
0,0.0,0,0.0,3,144.5,0.0,0.1,0.0,0.0,Nov,3,2,2,2,New_Visitor,0,0
1,11.0,0,-418.2147687802101,-136,1145.0,0.05,0.1,0.0,0.7395027351122067,May,2,2,3,13,Returning_Visitor,0,0
0,785.6625599241479,25,0.0,5,82.0,0.1,0.146666667,0.0,0.0,Mar,1,1,3,1,Returning_Visitor,0,0
2,96.0,0,512.8308821508655,37,1238.5,0.005128205,-0.13641480884823842,0.0,0.8442774703222349,Mar,2,2,1,2,New_Visitor,0,0
0,0.0,0,0.0,1,0.0,0.2,0.2,0.0,0.0,May,6,7,3,15,Returning_Visitor,0,0
6,97.88235294,2,9.0,58,2293.59902,-0.1667556760359051,0.033973374,-68.01107229624513,0.0,May,2,2,7,4,Returning_Visitor,0,1
14,0.0,0,0.0,7,155.5,0.047619048,0.085714286,0.0,0.0,Nov,1,1,2,3,Returning_Visitor,0,0
0,0.0,6,77.95833333,423,17086.23424,0.006293706,0.22223886551442576,-63.41859629248743,0.0,Nov,2,2,7,1,Returning_Visitor,1,0
0,0.0,0,0.0,1,0.0,0.19035567335018494,-0.13477418255024823,0.0,0.0,Nov,1,1,6,1,Returning_Visitor,1,0
0,0.0,0,-423.34973077440986,1,24.5,0.0,-0.11484103576495767,62.07045657392598,0.0,Dec,2,4,3,1,Returning_Visitor,0,0
14,-499.59435489040425,0,0.0,11,7314.674869840344,0.0,0.21177000201542787,0.0,0.0,Dec,3,2,6,2,New_Visitor,1,0
5,389.0,0,0.0,-128,310.5,0.0,0.014285714,0.0,0.7393102155378297,May,2,4,2,2,New_Visitor,0,0
0,0.0,25,0.0,8,165.8,0.022222222,-0.10467204613372655,0.0,0.6,May,1,1,1,1,Returning_Visitor,0,0
0,0.0,0,0.0,28,1023.125,0.007142857,0.028571429,0.0,0.0,Nov,2,2,3,2,Returning_Visitor,0,0
0,0.0,0,0.0,9,326.0,0.0,0.055555556,0.0,0.0,May,3,2,4,2,Returning_Visitor,0,0
8,171.75,25,16.0,49,1494.083333,0.001257862,0.028773585,0.0,-0.7314069049505526,Nov,2,2,1,1,Returning_Visitor,0,0
0,0.0,0,0.0,179,7467.0951726370295,0.0,0.011578947,65.50899570083168,0.0,Mar,2,2,3,1,Returning_Visitor,0,0
1,4.0,0,0.0,31,1075.759524,0.0,0.007758621,0.0,0.0,May,2,6,2,11,New_Visitor,0,0
-8,141.9166667,2,1060.75,136,-4622.068363125806,0.007159986,0.016360941,21.3825758,0.0,Dec,3,2,1,2,Returning_Visitor,0,1
-7,0.0,25,82.5,-99,143.375,0.016666667,0.055555556,0.0,0.0,Dec,3,2,6,2,Returning_Visitor,0,0
0,0.0,0,0.0,14,510.5,0.18334316143608068,0.015384615,65.3119067524108,0.0,Mar,2,2,1,2,New_Visitor,0,1
5,45.0,0,0.0,59,1100.475,0.0,0.008391881,-54.758102974730946,0.0,Nov,2,5,4,2,Returning_Visitor,1,1
4,324.5,0,0.0,30,1456.783333,0.0,0.009019608,30.01288235,0.0,May,2,2,4,2,Returning_Visitor,0,1
2,45.44444444,25,-470.0300235904019,57,851.6426534,0.0,0.007923497,3.077836066,0.0,Mar,2,4,3,1,Returning_Visitor,1,1
2,179.0,1,545.3105149972612,2,163.0,0.0,0.19807124655166608,0.0,0.0,May,1,1,3,2,New_Visitor,0,0
1,8.0,0,0.0,28,643.875,0.0,0.003571429,0.0,0.6,May,2,4,1,2,New_Visitor,0,0
0,0.0,0,0.0,5,975.5,0.08,-0.14802994732760175,0.0,-0.7276316937565719,Nov,3,2,3,13,Returning_Visitor,0,0
0,0.0,0,0.0,173,4800.574762,0.014473684,0.032872807,0.0,0.0,Oct,2,2,1,1,Returning_Visitor,1,0
0,0.0,0,0.0,-133,62.0,0.0,0.19064766619279536,-66.40763281717875,0.0,Mar,2,2,1,1,Returning_Visitor,0,0
3,223.3333333,2,-396.6597926851859,37,1118.987027,0.003252033,0.018958927,0.0,0.0,Nov,2,2,1,2,Returning_Visitor,1,0
5,84.25,0,0.0,19,7401.537223861549,0.0,0.01038961,-51.940680385166736,0.0,Mar,3,2,2,3,New_Visitor,0,0
6,114.2591575,9,584.3223996302903,119,6245.704152,0.003125,0.012179841,32.32493691,0.0,Dec,3,2,1,2,Returning_Visitor,1,1
7,81.5,0,0.0,56,857.7355067,0.0,0.014259607,0.0,0.6785515740805713,June,3,2,1,4,Returning_Visitor,0,0
2,677.3401600476569,0,0.0,36,943.6190476,0.031944444,0.048194444,0.0,0.7510574023325419,May,3,2,1,13,Returning_Visitor,0,0
0,-609.8100413218364,0,0.0,2,648.0,0.2076958522883218,0.1,0.0,0.8,May,1,1,4,1,Returning_Visitor,0,0
1,14.0,0,0.0,197,1093.142857,-0.16435332604528202,0.02125,70.69203170505983,0.0,Mar,2,2,2,2,Returning_Visitor,0,0
0,0.0,0,0.0,27,1115.75,0.015384615,0.034615385,0.0,0.0,May,2,2,1,13,Returning_Visitor,0,0
4,-623.693964964892,0,0.0,235,10046.80771,0.007670851,0.022527689,0.0,0.0,Nov,2,2,1,2,Returning_Visitor,0,1
3,167.0,0,0.0,42,-5457.536490970882,0.0,0.008888889,0.0,0.0,Aug,2,4,1,3,Returning_Visitor,0,0
2,105.0,0,0.0,16,305.4285714,0.0,0.01875,0.0,0.2,May,1,8,3,11,Returning_Visitor,0,0
2,292.2,0,0.0,19,1391.383333,0.0,0.22522559817920831,18.84993357,0.0,Oct,3,2,1,2,New_Visitor,0,1
1,6.0,0,0.0,7,212.0,0.0,0.025,0.0,0.7100328054778869,Nov,1,1,1,3,Returning_Visitor,0,0
11,348.6547619,1,11.0,64,1229.289286,0.0,0.002493853,71.26142094665637,0.0,Mar,2,2,1,2,New_Visitor,0,0
-10,0.0,25,0.0,0,0.0,0.2,0.2,0.0,-0.6195273601822604,May,3,2,3,18,Returning_Visitor,1,0
6,87.7,2,60.5,24,448.1945887,0.0,0.005747126,0.0,0.0,Nov,2,5,1,8,New_Visitor,0,0
0,0.0,25,0.0,2,78.1,0.18,0.171428571,0.0,0.6805657185418071,Sep,2,5,3,2,Returning_Visitor,0,0
0,0.0,2,116.0,11,419.75,0.0,0.038461538,75.91568041573441,0.0,Dec,2,2,1,2,Returning_Visitor,0,0
0,0.0,0,0.0,6,0.0,0.2,0.2,63.73771447764907,0.0,Nov,1,8,4,1,Returning_Visitor,0,0
15,30.0,0,0.0,176,-5646.419721924989,0.001363636,0.2149311957079326,22.02197159,0.6,May,2,2,7,2,Returning_Visitor,0,1
2,67.5,25,0.0,11,294.0,0.0,0.009090909,0.0,0.0,Dec,1,1,3,8,Returning_Visitor,1,0
5,107.5,25,0.0,31,2221.0,0.002857143,0.01047619,0.0,0.0,Nov,2,2,9,3,Returning_Visitor,0,0
0,0.0,0,0.0,-107,339.0,0.0,0.033333333,0.0,-0.686542430350409,Nov,1,1,1,3,Returning_Visitor,0,0
0,0.0,0,0.0,12,127.0,0.016666667,0.041666667,0.0,0.0,Mar,2,2,9,1,Returning_Visitor,0,0
0,0.0,0,0.0,3,60.0,-0.12785460220282863,0.066666667,0.0,0.8080358628486493,Dec,1,1,7,2,Other,0,0
15,55.8,0,0.0,17,2023.2,0.0,0.011111111,-54.38373698267443,-0.5450839592501073,Jul,2,2,1,2,New_Visitor,0,0
0,0.0,2,39.0,15,245.0,-0.16431658452117512,0.23029202468443777,11.9955404,0.0,Mar,2,2,1,3,Returning_Visitor,1,1
0,0.0,0,0.0,2,11.0,0.0,0.1,0.0,0.0,May,3,2,3,2,Returning_Visitor,0,0
0,-553.864211051542,0,0.0,13,437.25,0.069230769,0.102564103,0.0,0.0,Mar,1,1,3,3,Returning_Visitor,0,0
0,-466.52123189287624,0,478.2932146942892,-105,18.2,0.15,0.15,0.0,0.0,Sep,3,2,1,13,Returning_Visitor,0,0
0,0.0,2,4.0,45,2984.130952,0.004255319,0.02141844,0.0,0.0,Nov,2,2,1,1,Returning_Visitor,0,0
0,0.0,25,0.0,24,-5073.474122780721,0.077777778,0.111111111,0.0,0.0,Oct,1,1,1,3,Returning_Visitor,0,0
6,90.41666667,0,495.5251475539438,5,100.4166667,0.0,0.02,0.0,0.0,Dec,1,2,6,8,New_Visitor,0,0
0,0.0,25,0.0,2,22.0,0.0,0.1,0.0,0.0,Mar,2,2,1,1,Returning_Visitor,0,0
0,0.0,0,0.0,3,91.0,0.066666667,0.133333333,74.37590249105901,0.0,May,2,2,3,11,Returning_Visitor,0,0
2,27.58333333,25,0.0,163,420.2,0.008695652,0.01516165,0.0,0.0,May,3,2,1,4,Returning_Visitor,0,0
15,0.0,0,0.0,17,-5330.284200539033,0.011764706,0.007843137,0.0,-0.5635097609797823,Mar,1,1,1,2,Returning_Visitor,0,0
0,0.0,0,0.0,14,354.25,0.0,0.015384615,124.032,0.6942684499868299,May,1,1,6,5,New_Visitor,0,1
5,72.425,2,-473.01121300891947,33,-5506.514737963171,0.0,0.19636397907383882,4.230212245,0.0,May,2,2,2,1,Returning_Visitor,1,0
13,0.0,25,0.0,-110,7.0,0.05,0.15,-54.759864633700936,0.2,May,2,2,7,4,Returning_Visitor,0,0
11,1305.114737,4,629.5142857,27,1161.479023,0.009803922,-0.13124217920409254,12.76490187,0.0,Oct,1,2,3,20,Returning_Visitor,0,1
0,0.0,0,0.0,10,408.0,0.21080564217959996,0.022222222,88.78460596,0.0,Mar,2,2,1,2,Returning_Visitor,0,1
2,36.2,0,0.0,-126,1805.083333,0.0,0.008695652,3.586636448,0.0,Sep,2,2,1,2,Returning_Visitor,1,1
5,200.5,0,520.7753476978921,49,837.4166667,0.21146503889550483,0.008333333,28.16275,0.0,May,2,2,1,3,New_Visitor,0,1
0,0.0,0,0.0,9,-6118.208368457677,0.0,0.022222222,0.0,0.2,May,2,2,1,3,Returning_Visitor,0,0
0,0.0,0,0.0,1,0.0,0.2,0.2,0.0,0.0,Mar,2,2,2,3,Returning_Visitor,0,0
0,0.0,0,493.42324557846274,7,8674.605017771704,0.033333333,0.066666667,0.0,0.0,Mar,2,2,3,1,Returning_Visitor,0,0
4,104.5,4,261.8333333,13,214.6922078,0.033333333,0.028759666,0.0,0.0,May,3,2,1,2,Returning_Visitor,1,0
14,47.0,1,531.5232662655641,-104,3008.124108,0.007142857,0.016727891,46.53017511,0.0,Mar,2,2,1,1,Returning_Visitor,0,0
11,383.3,2,517.5513617576702,189,-6370.227345476332,0.007286432,0.19807013223200162,0.0,0.0,Aug,2,10,2,1,Returning_Visitor,0,0
0,0.0,0,0.0,10,328.5,0.0,0.041666667,0.0,0.7703981595918019,Nov,2,2,7,6,Returning_Visitor,0,0
5,162.5,1,11.0,82,1164.099635,0.21345972287638712,0.01668402,-50.88409730232217,0.0,May,3,2,7,2,Returning_Visitor,0,0
1,4.0,0,0.0,73,2000.618333,0.0,0.20874968160113486,0.0,0.0,Sep,2,10,7,3,Returning_Visitor,0,0
0,0.0,0,0.0,167,233.5,0.2130374392314251,0.033333333,0.0,-0.6693430249170603,May,1,1,1,1,Returning_Visitor,0,0
2,227.6,0,-485.223137172578,115,5284.816825,0.0,0.002849003,-64.86883369741469,0.0,Oct,2,2,4,4,Returning_Visitor,0,0
0,0.0,0,0.0,4,67.0,0.0,0.05,0.0,0.6,May,2,4,1,3,Returning_Visitor,0,0
0,-609.882127800493,25,19.25,4,95.0,0.0,0.033333333,0.0,0.0,Nov,2,2,4,2,Returning_Visitor,1,0
13,408.6,0,0.0,21,589.4214286,0.004444444,0.014814815,18.09857173,0.0,Aug,2,2,8,2,Returning_Visitor,0,1
0,0.0,0,0.0,12,94.5,0.033333333,0.025555556,0.0,0.0,Mar,3,2,4,11,Returning_Visitor,0,0
4,251.0,9,172.0,64,4326.666667,0.008552632,0.024502924,0.0,0.0,Dec,2,2,4,2,Returning_Visitor,0,0
11,211.0333333,3,173.2333333,-143,1340.676667,0.000391389,0.019726027,17.42324027,0.0,Aug,2,2,7,2,Returning_Visitor,0,0
0,-512.6390245153414,0,0.0,2,5.0,0.0,0.1,0.0,0.0,Mar,2,2,1,2,Returning_Visitor,0,0
0,0.0,0,0.0,204,546.2291667,0.014814815,-0.13023681630267334,14.49431487,0.0,Dec,2,2,7,2,Returning_Visitor,0,0
2,-621.7369700051638,25,0.0,35,1776.083333,0.0,-0.1478796268203313,0.0,0.0,Dec,2,2,4,1,Returning_Visitor,0,0
8,459.3333333,25,0.0,25,2408.815476,0.0,0.008333333,81.19520286,0.0,Nov,3,2,7,8,Returning_Visitor,1,1
15,292.88,1,48.35,130,3645.909048,0.001459854,0.008515815,10.41358118,0.0,Nov,2,4,8,2,Returning_Visitor,0,0
3,92.75,2,-490.3279955546738,23,-5799.178244397007,0.008333333,-0.12095237839971598,74.46000368460139,0.0,Nov,2,2,6,2,Returning_Visitor,0,0
13,0.0,0,0.0,1,0.0,0.2,0.2,0.0,-0.6976289539126881,May,1,1,4,3,Returning_Visitor,0,0
5,-632.8313299377304,3,583.8994645022476,23,-5484.3314575855975,0.014285714,0.019047619,9.352780048,0.0,Oct,1,1,4,3,Returning_Visitor,0,1
11,216.2285714,6,704.75,304,11250.48672,0.006697236,0.018717242,-59.753020060446694,0.0,Nov,2,2,1,2,Returning_Visitor,0,1
0,710.5585098514069,0,0.0,6,-5382.840782971692,0.033333333,-0.13018044151779548,0.0,0.0,Mar,3,2,1,1,Returning_Visitor,0,0
3,51.8,0,0.0,23,864.0071429,0.0,0.008,13.52088614,0.0,Nov,2,4,5,2,Returning_Visitor,0,0
15,0.0,0,552.172879693202,196,0.0,0.2129112159319605,0.2,0.0,0.2,May,3,2,6,3,Returning_Visitor,0,0
0,0.0,0,-446.2548157461336,-109,-5780.172357683105,0.2,0.2,0.0,0.8,May,4,1,1,4,Returning_Visitor,0,0
0,0.0,25,0.0,21,304.5416667,0.00952381,0.023809524,0.0,0.0,Dec,2,2,3,10,Returning_Visitor,0,0
0,0.0,0,544.685529319928,2,15.0,0.0,0.1,0.0,0.8,Feb,2,4,1,3,Returning_Visitor,0,0
-9,40.5,0,0.0,-135,593.5071429,0.0,0.028787879,0.0,0.0,May,3,2,6,3,Returning_Visitor,0,0
1,19.0,25,-396.7442934752656,4,296.9166667,0.04,0.04,0.0,0.0,Dec,3,2,1,6,Returning_Visitor,0,0
4,160.5833333,1,136.75,21,1632.733333,0.0,0.004545455,16.53909091,0.0,May,2,2,4,2,New_Visitor,1,0
4,41.33333333,0,-460.2489383022439,136,4569.904365,0.0,0.00891253,0.0,0.8469814171322084,May,2,2,4,4,Returning_Visitor,0,0
0,0.0,0,0.0,12,349.0,0.066666667,0.088888889,0.0,0.0,May,2,2,9,13,Returning_Visitor,0,0
1,113.6666667,25,2.0,16,589.6666667,0.0,0.003632479,-52.776232877453175,0.0,May,3,2,6,11,New_Visitor,1,0
0,739.0985845980803,0,0.0,-121,305.5,0.0,0.028571429,0.0,0.0,Nov,2,2,1,3,Returning_Visitor,0,0
0,0.0,0,-518.3630749551644,7,108.25,0.0,0.028571429,0.0,0.0,Dec,2,2,7,2,New_Visitor,1,0
-8,9.0,1,-463.76054755368875,18,8562.575277932858,0.0,0.017160494,0.0,0.0,Nov,2,2,7,2,Returning_Visitor,0,0
0,-498.7694543016206,0,0.0,10,211.8333333,0.0,-0.1238835892503055,0.0,0.0,Dec,2,2,3,13,Returning_Visitor,0,0
5,48.97619048,25,65.0,40,1159.5671,0.0,0.016324111,12.48912129,0.0,Dec,1,1,4,2,Returning_Visitor,1,0
4,178.1666667,4,-499.7058383205888,-140,214.8333333,0.0,0.018181818,-56.84044679899201,0.0,Dec,2,2,2,1,Returning_Visitor,0,0
0,0.0,25,0.0,173,-6004.429697996611,0.066666667,0.1,0.0,0.0,June,2,2,1,3,Returning_Visitor,0,0
0,0.0,0,0.0,48,2235.0,-0.1604963703351803,0.025362319,9.127391304,0.0,May,2,2,7,2,Returning_Visitor,1,0
1,18.2,25,9.0,30,3959.45,0.024652778,0.060590278,0.0,0.0,Dec,2,2,6,3,Returning_Visitor,0,0
5,659.2053540690962,25,0.0,30,2205.666667,0.0,0.012121212,47.26060606,0.717276711443188,May,2,2,4,6,Returning_Visitor,0,1
6,56.89,0,0.0,168,1296.916144,-0.156690631807181,0.022634921,1.342134935,0.0,Sep,2,2,7,1,Returning_Visitor,0,0
1,3.0,0,0.0,11,271.7166667,0.0,0.21314487464899567,0.0,0.709483911098746,Mar,4,1,3,2,Returning_Visitor,1,0
1,13.0,0,483.9395567272973,184,317.0,0.0,-0.10910925082970402,77.41973685640727,0.0,Mar,2,2,1,2,New_Visitor,1,0
0,0.0,0,0.0,11,822.0,0.054545455,0.063636364,67.66594909512484,0.4,May,2,2,2,4,Returning_Visitor,0,0
3,40.0,0,0.0,19,1051.5,0.008333333,0.030555556,12.18,0.6,May,1,1,4,3,Returning_Visitor,0,1
6,-509.85724796757535,3,189.3,12,304.7,0.0,0.038596491,2.848312236,0.0,June,2,2,1,4,Returning_Visitor,0,1
0,-505.953095000674,0,0.0,-120,459.0,-0.1358807477028845,0.028571429,26.98,0.0,May,2,4,3,2,Returning_Visitor,0,1
0,0.0,0,0.0,40,7785.786372122298,0.0,0.20870819299338414,68.9384377778218,0.0,Nov,2,2,1,2,Returning_Visitor,1,1
1,28.2,0,0.0,20,679.5666667,0.18964863477493246,0.006349206,0.0,0.0,Nov,2,2,2,3,New_Visitor,0,0
2,151.0,0,0.0,-118,7825.478796196428,0.004761905,0.015873016,10.8692605,0.0,Mar,1,1,7,1,Returning_Visitor,1,1
8,-630.2317899500947,2,186.2333333,49,1088.636905,-0.13807158902967284,0.029589443,0.0,0.0,June,1,1,3,3,Returning_Visitor,0,0
1,16.6,0,0.0,84,1893.619048,0.016825397,0.030138889,0.0,0.0,Oct,1,1,6,3,Returning_Visitor,0,0
0,0.0,0,0.0,1,0.0,0.2,0.2,0.0,0.8,May,2,2,3,1,Returning_Visitor,0,0
15,770.7388889,2,138.6666667,35,8512.446185352881,0.0,0.005434783,-55.604979695757635,0.0,Nov,2,2,7,2,Returning_Visitor,0,1
0,0.0,0,0.0,3,20.0,0.0,0.21673469205161072,0.0,0.0,Dec,2,4,3,2,Returning_Visitor,0,0
0,0.0,0,0.0,-99,0.0,-0.14111017996269073,0.2,0.0,0.0,Dec,2,2,1,13,Returning_Visitor,0,0
2,87.5,0,557.7695779146013,29,1352.133333,0.0,0.025287356,34.60160214,0.0,Nov,3,2,6,2,Returning_Visitor,1,1
-7,0.0,0,0.0,3,0.0,0.2,0.2,0.0,0.0,Dec,1,1,1,3,Returning_Visitor,0,0
4,600.4230769,0,0.0,17,1883.827222,0.00075188,0.013061325,0.120699914,0.8211607774805277,Mar,2,2,1,8,Returning_Visitor,0,1
-8,0.0,0,0.0,7,96.0,0.0,0.025,54.20146753,0.0,Nov,2,2,1,2,New_Visitor,0,1
2,70.0,0,0.0,18,443.0,0.0,0.02,24.2865,0.0,May,2,5,5,4,New_Visitor,1,1
9,904.5833333,4,83.5,132,8477.895946517798,0.012738095,-0.1121779907373519,8.960747931,0.0,Nov,3,2,3,2,Returning_Visitor,1,1
2,23.0,0,0.0,31,618.0,0.0,0.006451613,67.99776201534131,0.0,May,2,2,9,3,Returning_Visitor,0,0
0,0.0,0,0.0,7,267.5,0.028571429,0.064285714,0.0,0.0,Dec,2,2,6,3,Returning_Visitor,0,0
6,701.3990302642115,0,-529.3087009834177,3,111.8,0.0,0.2102897364254778,0.0,0.0,Aug,2,2,9,5,New_Visitor,1,0
0,0.0,25,-451.86838017750085,11,253.0,0.0,0.027272727,0.0,0.0,Mar,2,2,2,1,Returning_Visitor,0,0
0,-548.7762973351812,0,0.0,13,231.5,0.015384615,0.023076923,69.50845642086033,0.0,May,2,4,3,1,Returning_Visitor,0,0
0,0.0,0,0.0,5,1474.5,0.0,0.2188851277490946,0.0,0.0,May,1,1,1,3,Returning_Visitor,0,0
0,0.0,25,0.0,3,170.6666667,0.033333333,0.026666667,0.0,0.0,Dec,3,3,1,11,New_Visitor,0,0
2,87.0,0,520.2650377826742,20,918.0833333,0.0075,0.010666667,0.0,-0.6372311283902633,May,1,1,2,2,Returning_Visitor,0,0
3,112.75,25,287.5,27,1491.5,0.013968254,0.021326007,5.772982827,0.0,Nov,1,1,1,2,Returning_Visitor,0,0
13,0.0,0,0.0,2,96.0,0.0,0.19528213157867255,73.42243186556964,0.0,Mar,4,1,1,1,Returning_Visitor,0,0
0,0.0,0,0.0,15,581.4166667,0.0,0.007142857,0.0,0.0,Mar,2,5,1,2,Returning_Visitor,0,0
-8,0.0,0,0.0,2,39.0,0.0,0.1,0.0,0.0,May,2,4,9,3,Returning_Visitor,0,0
2,14.0,0,0.0,-126,-5548.358493165024,0.004166667,0.015097222,0.0,0.0,Mar,3,2,7,1,Returning_Visitor,0,0
1,36.3,0,0.0,183,0.0,0.053333333,-0.14278027050281278,-49.99475689502096,0.0,Sep,3,2,3,6,Returning_Visitor,0,1
0,0.0,0,0.0,11,357.3333333,0.0,0.022222222,0.0,0.0,Dec,1,1,3,2,New_Visitor,0,0
13,0.0,0,467.67032452547284,6,69.5,0.0,0.033333333,0.0,-0.6640547278080807,Mar,2,2,7,1,Returning_Visitor,0,0
0,0.0,0,0.0,2,299.5,0.1715528816199652,-0.14785411787225972,0.0,0.0,Nov,2,2,3,2,New_Visitor,0,0
0,0.0,0,0.0,10,274.3,0.0,0.06,0.0,0.0,June,2,2,4,3,Returning_Visitor,0,0
12,43.5,3,230.1666667,-129,3773.715179,0.20358611513970765,0.018162523,17.77043431,0.0,Nov,2,2,1,2,Returning_Visitor,0,1
2,22.2,0,0.0,186,163.9,0.0,-0.11732309411952918,0.0,0.6789525050271406,Nov,2,2,1,2,Returning_Visitor,0,0
4,15.0,1,17.0,17,490.0,0.0,0.027272727,15.66445171,0.0,Mar,2,2,4,10,Returning_Visitor,0,1
11,344.1,25,477.6,170,1475.608427,0.01641791,0.030868963,10.45977002,-0.5956774730247342,Oct,1,1,3,1,Returning_Visitor,0,0
0,0.0,0,0.0,169,139.7083333,0.0,-0.13427844291138596,0.0,0.0,Mar,2,2,1,2,Returning_Visitor,0,0
0,0.0,0,0.0,4,36.0,0.20326661649292316,-0.1464909890362928,0.0,0.6,May,2,5,1,3,Returning_Visitor,0,0
3,21.0,0,0.0,109,2587.530411,0.0,0.21570982987961204,0.0,0.0,Nov,2,2,1,3,Returning_Visitor,0,1
0,0.0,0,0.0,4,87.875,0.0,0.026666667,0.0,-0.5412079315655591,Nov,1,1,4,10,Returning_Visitor,1,1
-9,0.0,0,0.0,190,7499.842574835735,0.007317073,0.031707317,8.898618695,0.0,Nov,2,4,1,10,Returning_Visitor,0,1
10,163.6333333,1,294.0,80,7723.814068569342,0.002325581,0.024224806,19.73335395,0.0,Nov,2,1,2,2,Returning_Visitor,1,1
6,344.2,3,201.4,-116,1693.633333,0.003703704,0.014814815,11.27445733,0.0,Nov,2,6,1,2,Returning_Visitor,0,0
3,213.0,25,0.0,2,338.0,0.0,0.0,112.4141272,0.0,Oct,1,1,1,5,Returning_Visitor,0,1
0,0.0,1,0.0,23,456.3333333,0.043478261,0.068115942,-56.57258172834604,-0.717732938542208,May,2,4,3,6,Returning_Visitor,0,0
0,0.0,0,0.0,3,96.5,0.0,0.022222222,0.0,0.0,Mar,1,1,1,3,Returning_Visitor,1,0
-8,52.4,0,0.0,167,176.1,0.0,-0.13172201125403327,0.0,-0.7015711928485698,Aug,1,1,1,5,Returning_Visitor,1,0
1,28.5,25,502.933462956532,79,1608.214286,0.17484937365305503,0.007748918,0.0,0.7538016456380437,Nov,1,1,3,3,Returning_Visitor,0,0
14,631.6120215507592,1,51.5,31,618.75,0.003225806,0.027956989,0.0,0.0,Nov,2,2,1,13,Returning_Visitor,0,0
0,0.0,0,0.0,176,59.0,0.08,0.12,76.62327633412511,0.0,Mar,2,2,7,1,Returning_Visitor,0,0
1,64.0,25,0.0,54,1155.033333,0.001282051,0.003974359,0.0,0.0,May,4,2,2,4,Returning_Visitor,0,0
4,40.2,1,16.13333333,9,8125.616586599641,0.0,-0.13534183549934278,0.0,0.82724550480763,Oct,2,2,6,2,New_Visitor,0,0
0,0.0,0,0.0,8,157.5714286,0.0,0.025,0.0,0.0,Mar,3,2,2,3,Returning_Visitor,0,0
12,1528.25,25,91.0,174,7962.72070855675,0.006349206,0.025925926,22.92341151,0.0,Nov,1,1,1,2,Returning_Visitor,1,0
18,-521.0083278095979,6,571.3141777932219,106,3163.096825,0.011664747,0.021393867,1.307682317,0.0,Nov,3,2,6,13,Returning_Visitor,0,0
1,175.48,25,0.0,-124,7966.74260214662,0.002291667,0.031102504,0.0,0.0,June,2,2,1,5,Returning_Visitor,0,0
2,748.1838802850294,0,0.0,30,1216.726667,0.0,0.008602151,62.2411196726609,0.0,Nov,4,2,6,2,New_Visitor,1,1
8,194.2916667,5,474.612243792536,176,1291.35119,0.013131313,0.020454545,41.67776195,0.0,Dec,3,3,1,2,Returning_Visitor,1,0
12,0.0,0,0.0,8,323.5,0.0,0.025,77.87204876954638,0.0,May,1,1,1,5,New_Visitor,0,1
5,243.6666667,25,415.0,20,8433.230748267735,0.0,0.23005149070680564,91.98,0.0,Mar,1,1,3,1,Returning_Visitor,0,1
0,0.0,0,599.6243753152197,13,7853.051685800382,0.015384615,0.084615385,0.0,0.0,Sep,1,1,1,3,Returning_Visitor,0,0
2,-524.0683481760174,2,521.7961893128709,15,771.875,0.01,0.23113004811573912,15.39534668,0.0,Dec,2,2,3,2,Returning_Visitor,0,0
1,-604.3567175438513,0,578.0473222912765,4,73.5,0.0,0.04,0.0,0.0,Nov,2,2,1,2,New_Visitor,0,0
13,98.6,0,0.0,11,1200.2,0.014285714,0.2055160128960239,18.41056693,0.0,Nov,2,6,2,1,Returning_Visitor,1,0
13,-542.3862492085664,0,0.0,2,107.8,0.0,0.1,0.0,0.0,Aug,2,2,5,13,Returning_Visitor,0,0
12,0.0,0,0.0,11,555.625,0.018181818,0.054545455,0.0,0.0,Nov,2,2,1,3,Returning_Visitor,0,0
2,7.0,25,0.0,27,7022.198594052011,0.014814815,0.030452675,0.0,0.0,Mar,2,4,4,3,Returning_Visitor,1,0
12,171.2916667,2,594.8186994837331,205,7443.407447,0.003958333,0.014633794,0.0,0.0,Nov,2,2,1,1,Returning_Visitor,0,0
17,195.4864719,1,60.5,94,-5471.639602428973,0.002111614,0.008213489,4.511078764,0.0,Nov,3,2,3,2,Returning_Visitor,0,1
14,236.4,25,0.0,14,341.7,0.059649123,0.084210526,0.0,0.0,June,3,2,4,3,Returning_Visitor,0,0
0,0.0,0,0.0,164,-5707.215079828398,0.04,0.08,0.0,0.0,May,1,8,4,11,Returning_Visitor,1,0
0,0.0,0,0.0,13,255.0833333,0.0,0.015384615,0.0,0.8598607571158018,Dec,2,2,8,1,Returning_Visitor,0,0
0,0.0,0,0.0,4,-5656.822053380664,0.0,0.05,0.0,0.0,Mar,2,2,9,3,Returning_Visitor,0,0
8,139.2,0,0.0,199,3346.969048,0.0,0.008471594,12.5740183,0.0,Nov,2,6,1,2,Returning_Visitor,0,0
-10,-609.6627783651265,0,581.3194024444413,63,1779.163333,0.003278689,0.020243418,0.0,0.0,Aug,2,2,1,1,Returning_Visitor,0,0
0,0.0,0,0.0,1,0.0,0.20266057889412542,0.2,0.0,0.0,May,1,1,1,3,Returning_Visitor,0,0
5,102.5333333,0,0.0,74,2396.690316,0.002699055,0.020349845,15.03328131,0.0,Mar,2,5,6,1,Returning_Visitor,0,0
8,-574.6686604079724,3,225.3333333,45,1896.966667,0.011764706,0.02745098,7.521155028,0.0,Dec,1,1,3,1,Returning_Visitor,0,0
0,0.0,0,0.0,5,75.6,0.0,0.0,0.0,0.0,Oct,1,1,3,4,Returning_Visitor,1,0
0,0.0,1,0.0,46,4053.092208,0.014184397,0.029684228,0.0,0.0,Mar,1,1,1,2,Returning_Visitor,0,0
0,0.0,0,0.0,14,1539.0,0.015384615,0.030769231,0.0,0.0,May,2,10,2,2,Returning_Visitor,0,0
0,-523.1670909601353,0,0.0,1,10.0,0.0,0.1,0.0,0.0,Mar,3,2,3,9,Returning_Visitor,1,0
2,15.0,0,0.0,33,2081.5,0.0,0.017142857,0.0,0.6,May,2,10,1,3,Returning_Visitor,0,0
0,-470.2819107538952,0,571.534984191281,24,381.3583333,0.008333333,0.0225,0.0,0.0,Dec,2,2,1,1,Returning_Visitor,0,0
10,1751.047619,3,69.0,22,1552.547619,0.01372549,0.070490196,4.279294118,0.0,May,2,4,2,3,Returning_Visitor,0,0
0,0.0,0,0.0,1,7749.01153820081,0.2,0.2,0.0,0.0,Nov,1,2,7,10,Returning_Visitor,0,0
2,123.0,0,0.0,14,239.0,0.0,0.0125,0.0,0.0,Mar,2,2,1,2,New_Visitor,1,0
12,394.1,0,0.0,30,-6223.788587880207,0.0,0.005405405,0.0,0.0,Nov,2,2,1,2,New_Visitor,1,1
4,98.0,25,31.0,32,898.1714286,0.0,0.005555556,23.32166667,0.7290802377965456,May,2,2,4,2,New_Visitor,1,1
3,35.0,25,0.0,16,314.0,0.20012717163611063,0.052631579,0.0,0.0,Mar,2,5,7,2,Returning_Visitor,0,0
4,985.5,25,-526.6838678802433,6,-6391.923668200986,0.1929007155145112,0.015384615,0.0,0.0,Mar,2,2,3,2,New_Visitor,0,0
5,73.5,0,0.0,-142,463.7583333,0.0,0.001346801,0.0,0.0,Mar,2,2,3,2,New_Visitor,0,0
2,17.13333333,0,0.0,20,1078.2,0.02,0.051166667,0.0,0.0,Oct,1,1,1,3,Returning_Visitor,0,0
0,0.0,0,0.0,-114,-4613.804578374267,0.1708703250616332,0.045777778,0.0,0.0,Nov,2,2,1,2,Returning_Visitor,0,0
1,-479.66540432203266,25,0.0,9,314.9,-0.1422031247068895,0.04,64.82864208921266,0.0,Mar,1,1,6,9,New_Visitor,1,0
0,0.0,25,0.0,6,1054.3,0.066666667,0.20685287287257725,0.0,0.0,Jul,2,12,6,3,Returning_Visitor,0,0
0,0.0,0,0.0,197,0.0,0.19379877865421402,0.2,0.0,1.0,May,1,1,1,2,Returning_Visitor,1,0
-7,0.0,0,0.0,4,-5478.912923146563,0.1787079572495866,0.1,0.0,0.0,May,2,2,3,3,Returning_Visitor,0,0
5,248.9214286,25,0.0,131,6225.988835,0.003562341,0.025012117,7.963976424,0.0,Nov,2,2,2,2,Returning_Visitor,1,1
2,37.0,1,18.0,25,430.5,0.0,0.007142857,0.0,-0.6270245162001661,May,2,2,2,2,Returning_Visitor,1,0
0,0.0,25,0.0,27,8002.149832478531,0.0,0.007407407,0.0,0.0,May,1,1,3,2,Returning_Visitor,0,0
0,0.0,2,30.66666667,13,307.5714286,0.013333333,0.052777778,0.0,1.0,May,1,1,1,2,Returning_Visitor,1,0
0,-580.7994851854,0,0.0,42,1333.914286,0.01,0.01094246,0.0,0.0,Nov,1,2,2,2,Returning_Visitor,0,0
12,151.7,0,0.0,34,799.327381,0.017647059,0.023340336,0.0,0.0,Dec,3,2,1,2,Returning_Visitor,0,0
0,0.0,0,537.8102509004073,5,25.0,0.12,0.16,0.0,0.6,May,3,2,1,3,Returning_Visitor,0,0
14,247.1363636,2,120.6666667,56,1080.266667,0.01884058,0.025355418,24.72661836,0.6,May,3,2,1,1,Returning_Visitor,0,0
0,0.0,0,588.9638833522932,-100,920.0,0.122222222,0.144444444,0.0,1.0,May,3,2,7,4,Returning_Visitor,1,0
3,90.5,2,16.0,47,2986.916667,-0.12801510039756286,0.044557823,0.0,0.0,Dec,2,2,8,1,Returning_Visitor,0,0
2,665.447719867993,0,0.0,30,1448.928571,0.043851852,0.069954545,0.0,0.0,Dec,3,2,1,13,Returning_Visitor,0,0
15,275.9104437,6,606.75,47,1813.86461,0.20391755219674756,0.019090804,9.417272131,0.0,May,3,2,4,6,Returning_Visitor,1,0
0,0.0,0,0.0,15,183.8333333,0.066666667,0.073333333,0.0,0.8,May,3,2,1,3,Returning_Visitor,0,0
14,84.66666667,2,-436.48712394644195,-101,5343.049577,0.00877193,0.029643028,0.0,0.8,May,1,1,1,2,Returning_Visitor,0,0
5,206.0,0,0.0,183,650.6961927,0.0,0.018487395,0.0,0.793849156071973,Mar,1,1,1,3,New_Visitor,0,0
15,0.0,0,-514.5490992079266,31,493.58,-0.16804905986842247,0.19988197203522098,0.0,0.0,Sep,2,2,3,2,Returning_Visitor,1,0
0,0.0,0,0.0,-112,790.1666667,0.0,-0.13660863416165167,0.0,0.8,May,3,2,2,13,Returning_Visitor,0,0
1,19.0,0,0.0,-142,1457.113095,0.023809524,0.04015873,0.0,0.0,Nov,3,6,1,2,Returning_Visitor,1,0
0,0.0,0,0.0,7,362.0,0.0,0.028571429,0.0,0.0,Mar,2,2,1,1,Returning_Visitor,0,0
15,-463.9308910031838,0,0.0,21,1469.666667,0.008695652,0.014492754,71.66554549267315,0.7787607729264128,Nov,1,1,1,8,Returning_Visitor,1,0
0,0.0,0,0.0,2,-5858.36252025027,0.166666667,0.166666667,0.0,0.0,Nov,1,1,1,10,Returning_Visitor,0,0
0,0.0,25,-498.25475470656636,12,483.2916667,0.0,0.041666667,0.0,0.0,Dec,2,5,1,1,Returning_Visitor,0,0
0,0.0,25,0.0,10,1186.6,0.02,0.19361615747791966,0.0,0.0,Aug,2,5,1,3,Returning_Visitor,0,0
0,741.9153628502694,25,0.0,29,1137.166667,0.0,0.22562975769379892,22.27457143,0.0,May,1,8,1,11,Returning_Visitor,1,1
-9,0.0,0,0.0,10,158.3666667,0.0,0.0,54.9950922,0.0,Jul,2,2,1,1,Returning_Visitor,0,1
-10,107.0,0,0.0,186,839.6666667,-0.1564302662951933,0.036666667,0.0,0.4,May,3,2,3,13,Returning_Visitor,0,0
11,524.75,3,258.625,197,6309.427034,0.006113821,0.011878229,3.364060957,0.0,Nov,2,10,1,2,Returning_Visitor,0,1
0,0.0,0,0.0,2,0.0,0.2,0.2,0.0,0.0,Nov,3,2,4,13,Returning_Visitor,0,0
2,13.0,0,0.0,13,477.5,0.0125,0.01875,0.0,0.0,Dec,2,5,1,1,Returning_Visitor,0,0
0,0.0,25,-449.9047476166271,20,1002.366667,0.0,0.007894737,-55.40110766012271,0.0,Oct,2,2,4,2,Returning_Visitor,1,1
0,-611.3901238964318,2,6.333333333,-108,301.3333333,0.033333333,0.088888889,-62.50280457786595,0.0,Nov,2,2,3,2,Returning_Visitor,0,0
0,0.0,0,0.0,9,147.0,0.022222222,0.014814815,0.0,0.0,May,2,2,7,3,Returning_Visitor,0,0
0,0.0,2,-399.54574543742876,62,813.0519481,0.003225806,0.011827957,9.311854839,0.0,May,2,2,5,2,Returning_Visitor,1,0
0,0.0,0,0.0,-110,1571.12381,0.21131665421674953,-0.14440701917246582,0.0,0.0,Jul,2,2,8,4,New_Visitor,1,0
-10,0.0,0,-492.4206144874627,35,1386.716667,0.02,0.22189885435047635,14.96432,0.0,May,1,8,4,20,Returning_Visitor,1,1
0,0.0,0,0.0,1,0.0,0.2,0.2,0.0,0.0,May,2,5,6,6,Returning_Visitor,0,0
5,39.0,25,12.0,15,158.0,0.0,0.02010582,-54.20511047904127,0.0,May,2,2,9,4,Returning_Visitor,0,0
0,0.0,0,0.0,174,-5244.872597062718,0.18227572122484548,0.013571429,1.401949127,0.6673664288025439,Jul,2,2,7,1,Returning_Visitor,1,1
4,197.0,1,25.0,46,1596.672282,0.0,0.008,19.92584938,0.0,Mar,4,2,2,2,New_Visitor,1,0
14,0.0,0,0.0,1,8066.320584847324,-0.1570489367349924,0.2,0.0,-0.7342734520055041,May,2,2,4,3,New_Visitor,0,0
0,0.0,1,242.8,-108,1860.95,0.20169939027863001,0.019527027,0.0,0.0,June,2,2,1,2,Returning_Visitor,0,0
3,50.06666667,0,0.0,159,-5437.983789308692,0.001851852,0.005588342,0.0,-0.6109310377595389,Oct,2,2,4,4,Returning_Visitor,1,0
0,0.0,0,0.0,70,2083.3,0.000980392,0.005252101,0.0,0.7285619049433423,May,2,2,7,2,Returning_Visitor,0,0
0,0.0,0,0.0,196,0.0,0.2,0.2,0.0,0.0,Mar,3,2,3,3,Returning_Visitor,0,0
1,19.0,0,0.0,22,7740.019182171607,0.17529808771748126,0.007709751,0.0,-0.687450227820542,Mar,3,2,7,1,Returning_Visitor,0,0
0,0.0,0,0.0,9,11.0,0.155555556,0.177777778,0.0,0.0,May,2,2,2,4,Returning_Visitor,0,0
13,0.0,0,0.0,23,2420.65,-0.15373078262101192,0.047826087,0.0,0.0,Nov,4,1,9,3,Returning_Visitor,0,0
1,0.0,25,0.0,1,-5121.336485526588,-0.14803834823610265,0.1,0.0,0.0,Oct,3,2,1,4,Returning_Visitor,0,0
0,0.0,25,0.0,19,465.6333333,0.0,0.026315789,0.0,0.0,Nov,1,1,1,2,New_Visitor,1,0
1,7.0,1,0.0,79,7372.2729465848615,0.002666667,0.023772222,0.0,0.0,Mar,2,2,3,2,Returning_Visitor,1,0
6,60.0,1,30.0,51,1403.841919,0.003636364,0.009090909,20.2453697,0.0,May,2,4,1,2,Returning_Visitor,0,0
0,0.0,0,-505.85511958176403,-126,-4545.60688635788,0.0,0.013888889,0.0,0.0,Dec,1,2,3,2,New_Visitor,1,0
9,726.3666667,0,548.9693387206813,80,4322.779121,0.002272727,0.0163943,-58.27891225927342,0.0,May,2,2,2,2,Returning_Visitor,0,1
4,105.75,2,152.5,129,4609.626389,0.001550388,-0.13476940303802268,0.0,0.0,Dec,2,2,6,2,Returning_Visitor,0,0
-8,0.0,0,0.0,6,198.75,0.016666667,0.2112118542951108,0.0,0.0,Nov,2,5,7,3,Returning_Visitor,1,0
7,190.4375,0,0.0,60,1967.780163,-0.16353061269231986,0.0154654,63.18759231963314,0.7768883224322802,Dec,3,2,8,10,Returning_Visitor,1,1
4,-462.81110866644036,1,139.5,164,3022.370406,0.0,0.009611111,0.0,0.0,Nov,1,1,2,2,New_Visitor,0,1
-9,714.312699110193,0,0.0,2,8600.623352924104,-0.1701807208414631,0.1,0.0,0.0,Mar,2,6,1,2,Returning_Visitor,0,0
3,82.53333333,1,0.0,19,668.7,0.022727273,0.032424242,11.5952257,0.0,Nov,1,1,3,2,Returning_Visitor,0,0
0,0.0,0,0.0,5,111.0,0.0,-0.11292905223735823,71.04914628657897,0.8157449009323408,Nov,2,2,1,2,New_Visitor,0,0
12,498.9,25,147.1666667,43,1090.060606,0.004081633,-0.14283409377013856,4.759935374,0.0,May,1,2,4,5,Returning_Visitor,0,0
13,135.9166667,0,0.0,43,1719.416667,0.004347826,0.026231884,4.242688406,0.0,May,1,1,3,3,Returning_Visitor,1,0
1,5.0,25,-474.24107155900566,17,463.6666667,-0.1484435710716921,0.024444444,0.0,-0.6944064613819481,May,2,2,7,4,Returning_Visitor,1,0
0,630.2972388717849,1,12.0,57,2773.166667,0.015517241,0.050862069,8.325206897,0.8271680567131017,May,2,2,4,6,Returning_Visitor,0,0
0,0.0,0,0.0,2,59.5,0.0,0.1,-54.369484156453304,0.0,Dec,1,1,7,2,Returning_Visitor,1,0
5,156.2,0,0.0,22,742.0,0.0,0.007407407,32.22252197,0.0,Sep,1,1,3,5,New_Visitor,1,1
3,90.7,3,-458.3453559750016,13,8215.424731776635,0.035294118,0.048235852,19.74930078,0.0,Nov,3,2,1,4,Returning_Visitor,1,0
0,-464.2966627207685,0,0.0,7,125.0,0.0,0.028571429,0.0,-0.5907590191596621,Mar,2,2,1,1,Returning_Visitor,0,0
0,0.0,0,-469.884886969994,178,-5350.74265879779,0.015238095,0.067619048,0.0,0.0,Jul,2,4,3,1,Returning_Visitor,0,0
1,-471.1137471413463,0,0.0,11,385.0,0.0,0.02,70.55140261752904,0.6,May,2,2,3,2,Returning_Visitor,0,0
0,0.0,4,115.8,95,2500.128052,0.005342081,0.011832634,0.0,0.0,Nov,1,1,3,2,Returning_Visitor,0,0
0,0.0,3,13.0,36,-5332.678526970823,-0.16211610889278144,0.027136752,0.0,0.0,Dec,1,1,3,1,Returning_Visitor,0,0
4,128.5,0,0.0,14,-5672.329750977746,0.0,0.0125,69.13800271883981,0.0,May,1,8,4,4,Returning_Visitor,1,0
11,280.3366667,0,0.0,20,337.8533333,0.18438239150432745,0.016296296,-64.11282093294332,0.7220016775150087,Sep,2,2,2,5,New_Visitor,0,0
3,61.5,0,0.0,201,794.5,0.0,0.022222222,0.0,0.2,May,2,2,1,2,Returning_Visitor,0,0
7,149.9166667,0,0.0,31,8071.770605828151,0.0,0.011728395,19.1105,0.0,May,2,2,4,2,Returning_Visitor,0,0
0,0.0,25,0.0,7,432.0,0.0,0.014285714,270.7846931,0.0,Nov,2,4,1,8,New_Visitor,0,1
14,0.0,0,0.0,85,2112.101515,-0.1449641412005567,0.22353046817461855,0.0,0.0,Nov,2,2,1,3,Returning_Visitor,0,0
4,133.5833333,2,64.0,67,1222.470924,0.014414414,0.025810811,73.30786691766448,-0.6770086003219471,May,3,2,2,4,Returning_Visitor,0,1
0,0.0,0,0.0,10,198.75,0.0,0.04,-52.557869868223214,0.0,Nov,2,2,3,20,Returning_Visitor,0,0
0,0.0,0,0.0,11,1055.5,0.018181818,0.042424242,0.0,0.0,May,2,2,8,18,Returning_Visitor,0,0
-7,116.9607143,4,225.3666667,42,539.227381,0.015510204,0.011281179,0.0,0.0,Jul,1,1,1,4,Returning_Visitor,0,1
13,87.5,0,0.0,31,496.5833333,0.005405405,0.012612613,64.01423935917994,0.0,Mar,2,2,7,2,Returning_Visitor,0,1
0,0.0,0,0.0,-125,93.5,0.0,0.05,61.81786422139303,0.0,May,2,2,1,2,Returning_Visitor,1,0
0,0.0,0,0.0,11,357.0,0.018181818,-0.11972074349962958,0.0,0.0,Dec,2,2,7,2,Returning_Visitor,1,0
-9,91.0,2,232.8,201,9227.371429,0.006425703,0.024959839,61.84500400371958,0.0,Oct,4,1,4,3,Returning_Visitor,1,0
3,60.0,25,0.0,19,494.5,0.0,0.01,0.0,0.0,Mar,1,1,3,9,Returning_Visitor,1,0
2,162.0,0,0.0,7,204.5,0.2044769140367771,0.022222222,0.0,0.0,May,1,1,8,2,New_Visitor,0,0
0,0.0,25,0.0,6,612.5,0.0,0.04,69.73998250773245,0.0,Nov,2,2,1,2,Returning_Visitor,0,0
3,86.95,6,460.881359520384,17,481.31,-0.1433020842237896,0.0,27.69500776,0.0,Nov,2,2,9,20,New_Visitor,0,1
9,-458.07465643116694,0,0.0,8,-5454.346349255015,0.172037296269455,0.0025,0.0,0.0,Sep,2,2,1,5,New_Visitor,0,0
1,6.0,0,0.0,-133,7526.336954054446,0.0,0.02,0.0,0.0,Sep,1,1,3,5,New_Visitor,1,0
0,0.0,0,-434.8811629872504,12,547.3333333,0.0,0.033333333,0.0,0.0,Mar,2,2,1,3,Returning_Visitor,0,0
0,0.0,0,-393.4273548221154,1,0.0,0.2,0.2,0.0,0.0,Aug,3,3,2,2,Returning_Visitor,1,0
0,0.0,0,0.0,3,223.0,0.066666667,0.23019204896273432,0.0,0.8164528007883047,Mar,1,1,8,3,Returning_Visitor,0,0
0,-512.9458784442905,25,0.0,-102,116.0,0.025,0.1,0.0,0.0,Mar,2,4,5,1,Returning_Visitor,0,0
15,69.8,0,0.0,81,7514.790476,0.003821138,0.021883469,-52.722368971355394,0.8576383930799907,Nov,2,2,1,2,Returning_Visitor,0,0
3,139.0,0,549.4135673386193,10,277.1428571,0.0,0.007692308,71.41442375861052,0.0,Mar,3,2,1,2,Returning_Visitor,1,0
15,7.625,0,0.0,21,1104.9,0.0,0.014603175,-63.45090862312959,0.0,Dec,2,2,1,1,Returning_Visitor,0,0
12,240.2,25,0.0,90,1221.853846,0.002061856,0.014387171,-57.882688262301556,0.0,May,2,4,1,4,Returning_Visitor,0,0
1,-459.1572791394144,0,0.0,55,2780.609524,0.019242424,0.045272727,9.137331307,0.0,Dec,2,2,8,3,Returning_Visitor,0,0
0,0.0,0,0.0,1,0.0,0.2,0.2,0.0,0.0,May,2,2,2,1,Returning_Visitor,0,0
1,785.4399415482692,0,0.0,30,1845.333333,0.027083333,0.042083333,12.6534375,0.0,May,3,2,3,1,Returning_Visitor,0,0
-7,19.4,0,-475.4369630906455,18,1077.373333,0.034126984,0.035714286,18.22752549,0.0,Nov,3,2,9,2,Returning_Visitor,0,0
0,0.0,0,0.0,23,517.0357143,-0.15448425062764592,0.00952381,23.30000662,0.0,Dec,4,2,8,2,New_Visitor,0,1
-9,775.099981960939,25,0.0,8,463.6666667,0.0,0.0375,-62.57866165912929,0.0,Nov,1,1,1,3,Returning_Visitor,0,0
0,0.0,0,0.0,7,-5261.109145475714,0.21499131719676667,0.057142857,0.0,0.0,May,2,2,1,4,Returning_Visitor,0,0
0,0.0,0,0.0,195,445.5833333,0.004,0.024,0.0,0.0,Dec,2,10,1,1,Returning_Visitor,0,0
0,0.0,25,15.0,25,1235.65,0.041666667,0.05327381,0.0,0.0,Mar,1,1,1,3,Returning_Visitor,1,0
0,0.0,0,0.0,1,0.0,-0.1508916403138202,0.2,0.0,0.0,May,2,2,8,3,Returning_Visitor,0,0
0,0.0,0,0.0,33,601.9714286,0.19517173739201638,0.012903226,0.0,0.0,May,2,2,7,13,Returning_Visitor,0,0
3,692.2448172718128,0,0.0,24,347.9166667,0.0,0.008333333,0.0,0.0,Dec,1,1,3,1,Returning_Visitor,0,0
10,150.0,0,0.0,24,304.5230769,0.0,0.007993197,0.0,0.0,May,1,1,3,2,Returning_Visitor,0,0
7,286.8333333,0,0.0,49,-4629.229597088879,-0.14602356394526697,0.015750591,0.0,0.0,Dec,3,2,3,10,Returning_Visitor,1,0
8,964.25,6,182.1666667,203,5889.730504,0.028910577,-0.1300329234768326,-64.8527495719349,0.0,Nov,3,2,1,3,Returning_Visitor,0,0
4,27.0,0,0.0,42,8112.536282440868,0.0,0.004545455,0.0,0.0,Mar,2,5,3,3,Returning_Visitor,0,0
0,0.0,0,0.0,8,41.13333333,0.025,0.23680015944909935,0.0,0.7081367041914943,Jul,2,2,9,1,Returning_Visitor,0,0
17,646.8151695585094,2,60.5,49,1929.185664,-0.12870034705233058,-0.12999641273314919,-55.970560848038396,0.0,Dec,3,2,1,13,Returning_Visitor,0,0
3,66.375,25,0.0,85,3344.958929,0.002325581,0.012754534,0.0,0.0,Dec,2,2,4,3,Returning_Visitor,0,0
13,744.1460068435072,0,0.0,10,377.5,0.02,0.06,-64.74590559830426,0.0,May,1,1,2,11,Returning_Visitor,1,0
2,88.0,10,-418.81936774467823,54,1986.553118,0.1800445067280451,0.019939049,76.36613921448144,0.0,Dec,1,1,2,2,Returning_Visitor,0,0
0,0.0,0,0.0,27,1065.45,0.0,0.012345679,79.71198751290645,0.0,Nov,2,2,3,2,New_Visitor,0,0
4,33.0,0,0.0,35,702.9166667,0.0,0.005428571,0.0,0.0,Dec,4,1,1,2,New_Visitor,0,0
0,0.0,0,0.0,31,688.1666667,0.0,0.019354839,0.0,0.0,Mar,4,1,1,3,Returning_Visitor,0,0
1,0.0,3,500.6735277688686,120,2895.129762,0.001626016,0.005813008,16.96317099,0.0,Nov,1,2,1,11,Returning_Visitor,0,1
15,55.375,1,566.0,29,-6430.458228734533,0.001904762,0.016222222,-66.16835283314471,-0.6671837362532224,Nov,3,2,1,10,Returning_Visitor,0,0
1,9.0,0,0.0,15,266.0,0.028571429,0.057142857,0.0,0.8,May,4,2,1,13,Returning_Visitor,0,0
4,122.0,3,124.0,12,1040.333333,0.0,0.010526316,0.0,0.0,May,2,2,5,2,Returning_Visitor,0,0
0,0.0,0,0.0,29,1211.166667,0.0,0.006896552,0.0,0.0,Nov,2,2,4,2,New_Visitor,0,1
4,65.9,0,0.0,187,3799.2,0.079279279,0.08481982,0.0,0.0,Aug,3,2,3,13,Returning_Visitor,0,0
0,-634.0367559950853,25,0.0,3,17.0,0.066666667,0.133333333,0.0,0.0,May,2,2,1,3,Returning_Visitor,0,0
8,224.0,0,578.9758039698653,16,315.25,0.0,0.011111111,0.0,0.0,May,3,2,1,5,New_Visitor,0,0
1,18.0,4,123.5,24,4114.083333,0.0,0.20724577982910253,20.91831644,0.0,Mar,1,1,1,2,New_Visitor,0,1
0,0.0,0,584.3749240924142,11,216.0,0.018181818,0.036363636,0.0,0.0,May,2,5,1,1,Returning_Visitor,0,0
0,0.0,0,0.0,12,8227.921408456841,0.0,0.005555556,-62.95015108337625,0.0,Feb,1,1,1,4,Returning_Visitor,1,0
-8,0.0,0,0.0,-108,622.25,0.003030303,0.006060606,0.0,0.2,Feb,2,5,1,4,Returning_Visitor,0,0
0,0.0,0,0.0,10,108.9166667,0.02,0.04,0.0,0.0,Nov,2,4,1,10,Returning_Visitor,0,0
8,259.8333333,0,0.0,26,535.4666667,0.0,0.23478537058759152,0.0,0.0,May,2,2,4,4,Returning_Visitor,0,0
2,96.0,25,0.0,61,1260.524994,0.0,0.003225806,131.5040438,-0.5825909089455038,Nov,2,2,7,10,Returning_Visitor,1,1
1,52.5,0,-466.36850641841954,19,812.875,0.0,0.003333333,0.0,0.0,Nov,3,3,5,11,Returning_Visitor,1,0
4,203.5,0,0.0,8,296.55,0.0,0.02,0.0,0.0,May,1,1,8,2,Returning_Visitor,0,0
0,0.0,0,0.0,197,1388.2,0.005555556,0.027777778,0.0,0.0,Nov,2,2,3,2,Returning_Visitor,1,0
0,0.0,0,471.13195873412457,11,-5071.952384866831,0.0,0.22713226349777885,0.0,0.0,Mar,2,6,2,3,Returning_Visitor,0,0
9,-526.7737882661746,4,163.6666667,75,13430.97606,0.002941176,0.032017551,16.16333333,0.0,May,2,2,2,13,Returning_Visitor,0,1
1,109.8,1,518.8,55,-4962.802973822499,0.005357143,0.2225876209555808,0.0,0.0,Sep,1,1,4,2,Returning_Visitor,0,0
0,0.0,0,0.0,16,351.75,0.008888889,0.023492063,0.0,0.0,May,3,2,7,4,Returning_Visitor,0,0
7,170.5,3,-465.0402919047448,114,3494.831225,0.003601695,0.2312235046127053,0.0,0.0,Dec,2,10,1,2,Returning_Visitor,0,0
0,0.0,0,-462.16573311512576,20,1245.57619,0.0,0.005263158,0.0,0.0,Nov,3,2,1,3,Returning_Visitor,0,0
1,6.0,0,0.0,61,2183.5,0.0,0.003225806,0.0,0.0,Mar,2,2,7,9,Returning_Visitor,1,0
2,744.6341459462158,3,-505.6550019240069,197,281.0,0.0,0.042857143,-57.926161560509755,0.0,Mar,2,2,1,2,Returning_Visitor,0,0
1,50.33333333,25,-457.9303822831687,21,-6300.129687879134,0.20116028347352277,0.005555556,0.0,0.6,May,1,1,1,2,Returning_Visitor,0,0
-8,0.0,0,595.9745565334335,21,1483.0,0.007894737,0.021754386,0.0,0.8257623333332905,May,1,1,3,7,Returning_Visitor,1,0
12,109.0,25,0.0,11,2351.333333,0.0,0.025,0.0,0.0,May,2,2,9,3,Returning_Visitor,1,0
0,0.0,0,0.0,5,8145.866353420568,0.07,-0.1470888453688251,0.0,0.0,Nov,3,2,7,13,Returning_Visitor,0,0
13,737.1956349912595,1,10.0,64,817.0163767,0.0,0.013814416,2.995465753,0.0,May,2,5,3,4,New_Visitor,1,0
0,0.0,0,0.0,11,1232.083333,0.0,0.004,-59.872609436942234,0.0,Nov,1,1,1,2,New_Visitor,0,0
3,59.0,0,0.0,29,527.2083333,0.0,0.23434509341055715,0.0,0.0,Mar,2,4,1,6,Returning_Visitor,0,0
15,0.0,0,0.0,21,1041.733333,0.0,0.053333333,0.0,0.0,Nov,3,2,8,1,Returning_Visitor,0,0
2,31.2,0,0.0,13,385.3,0.00625,0.027083333,0.0,0.0,Sep,1,1,1,5,Returning_Visitor,0,0
13,623.1132996148617,0,-402.4846593884505,30,1011.916667,0.0,0.018285714,12.9058765,0.0,Sep,2,2,4,4,Returning_Visitor,0,0
0,0.0,0,-511.303713079438,183,259.5,-0.15749771754012037,0.033333333,-59.5337646003008,-0.5903834905559738,May,2,4,6,6,Returning_Visitor,0,0
0,0.0,0,0.0,194,7838.079350003101,0.0,0.014814815,57.03508179,0.0,Aug,2,10,4,1,Returning_Visitor,0,1
5,346.25,25,0.0,171,1692.25,-0.13917200700723387,0.014285714,0.0,-0.6794296167818843,Dec,2,2,9,2,New_Visitor,0,0
2,55.0,0,-442.7790376448702,16,1851.5,0.023529412,-0.11901730785615233,0.0,0.0,May,2,5,1,1,Returning_Visitor,0,0
4,135.4,0,0.0,2,46.8,0.0,0.0375,0.0,0.0,Sep,1,1,5,2,Returning_Visitor,0,1
1,674.0723458237992,0,0.0,16,7730.589935364353,0.0,0.015625,-61.090719647523194,0.0,Dec,2,2,7,2,New_Visitor,0,1
0,0.0,0,0.0,34,933.85,0.021875,0.031505682,69.42772140632641,0.0,Nov,1,1,1,2,Returning_Visitor,1,0
1,38.0,25,16.0,30,1522.816667,0.026666667,0.027333333,0.0,0.0,May,3,2,2,13,Returning_Visitor,0,0
7,153.85,25,0.0,19,504.6,0.0,0.018518519,-51.80371294680839,0.0,Dec,1,1,1,8,Returning_Visitor,0,1
0,0.0,0,0.0,80,8791.983173130875,-0.1640891385502818,0.22973991306411554,0.0,0.4,May,2,4,7,2,Returning_Visitor,0,0
0,0.0,0,576.1344512478528,41,1837.204167,0.027642276,0.066547107,0.0,0.0,Nov,2,2,1,3,Returning_Visitor,0,0
0,0.0,0,0.0,10,45.2,0.08,0.1,0.0,0.0,Aug,1,1,1,3,Returning_Visitor,0,0
0,698.7465308148649,0,0.0,40,1411.833333,0.0,-0.104051836996306,0.0,0.0,May,3,2,8,6,Returning_Visitor,0,0
-8,65.0,2,34.0,165,1302.5,0.0,-0.15090942337573066,0.0,0.7995025088027168,Mar,1,1,1,10,Returning_Visitor,0,0
0,0.0,0,0.0,16,423.1833333,0.0125,0.016071429,0.0,0.0,Nov,3,2,7,10,Returning_Visitor,0,0
-7,74.33333333,1,419.0,63,2717.327381,0.002857143,0.012857143,0.0,0.0,Mar,2,2,3,2,Returning_Visitor,1,0
11,151.525,6,435.25,72,7012.7953571163425,0.0,0.009969093,13.77521629,0.0,Dec,2,2,4,2,Returning_Visitor,0,0
8,89.9,25,20.0,84,1854.915556,0.004210526,0.012385965,3.170426459,-0.6405327567143756,Jul,2,2,7,1,Returning_Visitor,0,0
0,0.0,0,0.0,5,239.0,0.0,0.04,0.0,0.0,Mar,2,2,9,1,Returning_Visitor,0,0
14,-594.0477530753893,0,0.0,7,701.0,-0.13211228436166708,0.057142857,0.0,0.8,May,2,5,1,4,Returning_Visitor,0,0
9,1104.2,0,498.12392467927714,36,1826.441667,0.007317073,0.012601626,0.0,0.0,Oct,1,1,3,2,Returning_Visitor,1,0
1,28.0,0,0.0,115,1822.008117,0.001169591,0.007901699,0.0,0.0,May,2,2,2,2,Returning_Visitor,0,0
13,156.2,0,-475.23072971520986,3,7319.869631352531,0.0,-0.12872373497249756,92.97624144,0.0,Oct,2,2,7,2,Returning_Visitor,1,1
0,0.0,0,495.54437302241075,7,728.8,-0.1289328932805567,0.0,72.36367266812444,-0.544004803295419,Aug,4,2,1,2,Returning_Visitor,0,1
0,0.0,0,0.0,1,7225.16678036359,0.2,0.2,0.0,0.0,Mar,2,2,5,3,Returning_Visitor,1,0
2,115.0,0,0.0,5,36.0,-0.16739029567682687,0.033333333,-51.03330418441392,0.0,Mar,1,1,3,11,Returning_Visitor,0,0
1,-546.2332007315418,25,0.0,27,-5614.367459763043,0.0,0.014814815,0.0,-0.5415174042023655,Mar,2,2,2,2,Returning_Visitor,0,0
1,66.4,0,0.0,39,606.3666667,0.015789474,-0.12274684379262893,0.0,0.8525657133757497,Jul,2,2,1,4,Returning_Visitor,0,0
0,0.0,0,0.0,20,1606.333333,0.01,0.034761905,0.0,-0.6237725261388608,Mar,2,2,2,1,Returning_Visitor,0,0
0,0.0,25,0.0,8,8361.818410573942,0.025,0.05,-60.85404000453032,0.0,May,2,2,4,13,Returning_Visitor,1,0
5,181.6,2,722.52,98,1717.873278,0.014150943,0.023942797,0.0,0.0,Aug,3,2,1,4,Returning_Visitor,0,0
-9,297.75,3,352.5,41,2422.375,0.0,0.016037736,72.43846009,0.0,Dec,2,2,1,8,Returning_Visitor,0,1
0,0.0,0,0.0,4,7616.127875548897,0.0,0.025,0.0,0.0,Dec,2,2,1,10,Returning_Visitor,0,0
2,-560.7009747285673,0,0.0,27,541.2071429,0.008888889,0.029320988,64.03772277588617,0.7880076325751189,Nov,1,1,1,2,Returning_Visitor,1,0
0,0.0,0,-530.8215129924935,163,1783.25,0.008333333,0.026416667,0.0,0.8,May,2,6,3,2,Returning_Visitor,0,0
-7,87.8,1,12.0,120,2016.564401,0.006451613,0.012613585,33.41173784,0.0,Jul,2,2,7,13,Returning_Visitor,0,1
0,0.0,0,0.0,24,1476.021429,-0.12606131361880007,0.024378882,0.0,0.0,Sep,2,2,8,2,Returning_Visitor,0,0
0,0.0,0,0.0,119,1243.180556,0.0,0.007668207,1.809360775,0.0,May,2,2,1,2,Returning_Visitor,0,0
1,60.5,0,0.0,10,449.5,-0.1405875936124204,0.033333333,0.0,0.0,Dec,1,8,2,20,Returning_Visitor,0,0
-8,87.8,0,0.0,38,842.4235931,0.0,0.011382114,52.28594057,0.0,Oct,1,1,1,2,Returning_Visitor,1,1
1,-571.400864301147,1,60.0,-120,7164.561107241274,0.028787879,0.047348485,0.0,0.0,Mar,1,1,1,3,Returning_Visitor,0,0
0,0.0,0,0.0,-110,8358.069733975131,0.0,0.04,0.0,0.7236245273591871,Mar,2,2,1,2,Returning_Visitor,0,0
1,57.0,3,144.0,15,280.0833333,-0.15157851898860758,-0.13587089163286614,0.0,0.0,May,3,2,6,4,Returning_Visitor,1,0
0,0.0,0,0.0,17,945.0108696,0.006334842,0.023889556,0.0,0.728264219955192,Mar,3,2,3,10,Returning_Visitor,0,0
0,0.0,0,550.3947384376222,5,28.25,0.08,0.093333333,-56.224324085679065,0.0,Nov,2,2,1,2,Returning_Visitor,1,0
0,0.0,0,0.0,166,7302.741363205485,0.1,0.19583500321773317,0.0,0.7431545932690796,May,3,2,6,13,Returning_Visitor,0,0
0,0.0,0,0.0,4,8387.906470175454,0.0,0.05,0.0,0.4,May,2,2,3,1,Returning_Visitor,0,0
1,27.33333333,1,0.0,4,78.83333333,0.0,0.044444444,0.0,0.6824661112036381,Nov,1,2,8,2,Returning_Visitor,0,0
5,74.6,3,43.4,67,-4962.327921494288,0.020833333,0.047826279,0.0,0.7264163415792052,Aug,2,2,6,1,Returning_Visitor,0,0
8,580.2,1,145.6,48,2734.966667,0.0,0.007692308,27.60143046,0.0,Oct,2,2,4,5,New_Visitor,0,1
0,0.0,25,0.0,3,79.5,0.0,0.033333333,0.0,0.0,Mar,3,2,2,2,Returning_Visitor,0,0
0,621.8372384584651,25,0.0,5,8310.702537141451,0.066666667,0.1,0.0,0.0,May,2,5,3,6,Returning_Visitor,0,0
9,307.360119,4,77.91666667,95,2989.780952,0.005882353,0.014513583,12.74039337,0.0,Nov,3,2,4,1,Returning_Visitor,1,0
-8,0.0,0,0.0,21,1461.833333,0.021052632,0.036842105,23.82324931,0.0,Nov,2,2,1,1,Returning_Visitor,1,1
12,0.0,0,0.0,-119,-4751.370335518926,0.2,0.2,0.0,0.0,May,2,2,6,13,Returning_Visitor,0,0
0,0.0,0,0.0,7,116.8,0.028571429,0.114285714,0.0,0.0,Jul,2,2,6,13,Returning_Visitor,0,0
4,94.23333333,2,72.0,145,2935.255477,-0.14482079588417945,0.005708347,0.26809298,0.0,Aug,2,2,2,1,Returning_Visitor,0,0
3,63.4,0,0.0,10,-6278.834717880528,0.0,0.016666667,0.0,-0.6930431137626517,Sep,2,2,1,5,New_Visitor,0,0
3,37.5,0,0.0,18,607.5,0.0,0.010526316,361.7637419,0.0,Nov,2,2,3,2,New_Visitor,0,1
3,78.0,0,0.0,11,369.1666667,0.0,0.023076923,0.0,0.0,Mar,3,2,3,1,Returning_Visitor,1,0
1,8.0,0,0.0,164,699.2671429,0.028571429,0.037698413,-51.02269296159385,0.0,Jul,3,2,1,1,Returning_Visitor,0,1
13,487.0,0,0.0,28,839.5178571,0.0,0.003125,0.0,0.0,Dec,1,1,3,2,Returning_Visitor,1,0
1,576.0,0,0.0,13,587.75,-0.14807521314518032,-0.12580922573117032,0.0,0.0,Nov,1,1,4,1,Returning_Visitor,0,0
6,-590.3073539299589,25,0.0,29,1183.233333,0.013793103,0.025517241,0.0,0.2,May,3,2,1,2,Returning_Visitor,0,0
-7,0.0,25,0.0,14,156.4047619,0.014285714,0.05,0.0,0.0,Nov,2,5,3,2,Returning_Visitor,0,0
3,742.3103349401664,2,39.25,39,1406.95,0.01533101,0.039562226,5.606382766,0.0,Nov,3,2,5,2,Returning_Visitor,0,0
9,102.8666667,3,339.5,-115,693.2541667,0.0,0.014705882,77.64914484,0.0,Dec,2,10,1,2,Returning_Visitor,0,1
0,0.0,0,0.0,3,44.5,0.0,0.066666667,0.0,0.0,Mar,1,1,3,1,Returning_Visitor,0,0
-7,0.0,0,0.0,9,8417.071076559485,0.022222222,0.005128205,0.0,0.0,Nov,1,2,1,4,Returning_Visitor,0,0
2,53.0,25,585.8904184970387,23,1668.285119,0.008333333,0.016312636,0.0,0.0,Feb,1,1,9,3,Returning_Visitor,0,0
0,0.0,0,0.0,24,806.125,0.0,0.016666667,0.0,0.0,Nov,1,1,6,3,Returning_Visitor,0,0
0,0.0,25,6.0,50,1306.1,0.004081633,0.012244898,5.137714286,0.0,May,4,1,4,20,Returning_Visitor,0,1
0,0.0,0,-392.5929743689316,-100,241.0,0.0,0.20772882750072125,0.0,1.0,May,2,2,5,1,Returning_Visitor,1,0
11,286.9333333,0,0.0,119,7609.82065,0.0032,0.015231111,-62.93448145264325,0.0,Dec,2,2,3,1,Returning_Visitor,0,0
0,0.0,25,0.0,197,624.6248956,0.0,0.02359375,0.0,0.8,May,2,5,4,2,Returning_Visitor,0,0
0,0.0,0,0.0,-133,149.6,0.02,0.04,0.0,0.6,May,2,2,2,2,Returning_Visitor,0,0
-10,135.0,0,507.85425923793196,25,2765.2,0.008,-0.15156486953509288,0.0,0.6846674009586973,May,2,2,2,1,Returning_Visitor,0,0
0,0.0,0,0.0,6,139.75,0.033333333,-0.12879452086155402,0.0,0.0,Nov,2,2,3,2,New_Visitor,0,0
0,0.0,25,0.0,14,-6390.79351041774,0.0,0.028571429,0.0,0.0,May,2,2,6,6,Returning_Visitor,1,0
7,2720.5,3,353.4,68,5943.547619,0.17281450999893153,0.038623482,0.0,0.0,Jul,3,2,1,13,Returning_Visitor,0,0
5,127.2,25,33.0,93,-6125.932776374207,0.007142857,0.034701976,79.2880059270998,0.0,Nov,3,2,4,1,Returning_Visitor,1,0
1,89.0,0,0.0,17,1175.5,0.0,0.0125,69.98191353749672,0.0,May,1,1,3,4,New_Visitor,1,1
0,0.0,0,0.0,14,2425.0,0.0,0.007142857,0.0,0.0,Mar,2,2,1,3,Returning_Visitor,0,0
10,750.75,3,80.0,49,1088.05,0.011320755,0.021069182,0.0,0.0,May,1,1,3,3,Returning_Visitor,0,0
0,0.0,0,0.0,30,365.4,-0.13639881459385017,0.035862069,0.0,0.0,Mar,3,2,6,1,Returning_Visitor,0,0
0,0.0,0,0.0,8,189.5,0.075,0.1,0.0,0.0,Dec,3,2,1,13,Returning_Visitor,0,0
4,55.575,0,509.8556645800058,4,42.575,0.0,0.011428571,0.0,0.0,Nov,1,1,1,8,New_Visitor,0,0
0,0.0,0,-417.5970383034069,4,46.0,0.0,0.05,0.0,0.0,Mar,2,2,1,3,Returning_Visitor,0,0
0,0.0,0,0.0,1,0.0,0.2,0.2,0.0,0.0,Nov,2,5,1,1,Returning_Visitor,1,0
0,0.0,0,0.0,20,7991.966900710535,0.01,0.04,0.0,0.0,Nov,2,2,7,1,Returning_Visitor,0,0
0,0.0,25,0.0,-143,260.0,0.008333333,0.025,0.0,0.8,Feb,3,2,1,3,Returning_Visitor,1,0
7,115.7272727,0,0.0,43,2660.283333,0.030612245,0.055782313,0.0,0.0,Jul,2,2,2,13,Returning_Visitor,0,0
5,399.2,2,34.3,42,1713.21619,0.062222222,0.20765701510013815,3.16569129,0.7277303678475671,June,2,2,6,13,Returning_Visitor,0,0
5,61.875,25,0.0,164,8502.830554177934,0.001183432,0.010151043,6.664239119,0.0,Nov,2,2,1,2,Returning_Visitor,0,1
0,0.0,0,0.0,5,73.1,-0.14770483796737277,0.02,0.0,-0.6376814404113952,Sep,1,1,1,4,Returning_Visitor,0,0
1,0.0,0,508.1288082429283,3,178.5,0.0,0.066666667,-58.27195653621069,-0.6485771799819704,Sep,2,6,2,1,Returning_Visitor,0,0
1,115.0,0,0.0,19,1383.191667,0.01,0.019166667,0.0,0.0,May,1,1,1,3,Returning_Visitor,0,0
2,710.018452459585,1,201.0,14,7559.739715646805,0.0125,0.012291667,0.0,0.0,May,1,1,6,3,Returning_Visitor,1,0
6,34.4,0,0.0,-110,1820.566667,0.029166667,0.055555556,15.184125,-0.7021551328877942,May,2,2,4,6,Returning_Visitor,0,0
-9,96.8,25,506.71559777643597,9,1888.2,0.0,0.027272727,0.0,0.0,Nov,2,2,9,2,Returning_Visitor,0,0
3,69.6,0,0.0,9,199.1333333,0.1997759450391001,0.006060606,0.0,-0.560895585848373,Jul,1,1,1,2,New_Visitor,0,0
0,0.0,0,0.0,42,8755.196654223848,0.02195122,0.040859466,66.82233718756277,0.0,Nov,1,1,1,13,Returning_Visitor,1,1
6,631.1073171,3,7.6,28,2104.573984,0.007189542,0.2266882563757326,35.51518951,0.0,Nov,2,2,5,6,Returning_Visitor,0,0
0,0.0,0,0.0,1,0.0,0.2,0.2,0.0,0.0,Dec,1,1,1,1,Returning_Visitor,1,0
1,140.5,0,0.0,19,1475.166667,0.02037037,0.043333333,16.9796231,0.0,Nov,3,2,2,10,Returning_Visitor,0,0
0,0.0,0,-503.51993659606427,23,996.4380952,0.0,-0.1210896789252075,0.0,0.8,May,3,2,8,4,Returning_Visitor,0,0
1,6.0,25,-419.2272481576286,61,3545.19127,0.008954009,0.20835539535911274,0.0,0.6,May,2,2,4,2,Returning_Visitor,0,0
2,-571.5201056388644,0,0.0,75,1959.304762,0.005479452,0.027146119,0.0,-0.6537691365915286,May,2,2,2,4,Returning_Visitor,0,0
0,0.0,0,0.0,1,15.6,0.0,0.20497208028444622,47.7917708,0.0,Sep,1,1,6,3,New_Visitor,0,1
0,0.0,0,0.0,6,7029.299473368196,0.0,0.006666667,0.0,0.8,May,2,2,1,1,Returning_Visitor,0,0
6,-613.5243978724869,1,21.0,157,4643.755952,0.001687764,-0.13577723479745504,7.152750452,0.8,May,2,5,2,4,Returning_Visitor,0,0
-8,0.0,0,0.0,19,-5908.767753788619,0.0,0.007017544,0.0,0.0,Aug,2,4,3,2,Returning_Visitor,0,0
0,0.0,25,18.0,85,1736.447368,0.003069054,0.039989226,0.0,0.8180574595365385,May,2,2,2,2,Returning_Visitor,0,0
-8,551.7944444,4,124.2,94,5579.315873,0.0,0.007335491,0.0,0.0,June,2,2,5,2,New_Visitor,0,0
0,0.0,2,15.0,15,328.4166667,0.2081234326202859,0.20751766258551152,0.0,0.0,May,2,2,1,4,Returning_Visitor,1,0
0,782.9306682286192,0,0.0,55,1933.423611,0.17078212828270672,0.017355372,0.0,0.0,Nov,2,2,1,2,Returning_Visitor,0,0
2,18.0,0,0.0,15,756.3333333,0.0125,0.0625,29.24325,0.0,Mar,2,10,3,1,Returning_Visitor,0,1
0,766.7218478681971,0,0.0,2,7894.681106424661,0.0,0.1,68.8826203803043,-0.6372653781076528,Nov,2,2,1,1,Returning_Visitor,1,0
13,787.5308023465573,1,14.0,55,8450.263231466928,0.007936508,0.014212018,-51.96096308754848,0.0,Nov,1,1,1,2,Returning_Visitor,0,0
0,0.0,0,0.0,-125,7954.18833563678,0.0,0.1,0.0,-0.5569124672007769,May,2,2,3,2,Returning_Visitor,0,0
13,0.0,0,0.0,-124,21.25,0.0,0.066666667,0.0,0.0,Nov,3,2,1,2,New_Visitor,1,0
0,729.0292358366809,0,0.0,1,0.0,0.2,0.2,0.0,0.2,May,2,5,1,3,Returning_Visitor,0,0
7,201.5,0,0.0,180,750.1666667,0.0,0.005555556,0.0,0.0,Mar,3,2,4,2,Returning_Visitor,0,0
0,0.0,0,0.0,192,0.0,0.2,0.2,0.0,0.0,Nov,1,1,6,2,Returning_Visitor,0,0
0,0.0,0,0.0,14,310.0,0.028571429,-0.13743902603348057,0.0,0.2,May,2,4,1,3,Returning_Visitor,0,0
0,0.0,0,0.0,2,37.5,0.0,0.033333333,70.02277172543137,0.0,Mar,3,2,4,3,Returning_Visitor,1,0
0,0.0,0,-452.56920199754194,58,1645.966667,0.014285714,0.036607143,0.0,0.8245777523419738,May,2,2,2,1,Returning_Visitor,0,0
-7,0.0,0,0.0,20,7861.001187105862,0.072108844,0.086507937,0.0,1.0,May,2,2,4,1,Returning_Visitor,1,0
7,70.0,4,-510.6794403847898,131,4442.394444,0.011678832,-0.12345700076074764,0.0,-0.6480972370699537,Nov,4,1,1,2,Returning_Visitor,1,0
-7,0.0,0,-475.1088006933791,11,297.3,-0.1422500000798947,0.041666667,0.0,0.0,May,2,2,4,2,Returning_Visitor,0,0
0,0.0,0,0.0,8,102.75,0.0,0.066666667,-57.603665470451055,0.0,Dec,2,2,9,6,Returning_Visitor,0,0
14,0.0,0,0.0,18,824.8333333,0.0,0.023148148,0.0,0.8,May,2,2,2,4,Returning_Visitor,0,0
0,0.0,0,0.0,187,1189.333333,0.0,0.031182796,0.0,0.0,May,2,2,2,4,Returning_Visitor,0,0
0,0.0,0,0.0,9,719.5833333,0.022222222,0.21176024952015762,0.0,-0.7215455223660243,Nov,2,4,4,2,Returning_Visitor,0,0
-8,794.0920532413695,0,0.0,-125,485.6333333,0.019354839,0.038709677,0.0,0.0,Jul,2,2,1,4,Returning_Visitor,0,0
2,26.66666667,0,-521.8985332299384,159,1905.652754,0.004113924,0.013428813,14.75911588,0.0,May,2,2,5,2,Returning_Visitor,0,0
1,29.53333333,0,516.0349668025941,22,814.7093939,0.004,0.021333333,14.92784091,0.8120210041962301,Nov,2,2,1,2,Returning_Visitor,0,0
6,432.2,0,0.0,30,363.677619,0.003030303,0.014018978,12.1958841,0.0,Oct,1,1,3,2,Returning_Visitor,0,1
14,0.0,0,0.0,6,177.5,0.033333333,0.044444444,0.0,0.0,Mar,2,2,8,1,Returning_Visitor,0,0
0,0.0,0,0.0,6,95.5,0.0,0.033333333,0.0,0.0,Mar,2,2,7,13,Returning_Visitor,1,0
14,0.0,0,0.0,10,693.5,0.0,0.022222222,77.83620465768861,0.0,May,2,2,1,4,New_Visitor,0,1
-7,772.4108373876383,0,0.0,25,1400.958333,0.0,0.029012346,14.11909834,0.0,Dec,2,4,7,1,Returning_Visitor,0,0
14,246.25,25,9.0,14,548.25,0.022222222,0.05,0.0,0.0,May,1,1,2,2,Returning_Visitor,1,0
1,4.0,0,0.0,204,244.0,0.02,0.19568126870131866,-55.94340595326344,0.6959271820019425,Sep,2,4,1,1,Returning_Visitor,0,1
-9,14.0,0,0.0,-111,1806.504167,0.013793103,0.026819923,0.0,0.8,May,2,2,2,6,Returning_Visitor,0,0
15,-610.1110908137418,0,0.0,47,1423.0,0.004347826,0.013768116,-64.48309584385838,-0.5427537111265217,Sep,2,2,7,1,Returning_Visitor,0,0
0,0.0,4,140.0,26,832.8333333,0.19906902041078417,0.040229885,0.0,0.0,May,3,2,1,2,Returning_Visitor,0,0
4,48.83243423,4,546.1512342457107,22,-5455.871935301672,0.004365079,0.015583028,0.0,0.8525929162903476,Aug,3,2,1,4,Returning_Visitor,0,0
0,0.0,0,0.0,150,3147.584294,0.18123261991762063,0.006061121,0.0,0.6,May,2,2,5,6,Returning_Visitor,0,0
5,750.8458900996441,0,-530.6345478261769,43,2365.429545,0.0,0.013043478,0.0,0.0,Nov,4,1,1,10,Returning_Visitor,0,0
-8,274.25,5,247.75,61,2267.330952,0.002739726,-0.10594468116691985,48.6094789,0.0,Nov,2,2,1,2,Returning_Visitor,0,1
3,39.0,0,580.3104033024644,6,6993.517021258283,0.0,0.022222222,0.0,0.0,May,2,2,1,3,Returning_Visitor,0,0
6,358.0833333,1,18.0,193,3422.525,0.020408163,0.039301175,0.0,0.0,Nov,2,4,2,1,Returning_Visitor,0,0
0,0.0,0,0.0,204,193.6666667,0.007407407,0.047619048,0.0,1.0,May,1,8,7,4,Returning_Visitor,1,0
1,15.0,1,157.0,36,3010.532051,0.0,-0.14847677463582268,0.0,0.0,May,2,2,3,2,Returning_Visitor,1,0
18,-514.7206080770355,1,10.0,-123,4434.281746,0.005042017,0.029692564,4.528329755,0.7171567675800246,Dec,2,2,1,1,Returning_Visitor,0,0
-9,0.0,25,0.0,5,70.0,0.04,0.12,0.0,0.0,May,1,1,1,3,Returning_Visitor,0,0
0,0.0,0,0.0,3,0.0,0.2,0.2,0.0,0.0,Nov,2,2,5,1,Returning_Visitor,0,0
0,0.0,0,576.0851808442875,80,3734.958333,0.0025,0.026547619,0.0,0.0,Nov,2,2,1,2,Returning_Visitor,0,0
1,38.5,0,-421.56533234473716,6,7356.348554539053,0.0,0.04,0.0,0.0,Dec,1,1,2,8,New_Visitor,1,0
1,680.584356556786,0,0.0,40,624.75,0.0,0.014634146,67.07275658116023,0.0,Mar,3,7,3,3,Returning_Visitor,0,0
2,42.2,0,0.0,17,440.2261905,0.026315789,0.023684211,0.0,0.7100083354601444,Jul,3,2,3,1,Returning_Visitor,0,0
6,283.0166667,1,235.75,-103,1338.933333,0.0,0.008695652,0.0,0.0,Dec,2,2,7,1,Returning_Visitor,0,0
5,84.33333333,1,-398.4558479809128,55,1699.327668,0.0,0.008461558,16.48421053,0.7201827564867268,May,2,2,6,4,Returning_Visitor,0,0
3,63.5,0,0.0,8,253.25,0.0,0.02,0.0,0.0,Dec,2,2,7,2,New_Visitor,0,0
2,70.0,0,0.0,11,714.5,0.014285714,0.028571429,0.0,0.0,May,2,2,2,6,Returning_Visitor,1,0
7,794.5120335971602,2,196.0,183,438.5833333,-0.15200663523839464,0.032291667,-59.358708024268076,0.0,May,2,5,1,2,Returning_Visitor,0,0
2,742.0894441585891,3,562.557559777903,10,184.1,0.0,0.035714286,0.0,-0.6583831705466945,June,2,2,8,4,Returning_Visitor,0,0
0,0.0,2,193.0,102,3085.620238,0.010851648,0.024392801,0.0,0.0,Nov,2,2,3,2,Returning_Visitor,1,1
15,0.0,0,0.0,7,212.0,0.028571429,0.028571429,0.0,0.4,May,3,3,5,1,Returning_Visitor,0,0
0,0.0,0,-396.5801610154025,4,28.0,0.0,0.05,-51.76828213871697,0.6,May,4,1,1,1,Returning_Visitor,0,0
0,0.0,0,0.0,10,242.0833333,0.0,0.046666667,0.0,0.0,Nov,2,4,7,6,Returning_Visitor,1,0
4,120.0,25,64.0,52,1859.083333,0.010344828,0.018390805,17.24870115,0.0,May,2,2,2,13,Returning_Visitor,0,1
15,174.2083333,2,383.75,151,7007.034707017159,0.012820513,0.02459296,0.0,0.0,Nov,1,2,1,1,Returning_Visitor,1,0
-8,504.3,0,0.0,3,7.0,-0.16229227913576255,0.0625,0.0,0.0,Nov,3,2,3,3,Returning_Visitor,0,0
12,739.2091954,1,16.0,180,1321.059195,0.2033825886178059,0.025133361,78.34560177,0.0,Mar,2,2,1,8,Returning_Visitor,0,1
9,-500.20941256672154,0,0.0,64,-6182.184819193353,0.000866739,0.012798697,9.581561053,0.0,Nov,3,2,3,1,Returning_Visitor,0,1
0,-551.0285275750242,25,524.0080271268703,23,901.2666667,0.17902859345793312,0.017391304,0.0,0.0,Dec,1,1,1,2,New_Visitor,1,0
0,627.6461676691047,25,570.6807190876825,6,137.0,0.066666667,0.1,0.0,0.0,Nov,1,1,1,1,Returning_Visitor,0,0
0,0.0,0,0.0,168,55.0,0.044444444,0.111111111,0.0,0.0,May,3,5,1,3,Returning_Visitor,0,0
1,17.2,25,0.0,6,243.3,0.0,0.21113199983834102,22.09581063,0.0,Oct,1,8,8,1,Returning_Visitor,0,0
0,0.0,0,0.0,-122,277.5,-0.16337036493677043,0.19472709760602283,42.03044096,0.0,Nov,2,2,3,2,Returning_Visitor,0,1
2,27.0,0,-458.1221515182944,6,558.0,0.17571066088599752,0.20401992212728326,0.0,0.0,Mar,2,2,3,8,New_Visitor,0,0
4,137.0,2,5.0,182,8031.618513264958,0.003403141,0.015721509,0.0,0.0,Nov,2,2,1,2,Returning_Visitor,1,0
0,770.6830212891075,25,482.8342708188645,11,0.0,0.2,0.2,0.0,0.8,May,3,2,1,3,Returning_Visitor,0,0
4,-534.1735886041452,0,0.0,60,2686.402922,0.016666667,0.022713675,0.0,0.0,Oct,2,4,5,4,Returning_Visitor,0,0
0,0.0,0,0.0,2,145.5,0.0,0.05,0.0,-0.5452162655383379,Nov,1,1,3,2,New_Visitor,0,0
1,745.9290434628315,0,0.0,77,4350.647321,0.012727273,0.023842532,14.38546841,0.0,Nov,2,2,1,2,Returning_Visitor,0,0
5,59.9,25,8.0,84,2359.522438,0.016666667,0.1964206445971822,3.478135617,0.0,June,1,1,4,3,Returning_Visitor,0,0
1,4.0,0,0.0,13,152.6666667,0.033333333,0.083333333,0.0,0.0,May,2,2,3,6,Returning_Visitor,0,0
0,0.0,0,0.0,19,380.9464286,0.0,-0.1379661819498903,-65.68323320843072,0.0,Nov,3,2,4,2,Returning_Visitor,0,1
11,-541.8820577953597,0,0.0,31,-5886.222863331638,0.006818182,0.026893939,0.0,0.8,May,2,2,1,3,Returning_Visitor,0,0
7,91.25,1,0.0,95,2900.791667,-0.15686958688590164,0.023267327,4.48567854,0.0,Nov,2,2,1,2,Returning_Visitor,1,1
4,143.0,1,20.5,10,386.15,0.0,0.21014892849054312,64.6,-0.7290823078390669,Mar,1,1,7,8,Returning_Visitor,0,1
0,0.0,25,0.0,13,7191.490094742709,0.0,0.007692308,0.0,0.8085562804631862,Feb,1,1,1,4,Returning_Visitor,1,0
0,0.0,1,22.0,-129,1284.569048,0.00625,0.019791667,-63.139360160771126,0.0,Nov,1,1,9,2,Returning_Visitor,1,1
3,32.2,0,-454.65944610679844,81,1199.616667,0.0,0.00617284,0.0,0.0,Sep,2,2,2,1,Returning_Visitor,1,1
10,128.1142857,0,477.8789552337145,43,811.3809524,0.006122449,0.026328773,-52.19508998062085,0.0,Oct,2,2,5,2,Returning_Visitor,0,0
0,0.0,0,0.0,7,189.2,0.0,0.014285714,-64.52725201442605,0.0,Sep,3,2,3,2,Returning_Visitor,0,1
2,220.3333333,1,70.5,75,3537.991667,0.011714286,0.027362361,67.36854725420056,0.7315837924088405,Mar,2,2,6,1,Returning_Visitor,0,0
0,0.0,0,0.0,-133,7910.407209987303,0.030769231,0.044230769,0.0,0.0,Nov,2,2,1,1,Returning_Visitor,0,0
10,720.5,2,88.725,220,10580.34479,0.004767742,-0.14778689690037503,0.0,0.0,Nov,2,2,1,1,Returning_Visitor,0,0
6,369.3333333,2,225.5,133,3918.363736,0.0,-0.10489031866341458,7.147603773,0.0,Nov,2,2,2,2,Returning_Visitor,0,0
-9,79.6,0,-507.09696804221954,28,7879.825568708654,0.007142857,0.008214286,0.0,0.0,Sep,1,2,2,2,Returning_Visitor,0,0
0,0.0,0,562.1005460880293,1,-4740.53029360651,0.2,0.2,0.0,0.0,May,2,2,3,6,Returning_Visitor,0,0
0,0.0,0,0.0,8,240.0,0.0,0.028571429,58.788,0.2,May,2,2,3,2,New_Visitor,0,1
1,69.5,0,0.0,16,895.8095238,0.17362734067673702,0.004444444,32.14213333,0.6,May,3,2,2,6,Returning_Visitor,0,1
10,168.9066667,2,18.4,36,7609.960383198531,0.0,0.007751938,5.6479944,0.0,Oct,3,2,3,2,Returning_Visitor,1,0
5,64.58333333,0,483.448510336557,36,1334.083333,0.0,0.005405405,0.0,0.0,Nov,2,2,3,2,Returning_Visitor,0,0
-7,0.0,0,0.0,27,610.1916667,0.18188195055359435,-0.13641492737364774,76.7889112241563,0.0,Dec,2,2,2,2,Returning_Visitor,0,0
-9,-564.4032881066983,0,0.0,203,413.6666667,0.0,-0.1354918366482636,0.0,0.0,Dec,2,2,6,1,Returning_Visitor,0,0
0,0.0,0,0.0,13,751.5416667,0.033846154,0.06025641,0.0,0.0,Dec,1,1,7,2,Returning_Visitor,0,0
4,-560.3061754949945,0,0.0,44,2498.866667,0.0,0.014444444,11.33062869,0.0,Oct,2,2,4,1,Returning_Visitor,0,1
-7,658.4834043637238,0,0.0,5,1439.5,0.0,0.08,0.0,0.0,May,2,2,4,2,Returning_Visitor,0,0
5,173.5416667,25,109.75,38,1859.382937,0.004545455,0.009090909,0.0,0.0,Dec,3,2,8,10,Returning_Visitor,1,0
2,28.0,0,0.0,25,384.1571429,0.007407407,0.008333333,0.0,0.0,May,2,2,4,4,Returning_Visitor,0,0
2,18.75,4,561.6612978649297,57,1182.590278,0.015384615,0.027094017,71.51432474231304,0.0,Nov,1,1,1,10,Returning_Visitor,0,1
0,0.0,0,0.0,24,-6183.215373645824,0.02173913,0.062318841,0.0,0.0,Nov,2,2,7,1,Returning_Visitor,0,0
7,-619.8836602761162,0,0.0,34,1384.972222,0.005263158,0.021992481,26.45082237,0.0,May,1,1,2,4,Returning_Visitor,0,1
1,21.2,1,141.0,195,307.8666667,0.0,0.0,0.0,0.0,Aug,2,2,1,3,Returning_Visitor,0,0
0,0.0,0,-505.71264524324505,1,0.0,0.2,0.2,0.0,0.0,Nov,2,2,3,1,Returning_Visitor,0,0
4,99.5,25,0.0,9,139.5,0.0,0.2271996968280337,0.0,0.0,Dec,2,2,3,8,New_Visitor,0,0
0,0.0,0,0.0,3,36.0,-0.1696132866123954,0.033333333,75.15626113210732,0.0,Mar,2,2,1,2,Returning_Visitor,0,0
3,766.8999682205731,0,0.0,46,1048.107143,0.004,0.013,20.88414313,0.7844978753079556,Dec,2,2,3,2,Returning_Visitor,0,1
3,651.5213005859188,1,-503.57759067766415,-127,8473.667428908506,0.00097561,0.01804878,76.9336280144196,0.0,May,2,2,1,4,Returning_Visitor,0,0
0,0.0,2,14.0,11,687.5,0.020512821,0.19485983753427732,0.0,0.0,Mar,3,2,1,3,Returning_Visitor,1,0
3,285.8,1,23.5,56,2915.166667,0.2009669699976361,0.003448276,80.118,0.0,May,2,4,3,3,New_Visitor,0,1
-10,14.0,25,0.0,11,227.25,0.018181818,0.018181818,0.0,0.0,Nov,1,1,3,2,New_Visitor,1,0
0,-604.6170254422902,0,0.0,-142,345.12,0.044444444,0.072222222,0.0,0.0,Aug,2,2,3,13,Returning_Visitor,0,0
0,0.0,25,0.0,198,0.0,0.2,0.2,0.0,0.0,May,3,2,9,13,Returning_Visitor,0,0
0,0.0,0,0.0,1,0.0,0.2,0.2,0.0,0.0,Mar,2,4,1,1,Returning_Visitor,0,0
1,21.0,0,522.1499159948664,31,945.6666667,0.006896552,0.010344828,0.0,0.0,May,2,2,1,4,New_Visitor,0,0
2,14.0,2,189.0,134,6732.124414,0.008018648,0.025030224,-55.48933948724706,0.0,Nov,1,8,3,11,Returning_Visitor,0,0
0,0.0,1,9.0,30,1992.833333,0.0,0.003333333,9.227000967,0.0,Mar,2,4,1,3,Returning_Visitor,0,1
0,0.0,0,0.0,1,0.0,0.2,-0.12713122797086795,0.0,-0.5521235139585157,Feb,3,2,3,3,Returning_Visitor,0,0
0,0.0,25,0.0,22,348.5,0.004545455,0.022727273,0.0,0.0,Nov,2,2,1,1,Returning_Visitor,1,1
1,993.0,25,0.0,28,1529.30467,0.001481481,0.009150327,71.7002513934993,0.0,Mar,3,2,4,2,Returning_Visitor,0,0
0,0.0,0,-467.86792701556146,19,-5676.503466578634,0.010526316,0.030701754,0.0,0.8,May,2,4,1,3,Returning_Visitor,0,0
0,0.0,0,0.0,2,0.0,0.2,0.2,0.0,0.0,June,3,2,4,13,Returning_Visitor,0,0
0,0.0,25,0.0,21,849.8833333,-0.15960959501583466,0.032063492,75.47237113003585,0.0,Mar,1,1,1,1,Returning_Visitor,0,0
5,-494.8053179010036,0,495.1121303890803,4,1373.75,0.0,0.02,0.0,0.0,Mar,1,1,7,8,Returning_Visitor,0,0
1,158.0,1,-421.3518890158148,29,-5328.382647991493,0.006451613,0.018709677,8.772473118,0.0,Mar,2,2,3,2,Returning_Visitor,1,1
-8,4.5,3,61.0,145,5577.826456,0.002688695,0.01187122,2.353444628,1.0,May,3,2,3,11,Returning_Visitor,1,0
1,53.0,0,0.0,13,417.0,0.2031091618173737,-0.14519519430388747,72.788,0.4,May,1,1,1,3,New_Visitor,0,1
1,695.194982011921,0,0.0,11,1046.666667,0.005555556,-0.11152012029992112,0.0,0.0,Nov,3,2,1,10,Returning_Visitor,1,0
14,174.0,0,0.0,30,1307.666667,0.01875,0.0359375,0.0,0.0,May,2,2,4,2,Returning_Visitor,0,0
0,0.0,0,468.0612124801663,8,101.8333333,0.0,-0.12259550134603786,0.0,0.0,Nov,2,2,3,2,Returning_Visitor,0,0
3,686.1907981896348,2,66.13333333,95,2772.278333,0.024722222,0.030104167,0.0,0.0,Oct,3,2,1,1,Returning_Visitor,0,0
13,311.8300935,25,-444.5601315683847,166,6850.499335,0.0,0.017541022,4.115853586,0.0,Dec,2,2,1,3,Returning_Visitor,0,0
2,12.0,0,0.0,166,-6370.901921700449,0.000595238,0.018506494,-63.659544978645535,0.0,Dec,3,2,7,3,Returning_Visitor,0,0
0,0.0,0,-496.2231769843701,24,778.1666667,0.0,0.0125,0.0,0.0,Mar,2,2,1,2,Returning_Visitor,0,0
0,0.0,0,0.0,2,20.0,0.0,0.05,0.0,0.0,May,4,5,1,13,Returning_Visitor,0,0
3,96.0,0,0.0,12,175.175,0.02,0.031111111,0.0,0.0,Dec,3,2,8,2,New_Visitor,0,0
0,0.0,0,0.0,173,266.0166667,0.0,0.042857143,0.0,0.0,Mar,3,2,1,1,Returning_Visitor,1,0
3,86.0,0,0.0,26,1197.666667,0.0,0.007142857,-66.89682957818836,0.730798024050852,May,2,10,2,5,New_Visitor,0,0
0,0.0,0,0.0,15,803.3333333,0.0,0.038888889,0.0,0.0,Dec,4,1,1,2,Returning_Visitor,0,0
-7,260.7361111,3,186.5,51,2921.902778,0.013661202,0.02989071,8.339171985,0.0,Nov,4,2,7,1,Returning_Visitor,1,1
7,143.28,0,0.0,27,-5937.814898482318,0.005882353,0.044117647,0.0,0.0,Sep,1,2,3,1,Returning_Visitor,1,0
1,-493.984131269424,2,39.5,-107,8613.257312,0.006289308,0.015117319,0.0,0.7199951452192994,Nov,1,1,1,2,Returning_Visitor,1,0
0,0.0,0,0.0,7,103.5,0.0,0.057142857,0.0,-0.7376896614035484,Nov,2,2,2,2,Returning_Visitor,0,1
1,90.0,0,0.0,30,860.3166667,0.0,0.008888889,0.0,0.0,May,1,1,1,7,Returning_Visitor,0,0
15,-472.97672668942573,4,571.5,14,333.6,0.18420146712424745,0.01,15.43344,0.0,Mar,1,1,1,2,Returning_Visitor,1,1
0,0.0,0,0.0,176,14.0,0.0,0.05,0.0,-0.6835344092302391,May,1,1,3,2,Returning_Visitor,1,0
2,143.8,2,94.8,23,890.1952381,0.19443858166925712,0.004166667,0.0,-0.6880011210755146,Jul,2,2,2,1,New_Visitor,0,0
1,6.0,1,0.0,45,1582.75,0.043478261,0.050821256,54.17976426,0.4,Feb,3,2,1,1,Returning_Visitor,0,0
0,-567.9468345381475,25,14.0,-103,2763.011332,0.005367232,-0.1216385086748499,0.0,0.0,Nov,3,2,3,13,Returning_Visitor,1,0
2,29.33333333,0,0.0,98,2680.828571,0.009183673,0.014160401,-56.2521887639172,0.0,May,3,2,3,13,Returning_Visitor,0,1
0,725.9733907803021,0,-443.8627452651056,3,39.5,0.0,0.033333333,0.0,0.0,Dec,1,1,9,8,New_Visitor,0,0
-9,0.0,0,0.0,77,4346.541667,0.003070175,0.023099415,0.0,0.0,Mar,4,1,1,2,Returning_Visitor,0,0
-9,0.0,0,0.0,1,0.0,0.2,0.2,0.0,0.0,Nov,2,2,3,1,Returning_Visitor,0,0
1,51.4,25,0.0,25,1417.022222,0.022666667,0.055466667,0.0,0.0,Jul,3,2,1,2,Returning_Visitor,0,0
0,0.0,0,537.267151955052,1,0.0,0.2,0.2,0.0,0.0,Nov,2,4,1,10,Returning_Visitor,1,0
0,0.0,0,0.0,23,255.6388889,0.0,0.005454545,-54.408718360036964,0.0,May,3,2,4,2,Returning_Visitor,0,0
0,0.0,0,-394.5686762910941,29,8290.919391324354,0.010344828,0.23401023961072048,0.0,0.0,Oct,3,2,1,13,Returning_Visitor,0,0
3,69.16666667,0,577.7585821232796,35,869.0611111,0.0,0.00617284,0.0,0.8,May,2,2,1,2,Returning_Visitor,0,0
2,199.0,0,-461.6163857486446,10,155.0,0.18389423973013497,0.045454545,63.02328682060635,0.0,May,2,2,3,1,Returning_Visitor,0,0
0,0.0,0,0.0,19,751.3333333,0.0,0.002777778,13.62630613,-0.6186305758870894,Mar,2,2,1,2,Returning_Visitor,1,1
11,202.4254386,5,1767.666667,171,13265.35595,0.007520348,0.018855633,1.114150182,0.0,Nov,2,2,3,2,Returning_Visitor,0,1
0,0.0,0,0.0,12,-5653.518722938384,0.0,-0.12487084388527009,40.4014481,0.0,Dec,2,6,1,6,New_Visitor,0,1
2,45.0,0,0.0,26,535.3459596,0.007407407,0.01051332,0.0,-0.6180147444707771,Mar,2,4,3,10,Returning_Visitor,0,0
0,0.0,0,0.0,-121,1135.166667,0.20009431249752,0.040277778,0.0,0.0,May,1,1,1,4,Returning_Visitor,1,0
1,6.0,0,0.0,57,1836.775,0.0,0.2135025603785558,-57.97647939539341,0.0,Nov,2,2,7,2,Returning_Visitor,0,0
0,0.0,0,0.0,-137,125.0,-0.15021915318417658,0.166666667,0.0,0.0,Feb,2,2,1,3,Returning_Visitor,0,0
14,-460.0683840633627,2,14.0,33,898.4915789,0.004269006,0.03466118,0.0,0.0,Sep,1,8,1,3,Returning_Visitor,0,0
0,0.0,0,0.0,-136,394.5580952,0.0,0.015,0.0,-0.5816332121624925,Oct,2,2,1,20,New_Visitor,0,0
4,-573.2172789625062,2,528.0203048317193,-130,1021.838095,0.0,0.005882353,40.43578994,0.0,Nov,2,2,4,2,New_Visitor,0,0
3,25.0,0,0.0,1,7151.6600461239295,0.0,0.033333333,0.0,0.0,Oct,2,5,1,5,New_Visitor,1,0
2,22.0,1,-403.2815362639109,22,602.1666667,0.0,0.2025831649420441,0.0,0.0,Mar,2,2,1,2,New_Visitor,1,0
0,0.0,0,0.0,37,1530.006667,0.0,-0.14201152515185303,0.0,-0.5814038541540467,Oct,2,2,2,2,Returning_Visitor,1,0
3,49.125,0,0.0,19,7820.245514666436,0.010526316,0.015789474,0.0,0.0,Nov,3,2,1,13,Returning_Visitor,0,0
-8,0.0,0,0.0,1,7065.8998775203945,0.2,0.2,0.0,0.0,Nov,3,2,3,2,Returning_Visitor,0,0
-7,58.33333333,0,0.0,9,-4787.706405470772,0.17438759375171167,-0.10823262496104896,0.0,0.0,May,1,8,3,1,Returning_Visitor,1,0
13,189.2215153,3,496.0652070564987,108,4033.471998,0.007402653,0.013739852,24.02645488,0.0,May,3,2,9,13,Returning_Visitor,1,1
2,140.0,0,0.0,6,-6420.713278983768,0.0,0.025,0.0,-0.6684232411061344,Mar,1,1,4,2,New_Visitor,1,0
0,737.3414215090396,0,0.0,6,234.5,-0.1671844090140154,0.133333333,0.0,0.0,Nov,1,1,7,10,Returning_Visitor,1,0
0,0.0,0,514.7398727573479,4,214.3333333,0.0,0.05,-62.87265095995954,0.0,Nov,1,1,9,3,Returning_Visitor,0,0
2,26.0,25,596.4823515317221,182,3277.0,0.015789474,0.037894737,0.0,0.0,Mar,2,2,4,6,Returning_Visitor,0,0
-9,262.0,25,0.0,22,623.4166667,0.2125551706203846,-0.15211814474294538,0.0,0.2,May,3,2,1,2,Returning_Visitor,0,0
0,0.0,0,0.0,-118,480.3,0.0125,0.033333333,-62.765006860508784,0.0,May,1,1,4,4,Returning_Visitor,1,0
0,0.0,0,0.0,166,0.0,-0.17145517264356286,0.2,-63.48664767889551,0.0,May,1,1,7,2,Returning_Visitor,1,0
1,17.0,0,0.0,12,616.4,0.0,0.018181818,64.22531041227182,0.0,Mar,1,1,3,1,Returning_Visitor,1,0
5,255.75,0,0.0,70,1787.479365,0.004285714,0.019809524,0.0,0.0,Dec,2,4,1,3,Returning_Visitor,0,0
0,741.4216646291652,0,482.1580652960845,-143,217.0,0.005555556,0.031481481,0.0,0.8,May,1,1,1,1,Returning_Visitor,0,0
3,93.5,25,0.0,8,170.25,0.0,0.02,0.0,0.0,Nov,2,2,3,2,Returning_Visitor,0,0
3,37.0,1,9.0,17,1075.713095,0.011111111,0.034920635,0.0,0.0,May,3,2,1,2,Returning_Visitor,1,0
2,37.0,0,0.0,21,775.3333333,0.0,0.009090909,73.37787985787298,0.0,Mar,4,1,1,2,Returning_Visitor,1,0
8,-571.1738109314714,25,0.0,30,8400.557739100137,0.0,0.019047619,0.0,0.0,Oct,1,1,9,2,Returning_Visitor,0,0
0,0.0,0,0.0,8,261.8,0.01,0.04,10.99901844,0.0,Sep,2,2,4,1,Returning_Visitor,1,0
13,441.1,0,0.0,20,8183.487824977015,-0.15962703788967017,0.0388,0.0,0.0,Dec,1,1,1,2,Returning_Visitor,0,0
0,0.0,0,0.0,2,46.5,0.20305692316405718,0.05,0.0,0.0,Dec,1,1,2,2,New_Visitor,0,0
0,0.0,0,567.1607166283961,1,0.0,0.2,0.2,0.0,0.0,Nov,1,1,3,8,Returning_Visitor,0,0
0,0.0,25,21.0,43,1825.557143,0.0,0.018115942,0.0,0.0,Nov,2,6,1,2,Returning_Visitor,1,0
0,711.5340159547216,0,0.0,15,755.25,0.026666667,0.033333333,0.0,0.0,Nov,2,2,6,1,Returning_Visitor,1,0
1,7.0,0,0.0,26,2064.5,0.0,0.21628058007010792,-63.606026717648234,0.0,Oct,2,2,3,4,New_Visitor,1,0
13,83.9952381,2,99.8,24,364.9619048,0.0,0.018181818,0.0,-0.7423133256945502,Nov,2,2,1,2,Returning_Visitor,0,0
0,0.0,0,0.0,27,4622.0,0.027160494,0.090123457,0.0,0.0,Oct,2,5,6,1,Returning_Visitor,0,0
0,0.0,25,-403.8986898912338,7,271.5,0.0,0.028571429,0.0,0.0,Nov,8,2,3,2,Returning_Visitor,0,0
0,-637.0354966809575,0,0.0,6,747.0,0.033333333,0.066666667,0.0,0.0,May,2,2,3,3,Returning_Visitor,0,0
0,0.0,0,-395.7903820783672,10,60.0,0.0,0.04,0.0,0.0,May,2,2,5,4,Returning_Visitor,0,0
0,0.0,0,0.0,1,0.0,0.2,0.2071883986341926,67.51188580668152,0.4,May,1,1,7,6,Returning_Visitor,0,0
0,0.0,0,0.0,1,0.0,0.2,0.2,0.0,0.0,Mar,1,1,8,1,Returning_Visitor,0,0
4,89.6,2,12.0,13,182.5,0.0,0.014814815,0.0,0.0,Sep,2,2,1,2,Returning_Visitor,0,0
13,0.0,0,0.0,70,1652.486111,0.0,0.008695652,-61.65075228925291,0.0,Nov,1,2,3,8,New_Visitor,0,0
3,48.5,0,-394.4064363753679,55,1042.242857,0.0,0.002222222,72.83022449695288,0.0,Mar,4,2,1,2,New_Visitor,0,0
4,55.0,25,0.0,2,13.0,0.0,0.028571429,0.0,0.0,Dec,2,10,4,2,New_Visitor,0,1
2,706.9768375928903,0,584.0949620400027,13,181.0666667,0.0,0.016666667,0.0,0.0,Oct,1,1,3,2,Returning_Visitor,1,0
3,16.0,0,0.0,24,1004.383333,0.0,0.023076923,0.0,0.0,June,2,2,4,13,Returning_Visitor,0,0
4,51.01923077,0,0.0,133,3068.922487,-0.1486097151882457,0.0122463,1.786819082,0.0,May,2,2,3,3,Returning_Visitor,0,0
6,66.77272727,25,83.0,62,2050.395743,0.19034880891930678,0.012789661,17.07978235,-0.7017755197448532,May,3,2,4,4,Returning_Visitor,0,1
1,390.0,0,0.0,26,1325.833333,0.007692308,0.025641026,0.0,0.0,Dec,2,2,1,1,Returning_Visitor,1,0
0,-611.398032170391,25,0.0,6,600.0,0.0,0.033333333,0.0,0.0,May,1,1,4,3,Returning_Visitor,0,0
0,-629.6952344261963,3,26.0,21,405.3333333,0.0,0.026086957,0.0,0.0,May,2,2,6,4,Returning_Visitor,0,0
7,190.2628205,4,195.0,124,3197.290064,0.010320513,0.01989345,7.059929851,0.0,Nov,3,2,6,2,Returning_Visitor,1,0
4,107.5333333,2,298.0,16,570.3333333,0.011764706,0.014705882,63.90139203968853,-0.5826476661814399,May,3,2,6,13,Returning_Visitor,0,0
1,75.0,4,250.6666667,44,1679.833333,0.0,-0.13178973044659134,45.8293144,0.0,Mar,2,2,1,2,New_Visitor,1,1
7,182.0833333,0,0.0,15,310.9,0.0,0.01,0.0,0.0,Mar,2,2,4,2,Returning_Visitor,0,0
7,194.0833333,1,71.25,15,8472.894261374788,0.0,0.015686275,0.0,0.0,Dec,2,2,1,2,Returning_Visitor,0,0
0,0.0,0,0.0,20,469.9761905,0.02,0.064,0.0,0.0,Nov,2,2,1,2,Returning_Visitor,0,0
0,0.0,0,0.0,5,-5980.919838825057,0.0,0.04,0.0,0.0,Mar,2,5,3,3,Returning_Visitor,0,0
0,0.0,1,212.5,21,1198.75,0.1821371700216432,0.003174603,0.0,0.0,Mar,2,4,7,2,Returning_Visitor,0,0
0,0.0,0,521.3750086144796,-107,0.0,-0.13403967313789886,0.2,0.0,0.0,June,3,2,3,13,Returning_Visitor,0,0
0,762.5072469242311,0,0.0,1,0.0,0.2,0.2,0.0,0.0,Nov,2,2,7,8,New_Visitor,0,0
-9,0.0,0,0.0,19,295.8333333,0.0,0.010526316,0.0,0.0,Nov,2,2,2,2,New_Visitor,0,0
0,0.0,25,0.0,12,183.625,0.016666667,0.027777778,0.0,0.0,Nov,3,2,1,2,Returning_Visitor,0,0
3,68.28571429,25,0.0,26,741.0555556,0.014285714,0.039707071,75.83198415450175,0.0,Nov,3,2,4,10,Returning_Visitor,0,1
0,0.0,0,0.0,79,4709.992857,0.0,0.005574489,68.70932124883538,0.0,Nov,2,2,6,2,New_Visitor,0,1
1,4.0,0,0.0,4,151.0,0.0,0.08,0.0,1.0,May,2,2,3,1,Returning_Visitor,1,0
0,0.0,1,0.0,20,-6038.612978179808,0.015,0.051666667,-64.0640055817176,0.0,Sep,2,2,1,1,Returning_Visitor,0,0
2,737.1987282422285,0,0.0,6,135.2,0.0,0.025,-56.19875513138815,0.0,Sep,2,5,3,1,New_Visitor,0,0
0,0.0,0,0.0,14,238.6666667,0.0,0.003846154,0.0,0.7775090715976464,Dec,2,2,5,2,New_Visitor,0,0
0,0.0,0,0.0,12,1952.75,0.033333333,0.068333333,-58.57617336421295,0.0,Nov,2,4,8,1,Returning_Visitor,0,0
2,45.5,0,0.0,2,-4936.828049850941,0.0,0.066666667,0.0,0.0,Dec,2,2,1,2,Returning_Visitor,0,0
2,15.5,25,0.0,28,550.0666667,0.0,0.006666667,0.0,0.0,Mar,2,2,1,2,New_Visitor,0,0
0,0.0,0,0.0,6,474.0,0.0,0.016666667,0.0,0.0,May,2,4,1,2,New_Visitor,1,0
2,11.0,25,0.0,19,608.9428571,0.009090909,0.041915584,0.0,0.7938968911454825,Mar,2,2,1,1,Returning_Visitor,0,0
2,-519.2018025672146,0,0.0,5,163.2,0.0,0.028571429,20.71678117,0.0,Aug,2,10,3,3,Returning_Visitor,0,1
0,0.0,0,0.0,67,7521.131606247209,0.0,0.01840796,0.0,0.8,May,2,2,6,4,Returning_Visitor,0,0
12,187.2777778,3,88.58333333,43,3266.127778,-0.15512785310533736,0.043712341,3.332333333,0.0,Mar,1,1,1,10,Returning_Visitor,0,0
7,96.0,3,313.0,65,2091.662821,0.012206573,0.030146368,6.147633803,0.0,May,3,2,3,4,Returning_Visitor,1,0
0,0.0,0,0.0,49,1385.85,0.0,0.013265306,0.0,-0.5791472692410472,Dec,2,2,4,3,Returning_Visitor,0,0
-10,0.0,0,-407.58724110705776,58,1076.073649,-0.14174530209100875,0.022653941,1.81635021,0.0,Sep,2,2,3,2,Returning_Visitor,0,0
0,0.0,25,0.0,11,7235.298062874464,0.018181818,0.036363636,0.0,0.0,Nov,3,2,1,10,Returning_Visitor,1,0
10,218.4027778,0,0.0,27,897.7837302,0.006060606,0.019805195,48.92856443,0.0,Dec,2,2,1,3,Returning_Visitor,0,0
15,44.0,0,0.0,10,355.0,0.0,0.016666667,0.0,0.0,May,2,2,1,2,New_Visitor,0,0
0,0.0,1,100.0,13,7739.967183162035,0.0,0.015384615,0.0,-0.5477089529008012,May,3,2,2,3,Returning_Visitor,1,0
15,699.9179737464683,3,119.5,147,2933.695013,0.003797468,0.016656739,18.1270044,0.0,Nov,2,2,1,1,Returning_Visitor,0,1
0,0.0,0,0.0,5,103.5,0.0,0.04,0.0,0.0,Dec,1,1,4,2,Returning_Visitor,1,0
2,17.0,25,0.0,-100,1349.0,0.0,0.005882353,0.0,0.0,Mar,2,2,1,1,Returning_Visitor,0,0
0,0.0,0,0.0,1,0.0,0.2,0.2,0.0,-0.6470214744174411,May,3,2,9,13,Returning_Visitor,0,0
9,98.94444444,1,-407.3788115580104,124,5731.094444,0.018346253,0.03371764,1.914174972,0.2,May,2,2,3,13,Returning_Visitor,0,0
-8,0.0,0,0.0,12,335.0,0.19691453544962273,0.045454545,0.0,0.0,Dec,1,1,8,10,Returning_Visitor,0,0
0,0.0,0,0.0,15,384.0,0.0,0.20451930851795902,0.0,0.0,Dec,3,2,1,2,New_Visitor,0,0
4,31.0,1,-463.43050085986374,80,1793.777778,0.1919965730290326,0.031725417,0.0,0.6,May,2,2,3,3,Returning_Visitor,0,0
0,0.0,0,0.0,-126,76.5,0.1727392486714965,0.047619048,0.0,-0.6035930064526648,May,1,1,4,5,Returning_Visitor,0,0
2,10.0,1,19.0,24,845.8333333,0.004,0.2301835477753516,0.0,0.0,Dec,1,1,4,3,Returning_Visitor,1,0
10,-537.4920371935357,0,0.0,19,538.2,0.0,0.00952381,0.0,0.8039694696986641,May,2,5,3,6,New_Visitor,0,0
4,651.5157022724222,25,65.5,37,1307.472222,0.1877599623852663,0.23836457112000328,0.0,0.0,Nov,3,2,3,2,Returning_Visitor,0,0
0,-534.3305248561506,0,0.0,1,0.0,0.1898852261571672,0.2,0.0,0.7348027029731987,Nov,2,2,1,20,Returning_Visitor,1,0
6,99.33333333,1,28.5,5,345.5,0.0,0.011111111,0.0,0.0,Mar,2,2,3,8,New_Visitor,0,0
2,31.5,25,0.0,27,811.8630952,0.0,0.015873016,0.0,0.0,Nov,1,1,4,8,Returning_Visitor,1,0
2,23.2,0,0.0,11,119.2,0.0,-0.11222487092795261,0.0,0.0,Sep,2,2,2,2,New_Visitor,1,0
0,752.3996101789271,0,0.0,8,55.3,0.0,0.025,0.0,0.0,Jul,1,1,3,3,Returning_Visitor,0,0
4,660.8637420006305,0,0.0,186,7719.614819130848,0.003723404,0.023642242,0.0,0.0,Nov,2,2,3,2,Returning_Visitor,1,0
0,0.0,0,0.0,7,259.0,0.028571429,0.057142857,0.0,0.0,Nov,2,2,8,2,Returning_Visitor,0,0
0,0.0,0,-487.26100622701557,170,35.0,0.0,0.066666667,71.87530174507602,0.0,Nov,4,1,1,1,Returning_Visitor,0,0
0,0.0,2,66.0,27,875.5,0.0,0.014367816,0.0,0.0,May,4,2,1,2,Returning_Visitor,1,0
0,0.0,0,0.0,172,1664.0,-0.136613456108955,0.032424242,0.0,-0.6137333412211063,Nov,1,1,1,2,Returning_Visitor,0,1
-9,0.0,0,0.0,4,388.0,0.05,0.075,0.0,0.0,Mar,2,2,6,1,Returning_Visitor,0,0
4,153.75,0,0.0,17,7547.8362072414875,0.0,0.010526316,0.0,0.0,Dec,2,2,1,2,New_Visitor,0,0
6,132.22,25,18.0,-106,418.8444444,0.0,0.001020408,0.0,0.0,Oct,2,2,1,2,New_Visitor,1,0
-7,0.0,0,0.0,5,-6177.305149936825,0.032727273,0.033846154,0.0,0.0,Mar,2,7,7,6,Returning_Visitor,0,0
0,0.0,0,474.7969111753024,6,132.0,0.0,0.033333333,0.0,-0.6786289911168231,May,4,1,3,5,New_Visitor,0,0
3,70.93333333,3,560.0,16,-5887.659376052553,0.0,0.028070175,9.163038423,0.0,Jul,2,2,1,2,Returning_Visitor,0,0
0,0.0,0,0.0,5,8023.74958515178,0.0,0.008,0.0,0.0,Dec,3,2,8,13,Returning_Visitor,0,0
0,0.0,25,0.0,41,-5463.235487315863,0.012195122,0.043292683,0.0,0.0,Nov,3,2,3,1,Returning_Visitor,0,0
0,0.0,0,0.0,184,148.1666667,0.0,0.057142857,0.0,0.4,May,1,1,1,20,Returning_Visitor,0,0
0,0.0,0,0.0,17,212.25,0.18543102095176747,0.023529412,-57.91686799413705,0.0,Dec,2,2,1,20,Returning_Visitor,0,0
14,-557.1656976190509,0,0.0,14,684.75,0.0,0.014285714,0.0,-0.5803012175104365,Nov,2,2,9,2,Returning_Visitor,0,0
0,0.0,0,-421.6439921313795,7,8498.42498177888,0.0,-0.12252595538776831,0.0,0.8,May,2,2,1,4,Returning_Visitor,0,0
0,0.0,25,482.5899009835236,1,0.0,0.2,-0.14583845035775467,0.0,0.4,May,3,2,1,1,Returning_Visitor,0,0
15,222.5,2,46.66666667,166,1267.155556,0.001481481,0.017977208,16.1728,0.0,Mar,2,2,3,2,Returning_Visitor,0,1
12,237.8333333,25,-522.9835038848053,66,3268.075758,0.005882353,0.029549127,72.29229865542236,1.0,May,2,2,7,4,Returning_Visitor,1,0
5,114.25,0,0.0,107,8040.852862933621,0.005612245,0.017992979,0.0,0.0,Nov,2,2,1,2,Returning_Visitor,0,1
1,9.0,25,0.0,10,-4875.032903339117,0.0,-0.12224662674238063,0.0,0.0,Dec,2,2,1,11,Returning_Visitor,0,0
0,-490.90392613056804,0,0.0,-113,52.3,0.0,0.1,0.0,0.0,Aug,2,2,6,5,Returning_Visitor,0,0
2,87.25,0,0.0,56,2094.983333,0.032738095,0.063214286,0.0,0.8,May,2,4,3,3,Returning_Visitor,0,0
0,0.0,0,0.0,3,823.5,-0.14611511001261457,0.066666667,0.0,0.0,Dec,2,2,3,8,Returning_Visitor,0,0
0,0.0,0,0.0,6,109.25,-0.16804812834869373,0.033333333,0.0,0.0,Dec,8,13,9,20,Other,0,0
0,-545.025405050139,0,0.0,23,282.5,0.043478261,0.073913043,0.0,-0.5501673428543916,May,2,2,1,3,Returning_Visitor,0,0
1,24.0,1,72.0,13,-5651.45811097574,0.0,0.014285714,23.13,0.0,May,2,2,1,2,Returning_Visitor,0,1
1,99.8,0,0.0,110,2056.48859,0.20876142830055477,0.23745059520990897,0.0,0.0,Jul,2,2,1,1,Returning_Visitor,0,0
8,108.7,0,0.0,85,2651.943186,0.000888889,0.01426455,77.77340005497072,0.0,Jul,2,2,9,4,Returning_Visitor,0,0
0,0.0,0,0.0,5,200.0,0.0,0.05,0.0,0.0,May,3,2,1,4,Returning_Visitor,1,0
-9,0.0,0,0.0,42,1766.833333,0.023015873,0.062641723,0.0,0.0,Nov,2,2,1,13,Returning_Visitor,0,0
-8,4.0,0,0.0,14,1319.833333,0.0,0.012222222,0.0,0.0,May,2,2,1,5,Returning_Visitor,0,0
1,8.0,2,134.5,21,507.2916667,0.008333333,0.031944444,0.0,0.0,Nov,2,10,1,1,Returning_Visitor,0,1
3,202.1333333,0,0.0,169,721.1833333,0.0,-0.13232418807845744,0.0,0.0,Sep,1,1,1,2,New_Visitor,0,0
0,0.0,0,-435.35809818237203,3,-5307.604265229955,0.066666667,0.133333333,0.0,0.0,Nov,1,1,3,2,Returning_Visitor,1,0
12,2.0,0,0.0,61,1335.737854,0.0,0.002,20.15710234,0.0,Nov,4,4,1,2,Returning_Visitor,1,1
2,23.2,0,594.6407438732375,3,0.0,0.1990182838946607,0.12,62.19452963542424,0.0,Aug,2,2,3,5,New_Visitor,0,0
4,99.33333333,0,0.0,15,715.875,0.010526316,0.052631579,77.78491752836447,0.0,Dec,2,5,4,2,Returning_Visitor,0,0
8,111.5416667,3,226.0,68,1664.14881,0.002702703,0.021846847,6.693658292,0.0,Dec,2,1,1,2,Returning_Visitor,0,1
0,0.0,0,0.0,10,701.0,0.0,0.03,0.0,0.0,May,1,1,4,3,Returning_Visitor,1,0
0,0.0,0,0.0,3,51.0,0.0,0.1,0.0,0.0,Nov,2,2,3,2,Other,0,0
-9,51.48,0,0.0,16,-5149.189144565409,0.038095238,0.20851051663071046,0.0,0.0,Oct,1,1,6,5,Returning_Visitor,1,0
1,51.0,25,0.0,66,1859.5,0.005128205,0.00974359,0.0,0.4,May,2,2,2,2,Returning_Visitor,0,0
5,80.25,0,0.0,63,2618.681061,0.005797101,0.011111111,17.60939304,0.0,Nov,3,2,1,8,Returning_Visitor,0,1
0,-583.6433647947761,0,0.0,2,23.0,0.0,0.1,0.0,0.8,May,2,2,1,4,Returning_Visitor,0,0
0,0.0,0,0.0,29,874.952381,0.004597701,0.044367816,0.0,-0.6739760758351984,Dec,1,1,1,2,Returning_Visitor,0,0
9,160.0,0,0.0,48,3946.008333,0.007272727,0.011515152,20.32388105,0.0,Mar,2,6,1,8,Returning_Visitor,1,1
-9,89.5,0,0.0,-125,30.0,0.0,0.033333333,0.0,0.8387830510458996,May,1,1,1,2,Returning_Visitor,1,0
0,-612.5631691995837,0,0.0,5,171.5,0.0,0.02,0.0,0.0,Mar,1,1,1,2,Returning_Visitor,0,0
1,54.4,6,505.6,185,838.15,0.0,0.0,0.0,0.0,Nov,2,2,3,2,New_Visitor,1,0
0,0.0,0,0.0,1,0.0,0.2,0.2,0.0,0.0,May,3,2,1,13,Returning_Visitor,0,0
5,321.6666667,7,460.0,46,1900.896078,0.017156863,0.031932773,0.0,1.0,May,1,1,3,1,Returning_Visitor,1,0
1,34.5,0,0.0,10,277.0357143,0.0,0.002777778,0.0,0.0,Dec,1,1,8,8,New_Visitor,1,0
0,0.0,0,-497.0195670143903,30,1029.583333,-0.1343013423413672,0.20931988430212636,0.0,0.0,Dec,3,2,1,2,Returning_Visitor,0,0
15,671.9068554581609,0,0.0,7,380.0,0.014285714,-0.13117293788371762,-50.88762417923715,-0.6015998669136214,May,2,4,7,1,Returning_Visitor,1,0
4,57.0,1,0.0,19,-4554.362471684732,0.0,0.2273670927603398,0.0,0.0,Mar,4,2,1,2,Returning_Visitor,0,0
4,82.7,0,0.0,26,405.2833333,0.0,0.001428571,0.0,-0.5658926653302516,Nov,2,2,1,2,New_Visitor,0,0
0,0.0,0,0.0,29,809.1666667,0.017857143,0.032142857,0.0,0.0,May,2,6,1,3,Returning_Visitor,0,0
4,773.0761114694781,0,0.0,74,3817.203846,0.0,0.020533333,-61.63941261365861,0.0,Nov,2,2,1,2,Returning_Visitor,0,0
0,0.0,0,0.0,205,0.0,0.2157261598997748,0.2,0.0,0.0,May,2,2,1,13,Returning_Visitor,0,0
1,12.0,0,0.0,71,1733.658333,0.0,0.002898551,0.0,0.0,Nov,8,2,1,3,Returning_Visitor,1,0
2,44.0,0,0.0,26,1636.016667,0.007692308,-0.1049144164134149,65.61759740070907,0.0,Mar,2,6,1,1,Returning_Visitor,0,0
-7,0.0,0,-392.588081815196,25,1225.857143,0.012,0.040977778,0.0,0.4,May,2,2,5,2,Returning_Visitor,0,0
0,706.9633377884601,0,0.0,18,541.9166667,0.0,0.015686275,0.0,0.0,Nov,3,2,1,2,New_Visitor,1,0
2,632.7091966383582,0,552.5377749691195,12,284.5,0.0,0.014285714,0.0,0.0,Dec,2,2,3,2,Returning_Visitor,0,0
0,0.0,0,0.0,1,0.0,0.2,0.2,0.0,0.0,Nov,1,1,3,2,Returning_Visitor,0,0
0,-508.92572901483175,0,0.0,4,7.0,0.0,0.05,0.0,0.0,Mar,2,2,1,1,Returning_Visitor,0,0
0,-461.02469969793,0,0.0,11,126.6666667,0.21186872304560578,0.090909091,0.0,0.4,May,1,1,1,3,Returning_Visitor,0,0
6,172.125,0,0.0,122,2767.366071,0.000533333,0.004071111,-58.56209139519714,0.0,Dec,4,1,1,2,Returning_Visitor,0,0
10,236.0795455,25,5.0,107,2589.881537,0.010601564,0.019627539,0.0,0.0,Dec,3,2,4,2,Returning_Visitor,0,0
4,-539.5370242915069,0,0.0,2,-6229.285235576871,0.0,0.02,-63.927327513891875,0.0,Dec,3,2,2,2,New_Visitor,1,0
1,5.0,1,292.0,35,1916.9,0.0,0.015555556,11.19189333,0.2,May,2,10,6,3,Returning_Visitor,0,1
13,0.0,25,0.0,175,12634.62089,-0.1557154958754744,0.022134495,3.984110696,0.0,May,2,2,1,1,Returning_Visitor,1,0
2,29.86666667,2,99.6,13,534.4833333,0.0,0.004166667,0.0,0.0,Oct,1,1,2,2,New_Visitor,0,0
8,146.6,1,-459.2117698407358,198,8006.695205,0.002722772,0.01852759,0.0,0.0,Jul,2,2,4,1,Returning_Visitor,0,0
2,13.0,25,0.0,16,346.3866667,0.0,0.029411765,0.0,0.0,Jul,3,2,3,4,Returning_Visitor,0,0
13,0.0,0,0.0,3,71.5,0.066666667,0.133333333,0.0,0.0,Nov,2,2,3,3,Returning_Visitor,0,0
2,140.1666667,4,244.3,14,307.4435055,0.044444444,0.067397661,0.0,0.0,Sep,3,2,1,1,Returning_Visitor,0,0
0,0.0,0,517.4478805298539,13,338.2,0.030769231,0.069230769,0.0,0.0,Oct,1,1,4,4,Returning_Visitor,1,0
8,69.83333333,1,157.0,45,901.9166667,0.007189542,0.02627451,68.28847523450756,0.0,May,2,2,1,6,Returning_Visitor,0,0
12,765.6666667,0,0.0,-132,-5923.395274214068,0.015384615,0.015384615,0.0,0.0,Mar,1,2,3,2,Returning_Visitor,0,0
6,723.5,25,410.5,5,-5123.816516143763,0.0,0.015384615,0.0,0.0,Nov,2,5,2,2,Other,0,1
0,-609.8736444910031,0,507.27237984493104,7,48.0,0.114285714,0.157142857,0.0,0.4,May,1,1,6,3,Returning_Visitor,0,0
-9,100.0,1,12.0,44,1373.95,-0.15895104426738754,0.004545455,0.0,0.8459916684574579,May,1,1,2,2,New_Visitor,1,0
0,0.0,0,0.0,194,384.0,0.0,0.05,0.0,0.0,May,2,4,4,2,Returning_Visitor,0,0
2,236.0,0,0.0,18,490.0666667,0.0,0.013333333,65.10378402710583,0.0,Mar,1,1,4,1,Returning_Visitor,0,0
15,0.0,1,35.0,33,782.0833333,0.0,0.005882353,-61.774425842287776,0.0,May,2,4,9,2,New_Visitor,0,1
15,0.0,0,0.0,30,397.0,0.0,0.02,0.0,-0.6265153682838973,Mar,2,2,7,2,Returning_Visitor,0,0
0,0.0,0,498.29106277897824,57,4115.233333,0.003508772,0.23667075239919558,0.0,0.0,May,2,2,3,13,Returning_Visitor,0,0
0,0.0,0,0.0,11,1855.6,0.18756763805136237,0.054545455,0.0,0.0,Sep,2,2,1,1,Returning_Visitor,0,0
0,0.0,0,0.0,1,-5213.157751629073,0.0,0.1,0.0,0.7916743940684943,Nov,1,1,1,3,Other,0,0
0,0.0,0,496.5027618431324,-105,-5162.611451598835,0.2,0.2,0.0,0.0,Dec,8,13,9,20,Other,0,0
15,230.1,0,565.1540638072972,194,-4728.184430301446,0.21542148437810435,0.019206774,0.0,-0.6339859381769236,Jul,3,2,6,1,Returning_Visitor,0,0
2,88.0,25,0.0,3,95.5,0.0,0.02,-58.904248706900276,0.0,May,1,2,3,2,New_Visitor,0,0
1,28.25,0,0.0,30,1862.333333,-0.1678643774240595,0.026436782,0.0,0.0,Nov,3,2,1,13,Returning_Visitor,0,0
0,-487.92968538396957,25,0.0,6,127.0,0.0,0.016666667,0.0,0.8,May,2,2,3,4,Returning_Visitor,0,0
13,0.0,0,0.0,7,98.33333333,0.028571429,0.032653061,0.0,0.0,May,1,1,1,3,Returning_Visitor,0,0
1,19.2,0,0.0,42,2197.0,-0.13610836617176827,0.013636364,-58.81956066156204,0.0,Oct,2,2,1,1,Returning_Visitor,0,0
8,935.1,1,21.0,172,10524.35936,0.005046115,-0.1495097680717067,73.30352186212855,0.0,Nov,3,2,1,3,Returning_Visitor,0,1
1,10.0,2,108.0,-141,2114.083333,0.0,-0.11404419266603787,0.0,0.2,May,4,2,1,4,Returning_Visitor,0,0
0,653.0095543278917,0,0.0,6,102.0,0.0,0.033333333,0.0,0.0,May,2,2,1,3,Returning_Visitor,0,0
0,704.5544400658375,25,-414.4427703775514,21,1030.0,0.005,0.025,0.0,0.0,Dec,2,2,7,1,Returning_Visitor,0,0
0,0.0,0,0.0,14,331.3,0.0,0.015384615,0.0,0.0,Jul,1,8,1,1,Returning_Visitor,0,0
8,293.0,0,0.0,12,399.0666667,0.003030303,0.010606061,-62.04221578978306,-0.6489881649443267,Nov,4,1,3,3,Returning_Visitor,0,1
2,24.0,0,0.0,28,7912.490533997054,0.0,0.023222222,5.417644444,0.0,Mar,2,2,1,2,Returning_Visitor,0,1
-10,106.8333333,25,96.0,16,373.4583333,0.0,0.028333333,0.0,0.0,Nov,2,2,3,2,Returning_Visitor,0,0
0,0.0,0,0.0,194,47.0,-0.16238695755278154,-0.1425083902995468,0.0,0.0,Nov,2,2,3,11,Returning_Visitor,1,0
6,142.9111111,0,-482.8434553423961,13,264.3396825,0.0,0.034509804,0.0,0.0,Sep,1,1,3,5,Returning_Visitor,0,0
0,0.0,0,0.0,2,301.0,0.0,-0.11023980517737117,0.0,0.6733301392241717,Nov,1,1,1,3,Returning_Visitor,0,0
3,110.5,0,0.0,10,284.0,0.0,0.008333333,0.0,1.0,May,1,8,1,11,New_Visitor,1,0
0,0.0,25,0.0,15,147.5833333,0.014285714,0.028571429,0.0,0.0,Nov,3,2,7,3,Returning_Visitor,0,0
11,281.6309524,25,0.0,54,8574.082784691087,0.0,0.012261867,5.150663602,0.0,Mar,1,1,7,2,Returning_Visitor,0,0
0,0.0,2,-405.47343402639723,93,5496.25,0.003191489,-0.10522021538944336,0.139200623,0.0,Jul,2,2,1,1,Returning_Visitor,0,1
3,49.4,25,561.4698087363965,18,330.5333333,0.0,0.20658792070832063,0.0,0.0,Sep,2,2,8,4,New_Visitor,1,0
3,103.6,0,0.0,-116,1003.38,0.068292683,0.21609088991875997,65.367554083981,0.0,Aug,1,1,1,3,Returning_Visitor,0,0
15,572.5833333,2,465.8975260200897,318,13717.40205,0.004176829,0.015642808,45.15513521,-0.6881863027936429,Nov,2,2,1,2,Returning_Visitor,0,1
0,0.0,0,0.0,1,0.0,-0.14988927019366835,0.2,0.0,0.0,Dec,3,2,1,1,Other,0,0
14,200.4166667,0,0.0,7,72.41666667,0.0,0.004761905,-55.122112417150475,0.0,Dec,8,13,9,20,Other,0,0
0,0.0,25,0.0,196,459.6666667,0.19879168443255033,0.057142857,0.0,0.0,Nov,2,2,1,3,Returning_Visitor,0,0
4,170.5,0,0.0,20,1052.833333,0.010526316,0.015789474,0.0,0.0,Nov,1,1,6,3,New_Visitor,0,0
7,367.6666667,3,459.193856605178,58,4191.031746,0.014583333,0.033093378,1.385791839,0.0,Nov,1,1,7,15,Returning_Visitor,1,0
0,0.0,0,0.0,14,7446.904565446468,0.014285714,0.028571429,0.0,0.0,Dec,3,2,3,2,Returning_Visitor,1,0
0,0.0,0,0.0,4,2.333333333,0.15,0.1625,0.0,0.0,May,2,2,4,13,Returning_Visitor,0,0
0,-597.4332330733891,0,0.0,87,1197.700198,0.0,0.2363942436644504,38.00063931,0.0,Nov,2,2,1,2,New_Visitor,0,1
6,158.6704505,1,430.2,146,5602.006712,0.002671513,0.00935218,6.711290592,0.0,Nov,2,10,7,2,Returning_Visitor,0,1
4,245.8,1,0.0,166,707.9116667,0.0,0.017241379,66.1061114986747,0.0,Sep,1,1,3,2,Returning_Visitor,0,0
0,0.0,0,0.0,9,250.5,0.0,0.044444444,64.54864642586517,0.0,Mar,3,2,7,1,Returning_Visitor,1,0
0,-548.439915110134,0,0.0,9,134.75,-0.13402261716375935,0.124444444,74.76112485848526,0.0,Nov,1,1,2,1,Returning_Visitor,0,0
3,119.0,0,0.0,6,197.5,0.022222222,-0.1260110760312054,-58.901406648888454,1.0,May,6,2,3,2,New_Visitor,1,0
0,0.0,0,0.0,4,118.0,0.0,0.025,0.0,-0.5608417501159264,May,1,1,8,3,Returning_Visitor,0,0
0,0.0,0,0.0,11,499.0,0.0,0.018181818,-66.59367612929813,0.0,Dec,4,1,1,2,Returning_Visitor,0,0
0,0.0,0,0.0,7,39.25,0.028571429,0.034285714,0.0,0.0,Mar,2,2,1,2,Returning_Visitor,0,0
5,209.2,0,0.0,18,447.1666667,0.008695652,0.041304348,0.0,0.0,Aug,1,1,1,1,Returning_Visitor,0,0
0,0.0,0,0.0,13,574.6666667,0.0,0.061538462,0.0,0.0,Mar,2,2,8,1,Returning_Visitor,0,0
-7,566.0,0,0.0,-127,574.3333333,0.0,0.229039191360214,34.26077778,0.4,May,1,1,8,2,Returning_Visitor,0,1
15,374.3690476,0,0.0,5,-4604.631838194318,0.004545455,0.052525253,0.0,0.0,May,3,2,3,1,Returning_Visitor,0,0
2,30.0,0,0.0,10,121.0,0.016666667,0.025,0.0,0.8325530424826224,May,3,6,3,3,New_Visitor,0,0
0,0.0,0,0.0,191,7741.384362566943,0.028571429,0.034285714,0.0,0.0,Nov,3,3,9,2,Returning_Visitor,0,0
-7,0.0,0,0.0,18,1489.083333,-0.15007238518539137,0.046470588,0.0,0.0,Mar,2,2,8,1,Returning_Visitor,0,0
0,0.0,0,0.0,7,95.0,0.014285714,0.061904762,-65.75314185271617,0.0,Mar,2,6,1,1,Returning_Visitor,0,0
4,52.83333333,0,0.0,57,1761.285714,0.006896552,0.022220854,73.0827368986165,0.0,Nov,1,1,1,3,Returning_Visitor,1,0
0,0.0,0,-393.2204888571596,14,208.9,-0.12717103366050617,0.014285714,0.0,0.0,Nov,1,8,4,11,Returning_Visitor,1,0
1,42.0,0,0.0,19,682.1333333,0.0,0.021666667,74.1255216410496,0.0,Dec,1,1,4,10,Returning_Visitor,0,0
0,0.0,0,0.0,13,-5369.3718338069875,0.138461538,0.143589744,0.0,0.0,Aug,2,2,2,13,Returning_Visitor,0,0
0,-518.704020431192,0,0.0,32,8352.20844445591,0.0,0.014791667,19.6055151,0.0,Nov,2,2,1,10,Returning_Visitor,0,0
1,10.0,0,0.0,14,348.6666667,0.035714286,0.053571429,0.0,0.0,Mar,3,2,1,1,Returning_Visitor,1,0
0,0.0,0,0.0,19,615.0,0.0,0.026315789,0.0,0.2,Feb,2,2,3,3,Returning_Visitor,0,0
15,164.4,0,0.0,33,865.8071429,0.0,0.012280702,61.61833364,0.0,Dec,2,2,5,2,New_Visitor,0,1
0,0.0,2,21.0,176,144.5,0.014285714,0.05,0.0,0.0,Dec,2,2,2,1,Returning_Visitor,0,0
3,168.75,25,0.0,36,1262.833333,0.0,0.004054054,20.39448649,-0.7360763777215734,May,2,2,3,4,Returning_Visitor,1,1
8,182.6480519,6,291.5,35,1373.464719,0.001550388,0.018148931,14.322,0.0,Mar,2,2,6,2,Returning_Visitor,0,0
-10,0.0,25,0.0,1,0.0,-0.16602554925251847,0.2,0.0,0.0,Dec,2,2,8,1,Returning_Visitor,0,0
-9,0.0,0,0.0,9,143.0,0.055555556,0.122222222,0.0,1.0,May,2,6,1,2,Returning_Visitor,1,0
0,0.0,25,0.0,26,436.8,0.074074074,0.088888889,0.0,-0.6465520879435481,Jul,2,2,1,3,Returning_Visitor,0,0
2,52.5,0,0.0,10,753.1,0.1898775971691123,0.02,0.0,0.0,Nov,2,2,1,2,Returning_Visitor,0,0
0,0.0,0,521.2588083548579,2,134.0,0.0,0.1,-63.10918906348066,0.0,Mar,3,2,7,9,Returning_Visitor,1,0
6,149.7619048,3,267.25,120,3934.201024,0.002459016,0.023646,8.788976395,0.0,Nov,2,2,4,2,Returning_Visitor,1,0
1,723.8157433153352,0,-404.79049083766176,7,179.0,0.0,0.028571429,53.13428571,0.0,Mar,2,4,2,8,New_Visitor,0,1
0,-584.5404603730248,0,0.0,195,98.0,0.0,0.066666667,0.0,0.0,Mar,2,6,7,1,Returning_Visitor,0,0
14,183.0,0,0.0,28,586.3722222,0.0,0.004021164,0.0,0.0,Dec,3,2,6,10,Returning_Visitor,0,1
0,740.9100549496274,0,0.0,24,981.1666667,0.051388889,0.084722222,0.0,0.0,May,2,2,1,11,Returning_Visitor,1,0
8,-533.341385390331,1,391.0,61,1037.807143,0.003174603,0.027115142,0.0,-0.694487369893992,May,2,5,2,2,Returning_Visitor,0,0
4,106.5,0,0.0,12,-6127.684090088118,0.0125,-0.10580409712195007,0.0,0.0,Dec,2,2,1,2,Returning_Visitor,0,0
0,0.0,0,0.0,21,947.3928571,0.01,0.033333333,73.8143602554568,0.0,Dec,1,1,1,10,Returning_Visitor,1,0
1,0.0,2,23.75,193,6784.671131,-0.1434375292335291,0.021157516,0.0,0.0,Nov,2,2,7,2,Returning_Visitor,1,1
15,676.3183050733305,3,60.0,30,1383.375,-0.16688895650459615,0.22868435339609475,43.20756866,0.0,Nov,2,2,1,1,Returning_Visitor,0,0
0,0.0,0,0.0,3,38.0,0.1,0.23236159211398386,0.0,-0.7111607820276584,Mar,3,2,1,1,Returning_Visitor,0,0
0,0.0,0,0.0,1,0.0,0.2,0.2,0.0,0.0,Mar,2,2,4,11,Returning_Visitor,0,0
2,7.0,1,0.0,79,7780.318305564477,0.017761848,0.04031012,0.0,0.7057831028539666,May,2,2,1,5,Returning_Visitor,1,0
2,136.5,0,0.0,-137,1261.5,0.0,0.01,0.0,0.0,Dec,8,1,3,2,Returning_Visitor,1,0
0,0.0,0,0.0,4,-6300.743282133035,0.0,0.05,0.0,0.0,Nov,1,1,3,3,Returning_Visitor,0,0
0,-616.0144731681529,0,0.0,9,272.5,0.0,0.011851852,0.0,0.2,Feb,1,1,6,3,Returning_Visitor,0,0
4,-569.174474140466,0,0.0,31,270.4916667,0.0,0.00234375,-59.680811433546026,0.0,Mar,2,2,1,3,Returning_Visitor,0,0
5,71.08333333,0,0.0,24,7591.898174207326,-0.12568145179757892,-0.10564725907906784,52.28491058,-0.5907658864845966,Dec,2,2,3,2,New_Visitor,0,1
8,259.2836478,2,12.0,53,1854.242845,0.0004329,0.015548371,22.22165124,0.0,Nov,3,2,9,6,Returning_Visitor,0,0
0,0.0,0,0.0,25,1320.5,0.0,0.030666667,-60.0479992479446,-0.5874317677865842,May,2,10,1,1,Returning_Visitor,0,0
0,645.2713669447129,0,0.0,6,7426.624158186596,0.0,0.033333333,0.0,0.0,Nov,2,10,3,3,Returning_Visitor,0,0
12,194.0362319,25,61.5,36,625.308112,0.011627907,-0.14274763504295368,0.0,0.7197119350838168,May,3,2,1,1,Returning_Visitor,0,0
7,-599.6860370783418,25,255.5,45,2996.4875,0.014814815,0.02628108,2.0905,0.0,May,2,2,3,3,Returning_Visitor,0,0
-8,-570.2302014551879,0,0.0,16,2515.1,-0.1670832645381746,0.070238095,0.0,0.0,May,3,2,2,3,Returning_Visitor,0,0
0,0.0,25,0.0,29,1131.315476,0.021428571,0.1936494973823223,0.0,0.0,May,2,2,2,6,Returning_Visitor,1,0
9,152.875,2,54.91666667,-116,2971.254167,-0.17130276354796412,0.013631606,66.22615570738822,0.0,Nov,2,2,3,1,Returning_Visitor,0,1
3,-618.1987142286011,0,0.0,8,278.58,0.0,0.01,26.18180656,0.0,Jul,1,1,1,2,New_Visitor,0,0
1,5.0,1,17.75,93,3009.042857,0.003617021,0.018145897,6.992767815,0.0,Dec,1,2,4,3,Returning_Visitor,1,0
1,746.383403745353,0,0.0,185,7291.027223446294,0.004347826,0.020289855,0.0,0.0,Nov,2,2,1,2,New_Visitor,0,0
2,26.66666667,25,0.0,20,819.2715686,0.007972028,0.043864469,-55.86289502480212,0.0,May,2,2,1,2,Returning_Visitor,1,0
3,-620.8082219679886,25,542.7862604169721,15,-4792.547343975011,0.0,0.020512821,0.0,-0.5585208697502154,Nov,2,2,3,11,Returning_Visitor,1,0
2,698.5,0,0.0,-125,1053.841565,0.002990033,0.014327278,0.0,0.0,Nov,2,5,6,1,Returning_Visitor,1,0
9,866.4280303,25,691.0,36,1617.612554,-0.16579360067417892,0.025668172,0.0,0.0,Nov,1,1,1,2,Returning_Visitor,1,0
2,86.38888889,0,0.0,29,-6161.233824706667,0.013978495,0.04659824,7.053335001,0.0,Nov,2,2,6,3,Returning_Visitor,0,0
7,60.0,3,23.0,111,2524.501905,0.001694915,0.018834175,6.445051499,0.0,Mar,3,2,1,2,Returning_Visitor,1,0
6,233.0833333,25,63.0,60,3135.442572,0.001666667,0.009358814,0.0,0.0,Mar,3,2,1,10,Returning_Visitor,0,0
2,-528.0692847870088,4,219.0,53,1518.761111,0.007272727,0.005454545,0.0,-0.7074793641405788,Mar,1,1,6,2,Returning_Visitor,1,0
0,670.8099740297617,0,0.0,37,456.15,0.121621622,0.20558055597057673,0.0,0.0,Jul,3,2,1,3,Returning_Visitor,1,0
0,657.3063619688932,1,553.3589288612225,22,812.3,0.030848861,0.057391304,0.0,0.0,Nov,1,1,4,10,Returning_Visitor,1,0
13,331.9833333,25,128.0,202,8217.678753,0.001904762,0.013668745,76.03207925658815,0.816420717019286,Nov,2,2,3,10,Returning_Visitor,1,1
0,0.0,0,0.0,30,655.5428571,0.006666667,0.019666667,0.0,0.0,Dec,3,2,1,2,Returning_Visitor,1,0
14,228.748539,6,121.5833333,336,-6119.35628111938,0.0,0.012143626,0.067049546,0.0,Nov,2,2,7,2,Returning_Visitor,0,1
0,0.0,0,0.0,3,293.5,0.0,0.133333333,-57.571184053790645,0.4,May,2,2,1,5,Returning_Visitor,0,0
0,0.0,0,553.6274874730395,-128,1281.0,0.006666667,0.02,0.0,0.0,Mar,2,4,2,1,Returning_Visitor,0,0
14,68.75,0,0.0,137,-4948.914935466641,0.003165468,0.014745252,0.0,0.0,Dec,2,2,3,1,Returning_Visitor,0,0
4,359.3,4,-498.7511056500106,69,5485.105556,0.010526316,0.017493734,4.494741228,0.0,Mar,1,1,2,1,Returning_Visitor,1,1
0,0.0,0,0.0,2,0.0,0.2,0.2,0.0,0.7309930033035148,May,2,2,2,3,Returning_Visitor,0,0
6,87.33333333,0,0.0,62,1470.853037,0.0,0.009683372,0.0,0.0,Mar,2,4,6,3,Returning_Visitor,1,0
0,0.0,25,0.0,3,6948.791347178059,0.0,0.033333333,0.0,0.0,Nov,1,8,4,6,New_Visitor,0,0
4,133.8,0,0.0,10,299.5,0.072222222,0.063095238,0.0,0.0,Jul,1,8,7,1,Returning_Visitor,0,0
1,7.0,0,0.0,151,-6126.146331371711,0.00917226,0.0210895,0.0,0.7194910111683558,May,1,1,1,15,Returning_Visitor,0,0
1,45.0,25,513.5079287517063,8,183.0,-0.17013114568308502,0.011111111,0.0,0.0,May,1,1,1,4,Returning_Visitor,0,0
13,5.0,0,0.0,16,191.0714286,0.0,0.0125,0.0,0.0,Mar,2,4,1,10,Returning_Visitor,0,0
2,114.0,0,0.0,11,427.0,0.014285714,0.042857143,39.42,0.0,May,2,2,1,2,Returning_Visitor,0,0
12,176.9638554,9,266.875,351,8650.048771,-0.1310220738722992,0.027372411,1.984555788,-0.596561022481221,Nov,3,2,1,3,Returning_Visitor,0,0
-10,0.0,0,0.0,-107,684.7272727,0.005405405,-0.13909667524342617,0.0,0.0,Mar,2,4,3,1,Returning_Visitor,0,0
0,0.0,2,131.0,-125,868.4166667,0.0,0.001081081,33.84778378,-0.6567812807395991,May,3,2,7,2,New_Visitor,1,1
3,37.0,0,562.8693116192859,21,1231.5,0.0,0.016,0.0,0.0,Nov,2,4,9,8,New_Visitor,1,1
3,738.4,25,0.0,14,698.5833333,0.007692308,0.021153846,0.0,0.0,May,3,2,8,2,Returning_Visitor,0,0
8,96.75,1,73.75,64,2527.083333,0.0,-0.13242346197934973,0.0,0.0,Nov,2,2,4,2,Returning_Visitor,0,0
0,0.0,0,0.0,11,205.7,0.0,-0.10548366118236917,18.85086521,0.0,Dec,1,1,1,8,New_Visitor,0,1
0,0.0,0,0.0,13,257.0,0.035714286,0.078571429,0.0,0.0,Nov,1,1,2,2,Returning_Visitor,0,0
0,0.0,0,0.0,4,50.0,0.18606321849947685,0.075,0.0,0.0,May,2,2,8,4,Returning_Visitor,0,0
0,0.0,0,0.0,8,463.0,-0.13614224581384637,0.025,62.29997656712008,0.0,May,2,2,3,2,Returning_Visitor,0,0
1,23.31428571,25,0.0,15,124.9142857,0.2148446130152918,0.016369048,4.90908873,0.7743660429674161,Jul,2,2,3,2,Returning_Visitor,0,0
3,7.0,1,25.16666667,-121,446.0,0.019047619,0.031746032,32.38852793,0.0,Nov,2,2,1,1,Returning_Visitor,0,0
0,0.0,0,0.0,26,2107.258333,0.005128205,0.035897436,0.0,0.0,Dec,2,5,6,2,Returning_Visitor,1,0
0,0.0,25,0.0,1,0.0,0.2,0.2,0.0,0.0,Aug,2,2,1,4,Returning_Visitor,1,0
0,-523.5557449918157,0,0.0,2,0.0,0.2,0.2,0.0,0.0,Oct,3,2,1,1,Returning_Visitor,1,0
2,42.0,0,0.0,-100,275.702381,-0.13717928440431992,0.06,0.0,0.6,May,3,2,8,2,Returning_Visitor,0,0
9,181.0,4,302.0,22,382.4902597,0.0,0.009591837,0.0,-0.7268958380856732,May,2,2,5,2,Returning_Visitor,1,0
3,82.6,25,0.0,33,-6101.197843078682,0.0,-0.11177632108928665,0.0,0.0,Sep,2,2,2,1,Returning_Visitor,0,0
0,0.0,0,0.0,10,145.04,0.0,0.023333333,0.0,0.0,Nov,4,2,4,1,Returning_Visitor,0,0
0,0.0,0,0.0,11,219.5,0.018181818,0.20776715694164447,0.0,0.6,May,1,1,3,3,Returning_Visitor,0,0
2,40.0,1,93.66666667,54,2070.643939,0.003773585,0.016163522,0.0,-0.5676546062497588,May,3,3,3,4,Returning_Visitor,0,0
7,128.1666667,1,41.0,89,2213.819048,0.013541667,0.034151181,0.936979167,0.4,May,3,2,1,6,Returning_Visitor,0,0
15,444.4444444,0,0.0,32,641.6944444,0.024738676,0.04411104,0.0,0.0,Nov,3,2,1,13,Returning_Visitor,0,0
4,115.7,0,0.0,16,655.3833333,0.0,0.012037037,0.0,0.0,Nov,1,1,2,3,Returning_Visitor,0,0
3,30.0,0,0.0,23,625.3,0.016666667,0.026388889,0.0,0.0,Dec,2,2,3,3,Returning_Visitor,0,0
14,0.0,0,0.0,21,1088.866667,0.0,0.010526316,78.05790826572547,0.0,Nov,3,2,1,2,Returning_Visitor,1,1
1,64.5,0,-418.1369376210999,-101,961.25,0.0025,0.020714286,66.64908624638127,0.0,Dec,2,2,1,2,New_Visitor,0,0
0,0.0,0,0.0,-135,960.7333333,0.015789474,0.051754386,0.0,0.0,May,2,2,4,6,Returning_Visitor,1,0
4,200.8333333,0,-458.6692377034657,18,381.3333333,0.0,0.009090909,0.0,0.0,Mar,2,4,7,2,New_Visitor,1,0
9,341.0,0,0.0,37,1538.950794,0.005128205,0.014848485,0.0,0.0,Dec,2,2,3,1,Returning_Visitor,0,0
4,87.0,0,0.0,-133,280.5,0.025,0.04375,0.0,0.0,May,2,2,1,4,Returning_Visitor,0,0
2,94.6,1,74.6,16,199.0,0.0,0.015789474,0.0,0.8316518910296635,Jul,1,2,9,2,New_Visitor,0,0
4,44.5,0,0.0,5,48.5,0.0,0.016666667,0.0,0.2,May,2,2,6,13,Returning_Visitor,0,0
0,0.0,25,0.0,11,751.5,0.018181818,0.024242424,0.0,-0.5638832188095633,May,2,2,1,13,Returning_Visitor,0,0
0,0.0,0,0.0,11,419.75,0.0,0.006060606,0.0,0.0,Mar,2,2,6,1,Returning_Visitor,0,0
1,0.0,25,0.0,59,1669.940186,0.004137931,0.011611098,71.87091578233586,0.0,Dec,2,2,3,7,Returning_Visitor,1,0
5,43.4,0,0.0,32,3121.555556,0.009259259,0.20709779474189474,-67.05363631997432,0.0,May,2,4,4,2,Returning_Visitor,0,0
1,46.4,0,0.0,2,689.1,0.0,0.016666667,0.0,0.0,Aug,1,1,1,5,New_Visitor,0,1
0,0.0,0,-390.58671088654853,5,375.0,0.0,0.04,79.84826075791571,0.0,Nov,1,1,3,10,Returning_Visitor,1,0
-8,0.0,0,0.0,25,710.5,0.032,0.084,0.0,0.8,May,2,2,6,13,Returning_Visitor,0,0
15,0.0,0,0.0,2,0.0,0.2,0.2,0.0,0.0,Mar,2,5,1,1,Returning_Visitor,0,0
0,0.0,25,0.0,49,2259.047619,0.008163265,0.034693878,0.0,0.0,Nov,2,2,8,1,Returning_Visitor,0,0
0,0.0,0,0.0,-105,2632.7,0.00625,0.013541667,0.0,0.0,Nov,1,1,1,3,Returning_Visitor,1,0
0,0.0,0,0.0,-122,391.25,0.0,0.0125,0.0,0.7825067670158768,Nov,3,2,4,10,Returning_Visitor,1,0
0,0.0,0,0.0,2,0.0,-0.1650094248404413,0.2288435342735072,0.0,0.0,Nov,1,1,3,3,Returning_Visitor,0,0
0,0.0,0,0.0,28,319.2771429,0.042857143,0.09265873,0.0,0.0,Aug,2,2,1,2,Returning_Visitor,0,0
6,214.6666667,1,112.0,-113,2822.172118,0.003105023,0.19565748340024885,0.0,0.0,Nov,2,2,1,10,Returning_Visitor,0,0
14,0.0,0,-509.8992194452949,5,14.0,0.12,0.16,0.0,0.6,May,2,4,2,3,Returning_Visitor,0,0
4,464.5,0,0.0,-135,635.7238095,0.0,0.002777778,-60.401703766394874,0.0,Jul,1,1,3,2,New_Visitor,0,0
0,0.0,0,0.0,6,140.0,0.0,0.033333333,0.0,0.0,May,2,6,3,6,Returning_Visitor,0,0
0,0.0,0,-444.9236455937347,16,196.3333333,0.0125,0.023958333,0.0,0.0,Oct,1,1,3,2,Returning_Visitor,1,0
0,0.0,0,0.0,3,294.7,0.0,0.21593301664377446,30.20357704,-0.7418154275864338,Nov,3,6,3,2,Returning_Visitor,1,1
0,0.0,0,0.0,59,2516.833333,0.025423729,0.047740113,7.726779661,0.7734423674696952,May,2,2,3,13,Returning_Visitor,0,0
-10,112.125,8,482.10378005174243,114,3459.479978,-0.12648699530527874,0.009848144,5.648688126,0.0,Nov,2,2,3,8,Returning_Visitor,1,1
12,-546.6308838483085,0,0.0,128,6483.0804,0.003307888,0.012517824,75.21776920372,0.0,Nov,2,2,2,1,Returning_Visitor,1,0
0,-502.32934990993203,0,0.0,181,25.0,0.133333333,0.122222222,0.0,0.0,May,3,2,3,4,Returning_Visitor,0,0
14,180.5,0,0.0,28,7654.467907490425,0.0,0.022427035,0.0,0.0,Dec,3,2,6,3,Returning_Visitor,0,0
1,4.0,0,0.0,50,549.9166667,0.0,0.008163265,-52.20205067831765,0.0,May,4,1,1,4,Returning_Visitor,0,0
0,0.0,0,0.0,14,1071.083333,0.014285714,0.029047619,0.0,0.0,Dec,2,2,7,2,Returning_Visitor,0,0
0,0.0,0,0.0,15,789.6666667,0.0,-0.14873079442659554,14.55428571,0.0,May,2,2,3,2,Returning_Visitor,0,1
0,0.0,25,0.0,80,1987.533333,0.035,0.06514881,0.0,0.8,May,2,2,1,6,Returning_Visitor,0,0
19,739.1948718,1,8.0,114,4269.493146,0.001574803,0.016980377,8.466384757,0.0,Nov,2,2,2,1,Returning_Visitor,0,0
11,82.23484848,0,0.0,440,9951.869139,0.00185022,0.01009842,1.558381388,1.0,May,2,2,1,20,Returning_Visitor,1,0
0,0.0,0,0.0,18,771.0833333,0.055555556,0.071428571,0.0,0.0,Mar,2,2,3,1,Returning_Visitor,0,0
11,250.25,0,0.0,169,7642.725167422337,0.002406417,0.016051967,8.174728678,0.0,Nov,4,1,1,8,Returning_Visitor,1,0
3,60.16666667,0,0.0,14,2322.866667,0.011764706,0.028431373,-67.25344499917377,0.0,June,2,2,2,1,Returning_Visitor,0,0
-9,0.0,0,0.0,36,631.3068627,0.021142857,0.047901224,0.0,0.8,May,2,2,3,6,Returning_Visitor,0,0
0,792.1366581293698,0,0.0,23,8247.065316737051,0.0,0.20090760554187007,22.2993913,0.0,May,2,2,6,2,Returning_Visitor,0,0
0,0.0,0,0.0,3,48.5,0.0,0.066666667,0.0,0.0,Dec,4,1,1,2,Returning_Visitor,0,0
2,55.0,1,36.0,24,914.5060606,0.015384615,0.2130857626881105,0.0,0.4,May,3,2,8,3,Returning_Visitor,0,0
0,0.0,0,0.0,3,54.4,0.0,0.066666667,0.0,0.0,Aug,1,1,3,3,Returning_Visitor,1,0
0,0.0,0,0.0,2,0.0,0.2,-0.13239568253056488,0.0,0.0,Dec,1,1,2,1,Returning_Visitor,1,0
0,0.0,0,0.0,44,1341.716667,0.008888889,0.046666667,0.0,0.0,June,2,2,2,2,Returning_Visitor,0,0
-8,23.0,0,0.0,168,281.75,0.0,0.014285714,0.0,0.0,Nov,8,2,1,2,Returning_Visitor,0,0
0,0.0,0,0.0,16,277.3,0.0125,0.041666667,0.0,0.0,Nov,2,2,1,2,Returning_Visitor,0,0
-7,99.60588235,0,533.9196767780435,83,2585.61835,0.0,0.00761877,6.871308983,0.0,Mar,2,2,2,2,Returning_Visitor,0,1
13,83.0,0,0.0,5,29.5,0.044444444,0.059259259,-57.94910487559258,0.0,Dec,1,1,4,2,Returning_Visitor,1,0
3,48.35,2,358.6,35,676.2666667,0.005128205,0.013675214,0.0,0.0,Oct,2,2,2,2,New_Visitor,0,0
0,0.0,0,-401.07804456376937,-134,7973.204771032698,0.017777778,0.031296296,0.0,0.0,Nov,3,2,1,13,Returning_Visitor,0,0
3,657.4298593550443,1,86.0,25,413.7222222,0.0,0.013076923,15.40042308,0.0,May,1,1,7,4,Returning_Visitor,0,0
2,31.2,25,0.0,17,8247.636318633638,0.0,0.011764706,0.0,0.0,Nov,2,2,8,2,Returning_Visitor,1,0
0,0.0,25,0.0,83,8330.82769789062,0.004938272,0.2147816075731357,0.0,0.0,Nov,2,2,1,1,Returning_Visitor,0,0
6,213.5,0,0.0,-122,8688.73131855337,0.20617362366230513,0.016666667,87.9029606,0.0,Dec,8,13,9,20,Other,0,1
0,0.0,25,0.0,35,1742.883333,0.011428571,-0.12556840774225692,0.0,0.0,May,2,2,1,4,Returning_Visitor,0,0
12,217.0833333,5,480.125,90,1996.565909,0.013684211,0.027807876,0.0,0.0,Nov,3,2,3,1,Returning_Visitor,0,0
0,0.0,25,0.0,8,96.0,0.025,0.05,0.0,0.0,Nov,2,4,9,20,Returning_Visitor,0,0
5,187.875,1,32.5,34,2719.525974,0.016447876,0.029992691,3.222261703,0.6878334793862478,Nov,3,2,3,2,Returning_Visitor,0,0
-10,0.0,25,0.0,39,2487.5,0.017105263,0.047105263,0.0,0.0,Mar,2,2,1,3,Returning_Visitor,0,0
0,0.0,0,0.0,9,-4939.960050404851,0.022222222,0.044444444,0.0,0.2,May,3,2,3,3,Returning_Visitor,0,0
0,760.1606734834138,0,0.0,1,0.0,0.2,0.2,0.0,-0.7049327508521859,Nov,1,1,3,3,Returning_Visitor,0,0
1,-577.9022037161953,25,0.0,37,7925.894475047085,0.016666667,0.033386243,0.0,0.0,Dec,2,2,1,1,Returning_Visitor,0,0
11,385.5666667,0,0.0,54,7906.141001462078,0.010344828,0.22456373005348124,75.74376454782792,0.0,Oct,2,2,7,3,Returning_Visitor,0,0
0,0.0,0,0.0,9,116.3333333,0.0,0.066666667,0.0,0.7695902105389335,Mar,2,2,1,1,Returning_Visitor,0,0
3,-502.1108370673154,0,0.0,44,844.9416667,0.004444444,0.015925926,0.0,0.0,Dec,1,2,1,10,Returning_Visitor,0,0
8,264.8095238,25,0.0,35,1039.887446,0.009756098,0.035656214,0.0,0.0,Dec,2,2,3,2,Returning_Visitor,0,0
3,32.0,0,0.0,15,276.3666667,0.0,0.0,55.82099528,0.682360999522381,Sep,2,4,1,2,New_Visitor,0,0
0,0.0,0,0.0,76,7459.883657912861,0.008,0.025492063,0.0,0.0,Nov,1,2,1,10,Returning_Visitor,1,0
14,0.0,0,0.0,33,7153.706378200129,-0.1258440364527412,0.034375,0.0,0.7939540085473669,Nov,2,2,9,2,Returning_Visitor,0,0
1,6.0,0,0.0,27,1496.466667,0.04691358,0.069982363,7.468469311,0.0,Jul,3,2,3,1,Returning_Visitor,1,0
17,311.25,4,428.547619,-131,3891.214286,0.001973684,0.011184211,68.3761103700119,0.0,Dec,2,2,1,6,Returning_Visitor,0,0
2,46.0,25,0.0,13,195.0,0.0,0.008333333,0.0,0.0,May,2,2,1,4,Returning_Visitor,0,0
0,0.0,0,0.0,118,3211.344872,0.006779661,0.016468927,3.05990612,0.7894144588439677,Nov,2,2,9,2,Returning_Visitor,1,1
7,191.0,0,0.0,237,8956.097502,0.003094233,0.012109705,0.0,0.0,Nov,2,2,1,2,Returning_Visitor,0,0
3,55.75,0,0.0,55,1139.638889,0.003508772,0.03245614,6.190582078,0.0,Dec,2,2,3,10,Returning_Visitor,0,0
0,0.0,0,0.0,16,8139.645001503926,0.0,0.014285714,11.13171429,-0.6961276197810637,May,3,2,1,3,New_Visitor,0,1
-10,-589.5963731075523,0,0.0,79,2150.433333,0.007228916,0.020883534,17.35448787,0.0,Nov,1,1,1,3,Returning_Visitor,0,0
0,0.0,0,472.7426167975409,1,0.0,0.2,0.2,0.0,0.0,May,1,1,5,3,New_Visitor,0,0
11,676.5293692062633,5,185.75,76,2642.458333,-0.16855496355385505,-0.13330486201924446,0.0,0.0,Nov,2,2,1,2,Returning_Visitor,1,1
6,115.5833333,0,0.0,30,1076.958333,0.19502623999703655,0.022857143,10.3889438,0.0,Nov,2,2,4,3,Returning_Visitor,1,1
0,0.0,25,0.0,11,800.8333333,0.0,0.003636364,0.0,0.0,Feb,3,2,1,3,Returning_Visitor,0,0
0,0.0,0,0.0,11,855.25,0.018181818,0.063636364,0.0,0.0,May,2,2,3,13,Returning_Visitor,0,0
0,0.0,0,0.0,1,0.0,0.2,0.2,-63.21176246862705,0.0,Nov,4,1,1,10,Returning_Visitor,1,0
7,-609.9516615401845,25,0.0,5,256.6666667,0.027272727,0.051818182,0.0,0.0,May,1,1,3,3,Returning_Visitor,0,0
0,0.0,25,0.0,3,167.5,0.0,0.022222222,0.0,0.2,May,3,2,8,1,Returning_Visitor,0,0
13,14.2,2,133.0,13,825.7990476,0.04,0.041666667,14.8397824,0.7782431947840631,Nov,3,2,4,2,Returning_Visitor,0,0
7,120.5,0,0.0,19,1011.5,0.0,-0.12409207632679475,69.44412694692817,0.0,Mar,2,2,1,1,Returning_Visitor,0,0
0,0.0,0,0.0,34,311.5,0.18985143914315997,-0.13078762592185889,0.0,0.0,Mar,2,2,4,1,Returning_Visitor,0,0
0,0.0,0,0.0,45,-5535.824792932328,0.019259259,0.037925926,0.0,0.0,June,4,1,3,3,Returning_Visitor,0,0
2,202.8333333,0,0.0,11,613.8958333,0.0,0.030769231,3.728742569,0.0,Dec,2,2,1,2,Returning_Visitor,0,0
0,0.0,0,0.0,62,4391.666667,0.003174603,0.014814815,0.0,0.0,June,2,10,2,1,Returning_Visitor,0,0
5,113.7,0,0.0,6,181.2666667,0.018181818,0.018181818,0.0,0.0,Nov,1,1,8,3,Returning_Visitor,0,0
-10,0.0,2,52.0,-138,-5524.624464969955,0.023809524,0.028571429,0.0,0.8035894808736325,May,1,1,3,3,Returning_Visitor,0,0
0,0.0,25,0.0,27,8752.792960861196,-0.13207984615693494,0.1929970073416004,79.30090680234682,0.0,Mar,2,2,1,2,Returning_Visitor,0,0
-9,0.0,25,474.9181551275639,6,169.9666667,0.0,0.00625,0.0,0.0,Jul,2,2,3,2,Returning_Visitor,1,0
3,509.6666667,0,0.0,19,976.3382353,0.0,-0.11551962738539573,23.62159091,-0.6634503033002759,May,1,1,1,2,Returning_Visitor,1,1
0,0.0,0,0.0,32,905.1,0.0,0.0,83.80837784,0.0,Oct,2,2,6,2,New_Visitor,0,1
0,0.0,0,0.0,8,202.8333333,0.0,0.014285714,76.51868785589011,0.0,May,2,4,1,2,Returning_Visitor,0,0
0,0.0,25,0.0,13,8038.186335421078,0.18536395780887402,0.005128205,0.0,1.0,May,3,2,5,1,Returning_Visitor,1,0
-10,0.0,25,0.0,1,0.0,0.2,0.2,0.0,0.0,Mar,3,3,1,3,Returning_Visitor,1,0
0,0.0,0,0.0,3,80.0,0.066666667,0.133333333,0.0,0.8675037417871669,Feb,3,2,1,3,Returning_Visitor,0,0
6,285.9,0,0.0,13,8094.285075706444,0.0,0.0125,53.11442085,0.0,Nov,1,1,4,2,New_Visitor,0,1
5,738.9927328446977,1,0.0,40,8454.978919027233,0.015,0.019412202,0.0,0.0,Oct,2,2,3,2,Returning_Visitor,0,0
0,0.0,0,0.0,-107,53.0,0.066666667,0.088888889,-52.15099908396941,0.7700574094497606,Nov,1,1,3,2,Returning_Visitor,1,0
14,181.0733333,3,58.4,18,450.5066667,0.0,-0.1336224772908759,0.0,0.0,Oct,2,2,1,3,Returning_Visitor,1,0
3,56.0,0,0.0,183,1669.988095,0.008064516,0.025778523,0.0,0.0,Nov,1,1,7,2,Returning_Visitor,0,0
0,0.0,0,0.0,7,130.0,0.057142857,0.085714286,75.36001776459824,0.0,Nov,2,5,9,10,Returning_Visitor,1,0
2,341.6,0,0.0,171,177.9,-0.1398753250999204,0.062857143,0.0,0.807950027390244,Aug,3,2,1,1,Returning_Visitor,0,0
5,-601.5704051558615,2,59.0,19,8603.254165497674,0.027272727,0.031818182,14.78422174,0.7998825960543903,Nov,3,2,1,13,Returning_Visitor,0,0
0,0.0,0,0.0,19,172.1111111,0.042105263,0.051929825,0.0,1.0,May,3,2,1,3,Returning_Visitor,1,0
4,-516.900079972917,0,-530.0361220756483,32,1135.444444,0.002857143,0.00952381,0.0,-0.7093086866749314,Feb,2,2,1,3,Returning_Visitor,0,0
0,0.0,0,0.0,170,1231.791667,0.0825,-0.11788518956511707,-66.14001914043136,0.0,Dec,3,2,1,3,Returning_Visitor,0,0
0,0.0,0,-483.16735303458336,13,152.25,0.030769231,0.025641026,0.0,0.0,May,1,2,5,2,Returning_Visitor,0,0
0,0.0,25,0.0,5,132.0,0.0,0.04,0.0,0.0,Mar,1,1,1,1,Returning_Visitor,1,0
6,141.0,0,0.0,47,830.3411669,0.004421769,0.028456454,0.0,0.6828898294764976,Aug,1,1,4,2,Returning_Visitor,0,0
0,0.0,25,0.0,16,829.0833333,-0.13010746686852784,0.0125,41.67536194,0.0,Nov,2,4,1,3,New_Visitor,0,1
1,21.0,3,116.0,21,613.6666667,0.008333333,0.023611111,0.0,0.0,Mar,1,2,1,1,Returning_Visitor,0,0
15,0.0,0,0.0,3,32.5,0.066666667,0.133333333,0.0,0.0,Dec,2,2,9,3,Returning_Visitor,1,0
0,0.0,0,515.2230041542866,1,0.0,0.2,0.2,-63.814762610590904,0.0,Nov,1,1,4,1,Returning_Visitor,0,0
2,53.4,0,-506.6545608742643,2,0.0,0.05,0.1,0.0,0.0,Sep,1,1,6,3,Returning_Visitor,0,0
0,0.0,0,0.0,3,50.2,0.20334848780500137,0.066666667,0.0,0.0,Sep,2,2,1,13,Returning_Visitor,0,0
6,153.275,3,394.0,25,599.1,-0.16127699429046416,0.030151515,22.3392,0.0,May,1,1,3,4,Returning_Visitor,1,0
0,0.0,0,0.0,9,532.0,0.0,0.066666667,0.0,0.0,Oct,2,2,3,4,Returning_Visitor,0,0
7,123.5,0,0.0,-120,477.5,0.005,0.012,0.0,0.0,May,2,2,9,4,Returning_Visitor,0,0
0,701.1108376104314,0,0.0,24,473.6833333,0.008333333,0.00952381,0.0,0.0,Mar,3,2,3,1,Returning_Visitor,0,0
10,170.9263566,0,0.0,282,7566.772459852509,0.21401281185134358,0.22984081178766863,2.395283135,0.0,Sep,2,2,4,1,Returning_Visitor,0,0
7,159.5,0,0.0,13,362.5,0.0,0.003921569,0.0,0.0,May,2,2,7,2,New_Visitor,0,0
0,0.0,0,0.0,2,11.5,0.0,0.2188937459965825,0.0,0.0,Dec,3,2,1,2,Returning_Visitor,1,0
0,0.0,3,75.5,166,2050.191803,0.008758782,0.028381703,0.0,0.0,Nov,3,2,1,3,Returning_Visitor,0,0
0,0.0,1,249.5,33,7213.202349894496,0.027459219,0.041167134,0.0,0.0,Dec,1,1,1,10,Returning_Visitor,0,0
0,0.0,0,0.0,27,1544.533333,0.048148148,0.080246914,0.0,0.0,June,1,1,3,3,Returning_Visitor,0,0
0,0.0,0,0.0,1,0.0,0.2,0.2,0.0,0.0,May,3,2,3,15,Returning_Visitor,1,0
0,0.0,0,0.0,19,422.8333333,0.18609171883218295,0.045614035,0.0,0.0,Mar,2,2,1,3,Returning_Visitor,0,0
0,649.4030736962483,0,0.0,5,108.0,0.0,0.08,0.0,0.0,May,2,2,3,13,Returning_Visitor,0,0
14,35.0,0,0.0,44,2479.0,0.022727273,0.043560606,0.0,0.0,May,2,2,1,6,Returning_Visitor,0,0
12,0.0,0,0.0,14,1324.133333,0.003571429,0.015986395,0.0,0.0,Nov,1,1,1,2,Returning_Visitor,1,0
0,746.4619161678843,0,0.0,6,65.66666667,0.066666667,0.1,0.0,0.0,May,2,2,2,3,Returning_Visitor,0,0
9,255.8666667,0,-459.82700404959456,-140,716.95,0.00952381,0.017346939,0.0,0.0,May,1,2,3,2,Returning_Visitor,0,0
-10,45.0,0,0.0,22,8491.884478455819,0.01,0.04,0.0,0.0,May,2,2,1,2,Returning_Visitor,1,0
3,38.0,0,573.7504318496091,2,15.0,0.0,0.04,0.0,0.0,Nov,2,2,1,2,New_Visitor,0,0
0,0.0,0,0.0,16,824.2291667,0.0,0.045138889,0.0,0.0,Dec,2,2,3,2,Returning_Visitor,0,1
12,217.6666667,0,0.0,162,494.6666667,0.0,0.019931973,33.14514286,0.0,Mar,3,2,1,2,Returning_Visitor,0,1
12,94.6,0,0.0,69,2222.419048,0.005092593,0.01496142,0.0,0.0,Oct,1,1,3,2,Returning_Visitor,0,0
0,0.0,0,0.0,2,0.0,0.2,0.2,0.0,0.8,May,3,2,1,13,Returning_Visitor,0,0
7,667.25,25,0.0,4,101.8,0.0,0.01,0.0,0.0,Jul,3,2,6,2,Returning_Visitor,1,0
6,85.2,25,0.0,11,-4781.032359569514,0.18871038936455792,0.0,0.0,0.0,Nov,2,2,5,2,Returning_Visitor,0,0
3,29.0,25,0.0,8,-6260.428066117833,0.0,0.025,0.0,0.0,May,2,2,9,3,Returning_Visitor,0,0
0,0.0,0,0.0,6,158.1666667,0.0,0.033333333,0.0,0.0,Feb,3,2,4,2,Returning_Visitor,0,0
0,0.0,0,0.0,182,641.5166667,0.00952381,0.00952381,34.5222117,0.0,Oct,1,1,1,2,Returning_Visitor,0,0
0,0.0,25,0.0,166,242.0833333,0.014285714,0.023809524,0.0,0.0,Nov,1,1,1,2,Returning_Visitor,0,1
0,0.0,0,-437.6390673798147,-121,2232.45,0.008196721,0.039726776,0.0,0.4,May,2,2,6,4,Returning_Visitor,0,0
1,0.0,25,0.0,175,162.5,0.0,0.022222222,0.0,0.0,May,2,2,1,1,Returning_Visitor,0,0
0,0.0,0,576.4320143766433,3,108.0,0.0,0.066666667,0.0,0.0,May,2,2,4,13,Returning_Visitor,0,0
9,161.25,0,0.0,106,-4612.479020008698,0.0,-0.12867547882479147,0.0,0.0,Nov,2,5,4,2,Returning_Visitor,0,0
0,0.0,0,0.0,-106,866.0,0.05,-0.10700411837544968,0.0,0.6949083447330477,Dec,2,2,2,6,Returning_Visitor,0,0
0,0.0,1,113.0,27,3178.583333,0.025,0.04047619,0.0,0.0,May,2,2,1,3,Returning_Visitor,0,0
0,0.0,0,0.0,10,338.5,0.0,0.02,32.382,0.0,May,2,2,2,1,Returning_Visitor,0,1
14,515.9821429,0,0.0,170,7128.75377,0.003370787,0.016081238,4.470297685,0.0,Nov,2,2,7,1,Returning_Visitor,1,1
5,78.0,0,-488.72607375709595,21,406.8,-0.16261299740173601,0.009937888,0.0,0.0,May,2,4,1,3,Returning_Visitor,0,0
-9,0.0,0,0.0,26,2553.625,0.015384615,0.029487179,0.0,0.0,Nov,2,2,3,8,Returning_Visitor,0,0
0,0.0,0,0.0,1,1.0,0.0,0.19215256188634042,0.0,0.0,Mar,2,2,2,1,Returning_Visitor,0,0
11,215.5238095,25,70.0,-133,3037.499952,-0.15535081467645845,-0.11931689634666637,0.0,0.0,Mar,2,2,5,1,Returning_Visitor,0,0
2,22.25,0,0.0,27,2958.216667,0.007692308,0.033230985,7.868980948,0.0,Nov,2,2,6,2,Returning_Visitor,0,1
0,0.0,0,0.0,49,3414.875,-0.14423897271292432,-0.13200862907757246,0.0,0.0,Nov,2,2,7,2,Returning_Visitor,0,0
4,64.46428571,0,0.0,29,1414.589286,0.0,0.0125,76.64733334993196,0.0,Dec,2,2,1,2,Returning_Visitor,0,1
6,187.0,0,0.0,22,1220.433333,0.007692308,0.01025641,0.0,0.0,Mar,2,2,3,1,Returning_Visitor,0,0
-8,44.5,4,376.5,49,-5042.216549149872,0.005185185,0.021604938,0.0,0.0,Dec,2,2,2,2,Returning_Visitor,1,0
15,831.6222222,25,0.0,23,845.2788889,-0.14075679194706917,0.011944444,1.533539275,0.0,Nov,2,2,7,20,Returning_Visitor,1,0
4,99.5,0,0.0,3,21.25,0.0,0.05,0.0,0.0,Nov,1,1,2,8,New_Visitor,1,1
2,83.0,25,40.0,179,5194.79857,0.003101093,0.014304381,0.468406088,0.0,Dec,2,4,1,1,Returning_Visitor,0,0
6,137.0,0,0.0,49,1077.007576,0.0,0.015030864,0.0,0.0,Mar,3,2,1,2,Returning_Visitor,0,0
3,52.0,0,0.0,-110,295.6666667,0.014285714,0.042857143,0.0,-0.59108071033458,May,3,2,1,13,Returning_Visitor,0,0
0,0.0,0,0.0,2,0.0,-0.16971875486920351,0.2,0.0,0.7443518937306577,May,2,6,1,3,Returning_Visitor,0,0
0,0.0,0,0.0,1,0.0,0.2,0.2,0.0,0.0,Sep,4,1,2,1,Returning_Visitor,0,0
0,0.0,0,0.0,36,756.0416667,0.005555556,0.008950617,0.0,0.0,Nov,2,5,1,10,Returning_Visitor,0,0
1,-633.7977118095475,25,555.5910852352758,31,1126.25,0.0,0.024242424,0.0,0.0,Nov,4,2,1,2,Returning_Visitor,0,0
-10,0.0,0,0.0,21,1051.166667,0.0,0.00952381,76.03080370006208,-0.6841754186887954,Nov,1,8,2,6,New_Visitor,1,1
4,64.66666667,0,0.0,50,936.81,-0.16117396986870747,0.003773585,0.0,0.0,Aug,2,2,4,2,New_Visitor,0,0
5,75.5,0,0.0,24,1009.95,0.1770005925954808,0.018518519,0.0,-0.6752214780144395,Nov,2,4,6,3,Returning_Visitor,0,0
0,0.0,3,201.9,182,393.3,-0.12868964583675363,0.006666667,3.92827844,-0.5600737210381193,Sep,2,2,1,4,Returning_Visitor,0,1
5,142.0,2,471.8653159109459,5,60.5,0.033333333,0.048148148,0.0,-0.6896114073732953,Dec,3,5,3,8,Returning_Visitor,0,0
0,0.0,25,0.0,-120,1352.0,0.022222222,0.044444444,0.0,0.0,Nov,4,1,7,2,Returning_Visitor,0,0
8,71.66666667,0,0.0,24,364.4166667,0.0,0.013793103,-55.69201098612965,-0.7099755963415181,May,2,2,1,5,Returning_Visitor,0,0
0,-619.4566764760673,0,0.0,1,0.0,0.2,0.2,0.0,0.0,Dec,3,3,1,8,New_Visitor,0,0
1,5.0,0,0.0,92,1688.058761,0.004347826,0.016494134,0.0,0.0,May,2,2,1,6,Returning_Visitor,1,0
0,0.0,0,0.0,4,95.0,0.0,0.05,0.0,0.0,Dec,8,13,9,20,Other,0,0
2,62.5,25,0.0,17,775.3333333,0.0,0.045098039,64.00818241192268,0.0,Nov,2,2,3,1,Returning_Visitor,0,1
0,0.0,0,0.0,5,161.3333333,0.0,0.05,0.0,0.0,Mar,1,1,1,3,Returning_Visitor,0,0
0,0.0,0,0.0,9,261.75,0.0,0.026666667,0.0,0.7398398470647045,Feb,2,6,1,1,Returning_Visitor,0,0
0,0.0,0,0.0,11,299.5,0.036363636,0.072727273,0.0,0.0,Mar,1,1,3,1,Returning_Visitor,0,0
3,22.0,0,0.0,167,4251.74125,0.003947368,0.009780702,0.0,0.0,Nov,2,2,1,10,Returning_Visitor,0,1
0,0.0,0,0.0,7,7367.518192694615,0.028571429,0.085714286,0.0,0.0,Mar,4,1,4,1,Returning_Visitor,0,0
-9,0.0,0,0.0,14,169.9166667,0.0,0.076190476,0.0,0.0,Nov,2,2,4,2,Returning_Visitor,0,1
11,316.8229167,1,10.0,29,1233.307765,0.009142857,0.03247619,0.0,-0.6355188456069543,Dec,2,2,1,2,Returning_Visitor,0,0
6,-520.3169622368705,0,0.0,22,383.2,0.002666667,0.0096,0.0,0.0,Jul,2,2,1,2,Returning_Visitor,0,0
6,105.0,1,0.0,43,7496.620059640223,0.037878788,0.057878788,67.45071216666967,0.0,May,3,2,4,6,Returning_Visitor,1,0
1,57.5,0,0.0,22,353.1527778,0.0,-0.12379346691176005,-51.121500161826,0.0,Nov,1,2,1,2,New_Visitor,0,0
3,118.6666667,0,0.0,195,694.0,0.003703704,-0.11062533887746112,27.45138186,0.0,Mar,3,2,1,2,Returning_Visitor,1,1
0,0.0,0,0.0,50,1241.75,0.0,0.008163265,47.83758971,0.0,Nov,2,10,1,2,New_Visitor,0,1
4,356.5,0,0.0,15,1992.916667,-0.15689204773029275,0.014285714,17.85338057,0.0,Dec,2,4,1,1,Returning_Visitor,0,1
2,44.33333333,0,0.0,176,813.1,0.17497703231669812,0.01,20.0031,0.0,May,2,2,1,2,Returning_Visitor,0,1
0,0.0,25,0.0,1,-5008.5567205115785,-0.17252852947486177,0.2,0.0,0.0,Nov,2,2,6,13,Returning_Visitor,1,0
2,310.8571429,3,27.0,68,2950.62381,0.009589041,0.023074581,16.6702274,0.0,May,2,2,7,6,Returning_Visitor,0,0
0,0.0,0,0.0,10,235.5,0.0,0.013333333,0.0,0.0,Nov,3,2,6,1,Returning_Visitor,0,0
3,150.0,0,-511.2316090467138,42,1722.5,0.20383137546417915,0.01037037,0.0,0.0,May,2,2,4,2,Returning_Visitor,0,0
7,150.5,25,0.0,202,549.0833333,0.0,0.013571429,2.663333333,0.0,May,1,1,1,2,Returning_Visitor,0,1
23,239.7445344,3,-461.08127462240395,409,9100.402959,0.004301075,0.015934735,6.277683942,0.0,Jul,2,2,1,13,Returning_Visitor,1,0
1,625.2298938456184,0,0.0,-136,-5222.04553799814,0.0,0.03,0.0,0.0,Nov,3,2,1,1,Returning_Visitor,0,0
1,26.2,1,6.0,28,677.5333333,0.0,0.019472789,0.0,0.0,Jul,1,1,6,1,Returning_Visitor,1,1
0,0.0,0,0.0,15,455.5,0.0,-0.11780116092413075,0.0,0.0,May,2,10,3,2,New_Visitor,0,0
2,48.0,0,0.0,3,66.5,0.05,0.2265101230820517,0.0,0.0,May,3,2,1,3,Returning_Visitor,0,0
0,0.0,0,0.0,1,-5810.570608122431,0.2,0.213963664710719,0.0,1.0,Feb,1,1,1,3,Returning_Visitor,1,0
-7,0.0,0,0.0,164,1768.980303,0.0,0.004166667,9.0847678,0.0,Nov,3,2,4,11,Returning_Visitor,1,1
0,0.0,0,0.0,9,8111.084854723587,0.0,0.033333333,0.0,0.0,Nov,2,10,4,3,Returning_Visitor,1,0
5,55.5,0,0.0,12,-4872.546239768962,0.0,0.20083073621308822,0.0,0.0,Mar,2,2,1,2,New_Visitor,0,0
2,738.0,25,0.0,26,1840.666667,0.008,0.042,0.0,0.0,May,2,2,7,13,Returning_Visitor,0,0
0,0.0,25,0.0,53,-5477.407002981987,0.004528302,-0.12607758534208333,0.0,0.0,Nov,2,2,1,2,Returning_Visitor,0,1
0,0.0,0,0.0,33,783.6666667,0.006060606,0.027272727,78.25403083166796,-0.6956631540802735,Nov,2,2,1,3,Returning_Visitor,0,0
0,0.0,0,0.0,8,361.0,0.0,-0.14107442708550577,0.0,0.0,Dec,2,2,3,3,Returning_Visitor,0,0
1,0.0,2,29.0,28,557.4047619,0.013793103,0.034154351,-60.650645053366546,0.4,May,2,4,3,3,Returning_Visitor,0,0
10,207.8666667,0,-443.8145098011182,184,217.8666667,0.0,0.004166667,0.0,0.6,May,2,5,1,5,New_Visitor,0,0
15,715.2785282406542,0,0.0,-101,69.75,0.088888889,0.122222222,72.65684342964792,0.0,Dec,2,2,1,3,Returning_Visitor,0,0
0,0.0,0,484.1851330276765,22,-6273.816231539109,0.063636364,0.109090909,0.0,0.8,May,2,2,1,13,Returning_Visitor,0,0
0,0.0,0,0.0,19,220.3848485,0.010526316,0.024642375,0.0,0.0,May,2,4,1,4,Returning_Visitor,0,0
8,206.0,3,132.0,39,1750.333333,0.0,0.008695652,0.0,0.0,Mar,2,2,1,1,Returning_Visitor,0,0
0,0.0,0,0.0,19,606.8333333,0.031578947,0.048245614,0.0,0.0,Mar,2,2,1,3,Returning_Visitor,0,0
2,19.0,0,0.0,-119,88.0,0.0,0.02,67.17488572263964,0.0,Dec,1,1,1,3,Returning_Visitor,0,0
2,60.0,0,0.0,-143,3113.516667,0.17494303645581163,0.016,0.0,0.0,Mar,2,2,3,2,Returning_Visitor,0,0
-9,8.0,25,514.0730244266421,55,7134.506603504355,0.012727273,0.038483516,0.0,0.0,Nov,3,2,1,13,Returning_Visitor,1,0
0,0.0,0,0.0,22,848.8407143,0.0,0.00952381,0.0,0.0,June,2,4,3,2,Returning_Visitor,0,0
0,0.0,25,0.0,43,3747.833333,-0.1595869247136221,0.051162791,0.0,0.0,Jul,2,2,3,13,Returning_Visitor,0,0
4,707.5389210517292,1,59.0,5,8369.90527045641,0.0,0.014814815,69.30590580227054,0.0,Dec,2,2,9,3,Returning_Visitor,0,0
2,242.5,0,0.0,59,5004.229167,0.006779661,0.034387947,0.0,0.0,Dec,2,5,3,2,Returning_Visitor,1,0
0,-632.0874771375463,1,0.0,46,2183.8875,0.0,-0.1134356089635761,0.0,0.0,Nov,2,2,9,8,Returning_Visitor,0,1
1,0.0,0,483.39859998011445,168,0.0,0.2,0.2,0.0,0.8358182437334738,May,1,1,1,2,Returning_Visitor,0,0
4,239.6,2,70.5,50,981.5083333,0.0,0.003636364,0.0,-0.700521276311985,Oct,2,2,2,2,New_Visitor,1,0
7,611.0333333,25,546.910141096882,81,1719.375714,-0.13438380224859642,0.009737828,6.49444108,0.0,Oct,1,1,6,2,Returning_Visitor,1,0
5,419.0,0,0.0,14,362.1029825,0.022916667,0.021979167,3.164088313,0.0,Jul,3,2,3,2,Returning_Visitor,1,1
2,79.5,2,-518.3077642711308,4,43.5,0.05,-0.12279773515082248,0.0,0.6,May,1,1,8,2,Returning_Visitor,0,0
7,340.6111111,2,129.0,57,4516.588312,0.005,0.015180847,8.052616667,0.0,May,2,2,1,2,Returning_Visitor,0,0
0,-631.1250734714877,0,0.0,3,55.0,0.0,0.066666667,0.0,0.0,Mar,2,2,1,10,Returning_Visitor,0,0
3,13.0,0,0.0,16,8597.80610295719,0.0,0.013333333,0.0,0.0,Mar,2,5,1,2,Returning_Visitor,0,0
0,0.0,0,0.0,8,190.1590909,0.05625,0.055357143,-50.57997329645481,0.0,Dec,1,1,7,3,Returning_Visitor,0,0
0,0.0,0,0.0,11,-4757.690652181936,0.036363636,0.072727273,0.0,0.0,Nov,3,2,2,1,Returning_Visitor,0,0
3,296.0,0,478.13204583704936,-100,394.5,-0.129858354323093,0.005555556,-63.944901081820824,0.0,May,2,2,8,2,New_Visitor,1,1
8,133.35,25,383.8,14,552.48,0.005263158,0.016140351,20.33155364,0.0,Aug,1,1,1,6,Returning_Visitor,0,0
2,-542.9252051394948,25,0.0,26,1939.155952,0.006451613,0.026352357,24.69983785,0.0,Nov,3,2,1,2,Returning_Visitor,1,0
14,0.0,0,0.0,5,55.5,0.0,0.23147921643764327,0.0,-0.5814821923526894,Dec,3,2,3,6,Returning_Visitor,0,0
2,58.0,0,0.0,50,952.4345238,0.0,0.011538462,2.179730769,0.0,Mar,4,2,2,11,Returning_Visitor,1,1
0,0.0,0,-481.36455202854165,7,272.5,0.21569813705074867,0.033333333,0.0,0.7979862064293199,Mar,1,1,6,2,New_Visitor,1,0
2,665.2205737522821,0,519.9504536210133,6,-5549.970059698022,0.028571429,0.038095238,0.0,0.0,Sep,3,2,3,4,Returning_Visitor,0,0
-8,0.0,0,0.0,2,73.0,0.05,0.15,-67.34072610971126,0.0,Mar,2,2,1,1,Returning_Visitor,0,0
0,0.0,2,-509.8435833129517,26,1911.711111,0.015384615,0.036666667,8.018832458,0.0,Jul,3,2,1,2,Returning_Visitor,1,1
6,52.0,1,24.0,56,3763.166667,0.003389831,0.01480226,10.37042373,0.0,Mar,2,2,1,1,Returning_Visitor,0,1
0,0.0,25,0.0,6,339.5,0.0,-0.12081859118937731,0.0,0.0,Nov,2,2,1,3,Returning_Visitor,0,0
0,0.0,0,0.0,8,388.0,0.025,0.05625,0.0,0.0,Feb,3,2,1,4,Returning_Visitor,1,0
12,81.22222222,0,-438.03692794197076,181,4079.530461,0.01382199,-0.1507527543170653,-61.697331310665,0.8286116570664834,May,3,2,2,13,Returning_Visitor,1,0
0,0.0,1,100.0,-124,1645.679762,0.002222222,0.02962963,0.0,0.0,Dec,2,5,6,1,Returning_Visitor,0,0
1,0.0,0,0.0,3,7420.43042561102,0.05,0.1,0.0,0.0,Mar,3,2,2,1,Returning_Visitor,0,0
6,105.6333333,2,586.4167823260342,8,246.3865079,0.0,0.008928571,0.0,0.0,Nov,3,2,2,3,Returning_Visitor,0,0
-7,9.0,1,0.0,193,6617.791228,-0.13975978654861582,-0.10672178329527968,-60.278960090258664,0.0,Nov,3,2,1,1,Returning_Visitor,1,1
13,0.0,0,0.0,9,891.5,0.0,0.0125,0.0,0.0,Dec,1,1,1,2,Returning_Visitor,0,0
0,0.0,0,0.0,4,8607.174944150769,0.1,0.15,0.0,0.6,May,2,2,1,3,Returning_Visitor,0,0
3,-561.1995311220315,0,579.7242438670972,19,364.5333333,0.0,-0.1367723708939572,0.0,0.0,Nov,1,1,3,2,Returning_Visitor,0,0
0,0.0,0,0.0,19,577.5416667,0.0,0.011764706,90.9285217,0.0,Nov,2,2,1,2,Returning_Visitor,0,1
1,18.0,25,0.0,26,1122.583333,0.027407407,0.048148148,15.9468,0.0,May,1,1,3,1,Returning_Visitor,0,1
0,0.0,0,-393.12178266672845,19,1040.2,0.0,0.011111111,-54.941748898670525,0.0,May,2,2,6,2,New_Visitor,1,1
4,73.0,0,0.0,34,1001.166667,0.0,0.017959184,0.0,0.0,May,2,5,4,3,Returning_Visitor,1,0
0,0.0,0,0.0,1,0.0,0.2,0.2,0.0,0.7343202004447025,Mar,2,2,1,1,Returning_Visitor,0,0
9,-603.3542622026795,7,636.75,113,7288.065294531114,0.004032258,-0.11933776629868467,0.0,0.0,Nov,2,2,2,2,Returning_Visitor,0,1
2,72.5,0,0.0,-122,1580.0,0.0,0.2136061951482156,100.0963636,0.0,May,2,2,1,2,Returning_Visitor,0,1
0,0.0,0,0.0,13,7364.849131186138,0.007692308,-0.1254261640249076,0.0,0.0,Mar,2,2,3,8,Returning_Visitor,0,0
0,-540.498834991521,0,0.0,1,0.0,0.2,0.21872552130079856,0.0,0.0,Nov,8,2,9,3,Other,0,0
0,0.0,0,0.0,52,2529.166667,0.014,0.042666667,0.0,0.4,May,1,8,8,3,Returning_Visitor,0,0
6,-624.1104849024058,1,10.0,25,2877.5,0.007692308,0.21392746479537428,0.0,0.8223253242693807,May,2,2,7,1,Returning_Visitor,0,0
-10,0.0,0,0.0,-119,183.6666667,0.0,-0.11383265603342889,0.0,0.0,Mar,3,2,3,3,Returning_Visitor,0,0
3,170.0,0,0.0,-120,619.5208333,0.0,0.00625,0.0,0.0,Dec,3,2,4,1,Returning_Visitor,1,0
1,27.2,0,0.0,21,1003.658333,0.21153995320842706,0.019064327,0.0,0.0,Oct,3,2,4,20,Returning_Visitor,0,0
6,636.5965780176411,3,45.0,38,1481.783333,0.012244898,0.029387755,0.0,0.0,Nov,2,2,4,10,Returning_Visitor,0,1
0,0.0,0,0.0,8,221.5,0.0,0.00625,0.0,0.0,Dec,1,1,1,2,New_Visitor,0,0
0,0.0,25,0.0,-124,0.0,0.2,0.2,0.0,0.0,May,1,1,3,15,Returning_Visitor,0,0
1,0.0,0,0.0,30,-5565.446486942157,0.21257124227091662,0.050752688,13.13492027,-0.7299001010489076,Nov,2,2,9,10,Returning_Visitor,0,0
0,0.0,0,0.0,24,-5775.438557501263,0.009090909,-0.14850341485696922,0.0,0.0,Oct,2,2,1,20,Returning_Visitor,0,0
0,0.0,25,0.0,11,546.75,0.036363636,0.054545455,0.0,0.0,Nov,2,2,5,1,Returning_Visitor,0,0
0,0.0,0,552.7788540163647,3,60.4,0.0,0.066666667,0.0,0.0,Sep,1,1,1,5,Returning_Visitor,0,0
6,-581.8348675194703,0,0.0,17,-5798.812632337123,0.020289855,0.031449275,0.0,0.0,Nov,1,1,3,7,Returning_Visitor,0,0
0,663.9173610894344,0,0.0,2,1207.0,0.0,0.05,0.0,0.0,May,3,3,3,1,Returning_Visitor,0,0
5,106.0,25,0.0,-109,646.825,-0.14418220007366558,0.028851852,0.0,0.0,Dec,3,2,9,13,Returning_Visitor,0,0
15,591.6636364,25,0.0,56,2504.413636,0.004918033,0.011662763,-67.42263110289126,0.0,May,3,2,1,2,Returning_Visitor,0,0
0,0.0,0,0.0,6,224.0,0.0,0.016666667,0.0,0.0,May,4,1,3,2,Returning_Visitor,0,0
-9,0.0,0,0.0,5,43.9,0.0,0.02,0.0,0.0,Sep,2,2,1,2,Returning_Visitor,0,0
-7,0.0,25,0.0,29,1721.125,0.042528736,0.071264368,0.0,0.6,May,3,2,2,13,Returning_Visitor,0,0
17,592.0014006,4,1360.0,157,5645.176455,0.18614279708089232,0.013849519,2.917518089,-0.734846829916811,May,2,2,1,13,Returning_Visitor,0,0
0,0.0,0,-423.6216307234506,-121,2588.5,0.019047619,0.041201814,0.0,0.8,May,3,2,1,4,Returning_Visitor,0,0
2,688.1688146869092,25,544.1888844511708,6,170.8333333,0.0,0.007142857,0.0,0.0,Mar,3,2,7,1,Returning_Visitor,0,0
0,0.0,0,0.0,12,115.05,0.0,0.018181818,0.0,0.0,May,4,2,1,3,Returning_Visitor,1,0
6,189.25,0,0.0,25,635.4916667,0.006666667,0.010222222,10.58098677,0.7849619169012666,Nov,3,2,3,8,Returning_Visitor,1,1
0,0.0,0,0.0,167,399.0,0.2110462939799619,0.022222222,44.99,0.0,May,3,2,2,5,Returning_Visitor,0,1
5,34.44242424,0,0.0,103,1843.759347,0.0,0.019613005,0.0,0.0,June,2,4,1,2,Returning_Visitor,1,0
-9,733.9074564007943,0,-524.1123669781032,1,0.0,0.20106943158738985,-0.12584825902050142,69.79716878543103,0.0,Mar,2,2,7,1,Returning_Visitor,1,0
0,0.0,0,518.2036118475673,7,753.0,0.0,0.00952381,0.0,0.0,Mar,2,10,1,2,Returning_Visitor,0,0
0,0.0,0,0.0,23,7055.194905729561,0.086956522,0.092753623,0.0,0.6,May,3,2,2,3,Returning_Visitor,0,0
2,25.0,0,0.0,25,243.1666667,0.016666667,0.057283951,0.0,0.0,Nov,2,2,3,6,Returning_Visitor,0,0
-8,0.0,1,5.0,-104,1095.658333,0.017857143,0.01547619,60.73155753,0.0,Nov,1,1,1,10,Returning_Visitor,1,1
0,0.0,0,0.0,12,425.1666667,0.0,0.016666667,72.92043138264361,0.0,Mar,1,1,6,10,Returning_Visitor,0,0
0,0.0,0,0.0,23,533.7,0.0,0.021532091,0.0,0.0,Dec,1,1,3,2,New_Visitor,1,0
0,0.0,0,0.0,-118,1012.2,0.0,0.033333333,0.0,0.0,Jul,2,2,7,4,Returning_Visitor,0,0
0,0.0,0,0.0,1,0.0,0.2,0.2,0.0,0.8,May,2,2,1,1,Returning_Visitor,0,0
13,0.0,0,0.0,22,555.8666667,0.00952381,0.019047619,0.0,0.746226058370585,May,3,2,3,13,Returning_Visitor,1,0
0,0.0,0,0.0,2,24.5,0.0,0.1,0.0,0.0,Dec,3,2,2,11,Other,0,0
0,0.0,0,0.0,5,185.0,0.0,0.04,0.0,0.0,Nov,3,2,7,6,New_Visitor,1,0
0,0.0,25,0.0,4,96.33333333,0.083333333,0.0875,0.0,0.0,Dec,1,1,2,3,Returning_Visitor,0,0
-8,0.0,0,0.0,42,2872.125,0.19228391416726553,0.025777778,75.52968884277287,0.0,Nov,2,2,1,13,Returning_Visitor,1,0
0,0.0,0,460.98479000358077,11,194.5,0.036363636,0.045454545,0.0,0.8248396892949972,Nov,2,10,3,1,Returning_Visitor,0,0
0,0.0,0,0.0,34,1491.775,0.002020202,-0.14864775116285536,0.0,0.0,Nov,2,2,6,11,Returning_Visitor,1,1
0,0.0,0,0.0,27,352.0833333,0.014814815,0.022222222,0.0,-0.5578402695767528,May,3,2,3,3,Returning_Visitor,0,0
0,0.0,0,0.0,1,0.0,0.2,0.2,0.0,0.0,Nov,3,2,2,11,Returning_Visitor,1,0
6,276.0,0,0.0,24,1021.2,0.014285714,0.022619048,82.4326349,0.0,Dec,1,1,3,1,Returning_Visitor,1,0
0,0.0,25,0.0,54,941.4666667,0.18033858890761312,-0.15211247225927685,-59.088725390888015,0.0,Aug,4,5,1,1,Returning_Visitor,0,1
5,667.740187795155,5,-476.53312825271223,12,235.3,0.002777778,0.035925926,0.0,-0.5451379717330792,Aug,2,2,2,2,Returning_Visitor,0,0
2,17.0,25,0.0,7,1093.0,0.0375,0.1125,0.0,0.0,Mar,2,2,3,1,Returning_Visitor,0,0
0,623.1886180399048,25,0.0,4,127.0,0.0,0.075,0.0,0.0,May,2,2,6,4,Returning_Visitor,0,0
14,0.0,0,0.0,3,15.0,0.066666667,0.133333333,0.0,0.0,Nov,2,2,1,3,Returning_Visitor,0,0
14,0.0,1,527.2178062059588,20,8326.574206347936,0.019047619,0.038095238,0.0,0.0,May,2,2,3,6,Returning_Visitor,0,0
3,58.4,0,0.0,12,197.0,0.0,0.028571429,0.0,0.7012505699776297,Nov,2,2,2,2,Returning_Visitor,0,0
7,297.6,0,0.0,66,-6015.442877954415,0.20336572670899122,0.012314449,7.766280897,0.0,Oct,2,2,8,2,Returning_Visitor,0,0
4,115.0,0,0.0,53,861.3333333,0.003636364,0.23635008972264548,0.0,0.0,May,1,1,4,6,Returning_Visitor,1,0
6,229.0,2,40.02,71,2576.432121,0.01027027,0.045526366,0.0,0.0,Oct,1,1,2,1,Returning_Visitor,1,0
5,35.7,5,95.65,95,-5495.945492933179,0.019666667,-0.1278295561495579,0.0,0.0,Aug,3,2,1,3,Returning_Visitor,0,0
2,102.0,0,0.0,16,502.8333333,0.0,0.004444444,0.0,0.0,Mar,3,2,4,2,Returning_Visitor,1,0
3,9.0,0,-403.7787348947357,22,169.5,0.009090909,0.031818182,0.0,0.0,May,2,4,4,3,Returning_Visitor,0,0
0,-486.1337345372458,0,0.0,8,181.0,-0.16241665854120294,0.00625,0.0,1.0,May,1,1,3,2,Returning_Visitor,1,0
-8,0.0,0,0.0,50,694.5166667,0.008163265,0.024489796,-53.09671400237405,0.0,Dec,2,4,3,1,Returning_Visitor,0,0
3,70.4,0,0.0,9,144.0666667,0.0,0.0,0.0,0.0,Oct,1,1,1,3,New_Visitor,0,0
2,44.0,0,547.8536013081138,16,672.5,0.005555556,0.025925926,-62.40297959796974,0.0,Mar,2,2,4,2,Returning_Visitor,1,0
0,0.0,0,0.0,6,8570.94006585542,0.0,0.05,0.0,0.0,May,2,4,3,1,Returning_Visitor,0,0
0,0.0,0,0.0,1,0.0,0.2,0.2,68.12223863458193,0.0,Nov,2,2,3,1,Returning_Visitor,0,0
0,-460.771485614457,0,0.0,7,-5140.983250396188,0.014285714,0.068571429,0.0,0.0,May,1,2,1,2,Returning_Visitor,1,0
0,0.0,0,-439.99237176222044,203,370.8333333,-0.13425744347255653,0.057142857,0.0,0.0,Mar,2,2,2,3,Returning_Visitor,0,0
-10,70.83333333,1,30.0,27,1150.192063,0.003125,0.0125,23.554375,0.7081516416723551,May,2,2,1,2,Returning_Visitor,0,1
0,0.0,0,0.0,-119,0.0,0.2,0.2,0.0,0.0,Nov,1,1,9,1,Returning_Visitor,0,0
0,0.0,0,0.0,7,16.0,-0.17131041834161667,0.033333333,0.0,-0.7203860199200065,Dec,1,1,1,2,Returning_Visitor,1,0
0,0.0,0,0.0,6,1133.666667,0.028205128,0.038562092,-61.83929250675692,0.2,May,3,2,1,1,Returning_Visitor,0,0
3,120.6666667,0,0.0,8,261.6,0.0,0.01,0.0,0.0,May,2,7,1,2,New_Visitor,0,0
3,132.92,4,486.4027949777788,36,1335.773333,0.1959671162336798,0.034484127,11.11383981,0.0,Nov,2,7,2,2,Returning_Visitor,0,0
2,-632.7293834249333,0,0.0,-108,501.5,0.06,0.106666667,0.0,0.8,May,3,2,8,13,Returning_Visitor,0,0
0,648.9453491084765,0,0.0,12,213.5,0.016666667,0.033333333,66.39360653999476,0.2,May,4,1,1,3,Returning_Visitor,0,0
14,28.2,1,-498.978567364464,114,7868.827987342497,0.16918887966225765,0.042576205,-57.97940563026424,-0.6672761466361693,Aug,2,2,2,1,Returning_Visitor,0,0
0,0.0,0,0.0,4,-5525.873803067693,0.0,0.016666667,0.0,-0.606140458509014,Mar,2,2,9,2,Returning_Visitor,0,0
2,7.0,25,0.0,-116,778.0,0.018181818,0.072727273,0.0,0.7385445930352124,May,1,1,1,3,Returning_Visitor,0,0
5,77.08333333,2,-482.6910444234129,15,2106.833333,0.21513222840008944,0.037301587,0.0,0.0,Nov,1,1,4,2,Returning_Visitor,1,1
0,0.0,0,0.0,18,894.5809524,-0.13523902249395622,0.007142857,0.0,0.0,Dec,3,2,4,6,Returning_Visitor,0,0
10,380.4333333,0,0.0,39,1526.213333,0.004651163,0.014728682,0.0,0.0,Nov,2,6,5,2,Returning_Visitor,0,0
0,0.0,0,0.0,1,-5018.736791748112,0.2,0.2,-53.90754325381978,0.0,Nov,8,2,6,13,Returning_Visitor,0,0
0,0.0,0,542.1057671163985,64,4492.311111,0.004761905,0.022705971,0.0,0.0,Nov,2,2,3,2,Returning_Visitor,0,1
0,0.0,0,0.0,4,66.0,0.0,0.05,0.0,0.0,Dec,1,1,8,2,Returning_Visitor,0,0
1,795.9196081979183,1,0.0,11,1012.166667,0.0,0.23222384604451718,62.86831138,-0.5767562007892458,Nov,2,2,1,1,Returning_Visitor,0,1
15,408.2,0,0.0,33,878.6238095,0.20403399817925977,0.19601974658013033,19.3654955,0.0,Mar,2,2,1,2,Returning_Visitor,0,1
0,700.4167957840132,25,0.0,3,41.5,0.066666667,0.133333333,0.0,0.0,Nov,2,2,1,1,Returning_Visitor,1,0
14,173.55,25,0.0,164,-6058.0474936044075,0.002514286,0.21974559648550673,13.76473644,0.0,Nov,2,2,3,2,Returning_Visitor,0,1
0,0.0,0,0.0,68,1806.166667,0.004411765,0.027941176,0.0,0.0,Nov,2,2,2,13,Returning_Visitor,1,0
0,0.0,0,0.0,4,-6191.200126246875,0.0,0.083333333,78.70273068476529,0.4,May,2,2,3,4,Returning_Visitor,0,0
7,98.73333333,25,229.8,151,4249.12,0.013402778,0.041166667,5.88595629,0.0,Jul,2,5,3,3,Returning_Visitor,0,0
8,154.2916667,0,0.0,34,991.3678571,0.005263158,0.01443609,10.93482456,0.8179430618735191,Mar,2,2,2,2,Returning_Visitor,0,0
9,122.2,0,-504.9457710514024,-125,2303.96,0.019496855,0.19716067386871347,0.0,0.0,Aug,2,4,4,2,Returning_Visitor,0,0
5,73.75,0,0.0,131,7981.218211403177,0.005343511,0.017506361,0.0,0.0,Nov,2,2,1,2,Returning_Visitor,0,0
7,48.5,0,540.9590675600047,9,116.6666667,0.0,0.006666667,67.06218098739315,0.4,May,2,2,1,1,Returning_Visitor,0,0
-7,163.425,0,0.0,73,7871.792297627836,0.0,0.005833333,0.0,0.0,Nov,2,2,5,4,Returning_Visitor,0,0
9,848.1428571,4,388.6666667,202,595.0095238,-0.1290606018288574,0.004651163,0.0,0.0,Mar,2,2,1,10,New_Visitor,0,0
0,0.0,25,0.0,-114,2588.154762,0.20653575232294336,0.027272727,0.0,0.0,Dec,2,2,1,1,Returning_Visitor,0,0
17,96.16060606,5,174.7,75,2549.529127,0.011818182,0.047380485,65.28448218698149,0.0,Jul,2,2,4,4,Returning_Visitor,0,0
5,-619.0002728509857,25,0.0,27,1883.725,0.0,0.019047619,-65.93526971570498,0.0,Nov,2,2,9,13,Returning_Visitor,0,0
13,0.0,0,-398.15049676541275,4,156.5,0.0,0.05,0.0,0.0,Dec,1,8,1,6,New_Visitor,0,0
15,-591.5213173734029,25,591.4200382075895,23,2128.704568,0.005714286,0.020425941,16.19731984,0.0,Oct,2,2,2,20,Returning_Visitor,0,0
0,0.0,0,0.0,14,121.0,0.20315749020920926,0.116666667,0.0,0.4,May,3,2,3,13,Returning_Visitor,0,0
12,0.0,0,0.0,15,477.0,0.0,0.02,0.0,0.0,Mar,2,2,2,1,Returning_Visitor,0,0
1,4.0,0,0.0,26,242.1095238,0.0,0.004273504,0.0,0.0,June,4,1,2,1,Returning_Visitor,0,0
0,0.0,25,0.0,22,-4576.961422629246,0.01,0.0145,0.0,-0.6797354205242091,May,3,2,8,2,Returning_Visitor,0,0
0,0.0,0,0.0,-122,853.4166667,0.013333333,0.037777778,50.81417971,0.0,Dec,1,1,7,2,New_Visitor,0,1
5,74.4,0,0.0,140,2810.797158,0.001909722,0.016226074,0.0,0.0,Sep,2,2,3,4,Returning_Visitor,1,0
4,272.5,0,0.0,14,279.9,0.0,0.028571429,0.0,0.7757922067176926,Mar,1,1,3,10,New_Visitor,0,0
5,587.0,0,0.0,125,8258.309339760273,0.012433862,0.023856765,0.0,0.6,May,3,2,1,4,Returning_Visitor,0,0
4,32.0,1,43.5,311,12500.35306,0.001387656,0.014687275,0.0,0.0,Nov,2,2,7,2,Returning_Visitor,0,0
-8,0.0,2,105.0,194,-6036.598392242185,0.2164206708909892,0.017284446,1.79107248,0.0,Nov,2,2,3,2,Returning_Visitor,0,1
0,0.0,0,0.0,11,192.7333333,0.0,0.19658152908900323,0.0,0.0,Oct,2,2,2,2,New_Visitor,0,0
0,0.0,4,112.6,93,7655.250146255833,0.002777778,0.0109375,16.95907848,0.0,Aug,2,2,1,4,Returning_Visitor,0,1
0,0.0,25,0.0,20,438.3333333,0.02,0.04,0.0,0.0,Mar,2,2,7,1,Returning_Visitor,0,0
-7,114.75,0,-395.1682664233525,8,301.5,0.0,0.018181818,0.0,0.0,Mar,2,4,4,2,Returning_Visitor,1,0
0,0.0,0,0.0,20,565.6666667,0.015,0.026666667,0.0,0.0,Nov,2,4,6,1,Returning_Visitor,0,0
0,0.0,0,559.6047615271247,5,7046.0555706732375,0.02,0.02,0.0,0.0,Mar,1,1,1,3,Returning_Visitor,1,0
15,0.0,0,0.0,14,1037.5,0.014285714,0.047619048,-60.777614879079245,0.0,Mar,2,2,4,2,Returning_Visitor,0,0
3,72.5,25,523.75,8,178.75,-0.13862477166491644,-0.1355395931364388,0.0,0.0,Nov,1,1,1,3,Returning_Visitor,0,0
2,55.5,0,0.0,2,26.0,0.19668445060604914,0.06,0.0,0.7495604007070878,Dec,1,2,9,3,Returning_Visitor,1,1
6,301.2,25,0.0,87,1836.983333,0.009782609,0.026449275,0.0,0.0,Sep,2,2,6,3,Returning_Visitor,0,0
-9,749.6103141430563,0,0.0,5,40.0,0.066666667,0.083333333,0.0,0.8613950916252822,May,2,2,1,1,Returning_Visitor,0,0
5,-562.5196967274858,2,349.0,33,2161.133333,0.012820513,0.044786325,16.58165201,0.0,Nov,2,2,7,1,Returning_Visitor,0,1
0,0.0,0,0.0,2,0.0,0.2,0.2,0.0,0.0,Jul,3,2,1,1,Returning_Visitor,0,0
2,84.0,0,0.0,30,597.6330532,0.006666667,0.005925926,0.0,-0.649738895396927,Nov,1,8,1,11,Returning_Visitor,1,0
-9,38.5,25,0.0,15,130.05,0.023529412,0.050980392,0.0,0.0,Nov,1,1,3,1,Returning_Visitor,0,0
0,0.0,25,0.0,189,-6368.8948927508145,0.008333333,0.020833333,0.0,0.4,May,2,2,2,1,Returning_Visitor,0,0
1,31.2,0,0.0,31,824.86,0.0,0.008333333,-55.942215887403556,0.0,Sep,1,1,1,3,New_Visitor,0,0
1,9.0,0,0.0,11,269.96,0.0,0.006666667,0.0,0.0,Jul,3,2,3,4,Returning_Visitor,0,0
1,115.0,0,0.0,48,1129.214286,0.008163265,0.010945092,0.0,0.0,May,1,1,2,1,Returning_Visitor,0,0
0,0.0,25,0.0,25,1838.5,0.18928070548444526,0.052,0.0,0.0,May,2,2,1,19,Returning_Visitor,0,0
7,86.27777778,2,21.0,80,2170.286706,0.003571429,0.021527778,-67.54513869063513,0.0,Nov,3,2,1,10,Returning_Visitor,1,1
-8,0.0,0,0.0,13,1314.083333,0.0,0.008333333,103.0610827,0.0,Dec,8,13,9,20,Other,0,1
5,230.3333333,2,64.0,33,964.047619,0.0,0.022857143,0.0,0.0,May,3,2,7,6,Returning_Visitor,0,0
2,39.5,1,161.0,34,1406.209524,0.010810811,0.021212121,23.60518919,0.2,May,2,2,8,4,Returning_Visitor,0,1
10,293.7782051,2,512.5073528598333,96,3283.166739,0.001960784,0.013509414,0.0,0.8013670627019034,Mar,3,2,6,2,Returning_Visitor,1,0
1,671.0044718591723,25,0.0,57,2816.55307,0.0,0.005858586,0.0,0.0,May,2,2,2,1,Returning_Visitor,0,0
0,0.0,0,0.0,3,2251.28,-0.12547045433263115,0.137426901,0.0,-0.7109355900961459,Nov,3,2,1,13,Returning_Visitor,0,0
0,0.0,0,0.0,9,72.0,0.022222222,0.044444444,68.55637291486741,0.6815665062096378,May,1,1,1,3,Returning_Visitor,0,0
1,7.0,0,593.6107346689586,20,-5428.686452139253,0.0,0.016140351,34.25336842,0.0,May,2,2,3,11,Returning_Visitor,0,1
1,-520.3319713991889,0,0.0,26,-5488.889691256673,0.022666667,0.0346,11.70614611,0.0,Nov,3,2,2,1,Returning_Visitor,0,1
3,-549.2476225356232,0,0.0,18,340.9166667,0.0,0.018253968,0.0,0.0,Aug,2,4,3,5,Returning_Visitor,0,0
0,0.0,0,0.0,205,205.0833333,0.0,0.044444444,0.0,0.8413965043172703,Dec,2,2,7,2,Returning_Visitor,0,0
2,79.0,0,0.0,-132,-5361.950708316386,0.008510638,0.034751773,21.23960367,0.8443304612404554,Dec,2,2,1,2,New_Visitor,0,0
15,0.0,0,0.0,12,265.1666667,0.011111111,0.026111111,0.0,0.2,Feb,3,2,1,3,Returning_Visitor,0,0
4,368.8333333,0,0.0,-141,5016.351205,0.006837607,0.0220259,0.0,0.4,May,2,2,3,13,Returning_Visitor,0,0
-9,0.0,0,0.0,3,79.5,-0.13738744343368903,0.066666667,0.0,0.0,Dec,4,1,3,2,Returning_Visitor,1,0
0,0.0,1,0.0,0,0.0,0.2,0.2,0.0,1.0,May,1,1,3,3,Returning_Visitor,1,0
9,171.6666667,3,109.75,41,1284.663492,0.016326531,0.032653061,21.22386735,0.0,Mar,2,2,1,1,Returning_Visitor,0,0
13,296.0416667,25,511.20430316430327,52,1249.481746,-0.12902916096069691,0.061460507,-54.429599185490495,0.0,Dec,1,1,3,1,Returning_Visitor,0,0
0,0.0,0,0.0,1,0.0,0.2,0.2,62.038630309247466,0.0,May,3,2,3,2,Returning_Visitor,1,0
0,0.0,0,0.0,1,0.0,0.2,0.2,0.0,0.4,May,1,1,3,3,Returning_Visitor,0,0
2,86.0,0,0.0,18,754.9166667,0.0,0.19524132877682537,0.0,0.0,May,3,2,6,2,New_Visitor,0,0
1,4.0,25,0.0,6,102.0,0.0,0.057142857,0.0,0.0,May,2,2,1,3,New_Visitor,0,0
0,635.6621263849431,0,0.0,201,2177.333333,-0.12448838040739003,0.010526316,0.0,0.0,Dec,2,4,1,2,New_Visitor,0,0
9,250.2222222,5,343.875,82,5076.380556,0.0,0.22643588653295355,28.41708136,0.8171896268279768,Dec,3,2,1,13,Returning_Visitor,0,1
3,69.0,1,18.0,10,-5137.157285363809,0.005128205,0.039010989,0.0,0.0,Dec,2,2,1,2,Returning_Visitor,0,0
1,7.0,0,0.0,7,151.5,-0.135215427182245,0.025,50.9925,0.0,May,2,2,1,1,Returning_Visitor,0,1
0,0.0,0,0.0,-119,227.7,0.027777778,0.038888889,66.91636362114268,0.4,May,1,1,3,2,Returning_Visitor,0,0
7,187.1666667,2,72.0,22,680.0,-0.12798961951674917,0.006190476,22.45821429,0.0,May,3,2,3,2,New_Visitor,0,1
0,776.6327704701433,0,0.0,7,7439.591222736951,0.0,0.028571429,0.0,0.0,Dec,8,2,1,2,New_Visitor,1,0
14,0.0,0,502.4694787097397,180,644.125,0.00625,-0.12000425677819666,0.0,0.0,Mar,3,2,3,10,Returning_Visitor,0,0
0,0.0,0,0.0,20,837.25,0.015,0.041666667,0.0,0.0,Dec,6,5,1,1,Returning_Visitor,0,0
3,5.0,25,0.0,16,246.3933333,-0.15703269631415323,0.075925926,0.0,0.0,Oct,3,2,1,4,Returning_Visitor,1,0
5,850.0,0,0.0,20,8634.772679371406,0.0,0.02,0.0,0.6922946745277846,Oct,2,4,9,2,Returning_Visitor,0,0
0,0.0,0,0.0,182,0.0,0.2,-0.10598998463272535,0.0,0.0,May,1,1,3,3,Returning_Visitor,0,0
2,698.2730164579921,0,0.0,1,31.5,0.05,0.066666667,0.0,0.0,Dec,3,2,2,3,Returning_Visitor,0,1
3,44.3,25,558.2286998991391,17,468.85,0.01,0.006666667,64.2879309,0.0,Aug,1,2,1,2,Returning_Visitor,0,1
0,756.8449821600572,0,0.0,46,7757.674583725002,0.019565217,0.032246377,0.0,0.0,Nov,1,2,7,2,Returning_Visitor,0,0
4,454.0,3,584.0,25,-4803.633278346224,0.018070818,0.043950617,3.919126984,0.0,May,1,1,7,2,Returning_Visitor,1,0
0,0.0,25,0.0,-125,0.0,0.2,0.2,0.0,0.0,Mar,2,4,3,1,Returning_Visitor,0,0
2,83.5,2,125.5,11,213.9472222,0.007692308,0.22322315475697357,0.0,0.0,Dec,3,2,5,2,Returning_Visitor,0,0
0,0.0,0,0.0,16,332.1666667,0.0,0.2058039132331807,0.0,0.0,Dec,2,2,3,2,New_Visitor,0,0
7,490.5,0,0.0,43,1286.916667,-0.12734928455976535,0.01037037,-55.58588292648073,0.0,Dec,2,2,3,1,New_Visitor,0,0
12,203.4714286,1,0.0,220,11308.09795,-0.1562865485606877,0.012414872,0.673127586,0.8,May,2,2,5,6,Returning_Visitor,0,0
3,27.0,0,0.0,197,1579.375,0.0125,0.06,0.0,0.0,Nov,2,2,1,2,Returning_Visitor,0,0
3,176.0,0,0.0,21,654.5,0.009090909,0.031818182,68.44322072075455,0.2,May,1,1,2,3,Returning_Visitor,0,0
0,0.0,0,529.0813619264102,14,197.5,0.021428571,0.042857143,0.0,0.4,May,2,2,1,1,Returning_Visitor,0,0
1,48.0,0,0.0,26,1066.666667,0.025,0.04202381,0.0,0.0,May,3,2,8,11,Returning_Visitor,0,0
1,9.0,0,0.0,37,2368.111111,0.030555556,-0.13864825484647755,4.760548596,0.0,Nov,1,1,8,1,Returning_Visitor,0,0
12,-477.32394930183955,0,0.0,439,-6255.805054505578,0.00562963,-0.12497871458490084,2.626909076,0.0,Nov,2,5,1,10,Returning_Visitor,0,1
0,0.0,0,0.0,5,6979.112785156391,0.12,0.1979824287808528,0.0,-0.5422629591212207,May,2,5,3,6,Returning_Visitor,0,0
0,0.0,0,0.0,7,971.0,0.028571429,0.071428571,0.0,-0.7420713691984119,Mar,2,2,2,1,Returning_Visitor,0,0
1,2.0,25,0.0,27,463.8333333,0.040740741,0.067530864,0.0,0.0,May,3,2,2,4,Returning_Visitor,0,0
1,13.0,4,37.5,32,675.6666667,0.005714286,0.028571429,72.63017598049817,0.0,Dec,2,4,1,10,Returning_Visitor,0,0
0,-576.7612516900447,0,0.0,37,854.55,0.005405405,0.023166023,0.0,0.0,Dec,2,2,6,3,Returning_Visitor,0,0
0,-533.462138423242,0,0.0,200,6867.193847,0.006408856,0.024587384,0.0,0.0,Nov,2,2,1,2,Returning_Visitor,0,0
0,0.0,0,0.0,3,0.0,-0.14007648781446286,0.2,0.0,0.0,Nov,1,1,1,3,Returning_Visitor,0,0
0,795.1586450335581,0,0.0,18,4293.4,0.041176471,0.064705882,72.44689406436986,0.0,Nov,2,2,3,1,Returning_Visitor,0,0
0,0.0,0,0.0,48,832.0833333,0.038478261,0.064782609,0.0,0.0,Dec,3,2,1,3,Returning_Visitor,0,0
0,0.0,0,0.0,192,69.25,0.0,0.044444444,0.0,0.0,Mar,2,2,4,3,Returning_Visitor,0,0
0,0.0,0,-455.6802355540266,8,642.0,0.0,0.2248311709607331,109.1211555,0.0,Dec,2,2,3,2,New_Visitor,0,1
0,0.0,0,-437.55963605807653,203,841.1666667,0.008333333,-0.13146756288936146,0.0,0.8,May,2,2,2,4,Returning_Visitor,0,0
5,116.2,0,471.67174458032156,38,-5760.388354567039,0.19073218955201537,0.05,0.0,0.0,Nov,1,8,1,1,Returning_Visitor,0,0
0,-458.6434154326114,25,-516.4561648252369,6,203.0,0.0,0.033333333,0.0,0.0,Nov,4,1,2,3,Returning_Visitor,0,0
0,626.5628638908772,0,0.0,12,139.8,0.066666667,0.091666667,0.0,0.0,Aug,3,2,1,13,Returning_Visitor,0,0
1,31.5,0,0.0,3,8636.615993693626,0.0,0.05,0.0,0.0,Dec,2,2,9,2,New_Visitor,1,0
-7,-573.8928433491594,1,37.5,71,1145.571429,0.0,0.004054054,-51.97599306609759,0.0,May,2,4,1,1,Returning_Visitor,0,0
-7,132.0,1,28.2,35,1356.866667,0.0,0.010526316,0.0,0.0,Oct,2,2,4,13,Returning_Visitor,0,0
4,103.0,25,0.0,32,1092.183333,0.0,0.00625,0.0,0.0,Jul,2,2,6,1,Returning_Visitor,0,0
4,423.1,0,0.0,16,982.6,-0.16642958024700596,0.005263158,0.0,0.0,Nov,3,2,2,20,Returning_Visitor,1,0
0,0.0,0,0.0,5,28.0,0.12,0.16,77.3252125446209,0.4,May,3,2,4,3,Returning_Visitor,0,0
9,241.8416667,0,0.0,185,673.0333333,0.002150538,0.005222734,27.97341787,-0.6424499844915327,Nov,1,1,3,2,New_Visitor,0,0
2,4.0,0,0.0,14,203.0,-0.13125681894998126,0.041176471,0.0,0.0,May,2,5,4,3,Returning_Visitor,0,0
0,0.0,0,0.0,3,0.0,0.2,0.2,0.0,-0.6051363439092562,Nov,1,8,9,1,Returning_Visitor,1,0
1,-514.215176884625,25,0.0,32,855.5416667,0.000840336,0.027058824,22.95499447,0.0,Nov,2,2,2,6,Returning_Visitor,0,1
1,46.0,0,0.0,17,7650.47790483227,0.027777778,0.062962963,0.0,0.0,May,3,2,1,13,Returning_Visitor,0,0
8,400.65,0,0.0,27,952.2833333,0.0,0.00137931,0.0,0.0,Aug,1,8,1,6,New_Visitor,0,1
0,0.0,0,0.0,13,734.0,0.0,0.0375,0.0,0.0,May,1,1,1,3,Returning_Visitor,0,0
-8,25.08333333,0,0.0,25,304.5,0.0,0.007407407,0.0,0.0,May,2,2,3,13,Returning_Visitor,0,0
0,0.0,0,0.0,29,438.8666667,0.0,0.020689655,0.0,-0.623192185692451,Mar,4,2,3,1,Returning_Visitor,1,0
0,0.0,1,322.4,27,1747.7,0.007692308,0.025641026,0.0,0.0,Oct,2,4,5,1,Returning_Visitor,0,0
6,165.9487179,2,114.0,42,2016.115385,0.016,0.028841026,26.65415979,0.0,Nov,1,1,3,2,Returning_Visitor,0,0
-7,50.0,0,0.0,204,796.0,0.0,0.013333333,0.0,0.0,Mar,2,2,5,2,Returning_Visitor,0,0
2,58.0,0,0.0,7,101.8,0.0,0.011111111,64.87119183703707,0.0,Mar,3,2,8,2,New_Visitor,0,0
0,0.0,0,0.0,15,411.0833333,0.18291412183082828,0.033333333,0.0,0.6785164671374471,Nov,2,2,3,3,Returning_Visitor,0,0
3,25.4,0,0.0,73,2958.5,0.005405405,0.021846847,79.59709683594127,0.4,May,2,5,2,3,Returning_Visitor,0,0
0,0.0,0,0.0,4,36.5,0.0,0.05,0.0,0.0,Mar,2,2,7,1,Returning_Visitor,0,0
1,48.5,0,0.0,35,668.1,0.007843137,0.019117647,36.95500632,0.0,Nov,2,4,1,3,Returning_Visitor,0,1
15,18.0,0,0.0,170,180.75,0.0,0.014285714,0.0,0.0,Nov,2,2,1,2,New_Visitor,0,0
2,13.0,0,0.0,190,8127.197778505551,0.0,0.05,0.0,0.0,Dec,2,2,1,8,New_Visitor,0,0
15,37.0,1,16.0,18,463.5,0.0,0.004545455,0.0,0.0,May,2,5,1,6,Returning_Visitor,0,0
13,0.0,25,0.0,28,534.5833333,-0.15081333967154573,0.021428571,0.0,1.0,May,2,4,4,1,Returning_Visitor,1,0
0,-612.3825200095267,0,0.0,201,8805.874273060474,0.19065119557219382,0.1,0.0,0.0,Nov,2,2,2,2,Returning_Visitor,0,0
-7,0.0,0,0.0,23,1134.5,0.066459627,-0.13751546050364305,0.0,0.8,May,2,5,1,11,Returning_Visitor,0,0
4,53.4,0,-390.36734732878824,4,53.4,0.2113893715417645,0.025,0.0,0.0,Oct,1,1,7,5,New_Visitor,0,0
0,0.0,25,0.0,11,352.5,0.0,0.03,0.0,0.799378653187191,Dec,2,2,1,1,Returning_Visitor,0,0
0,0.0,0,0.0,48,3644.752381,0.0,0.016666667,18.20995652,0.0,Mar,2,2,7,2,Returning_Visitor,0,0
0,0.0,0,484.71955083490843,10,60.5,0.02,0.04,0.0,0.0,Mar,2,2,3,1,Returning_Visitor,0,0
10,-536.976355340681,1,5.0,58,2528.287431,0.001318681,0.005582418,5.552517289,0.0,Nov,3,2,3,10,Returning_Visitor,0,0
4,76.25,0,0.0,-139,3274.521154,0.0,0.008391608,6.425757643,0.0,Dec,2,2,1,1,Returning_Visitor,0,0
0,0.0,0,0.0,1,0.0,0.2,0.23222142741170995,0.0,0.0,May,3,2,3,1,Returning_Visitor,0,0
0,-546.2486190474027,25,0.0,11,1197.8,0.0,0.01,0.0,0.0,Oct,2,2,3,20,Returning_Visitor,0,0
0,0.0,0,0.0,2,11.0,0.0,0.1,-50.30191052370952,-0.5881493055824775,Mar,4,2,2,10,Returning_Visitor,0,0
0,790.9188992366941,0,0.0,35,-5191.679313256462,0.0,-0.12564185443205964,0.0,0.0,Nov,2,2,6,2,New_Visitor,0,0
0,0.0,0,0.0,23,1107.267857,0.058181818,0.069393939,39.038442,0.0,Dec,2,2,3,2,Returning_Visitor,0,0
4,165.0,0,0.0,59,3096.375,0.007526882,-0.11911845887233309,8.126193548,0.0,May,2,2,1,2,Returning_Visitor,0,1
0,0.0,25,0.0,0,0.0,0.2,0.2,-61.3726246897814,0.0,Nov,1,1,9,2,Returning_Visitor,0,0
0,0.0,0,0.0,1,0.0,0.2,0.2,0.0,0.0,May,1,1,1,20,Returning_Visitor,0,0
0,-629.6437609296181,2,0.0,99,-4813.051238378793,0.022,0.028519936,0.0,0.0,Nov,3,2,2,13,Returning_Visitor,0,1
0,0.0,0,0.0,7,47.0,0.0,0.028571429,0.0,0.0,Nov,2,2,4,8,Returning_Visitor,0,0
12,27.53333333,1,0.0,182,3141.258333,0.02173913,0.040017253,6.673695652,-0.6567227366384848,May,3,2,1,3,Returning_Visitor,1,1
0,-633.5265845354038,0,-407.93342037646767,55,2415.416667,-0.15450761612631975,-0.14737406995211447,0.0,0.0,Nov,2,2,3,11,Returning_Visitor,1,0
15,0.0,0,0.0,15,-5862.19375256584,0.0,0.017777778,0.0,0.0,Dec,2,2,9,10,Returning_Visitor,0,0
2,43.2,1,-427.09929217225397,202,13842.45833,0.01804878,0.050155633,0.0,0.0,Sep,2,4,7,1,Returning_Visitor,0,0
0,0.0,25,0.0,22,494.6333333,0.0,0.004545455,42.29306752,0.0,Nov,2,2,1,2,New_Visitor,0,1
0,0.0,0,0.0,11,437.8333333,0.0,0.024242424,0.0,0.0,Nov,3,3,3,11,New_Visitor,0,0
2,471.5,5,-512.6944284390673,7,7880.383530895001,0.046153846,0.236200539471924,0.0,0.4,May,3,2,1,13,Returning_Visitor,0,0
0,0.0,0,0.0,8,480.0,0.0,0.028571429,14.1374752,0.6912431290214415,Nov,1,1,2,3,New_Visitor,1,1
3,72.6,0,558.7571497224012,-101,544.1,0.0,0.002,0.0,0.0,Sep,2,2,9,2,New_Visitor,0,0
-8,0.0,0,0.0,9,281.5,0.0,0.008333333,0.0,0.8051093292955487,Oct,4,2,9,7,Returning_Visitor,0,0
3,155.6078431,1,14.0,108,2942.021588,0.00025974,0.013002525,7.890931935,0.0,Dec,1,1,2,10,Returning_Visitor,0,1
1,3.0,0,0.0,26,885.0,0.0,0.036111111,17.5455,0.7953545208178716,May,2,2,1,2,Returning_Visitor,0,1
1,26.0,1,55.0,169,8043.534198321654,0.014285714,0.04047619,0.0,0.7646805671681935,Mar,2,2,9,6,Returning_Visitor,1,0
0,0.0,0,0.0,8,335.0,0.025,0.05,63.891,0.0,May,3,2,4,1,Returning_Visitor,0,1
-8,0.0,25,0.0,1,0.0,0.2,0.2,0.0,0.0,Nov,3,2,7,13,Returning_Visitor,0,0
13,448.0621212,2,-518.5341774236567,171,5341.784253,0.009401851,0.016398799,12.09622118,0.0,Nov,3,2,1,13,Returning_Visitor,0,1
0,724.3675824658525,0,0.0,3,132.4,0.0,0.033333333,0.0,0.0,June,3,2,1,1,Returning_Visitor,0,0
0,0.0,0,0.0,4,44.4,0.0,0.05,0.0,0.0,June,2,10,1,3,Returning_Visitor,0,0
1,0.0,1,0.0,15,708.5333333,0.0,0.04,54.85543,0.0,Mar,2,4,3,2,Returning_Visitor,0,0
6,77.0,0,0.0,42,7555.221275940463,0.000757576,0.019480519,0.0,0.0,May,2,2,3,4,Returning_Visitor,0,0
3,335.0,0,0.0,6,1615.0,0.0,0.016666667,0.0,0.8,May,3,3,1,4,Returning_Visitor,0,0
0,754.9590674696559,0,0.0,18,-5615.541384928516,0.0,0.02962963,0.0,0.0,June,1,1,1,2,Returning_Visitor,0,0
0,0.0,0,0.0,23,195.6666667,0.05,0.086363636,0.0,0.8186417703090335,May,4,1,1,3,Returning_Visitor,0,0
0,0.0,1,0.0,10,1584.25,0.02,0.05,0.0,-0.6376644549854714,Dec,2,2,1,8,Returning_Visitor,0,0
0,0.0,0,0.0,2,210.0,-0.16250778812838773,0.20053524817658938,0.0,0.0,Mar,3,2,1,2,Returning_Visitor,0,0
16,284.85,0,0.0,276,-4990.939098631372,0.001034483,0.007306262,27.43209507,0.0,May,4,1,3,1,Returning_Visitor,1,1
-8,38.0,25,0.0,12,8027.99645012934,0.028571429,-0.14391638259386969,-65.56294911082935,0.0,Mar,3,2,4,2,Returning_Visitor,0,0
1,5.0,0,576.0523193175966,12,900.5,0.011538462,0.026923077,75.05712338162634,0.0,Nov,2,2,4,6,Returning_Visitor,0,0
-9,0.0,25,499.3304432182701,192,-5491.352792262613,0.0,0.013333333,0.0,0.6,May,2,2,9,13,Returning_Visitor,0,0
0,0.0,0,0.0,1,0.0,0.2,0.2,73.46088880951848,0.0,Dec,3,2,6,1,Returning_Visitor,0,0
1,-463.2360405578139,0,0.0,187,349.5761905,0.0,0.23573207525480083,-55.859147697436285,0.0,Nov,1,1,1,3,New_Visitor,0,1
2,47.5,0,0.0,23,472.4166667,-0.15110936864525326,0.032985131,0.0,0.0,Dec,1,1,1,3,Returning_Visitor,0,0
11,828.0526316,6,598.5077140261865,57,2099.930554,0.003333333,0.009142857,3.29868,0.0,Mar,2,2,1,2,Returning_Visitor,0,0
12,673.8412144093643,4,144.2,136,5944.387373,0.011252599,0.20769801419586237,2.045137389,0.6676294979078164,Oct,2,5,1,1,Returning_Visitor,0,0
9,688.2149572597821,25,0.0,168,7635.238128096018,0.024242424,0.042121212,0.0,0.0,May,3,2,4,4,Returning_Visitor,0,0
7,118.5,0,0.0,28,829.2083333,0.0,0.015151515,-58.906806016259814,0.0,Dec,1,2,3,2,Returning_Visitor,0,0
2,109.0,0,-422.57545424402934,9,652.5,0.0,0.036363636,0.0,0.0,Dec,2,2,3,2,Returning_Visitor,0,0
1,44.0,0,460.6084552056114,-135,2075.983333,0.0,0.014545455,13.81852727,0.0,May,2,5,2,3,Returning_Visitor,0,1
3,17.0,0,0.0,71,2086.666667,0.005555556,0.019907407,0.0,0.0,Dec,2,2,7,3,Returning_Visitor,0,0
0,0.0,1,-420.30710991375423,184,1690.489222,-0.15969735020176876,0.027846816,0.0,0.7659697940219425,Sep,3,2,6,1,Returning_Visitor,1,0
0,691.9132014563377,1,21.0,15,498.5,0.0,0.026666667,32.1908,0.8376007578937863,May,2,4,1,2,Returning_Visitor,0,1
0,0.0,0,0.0,-131,16.0,0.1,0.15,0.0,0.0,Feb,2,5,5,1,Returning_Visitor,0,0
4,89.8,1,47.0,39,1167.966667,0.005853659,0.014390244,33.9251122,-0.5665692357676981,May,4,1,3,3,Returning_Visitor,0,1
2,81.5,1,21.0,18,2199.972222,0.00952381,-0.125620797103811,69.78988937510833,0.0,May,1,1,1,2,Returning_Visitor,1,0
0,0.0,25,0.0,2,0.0,0.2,-0.10787425035817697,0.0,0.766081043628404,Nov,2,2,9,13,Returning_Visitor,0,0
3,101.0,0,0.0,7,441.0,0.02,-0.12472660164917386,0.0,0.0,May,2,5,4,4,Returning_Visitor,0,0
6,-538.680828265877,25,0.0,9,115.5,0.018181818,-0.12146644148743754,0.0,0.0,May,3,2,9,3,Returning_Visitor,1,0
1,0.0,0,0.0,1,0.0,0.2,0.2,-52.96948063711591,0.6,May,1,1,4,2,Returning_Visitor,0,0
0,0.0,0,575.4896250374278,10,158.75,0.0,0.02,0.0,0.0,Nov,2,2,1,2,Returning_Visitor,0,0
2,182.4,0,0.0,-141,1165.944762,0.0,0.007407407,0.0,0.0,Nov,2,4,6,11,New_Visitor,1,0
0,-493.6309837755688,0,0.0,2,187.0,0.1,0.15,0.0,0.684374313560742,Mar,3,2,1,3,Returning_Visitor,0,0
0,-621.1343227482286,0,0.0,17,631.5,0.011764706,0.064705882,79.58092166883087,0.8,May,2,2,1,13,Returning_Visitor,0,0
2,119.8,1,22.2,15,643.5,0.0,0.005882353,0.0,0.0,Sep,3,2,1,5,Returning_Visitor,1,0
0,0.0,0,0.0,31,7535.976764439759,0.02,0.040555556,0.0,0.4,May,2,2,1,3,Returning_Visitor,0,0
2,59.0,0,0.0,20,497.5388889,0.0,0.015,0.0,0.0,May,1,1,3,4,Returning_Visitor,1,0
0,0.0,0,0.0,12,-5387.569889554104,0.0,0.22448640837969186,0.0,0.4,May,4,2,2,13,Returning_Visitor,0,0
0,0.0,0,0.0,9,300.0,0.011111111,0.033333333,0.0,0.8,May,2,4,1,3,Returning_Visitor,0,0
0,0.0,0,-450.0031735818435,167,1254.295238,0.006666667,0.014666667,0.0,0.0,Nov,1,1,3,2,Returning_Visitor,1,0
0,0.0,0,0.0,28,363.25,0.0,-0.12434377214644875,0.0,0.8057312930017226,Nov,2,2,1,3,Returning_Visitor,0,0
0,0.0,0,0.0,-113,954.4702381,0.18446215145282355,0.012742857,0.0,0.0,Mar,3,2,1,1,Returning_Visitor,1,0
1,5.0,2,134.0,-102,5459.967105,0.038654646,0.064680923,0.0,0.2,May,1,1,1,6,Returning_Visitor,0,0
1,69.5,0,0.0,176,226.5,0.0,0.0125,-58.40083107246688,0.0,Mar,3,2,1,13,Returning_Visitor,0,0
5,46.14285714,0,0.0,51,8602.430458558696,0.007126437,0.029719534,0.0,0.0,Nov,2,2,3,2,Returning_Visitor,1,0
0,0.0,0,0.0,34,910.2333333,0.0,0.023529412,0.0,0.0,Dec,2,2,1,2,Returning_Visitor,0,0
0,0.0,0,0.0,14,342.5,0.0,0.021428571,0.0,0.7780021868468026,May,2,2,8,4,Returning_Visitor,0,0
0,0.0,0,0.0,8,106.0833333,0.025,0.05625,64.04942421926958,0.0,Dec,1,1,2,1,Returning_Visitor,0,0
14,0.0,0,0.0,172,1361.63442,0.010204082,0.01728863,14.5218625,0.0,Dec,1,1,4,3,Returning_Visitor,0,0
13,249.3916667,1,464.7568187624506,71,2582.699717,0.0,0.013853727,6.733744751,0.0,Nov,2,2,1,2,Returning_Visitor,0,0
6,239.3333333,0,464.4235618119347,31,1875.169444,-0.17180565325902383,0.025324675,64.17866132521452,0.0,Nov,1,1,1,2,Returning_Visitor,0,0
2,67.6,25,590.0248783524883,8,183.8,0.20912169242899406,0.02,0.0,0.0,Oct,1,1,1,5,New_Visitor,0,0
0,0.0,0,0.0,54,1357.61783,0.0,0.004812274,0.0,0.0,Mar,2,2,2,2,Returning_Visitor,1,0
1,76.75,0,567.1027966535843,33,1356.458333,0.0,0.020833333,0.0,0.0,Nov,2,2,1,10,Returning_Visitor,1,0
4,183.0,3,48.0,34,2141.4,-0.1576321764570011,0.021621622,0.0,0.0,May,2,2,1,4,Returning_Visitor,1,0
1,5.0,2,31.7,6,104.25,0.0,0.007407407,-51.65000459156694,0.0,June,2,5,7,11,New_Visitor,0,0
0,0.0,0,0.0,4,1111.0,0.0,0.05,-61.12095886367817,0.0,Mar,4,5,1,1,Returning_Visitor,0,0
1,706.5236911875559,0,0.0,36,2362.5,-0.158335853341688,0.016190476,0.0,0.6,May,2,5,1,4,Returning_Visitor,0,0
0,0.0,0,0.0,178,157.0,0.0,0.015384615,0.0,-0.6437947238229391,Nov,2,2,5,2,Returning_Visitor,0,0
0,0.0,0,0.0,45,-5319.937743211112,0.036507937,0.059221273,0.0,0.0,Jul,3,2,9,13,Returning_Visitor,0,0
2,530.5,2,9.0,9,452.25,0.026666667,0.053333333,-53.26694960538416,0.0,Dec,1,1,7,2,Returning_Visitor,0,0
3,131.75,0,0.0,52,1701.857143,0.0032,0.01918951,0.0,0.0,May,1,1,5,1,Returning_Visitor,0,0
2,4.0,0,0.0,2,44.4,0.0,0.05,0.0,0.0,Sep,2,10,3,5,New_Visitor,0,0
1,6.0,0,503.8262026028165,2,85.0,0.0,0.066666667,0.0,0.8379902757585159,May,2,4,1,2,Returning_Visitor,0,0
4,133.8,2,555.8764209305687,13,421.7857143,0.0,0.023529412,0.0,0.0,Nov,1,1,3,2,New_Visitor,0,0
4,100.75,0,0.0,11,221.375,0.0,0.015384615,0.0,0.0,Nov,2,2,3,2,New_Visitor,1,0
16,155.6313131,0,0.0,32,908.013456,0.005,0.01805276,4.368515556,0.0,Mar,2,2,3,2,Returning_Visitor,0,1
0,0.0,0,0.0,8,5.0,0.15,0.175,0.0,0.4,May,2,2,1,11,Returning_Visitor,0,0
1,4.0,4,123.3333333,79,2387.139881,0.028733963,0.046198341,0.0,0.0,Nov,3,2,1,13,Returning_Visitor,1,0
2,36.4,0,0.0,-118,28.2,0.0,0.0,55.89978908,0.0,Sep,1,1,3,2,New_Visitor,0,0
0,0.0,0,-462.17817381393905,5,266.3333333,-0.16697910140181613,0.08,0.0,0.0,Mar,3,2,1,3,Returning_Visitor,0,0
6,92.57142857,1,793.8,38,2436.605534,0.0,0.035895135,27.31414742,0.0,Jul,2,10,1,2,Returning_Visitor,0,0
0,630.3000561134623,0,-511.77942552121567,182,409.3,0.007692308,0.038461538,0.0,0.7625246655602947,Jul,1,1,1,1,Returning_Visitor,0,0
0,0.0,0,0.0,13,541.9166667,0.0,0.015384615,26.09995422,0.0,Dec,2,4,1,2,New_Visitor,0,1
0,0.0,0,-421.71371201301787,1,-5493.941727557034,0.2,0.2,0.0,0.0,Nov,3,2,1,8,New_Visitor,1,0
14,345.8065476,3,195.0,-103,5610.686899,0.008045977,0.019205169,4.452664494,-0.5512527489544197,Nov,2,2,3,2,Returning_Visitor,0,0
5,93.8,0,0.0,45,2139.7,0.0,0.004081633,20.2755559,0.0,Sep,2,4,2,2,New_Visitor,0,1
0,0.0,0,0.0,4,39.2,0.0,0.05,0.0,0.0,Nov,1,2,1,2,New_Visitor,0,0
0,0.0,1,16.0,25,902.0833333,0.21175970569457864,0.007692308,0.0,0.0,Dec,3,3,3,2,New_Visitor,0,1
-8,4.0,0,0.0,46,8323.020876190909,0.005925926,0.020148148,0.0,-0.6781900085902752,May,2,2,2,2,Returning_Visitor,0,0
-9,0.0,0,0.0,19,224.0,0.17097943052870793,-0.15228618869188662,0.0,-0.6875539217190859,May,2,2,3,19,Returning_Visitor,0,0
3,48.0,0,0.0,10,129.5,0.0,0.018181818,-56.04433446914931,0.0,May,2,5,9,4,Returning_Visitor,0,0
1,136.5,0,0.0,25,806.5,0.0,0.22558943261040543,39.96971545,0.0,Aug,1,1,1,4,Returning_Visitor,1,0
11,494.5333333,0,0.0,33,2070.616667,0.0,0.2362350621995659,9.581162201,0.0,Nov,2,5,1,3,Returning_Visitor,0,1
1,4.0,3,148.5,5,185.8333333,0.0,-0.12389807272579983,0.0,0.0,Mar,2,2,7,2,Returning_Visitor,0,0
6,1279.5,0,0.0,72,-5061.0067696354,0.0,0.001388889,0.0,0.0,May,2,4,1,3,New_Visitor,0,0
0,0.0,0,0.0,29,-5827.11358039829,0.0,0.002298851,0.0,0.0,Nov,2,5,1,2,Returning_Visitor,0,0
13,0.0,0,0.0,11,500.0,0.21289914864750759,0.02,44.388,-0.6484747113482854,May,2,2,3,2,Returning_Visitor,0,1
-9,0.0,0,0.0,38,8242.930071777853,0.18105212938561302,0.02814992,0.0,0.0,Dec,3,2,1,2,Returning_Visitor,0,0
0,0.0,0,0.0,-117,8606.866091576256,0.0,0.014728682,0.0,0.0,Dec,2,4,1,2,Returning_Visitor,0,0
0,0.0,0,0.0,21,452.797619,0.0,0.023,16.82505,0.0,May,1,1,1,4,Returning_Visitor,0,1
3,797.6689653815158,25,0.0,14,469.8761905,0.175487141104883,0.005357143,0.0,0.0,Mar,2,4,1,10,Returning_Visitor,0,0
0,0.0,0,0.0,18,909.75,0.022222222,0.048148148,0.0,0.0,Nov,3,2,1,3,Returning_Visitor,0,0
3,52.75,0,0.0,31,3069.077778,0.006451613,0.020537634,5.793026792,0.0,Nov,1,1,3,2,Returning_Visitor,0,1
-9,710.6492226343453,4,222.0,-119,-5831.680438424231,0.005263158,0.029874687,0.0,0.0,Nov,3,2,1,2,Returning_Visitor,0,0
0,0.0,0,0.0,39,1020.013889,0.005405405,0.014226044,0.0,0.0,Dec,3,2,7,1,Returning_Visitor,1,0
0,0.0,0,0.0,1,0.0,0.2,0.2,0.0,0.6,May,3,2,1,13,Returning_Visitor,0,0
0,0.0,25,0.0,9,386.25,0.0,0.022222222,0.0,0.0,Dec,3,2,6,6,New_Visitor,0,0
1,17.2,25,0.0,4,192.4,0.0,0.01,0.0,0.0,Sep,2,2,2,2,New_Visitor,0,0
13,0.0,25,0.0,27,458.2560317,0.007407407,0.2225431219298439,38.12368584,0.0,June,1,1,2,2,Returning_Visitor,0,1
0,0.0,0,0.0,1,0.0,0.2,0.2,0.0,0.4,May,2,4,6,6,Returning_Visitor,0,0
0,774.3790267873558,25,0.0,73,3324.597222,0.017123288,0.040273973,0.0,0.0,Nov,2,2,1,13,Returning_Visitor,0,1
0,0.0,25,0.0,7,202.25,0.0,0.028571429,0.0,0.0,Dec,1,1,2,2,Returning_Visitor,0,0
-9,266.875,0,0.0,32,2092.5,0.010526316,0.026315789,72.26083353202407,0.0,Dec,2,2,1,1,Returning_Visitor,1,0
8,451.2836134,10,961.45,131,7654.681291017086,0.003082192,0.021249277,2.325663803,0.0,Nov,2,2,3,3,Returning_Visitor,0,1
-7,125.1666667,0,0.0,27,1802.25,0.006060606,0.011774152,0.0,0.0,Mar,3,2,1,8,Returning_Visitor,1,0
0,0.0,0,0.0,18,1844.416667,0.0,0.023529412,28.52788235,0.0,May,3,7,3,4,Returning_Visitor,0,0
0,0.0,0,0.0,4,40.5,0.0,0.05,0.0,0.0,May,4,1,1,3,Returning_Visitor,0,0
3,67.5,0,-449.28212613709553,30,761.75,0.0,0.015053763,74.55887357965689,0.8099590026701391,Dec,2,4,1,1,Returning_Visitor,1,1
2,253.0666667,1,36.2,195,2568.675541,0.039047619,0.071984127,-52.80872591648586,0.0,Aug,2,4,2,1,Returning_Visitor,0,1
15,0.0,25,0.0,-117,892.9679487,0.014814815,0.022751323,0.0,0.0,Dec,2,2,3,2,Returning_Visitor,1,0
6,750.8451434334679,0,514.9922555126777,29,7712.685100672889,-0.1394526065550379,0.026060606,0.0,0.0,Nov,1,1,2,8,Returning_Visitor,0,1
0,0.0,0,0.0,1,0.0,0.2,0.2,0.0,0.0,Mar,2,6,1,1,Returning_Visitor,0,0
11,361.4761905,1,68.0,35,-5289.430313423738,0.011149826,0.02195122,6.072158537,0.0,May,2,2,2,2,Returning_Visitor,1,0
2,82.0,25,0.0,4,57.0,0.0,0.033333333,0.0,0.0,Dec,2,4,3,2,New_Visitor,0,0
13,869.1666667,2,28.2,97,2865.817778,0.009345794,0.2298771117451294,0.0,0.0,Oct,2,6,1,1,Returning_Visitor,0,0
0,0.0,0,0.0,1,0.0,0.2,0.2,0.0,0.0,Dec,3,2,2,1,Returning_Visitor,1,0
0,0.0,25,0.0,3,48.0,0.16944315468618473,0.194334321287212,0.0,0.0,Mar,2,2,5,1,Returning_Visitor,1,0
2,191.4,0,0.0,7,789.5333333,0.025,0.0375,0.0,0.0,Nov,3,3,3,5,Returning_Visitor,1,0
-8,0.0,0,0.0,2,12.0,0.05,0.12,0.0,0.6,May,1,1,1,4,Returning_Visitor,0,0
1,0.0,0,0.0,45,-4699.2634237790035,0.0,-0.14359830076122587,0.0,0.0,Nov,2,5,2,3,Returning_Visitor,0,0
-9,0.0,0,516.4201926359099,2,3.0,0.1,0.23446548458027083,64.57746206553766,-0.7388463586212295,May,2,2,4,2,Returning_Visitor,0,0
5,59.0,0,0.0,3,7527.720291062233,0.0,0.025,0.0,0.0,Mar,2,4,6,2,Returning_Visitor,1,0
0,0.0,25,0.0,11,-5978.777836342822,0.0,-0.1429900728492785,0.0,0.0,May,2,2,3,4,Returning_Visitor,0,0
12,0.0,0,0.0,24,409.3030303,0.008333333,0.023611111,0.0,0.6,May,3,2,3,3,Returning_Visitor,0,0
4,82.16666667,0,0.0,45,673.4813797,0.016326531,0.025194363,15.15205714,0.2,May,2,2,7,2,Returning_Visitor,0,0
-8,79.0,1,12.0,54,1603.333333,-0.1241305753229239,0.025423729,0.0,0.4,May,2,2,6,4,Returning_Visitor,0,0
3,89.8,0,0.0,12,355.85,0.013333333,0.016,0.0,0.0,Oct,1,1,1,3,New_Visitor,1,0
0,0.0,0,0.0,35,2381.097222,0.005714286,0.021959184,0.0,0.0,Nov,2,2,1,2,Returning_Visitor,0,0
5,318.0,0,0.0,171,1837.966667,0.032894737,0.2069867264063419,0.0,-0.602821570231924,May,3,2,1,11,Returning_Visitor,0,0
0,0.0,25,0.0,1,0.0,0.2,0.2,0.0,0.0,May,3,2,3,15,Returning_Visitor,0,0
4,684.9590887964388,0,0.0,22,3410.875,0.019871795,0.09,0.0,0.0,Mar,2,2,1,2,Returning_Visitor,0,0
15,0.0,25,475.7834047497965,1,0.0,0.2,0.2,0.0,0.0,June,1,1,9,5,Returning_Visitor,0,0
0,0.0,0,0.0,2,18.0,0.0,-0.1515664330810804,0.0,0.0,Nov,1,1,1,1,Returning_Visitor,0,0
0,0.0,0,0.0,-122,99.0,0.0,0.19235633614076697,-65.42980018767256,0.0,Nov,2,4,1,3,Returning_Visitor,0,0
1,10.0,25,342.5,55,3165.958333,0.005660377,0.032620545,0.0,0.0,Dec,2,2,3,1,Returning_Visitor,1,0
0,0.0,0,0.0,24,743.75,0.0,0.016666667,0.0,0.0,Dec,2,2,2,2,New_Visitor,1,0
0,0.0,0,0.0,1,0.0,0.2,0.2,0.0,0.0,Dec,1,1,5,1,Returning_Visitor,0,0
0,0.0,0,0.0,13,710.0666667,0.0,0.007692308,72.52283848,0.0,Nov,1,1,2,2,Returning_Visitor,0,1
0,0.0,0,0.0,4,313.8,0.0,0.05,14.53547145,0.0,Jul,2,6,3,5,Returning_Visitor,0,0
2,-600.0116051474499,0,0.0,14,478.6,0.04375,0.079166667,0.0,0.0,Jul,4,1,1,4,Returning_Visitor,1,0
0,0.0,0,0.0,6,-4872.412013892149,0.0,0.02,0.0,0.0,Feb,2,2,1,3,Returning_Visitor,0,0
1,7.0,0,0.0,29,906.5666667,0.0,0.006896552,0.0,0.0,Mar,4,1,1,2,New_Visitor,1,0
0,0.0,0,-504.0496947718778,3,129.0,0.0,0.1,0.0,0.0,May,2,2,1,1,Returning_Visitor,1,0
5,-599.8291703671257,4,-524.7736720145573,266,-6363.5022750824955,0.007348856,0.024720163,-52.82602317804585,0.0,Nov,2,4,4,2,Returning_Visitor,1,0
4,77.6,25,0.0,39,1477.154762,-0.12930508248879255,-0.1479686416235176,0.775318113,0.0,Nov,1,1,4,3,Returning_Visitor,0,0
15,0.0,0,0.0,2,71.5,0.0,0.22206199129917747,0.0,0.0,Dec,3,2,1,10,Returning_Visitor,0,0
8,671.0833333,0,0.0,32,1403.828355,0.0,0.003153153,37.05600958,0.0,Nov,2,2,3,2,Returning_Visitor,0,1
0,0.0,0,0.0,-108,117.0,0.19886590823444983,0.1,0.0,0.0,May,3,2,1,11,Returning_Visitor,0,0
0,0.0,0,583.1619199765204,6,136.5,0.0,-0.11769841868940847,0.0,0.0,Mar,3,3,1,2,Returning_Visitor,0,0
7,186.9761905,2,40.0,35,-5373.831575543782,0.0,0.008681765,0.0,0.0,Mar,1,1,6,2,Returning_Visitor,0,0
1,636.7542018781816,0,0.0,23,1817.0,0.053333333,0.073696145,0.0,-0.6438357314083937,May,3,2,1,13,Returning_Visitor,0,0
2,39.2,25,0.0,6,86.4,0.0,0.028571429,69.49541237884111,0.8671229858280999,Nov,1,1,3,3,New_Visitor,0,0
0,0.0,25,0.0,12,130.5,0.0,0.008333333,-54.24305473256513,0.0,Mar,2,2,1,10,Returning_Visitor,0,0
4,115.3333333,0,0.0,64,1588.944444,0.003076923,0.009213675,62.63598535247801,0.0,Mar,2,2,1,1,Returning_Visitor,0,0
0,0.0,0,0.0,15,325.5,0.02,0.058666667,0.0,0.0,Dec,2,2,1,1,Returning_Visitor,0,0
14,696.9370581992363,0,-425.9159548569059,203,28.33333333,0.0,0.016666667,-50.88605655393723,0.0,Dec,2,2,9,10,Returning_Visitor,0,0
3,875.0,0,0.0,-143,780.7916667,0.0,0.015675676,0.0,0.0,Dec,4,2,3,2,Returning_Visitor,1,0
10,170.15,0,0.0,11,7393.2001599449,0.0,0.002352941,0.0,0.0,Aug,2,2,1,2,New_Visitor,0,0
0,0.0,0,0.0,178,903.3571429,0.054545455,0.19442571838841208,0.0,0.0,Dec,3,3,1,3,Returning_Visitor,0,0
-8,406.0,0,0.0,55,2570.42619,0.003508772,0.017278044,0.0,0.0,Nov,3,2,4,2,Returning_Visitor,1,0
3,199.75,25,544.8698899123524,8,331.4,0.0,0.003333333,-54.62931632743032,0.0,Mar,3,2,2,10,New_Visitor,0,0
0,0.0,0,0.0,2,11.0,0.0,0.1,0.0,0.0,Aug,3,2,1,4,Returning_Visitor,0,0
3,90.51111111,0,0.0,24,669.9166667,0.0,0.002777778,0.0,0.0,May,2,2,4,3,New_Visitor,0,0
0,0.0,0,0.0,7,8169.470347666331,0.0,0.014285714,0.0,0.0,Nov,1,1,7,10,Returning_Visitor,1,0
1,145.5,0,0.0,26,1258.791667,0.019230769,0.018589744,0.0,0.0,Nov,1,1,9,2,Returning_Visitor,0,0
-9,47.8,0,0.0,7,183.0,0.018181818,0.072727273,0.0,0.0,Jul,3,3,3,4,Returning_Visitor,0,0
2,-556.7555311165502,0,0.0,205,850.3333333,0.0,0.005405405,76.39608009167803,0.0,Mar,2,2,3,2,New_Visitor,1,0
3,54.5,4,472.0,14,678.5,0.0,-0.13443807215928225,0.0,0.6,May,3,2,3,2,New_Visitor,0,0
0,-607.7311847509816,0,-438.0159482546879,9,231.5,0.022222222,0.044444444,0.0,0.0,May,2,2,8,3,Returning_Visitor,0,0
0,-620.8963941730017,0,0.0,1,0.0,-0.12428143115551296,0.2,64.71915410219077,0.0,Mar,3,2,2,10,Returning_Visitor,0,0
0,0.0,0,0.0,30,1500.213333,0.0,0.003333333,0.0,0.0,Oct,2,6,1,1,Returning_Visitor,0,0
3,79.0,0,0.0,203,1272.916667,0.004878049,0.020139373,9.401136585,0.0,Mar,2,4,2,2,Returning_Visitor,0,0
5,341.4,25,0.0,20,645.7095238,0.010526316,0.015789474,0.0,0.6,May,1,1,1,3,Returning_Visitor,0,0
4,148.25,0,0.0,203,179.9583333,0.0,0.005,0.0,0.0,Nov,2,2,1,8,New_Visitor,1,1
1,65.5,0,0.0,51,1544.855159,0.012244898,0.027755102,0.0,0.0,Nov,3,2,1,1,Returning_Visitor,1,0
2,48.66666667,4,155.3333333,20,540.75,0.0,0.004166667,38.88816225,0.0,Nov,2,2,3,2,Returning_Visitor,0,1
3,31.0,0,0.0,58,-5801.338252063201,0.0,-0.1375323151975589,77.48147996951374,0.0,Mar,2,2,1,1,Returning_Visitor,0,0
5,218.0,0,0.0,13,284.5,0.0,0.004166667,-64.69223465095673,0.0,Mar,1,1,1,2,New_Visitor,0,0
12,82.5,25,0.0,12,221.125,0.015384615,0.005128205,0.0,0.0,Nov,1,2,3,8,Returning_Visitor,0,0
12,-461.7753838725573,2,7.0,49,7233.36323886255,0.013711002,0.055127258,1.456951523,1.0,May,1,1,1,2,Returning_Visitor,1,0
14,0.0,0,0.0,19,-4863.595214348097,0.21602221057847348,0.010526316,28.03452632,0.6899724801232838,May,2,2,2,2,Returning_Visitor,0,1
3,265.75,0,0.0,8,168.75,0.0,0.03,0.0,0.0,Nov,3,2,1,7,New_Visitor,0,0
10,220.0,25,461.41434836691514,77,8136.222404232283,0.0,0.015,7.668639535,0.0,May,2,2,3,4,Returning_Visitor,0,0
0,668.1753170370589,2,-504.68178307279476,11,624.0,0.015384615,0.046153846,74.87002261943977,0.0,Mar,2,2,4,10,Returning_Visitor,0,0
0,0.0,0,0.0,170,25.0,-0.13805147067913667,0.066666667,0.0,0.0,Feb,2,4,1,5,Returning_Visitor,0,0
7,193.75,0,0.0,60,1316.434982,0.003125,0.014393939,0.0,-0.6435582639255709,Nov,1,2,3,2,Returning_Visitor,0,0
3,60.4,0,0.0,194,25.8,0.0,0.04,0.0,-0.6062152907798861,Jul,1,1,3,4,New_Visitor,0,0
1,29.2,1,322.4,10,126.9333333,0.014285714,0.036904762,13.59420027,0.0,Sep,2,2,1,2,Returning_Visitor,0,1
0,0.0,0,0.0,6,191.0,0.066666667,0.133333333,0.0,0.8,May,2,2,2,13,Returning_Visitor,0,0
0,0.0,0,0.0,14,1225.0,0.015384615,-0.135648959999012,0.0,0.0,May,1,1,3,2,New_Visitor,0,0
15,0.0,0,0.0,79,1562.866667,0.017721519,0.02124774,0.0,0.8,May,3,2,1,13,Returning_Visitor,0,0
15,0.0,0,0.0,43,-5731.395340425434,0.0,0.029844961,0.0,0.0,Jul,2,2,7,3,Returning_Visitor,0,0
8,245.1666667,2,114.5,-105,3098.912088,0.0,0.001704261,9.073052632,0.0,May,2,4,1,4,Returning_Visitor,1,0
3,284.0,0,0.0,33,2270.75,0.0,0.010840336,0.0,0.0,Dec,2,2,7,2,Returning_Visitor,0,0
0,0.0,0,0.0,13,152.3333333,0.023931624,0.03956044,0.0,0.8,May,2,2,4,3,Returning_Visitor,0,0
3,80.625,1,54.0,11,314.25,0.037333333,0.042857143,0.0,0.0,Nov,3,2,2,13,Returning_Visitor,0,0
1,131.5,1,19.0,62,1524.962997,0.0,0.19433382104908617,83.96813664,0.0,Nov,2,2,1,2,New_Visitor,0,1
0,0.0,0,0.0,203,363.0,0.016666667,0.047222222,0.0,0.0,Nov,4,1,4,2,Returning_Visitor,0,0
0,0.0,0,0.0,20,1078.583117,0.011111111,0.025925926,0.0,0.0,Dec,1,1,8,2,Returning_Visitor,0,0
11,88.375,1,0.0,81,3230.546573,0.0,0.017862319,15.38432962,0.0,Nov,1,1,7,2,Returning_Visitor,0,1
1,3.0,0,0.0,11,228.6666667,0.0,0.03,0.0,-0.6937300276738033,May,2,2,4,3,Returning_Visitor,0,0
0,0.0,0,507.15385439022015,1,0.0,0.2,0.2,0.0,0.0,Jul,1,1,1,1,Returning_Visitor,0,0
1,146.0,0,0.0,11,267.8333333,0.018181818,0.036363636,0.0,0.0,Mar,1,1,4,2,Returning_Visitor,1,0
4,562.0,25,461.9420507937196,22,1945.5,0.0,0.008333333,0.0,0.0,Dec,2,2,1,2,Returning_Visitor,0,0
10,252.5,2,506.0,14,8720.092658995181,0.0,-0.14321515588025666,62.04280878973565,0.0,May,2,4,4,2,Returning_Visitor,0,1
0,0.0,0,0.0,2,-5866.023899303591,0.2,0.22560149775636226,0.0,0.0,Mar,3,2,3,1,Returning_Visitor,0,0
2,33.0,25,0.0,178,2023.75,0.004731183,0.018752216,0.0,0.8080143275285716,Nov,2,2,3,3,Returning_Visitor,0,0
4,92.75,25,0.0,9,108.25,0.0,-0.14147017144106014,0.0,0.0,Nov,2,2,3,2,New_Visitor,0,0
0,0.0,0,0.0,11,8176.174926390772,0.036363636,0.090909091,0.0,0.0,June,1,1,4,3,Returning_Visitor,1,0
1,0.0,0,0.0,-129,975.75,0.1861918355659226,0.05030303,16.197,0.0,May,2,2,6,6,Returning_Visitor,1,0
7,218.8333333,0,-490.04284683844776,33,916.4583333,0.0,0.013333333,-50.60378854286162,0.0,Dec,2,2,1,2,Returning_Visitor,0,0
6,63.68333333,0,0.0,8,129.7611111,0.017857143,0.068923933,0.0,0.0,June,3,2,3,3,Returning_Visitor,0,0
5,754.6950282954342,0,0.0,11,396.5,0.0,0.007692308,0.0,0.0,Nov,3,2,3,8,New_Visitor,1,0
16,381.6731217,3,545.6188614410571,167,1618.40328,0.015067698,0.022043153,3.885233567,0.0,Jul,3,2,8,4,Returning_Visitor,0,1
14,0.0,0,0.0,27,799.375,0.20662536260891814,0.027601411,0.0,0.0,Dec,3,2,2,1,Returning_Visitor,1,0
3,264.0,25,0.0,20,769.9,0.018181818,-0.1386557657627759,0.0,0.8465014197434619,Nov,2,10,7,1,Returning_Visitor,0,0
2,-584.0867138510339,0,-488.0171652151555,15,305.2083333,0.0,0.010784314,0.0,0.0,Nov,2,4,7,2,Returning_Visitor,0,0
0,0.0,0,0.0,39,1348.45,0.01025641,0.02039072,0.0,0.0,Jul,1,2,1,4,Returning_Visitor,0,0
2,29.75,0,0.0,44,1410.428571,0.008695652,0.026086957,0.0,0.0,Nov,2,2,1,8,Returning_Visitor,1,0
6,201.0,0,0.0,166,3646.083333,0.006896552,0.016803503,66.57412378,0.0,Nov,2,2,4,2,Returning_Visitor,0,0
2,14.0,0,-524.3399972306321,5,45.25,0.0,0.038095238,0.0,0.0,Dec,2,2,1,2,Returning_Visitor,0,0
15,228.0277778,1,-467.0428908068141,17,457.7957265,0.007258065,0.044351348,78.7010321228677,0.0,Mar,1,2,9,8,Returning_Visitor,0,0
0,0.0,0,0.0,25,566.8833333,0.0,0.035619048,0.0,0.0,Nov,2,2,3,1,Returning_Visitor,1,0
0,0.0,0,0.0,1,11.0,0.0,0.1,65.96680668557575,0.0,Dec,1,1,3,1,Returning_Visitor,0,0
3,100.0,0,460.9789049567022,27,730.7916667,0.016,0.027555556,-56.38887618545943,0.0,Nov,3,2,3,11,Returning_Visitor,0,0
0,0.0,25,0.0,-106,2022.25,0.008333333,0.048611111,0.0,0.0,May,2,2,3,13,Returning_Visitor,0,0
13,0.0,0,0.0,40,8441.342243945,0.048333333,0.106,0.0,1.0,May,2,2,1,3,Returning_Visitor,1,0
1,15.2,4,104.8,31,-4796.746993113684,0.01047619,0.026482993,20.14579261,0.0,Nov,2,2,3,1,Returning_Visitor,0,1
0,0.0,0,0.0,11,398.6944444,0.014814815,0.059259259,0.0,0.0,Nov,1,8,3,11,Returning_Visitor,0,0
5,236.25,0,0.0,41,1955.783333,0.0,0.002439024,21.07980488,0.0,May,1,1,6,2,Returning_Visitor,0,1
-10,82.46666667,0,0.0,-127,153.9,-0.13102189920404816,0.016666667,-59.340814073019914,0.0,Jul,3,2,6,4,Returning_Visitor,0,1
1,0.0,2,10.0,69,1310.636905,-0.12600551455234468,0.032793149,0.0,0.0,Nov,2,3,1,3,Returning_Visitor,1,0
4,82.66666667,0,0.0,8,142.0,0.0,0.002857143,0.0,0.0,May,3,2,1,4,Returning_Visitor,0,0
0,0.0,0,0.0,177,416.5833333,0.0,0.036666667,0.0,0.0,Dec,1,1,3,2,Returning_Visitor,0,0
0,0.0,0,0.0,2,0.0,0.2,-0.14094680849589694,0.0,-0.6660973225687692,Mar,2,2,1,3,Returning_Visitor,1,0
6,102.5,1,10.0,199,237.25,0.0,0.005185185,0.0,0.0,May,2,2,1,4,Returning_Visitor,0,0
5,-505.4195106711161,0,-452.29021441322436,131,3865.838889,0.006458094,0.023900203,0.818306551,0.0,Nov,2,2,3,2,Returning_Visitor,1,1
13,1013.056909,25,102.8,77,2697.022104,0.0,0.009471471,1.798669862,0.0,Nov,1,1,9,2,Returning_Visitor,0,0
0,0.0,0,0.0,20,504.2333333,0.01,0.021666667,0.0,0.0,Mar,3,2,1,1,Returning_Visitor,0,0
0,707.4581978261035,0,501.45062043195327,178,429.6333333,0.0,0.005263158,0.0,0.0,Mar,2,4,1,3,Returning_Visitor,1,0
5,60.2,0,0.0,12,-4637.631816879585,0.0125,-0.1321664641819432,0.0,-0.5991234906055001,Aug,2,5,3,6,Returning_Visitor,0,0
0,0.0,0,0.0,22,502.0,0.0,0.016666667,0.0,0.4,May,2,2,1,2,Returning_Visitor,0,0
2,37.0,0,0.0,23,-5702.430207296901,0.016666667,0.05,0.0,0.0,May,2,2,7,4,Returning_Visitor,1,0
1,27.0,0,0.0,4,30.0,0.04,-0.1496454154372862,0.0,-0.5479950706918827,May,3,2,2,11,New_Visitor,0,0
6,192.5,0,551.9688469132853,113,3000.666667,0.003478261,0.19357755675516095,0.0,0.0,Mar,2,2,3,2,Returning_Visitor,0,0
4,93.75,0,567.1130965541508,70,-5716.142205676582,0.008767123,0.017491169,0.0,0.7542000575953386,Nov,1,1,1,2,Returning_Visitor,0,1
0,0.0,0,-440.12116030317407,16,462.0,0.0125,0.05,0.0,0.0,May,1,1,1,6,Returning_Visitor,0,0
0,0.0,0,0.0,4,55.0,0.0,0.05,-67.05487812486294,0.0,Mar,2,2,1,1,Returning_Visitor,0,0
0,731.4999927692531,0,0.0,1,0.0,0.2,0.2,0.0,0.0,May,3,6,2,2,Returning_Visitor,0,0
14,793.8258671880587,25,-504.27125300076665,62,1875.103333,0.003278689,0.027868852,12.71367924,0.0,Sep,2,4,1,1,Returning_Visitor,0,0
0,0.0,3,-469.3084981933043,-134,330.0,-0.12775739910922923,-0.1341629765653641,-57.93863398508456,0.0,June,2,2,4,13,Returning_Visitor,0,0
0,0.0,0,0.0,1,-5309.1127567201875,-0.12586584375952134,-0.15046145417640175,0.0,0.8,Feb,1,1,2,3,Returning_Visitor,0,0
-7,0.0,0,474.4480059925192,7,61.5,0.028571429,0.085714286,0.0,0.0,Dec,2,4,3,1,Returning_Visitor,0,0
0,0.0,0,-475.50022077331977,15,1148.0,0.014285714,0.05,0.0,0.0,Mar,3,2,1,3,Returning_Visitor,0,0
-9,0.0,25,0.0,167,323.0,0.033333333,0.066666667,0.0,0.0,Mar,2,2,1,3,Returning_Visitor,1,0
13,163.375,0,0.0,4,24.0,0.0,0.028571429,77.21371853244847,0.0,Nov,2,2,1,3,Returning_Visitor,1,0
1,10.0,0,554.6382836918663,32,-6435.963928033407,0.0,0.006060606,78.12165404,0.0,Dec,8,13,9,20,Other,0,1
3,101.0,0,0.0,17,300.6666667,-0.16420675508556584,0.0125,0.0,0.0,May,1,8,1,2,New_Visitor,0,0
2,115.8888889,25,45.5,26,1198.024145,0.003888889,0.03,-50.08043702505098,0.0,Nov,3,2,1,2,Returning_Visitor,0,0
0,0.0,0,0.0,69,653.2777778,0.014705882,-0.11302010347175218,-59.32069884177171,0.6,May,2,4,7,4,Returning_Visitor,0,0
0,659.551181264754,0,0.0,8,196.5,0.0,0.025,0.0,0.0,Mar,2,2,1,10,Returning_Visitor,0,0
4,157.0,0,0.0,41,896.0666667,0.18087319393810206,0.013043478,4.430347826,0.2,May,2,6,2,13,Returning_Visitor,0,0
0,0.0,0,0.0,38,314.8333333,-0.13199226331483369,0.20206068612335423,0.0,0.6918776722204275,May,2,2,1,3,Returning_Visitor,0,0
0,681.1898100182489,25,0.0,170,0.0,0.2,0.2,0.0,0.0,Nov,1,8,8,11,Returning_Visitor,1,0
0,764.9196175798154,0,0.0,184,0.0,0.18263566570004336,0.2,0.0,0.0,Feb,3,2,3,3,Returning_Visitor,0,0
3,43.0,25,81.0,-121,5091.890896,-0.16458497014975615,0.029863649,0.0,0.7043188489850942,Nov,2,2,4,2,Returning_Visitor,1,1
6,-634.8887523876671,0,587.0573347078241,23,1007.233333,0.1973277617653256,-0.14400307400052137,19.57059225,0.0,Oct,2,2,1,2,Returning_Visitor,0,0
2,12.0,0,499.21997886433303,43,2595.280952,0.009090909,0.025378788,0.0,0.0,Mar,2,4,7,1,Returning_Visitor,0,0
0,0.0,0,0.0,179,701.8032468,-0.1396522994427748,0.011111111,61.07207396,0.0,Nov,2,2,5,6,New_Visitor,0,1
5,176.25,0,0.0,13,1183.05,0.0,0.0375,-51.69394269120152,0.0,Dec,2,2,1,2,Returning_Visitor,0,0
0,0.0,0,0.0,12,1178.666667,0.024242424,0.2090887876827495,0.0,0.0,Mar,1,1,6,3,Returning_Visitor,0,0
0,-635.6986068988607,0,0.0,2,13.0,-0.128736808192731,0.1,0.0,0.0,Mar,1,1,2,1,Returning_Visitor,1,0
14,0.0,1,0.0,6,504.5,0.0,0.057142857,0.0,0.0,Nov,2,2,3,8,Returning_Visitor,1,0
-10,0.0,0,0.0,40,1090.566667,0.018392857,0.041198413,-65.84657727876424,0.0,May,2,4,1,6,Returning_Visitor,0,0
1,-636.4163736109539,0,0.0,32,-5786.128967716591,0.006451613,0.010056926,-58.96124692846402,0.8,May,2,2,3,4,Returning_Visitor,0,1
6,88.0,0,0.0,17,538.9666667,0.0,0.021929825,0.0,0.6977467194767,May,2,2,5,4,Returning_Visitor,0,0
5,172.2,25,0.0,23,792.7222222,0.0,-0.14380163362463932,261.4912857,0.0,Mar,2,2,1,8,New_Visitor,0,1
8,201.3333333,2,5.0,116,3364.191667,0.014957265,0.024863655,0.0,0.4,May,3,2,3,4,Returning_Visitor,0,0
0,0.0,25,0.0,69,1002.104167,-0.12509099266973353,0.22882957841983226,0.0,0.6809648374739717,Nov,2,2,4,2,Returning_Visitor,0,0
0,0.0,0,0.0,196,347.6666667,0.0875,0.102083333,75.26254801290304,0.2,May,3,2,1,3,Returning_Visitor,0,0
0,0.0,0,0.0,9,436.0,0.0,0.022222222,0.0,0.0,Nov,2,2,3,2,Returning_Visitor,0,0
2,14.0,25,-445.39679628789656,8,57.0,0.0,0.057142857,0.0,0.0,Mar,1,2,4,8,New_Visitor,0,0
2,45.5,0,0.0,39,2011.041667,0.0,0.0125,53.73655336,0.0,Nov,2,2,1,8,Returning_Visitor,0,1
5,110.3,25,21.8,78,3621.606667,0.0,0.006024096,18.78186098,0.7841598330190114,Jul,2,4,4,1,Returning_Visitor,0,0
-7,483.3333333,1,0.0,175,161.3333333,0.0,0.016666667,0.0,0.0,Dec,1,1,3,2,Returning_Visitor,1,0
0,0.0,0,0.0,170,-6296.381595272451,0.006153846,0.22120887543300746,0.0,0.8573121479582778,Mar,2,5,1,3,Returning_Visitor,0,0
7,319.5,0,0.0,11,416.5,0.0,0.007142857,0.0,0.0,Mar,3,2,1,9,New_Visitor,1,0
0,0.0,25,0.0,11,496.0,0.018181818,0.063636364,0.0,0.0,Dec,3,12,2,3,Returning_Visitor,0,0
0,0.0,0,0.0,13,-5493.97378779217,0.030769231,0.049230769,65.44714715787018,0.0,May,2,2,1,13,Returning_Visitor,0,0
2,108.8,0,0.0,15,542.0,-0.14945738333326414,0.029411765,0.0,0.0,Nov,2,2,1,3,Returning_Visitor,0,0
-8,248.6666667,3,382.3333333,30,1039.477564,0.004285714,0.007428571,73.73692036625377,0.0,May,3,2,2,11,Returning_Visitor,0,1
10,275.3333333,1,6.0,19,-5146.905419170622,-0.14894358838298868,-0.1337327637605029,0.0,0.0,Sep,2,2,5,5,Returning_Visitor,1,1
6,75.5,0,0.0,3,66.05,0.0,0.022222222,-64.1067414812461,-0.6964056019749268,Aug,2,2,7,6,Returning_Visitor,0,1
2,702.2846076057358,0,0.0,12,239.75,0.0,0.005128205,64.89502417897467,0.4,May,2,4,1,5,New_Visitor,0,0
0,0.0,25,0.0,4,573.0,0.0,0.05,0.0,0.0,Feb,2,2,3,3,Returning_Visitor,0,0
2,20.0,0,0.0,24,242.0,0.21648438245039048,0.045454545,0.0,0.0,May,2,2,4,11,Returning_Visitor,0,0
4,91.0,0,-393.4134887923427,168,22.0,0.033333333,0.022222222,0.0,0.0,Dec,1,1,1,2,New_Visitor,0,0
0,0.0,25,554.411371983165,174,0.0,0.2,0.2,0.0,0.0,Nov,1,1,1,8,New_Visitor,0,0
0,-461.07798110566125,0,0.0,2,94.0,0.0,0.1,0.0,0.0,Nov,2,4,2,8,Returning_Visitor,0,0
4,104.0,0,0.0,-115,777.3666667,0.006451613,0.012903226,0.0,0.0,May,3,2,3,6,Returning_Visitor,0,0
3,57.6,0,0.0,19,-5466.004659835558,0.20037481536883844,0.020295983,0.0,0.0,Sep,3,7,8,2,Returning_Visitor,0,0
1,26.2,0,0.0,4,106.8,0.0,0.04,-65.74142573988087,0.0,Oct,2,2,2,5,New_Visitor,0,1
12,509.53125,2,11.0,33,2032.599702,0.0,0.020476926,5.730539288,0.0,Nov,2,2,2,1,Returning_Visitor,0,0
0,-593.4332815979091,0,0.0,22,925.8333333,0.018181818,0.048484848,0.0,0.0,Mar,2,2,3,1,Returning_Visitor,0,0
4,31.0,4,106.0,27,825.1401515,0.006896552,0.025517241,0.0,0.0,Nov,2,2,3,2,Returning_Visitor,1,0
4,768.1843518515694,0,0.0,52,1423.790476,-0.12809964987789954,0.008484848,79.34979818668053,0.0,Dec,2,4,7,20,Returning_Visitor,0,0
7,96.6,0,-524.8731046752001,9,230.62,0.028571429,0.028571429,71.23156574,0.0,Nov,3,2,1,1,Returning_Visitor,0,0
0,0.0,0,0.0,1,0.0,0.2,0.2,0.0,-0.6136339579482983,Jul,3,2,4,1,Returning_Visitor,1,0
0,-487.6165362237254,0,0.0,8,29.16666667,0.0,0.1,0.0,0.0,Dec,2,2,3,2,Returning_Visitor,0,0
0,0.0,0,0.0,16,177.5,0.025,0.0875,0.0,0.6,May,4,2,1,6,Returning_Visitor,0,0
0,0.0,0,0.0,187,1341.632619,0.19122504059202527,0.011846847,0.0,0.0,Jul,2,2,1,13,Returning_Visitor,0,0
0,0.0,25,0.0,8,163.5,0.1,0.125,71.14491982225428,0.0,Nov,3,2,1,10,Returning_Visitor,0,0
7,620.3722528068806,1,47.0,391,15025.23302,-0.16468762038827986,0.010140622,1.271406629,0.0,Nov,2,2,1,1,Returning_Visitor,0,0
4,56.0,1,88.0,197,1734.780952,0.0,0.010142857,0.0,0.0,Mar,3,2,3,9,Returning_Visitor,1,0
-8,0.0,0,-499.18548013857674,6,815.0,0.05,0.044444444,0.0,0.2,May,1,2,1,4,Returning_Visitor,0,0
5,47.33333333,0,-493.26414454128354,4,34.83333333,0.028571429,0.035714286,0.0,0.0,May,3,2,2,5,Returning_Visitor,0,0
0,0.0,0,0.0,1,0.0,0.2,0.2,0.0,0.0,Dec,3,2,4,2,Returning_Visitor,0,0
0,0.0,0,0.0,23,180.5,0.009090909,0.036363636,0.0,0.0,Nov,2,2,1,7,Returning_Visitor,1,0
2,52.0,0,0.0,17,221.2,0.0,0.001754386,0.0,0.0,Mar,2,2,4,2,New_Visitor,0,0
14,0.0,0,0.0,37,5208.65,0.0,0.01829932,0.0,0.0,Nov,2,2,1,6,Returning_Visitor,0,0
2,-523.9826111347385,0,0.0,55,3227.483333,0.003636364,0.016363636,0.0,0.0,Nov,2,2,3,13,Returning_Visitor,0,0
1,27.5,3,17.0,1,10.0,0.0,0.04,0.0,0.0,Nov,1,1,1,8,New_Visitor,0,1
4,57.0,0,0.0,5,7736.312477150631,0.0,0.025,0.0,0.744549214067605,Mar,1,1,8,10,Returning_Visitor,0,0
0,0.0,0,0.0,3,-6340.7610566743115,0.0,0.066666667,0.0,0.0,Dec,1,1,9,2,Returning_Visitor,0,0
2,42.0,2,512.1431208471015,10,420.0,0.0,0.008333333,70.43991751285431,0.0,Mar,2,2,8,1,Returning_Visitor,0,0
0,0.0,0,0.0,69,5793.52381,0.0,0.007835821,0.0,-0.6946197184419525,Nov,2,2,1,8,New_Visitor,0,0
0,0.0,25,0.0,169,142.75,0.016666667,0.043055556,79.57746103848856,0.0,Nov,1,1,6,2,Returning_Visitor,0,0
0,0.0,25,0.0,3,81.0,0.0,0.066666667,64.70494978534009,0.0,Mar,1,1,1,1,Returning_Visitor,0,0
13,0.0,0,0.0,44,441.7916667,0.004545455,0.018181818,67.07627944886252,0.0,Mar,4,2,1,3,Returning_Visitor,0,0
9,105.4285714,25,13.0,42,1356.457359,-0.16224940711463712,0.055504202,3.554847806,0.0,May,3,2,1,13,Returning_Visitor,0,0
0,654.9084963436624,4,620.25,198,997.2878788,0.012,0.031897436,0.0,0.0,Dec,1,1,3,2,Returning_Visitor,1,0
4,367.0,5,2256.916667,74,8981.580128,0.002988954,0.043301833,0.0,0.0,Dec,2,2,1,8,Returning_Visitor,0,0
1,30.0,3,16.5,-139,3072.305403,0.001960784,0.020506536,7.300656863,0.0,May,2,2,1,1,Returning_Visitor,1,0
0,0.0,25,0.0,4,18.0,0.0,0.075,0.0,0.0,Dec,3,2,2,3,New_Visitor,0,0
0,-589.5860560789733,0,0.0,186,0.0,0.21440521889685937,0.2,0.0,0.8,May,2,2,1,11,Returning_Visitor,0,0
7,168.7,0,0.0,34,1062.704762,0.005405405,0.013719827,0.0,0.0,Sep,2,2,3,2,New_Visitor,0,0
7,-568.1020349584301,3,103.25,16,1509.5,0.0,0.018933333,0.0,0.0,Nov,2,2,1,2,Returning_Visitor,0,0
0,0.0,0,0.0,201,0.0,0.2,0.2,0.0,0.7029609355570695,Dec,2,13,9,20,Returning_Visitor,0,0
0,0.0,25,0.0,5,89.5,0.04,0.053333333,0.0,0.0,Dec,1,1,3,2,Returning_Visitor,1,0
0,0.0,0,0.0,1,0.0,0.2,0.2,0.0,0.0,June,2,2,1,3,Returning_Visitor,0,0
0,0.0,25,0.0,1,-5836.137563510167,0.2,0.2,-53.11394738484717,0.4,May,1,1,1,3,Returning_Visitor,0,0
5,97.5,0,561.7878513914071,24,758.1444444,0.04,0.059846154,0.0,0.0,Mar,3,2,2,1,Returning_Visitor,1,0
9,333.8674242,4,121.625,29,1406.917424,0.017567568,0.021302211,20.74810067,-0.5908897525014513,Nov,3,2,6,1,Returning_Visitor,0,0
0,-593.3127550110493,0,0.0,33,735.4392857,0.20777446457605103,0.2383091323823023,0.0,0.0,Nov,4,2,4,2,Returning_Visitor,0,0
0,-618.5334435868108,0,0.0,22,1321.7,-0.1392227445495238,0.010833333,-50.93355691722028,0.0,June,2,2,2,13,Returning_Visitor,0,0
7,69.875,0,0.0,33,1051.125,0.0,0.010526316,25.12339065,0.0,Nov,2,2,9,11,Returning_Visitor,1,1
12,0.0,0,0.0,166,332.0,0.0,0.028571429,14.1273698,0.0,Nov,1,2,4,8,New_Visitor,1,1
0,-474.72741332601055,0,0.0,8,8229.137387335013,-0.15802911272052989,0.028571429,0.0,0.6888494693541087,Jul,2,2,1,1,Returning_Visitor,1,0
0,-487.8891877492126,0,0.0,1,7918.903445628764,-0.14555177943112596,0.2,-65.02143888607921,-0.6958268121935527,Nov,3,2,3,10,Other,0,0
0,0.0,0,464.8169498534678,18,773.2,0.0,-0.1134459674364935,46.4748023,0.0,Nov,1,1,3,1,New_Visitor,0,1
0,0.0,0,0.0,38,2232.833333,0.0,0.026315789,-58.88812378917911,-0.7289898952220204,Nov,2,2,2,2,Returning_Visitor,1,1
5,76.0,0,0.0,66,1415.3875,-0.14214383846696993,0.014262023,9.829114577,0.0,Dec,2,2,5,2,Returning_Visitor,0,0
0,0.0,25,40.0,152,5617.092505,0.003594771,0.02743431,0.0,0.0,Nov,2,2,4,2,Returning_Visitor,0,0
3,227.0,0,0.0,3,164.0,0.0,0.013333333,0.0,0.0,Mar,1,1,3,2,New_Visitor,0,0
-8,26.2,0,0.0,32,1427.676667,0.0,0.021875,-55.73640604404264,0.0,Sep,2,4,3,4,Returning_Visitor,0,1
0,0.0,0,0.0,40,1085.333333,0.0075,0.045,0.0,0.0,Dec,2,2,6,1,Returning_Visitor,0,0
2,94.7,0,0.0,199,8679.335486808583,0.0,0.002898551,0.0,0.8264023915603655,Aug,3,2,3,2,New_Visitor,1,0
0,0.0,0,0.0,-114,741.8333333,0.0,0.019298246,0.0,0.0,May,2,2,1,4,Returning_Visitor,0,0
13,0.0,25,0.0,4,-5674.606397467785,0.1,0.15,0.0,0.0,Mar,3,3,7,10,Returning_Visitor,0,0
4,776.343315676398,0,0.0,6,7296.584518614644,0.025,0.025,0.0,0.0,Sep,3,2,3,5,Returning_Visitor,0,0
15,104.6545455,1,148.0,-126,8582.430458832901,0.001724138,0.022131145,16.96712066,-0.5798567059764226,Jul,2,2,6,1,Returning_Visitor,0,0
1,73.0,0,0.0,23,-5045.332624924588,0.0,0.008695652,67.3283168147539,0.0,Dec,2,4,1,2,New_Visitor,0,1
13,0.0,1,0.0,7,188.0,0.0,0.033333333,0.0,0.0,Mar,2,2,1,8,New_Visitor,0,0
3,180.4,0,0.0,-111,2646.4,0.042857143,0.052380952,0.0,0.0,Oct,2,2,2,20,Returning_Visitor,0,0
6,735.3196845273898,25,502.8760932049738,171,-4619.597165057373,0.008313228,0.028256171,0.0,0.0,Dec,3,2,3,2,Returning_Visitor,0,1
0,0.0,0,0.0,1,0.0,0.2,0.2,0.0,0.0,Dec,1,1,2,3,Returning_Visitor,0,0
0,0.0,0,0.0,2,0.0,0.2,0.2,0.0,0.0,Nov,3,2,7,3,Returning_Visitor,0,0
2,-557.4653477341328,4,100.1,29,2107.033333,0.0,0.024242424,0.0,-0.5919205984704446,Oct,1,1,3,1,Returning_Visitor,0,0
5,54.0,25,0.0,4,13.0,0.028571429,0.057142857,0.0,0.8,May,2,2,3,4,New_Visitor,0,0
0,0.0,25,-466.34062413870566,7,133.5,0.0,0.025,0.0,0.0,Nov,2,2,6,6,Other,0,0
5,148.5,0,0.0,25,-5083.890069361114,-0.140016275015254,0.1977339186067107,0.0,0.7322085630488415,Oct,4,1,9,3,Returning_Visitor,1,0
2,630.5333333,0,0.0,33,357.8895238,-0.1653310001501724,0.007894737,0.0,0.0,Oct,3,2,7,4,Returning_Visitor,0,0
8,335.875,25,75.25,18,1494.125,0.0,0.022,12.60913229,0.0,Nov,2,2,9,10,Returning_Visitor,0,1
0,-490.0173290568305,0,0.0,5,276.0,0.0,0.04,0.0,0.0,May,3,2,3,1,Returning_Visitor,1,0
1,-474.90441650216496,0,0.0,18,314.8333333,0.0,0.005882353,0.0,0.0,May,2,2,7,4,Returning_Visitor,1,0
0,0.0,0,0.0,9,267.75,0.0,0.022222222,0.0,0.0,Dec,3,2,8,2,New_Visitor,1,0
6,-635.2574291113525,25,0.0,34,1644.857143,0.005,0.0265,0.0,0.0,May,2,5,1,1,Returning_Visitor,0,0
5,249.8,2,50.0,-110,-4732.619852390453,0.007143733,0.024304152,0.0,0.0,Nov,2,2,1,1,Returning_Visitor,0,0
3,21.5,2,70.875,28,7457.26087296865,0.007070707,0.032525253,74.0654643647033,0.0,Dec,1,1,2,3,Returning_Visitor,0,0
1,14.2,1,26.2,3,25.2,0.0,0.04,0.0,0.0,Nov,6,2,9,2,Returning_Visitor,0,0
4,721.4354956357396,0,0.0,31,831.6666667,0.2034747768322215,0.042121212,0.0,0.0,May,3,2,6,13,Returning_Visitor,0,0
5,161.35,0,0.0,-110,251.9,0.0,0.03015873,0.0,0.0,Nov,1,1,1,2,Returning_Visitor,1,0
0,0.0,0,-465.1147935739325,196,0.0,0.2,0.2,0.0,0.0,Nov,2,2,1,1,Returning_Visitor,0,0
11,320.0,0,0.0,36,776.1666667,0.0,0.014880952,0.0,0.0,Dec,3,2,1,13,Returning_Visitor,0,0
4,61.0,0,0.0,-127,502.5,0.0,0.00952381,67.93435373184539,0.0,May,4,1,2,3,Returning_Visitor,1,1
0,0.0,0,-470.97973437948866,15,175.9166667,0.013333333,0.026666667,0.0,0.0,Mar,1,1,1,1,Returning_Visitor,1,0
3,-590.1332655115094,0,0.0,89,3436.975,0.0,0.004387373,0.0,0.0,Nov,2,2,3,2,New_Visitor,0,1
0,0.0,0,0.0,6,8442.094782195414,0.0,0.08,75.4889544353437,0.0,Dec,1,8,4,6,Returning_Visitor,0,0
0,-560.6356601269451,25,0.0,27,2098.238095,0.037037037,-0.116482925984142,0.0,0.8,May,2,2,1,3,Returning_Visitor,0,0
7,155.0,0,-471.9694992424129,20,252.9833333,0.008333333,0.025,0.0,0.0,Oct,2,2,1,3,Returning_Visitor,0,0
2,34.0,0,0.0,8,358.0,0.0,0.02,-50.02855205071103,0.0,Mar,2,2,1,2,Returning_Visitor,0,0
0,0.0,25,0.0,23,-5839.20356369739,0.004347826,0.016521739,0.0,0.0,Jul,1,1,1,4,Returning_Visitor,0,0
2,43.4,2,16.2,31,1279.806667,0.006857143,0.02952381,0.0,0.0,Sep,1,1,3,2,Returning_Visitor,1,0
12,0.0,25,0.0,9,125.2666667,0.044444444,0.103703704,0.0,0.0,Oct,2,2,3,4,Returning_Visitor,1,0
0,711.8099777788694,25,0.0,-129,93.0,0.0,0.05,0.0,0.0,Dec,2,5,3,1,Returning_Visitor,0,0
0,0.0,0,0.0,21,685.1744048,0.028571429,0.043174603,0.0,-0.5986574668155145,Nov,1,1,8,1,Returning_Visitor,1,1
2,47.5,0,0.0,50,1870.791667,-0.1314193649269497,0.024025157,67.70352432888994,0.0,Dec,2,2,6,1,Returning_Visitor,0,0
-9,63.25,2,-488.6239973964654,9,8602.175515856465,0.0,0.014285714,-58.67351191086494,0.0,Nov,2,2,6,8,New_Visitor,1,0
3,19.5,0,0.0,16,250.0833333,0.0,0.013157895,75.20147589516831,0.0,May,2,2,3,2,New_Visitor,0,0
-7,392.5,0,-433.9595154124744,206,8437.099188,0.0,0.006257147,0.0,0.0,Nov,2,4,1,2,Returning_Visitor,0,0
1,40.5,0,0.0,49,1587.25,0.0,0.011538462,35.79969486,0.0,Nov,2,2,3,13,Returning_Visitor,0,1
5,142.5,1,56.0,29,1073.5,0.0,-0.1226822465739072,0.0,0.0,May,1,1,5,4,Returning_Visitor,0,0
1,22.2,25,0.0,9,348.54,0.0,0.005194805,16.1722885,0.0,Nov,2,2,3,3,Returning_Visitor,0,1
14,0.0,2,248.5,121,4218.074847,0.009985097,0.026514442,0.624510388,0.0,Dec,2,2,1,2,Returning_Visitor,0,0
2,42.5,2,10.0,193,1543.5,0.0,0.004444444,8.671344071,-0.6670530772087605,Dec,8,13,9,20,Other,0,1
5,111.3,0,0.0,138,6979.972144557015,0.21177984590278245,0.008337205,17.63434621,0.0,Nov,2,2,9,2,Returning_Visitor,0,0
12,708.0233450507101,25,431.3333333,336,12595.62776,0.002376812,0.01331553,1.178989949,0.0,Nov,2,2,1,11,Returning_Visitor,0,1
2,-472.4579544406996,0,-470.4766037965684,70,2802.116667,0.002898551,0.017230274,0.0,0.0,Nov,2,2,3,3,Returning_Visitor,0,0
0,627.4777187555388,0,0.0,19,485.0833333,0.0,0.011764706,0.0,0.0,May,2,2,1,2,Returning_Visitor,0,0
0,0.0,25,0.0,26,1035.821429,0.003846154,0.034935897,0.0,0.0,May,2,7,1,2,Returning_Visitor,0,0
7,119.0,0,0.0,67,2421.060623,0.0,0.005379499,0.902835681,0.0,May,2,2,3,2,Returning_Visitor,0,0
0,0.0,0,0.0,8,215.0,0.0625,0.20165339139313052,0.0,1.0,May,2,5,7,6,Returning_Visitor,1,0
-9,0.0,0,-489.1686598670048,4,738.0,0.1,0.15,68.13668614830607,0.0,Mar,2,5,4,2,Returning_Visitor,1,0
6,446.3833333,0,0.0,28,789.1266667,0.01,0.012860238,37.5474164,0.0,Nov,2,2,1,2,Returning_Visitor,0,0
12,222.875,4,-475.3599439099039,31,7639.60997295583,0.17082375672752131,0.017488397,15.26399679,0.0,Dec,3,2,1,2,Returning_Visitor,0,0
13,313.0333333,0,0.0,135,3700.495815,-0.17141255651241913,0.014626073,67.99130610935362,0.0,May,2,4,1,4,Returning_Visitor,0,0
0,0.0,0,-528.008257923905,23,501.6666667,0.008695652,0.01884058,0.0,0.6,Feb,1,1,4,2,Returning_Visitor,0,0
5,339.1666667,0,0.0,-139,525.6666667,0.0,0.004545455,0.0,0.0,May,1,2,3,2,Returning_Visitor,0,0
0,-472.81117461596796,0,-463.0475818353957,-120,143.5833333,0.014285714,0.05,0.0,0.0,Nov,2,2,3,1,Returning_Visitor,0,0
13,789.8033826797139,0,0.0,79,1828.884048,0.0,0.23234543983958947,-65.29823131444223,0.0,Oct,2,2,6,2,Returning_Visitor,0,0
0,0.0,0,0.0,40,1530.248485,0.005128205,-0.14540584357808184,0.0,0.0,Mar,3,2,1,2,Returning_Visitor,0,0
-7,176.6666667,25,153.0,27,880.8,0.007291667,0.020192308,8.54525,0.0,May,1,1,2,2,Returning_Visitor,1,1
-9,0.0,0,0.0,3,7429.878409698896,0.0,0.066666667,0.0,0.6,Feb,1,1,3,2,Returning_Visitor,0,0
0,0.0,0,0.0,42,562.6666667,0.009340659,0.032583774,0.0,0.0,May,2,2,4,13,Returning_Visitor,0,0
0,0.0,2,889.5,30,784.0833333,0.025,0.046875,0.0,0.0,Dec,2,2,6,13,Returning_Visitor,0,0
0,0.0,0,0.0,5,47.5,0.08,0.12,0.0,0.0,Dec,2,2,1,3,Returning_Visitor,0,0
3,199.0,25,0.0,34,1425.566667,0.0,0.008823529,0.0,0.0,Nov,2,2,9,2,New_Visitor,0,1
0,0.0,0,0.0,14,416.6666667,0.17437376648132732,0.019047619,0.0,0.0,Dec,2,2,2,3,Returning_Visitor,0,0
1,12.0,0,-523.7246286762794,11,331.25,0.016666667,0.033333333,0.0,-0.7339355522571465,Mar,2,2,2,2,Returning_Visitor,1,0
0,0.0,0,0.0,17,722.0833333,0.011764706,0.2160678450264075,0.0,0.0,Dec,2,2,2,1,Returning_Visitor,0,0
0,0.0,0,0.0,10,7661.231639897241,-0.15243782464722277,0.1,0.0,0.0,Dec,2,2,7,3,Returning_Visitor,0,0
5,98.0,0,0.0,6,60.0,-0.13504654373153951,0.0525,0.0,0.0,Dec,3,2,5,2,Returning_Visitor,0,0
0,0.0,0,0.0,46,797.8333333,0.0,0.2250131851448771,0.0,0.0,Nov,2,2,3,1,Returning_Visitor,0,0
0,0.0,0,0.0,9,246.5,0.125925926,0.138888889,0.0,-0.588886822780028,Nov,1,1,3,1,Returning_Visitor,0,0
7,160.2307692,0,0.0,125,4313.139103,0.001736111,0.019623016,67.57441737409064,0.0,May,2,2,4,6,Returning_Visitor,1,0
2,32.0,25,0.0,11,155.8333333,0.0,0.034615385,0.0,0.2,May,2,2,3,4,Returning_Visitor,0,0
0,-601.8859383174562,0,0.0,-104,-4804.987272639017,0.029761905,0.032959184,0.0,0.0,Nov,1,1,3,2,Returning_Visitor,0,0
2,41.5,1,-423.8207828749729,19,2689.625,0.0,0.024242424,0.0,-0.6181037905703136,Dec,2,2,3,2,Returning_Visitor,0,0
0,0.0,0,-453.3798208272887,65,2706.595238,0.0,0.022692308,0.0,0.0,Nov,2,2,1,2,New_Visitor,0,0
-10,1261.916667,12,985.4190476,30,1956.022222,0.0030839,0.022907353,0.0,0.6,May,2,2,3,2,Returning_Visitor,0,0
2,62.5,25,0.0,43,-4778.885098228682,0.0,0.01468254,41.53706414,0.0,Nov,3,2,9,2,Returning_Visitor,0,0
13,1249.809524,4,205.0,36,1626.625433,0.010638298,0.026186255,6.831792392,0.0,Mar,3,2,2,3,Returning_Visitor,0,0
4,59.25,0,0.0,-133,139.25,0.015384615,0.031538462,0.0,0.0,Mar,3,2,1,2,Returning_Visitor,0,0
0,0.0,2,12.0,0,0.0,0.0,0.1,0.0,0.0,Dec,2,2,1,2,Returning_Visitor,0,0
0,0.0,0,0.0,2,5.0,0.0,0.1,0.0,0.0,Nov,2,4,1,5,New_Visitor,0,0
0,-586.6016311705837,0,0.0,57,2716.666667,0.0,0.005263158,0.0,0.0,Nov,2,2,2,3,Returning_Visitor,0,1
0,0.0,0,-498.82987171300584,1,0.0,0.2,0.2,0.0,0.7833541152403904,Mar,2,2,3,3,Returning_Visitor,0,0
0,0.0,25,0.0,2,12.0,0.0,0.1,0.0,0.0,Dec,3,2,3,13,Returning_Visitor,0,0
3,31.2,25,591.7593775108596,185,134.45,0.20559516063561323,0.0125,0.0,0.0,Nov,2,2,6,2,New_Visitor,0,0
3,117.0,0,0.0,5,68.0,0.0,0.033333333,0.0,1.0,May,2,2,6,5,New_Visitor,1,0
0,0.0,0,0.0,1,0.0,0.19402617677378525,0.2,0.0,0.8051639139058492,Dec,2,2,9,3,Returning_Visitor,0,0
0,733.8312688372998,0,0.0,2,0.0,0.1,0.2,0.0,0.0,Nov,2,2,1,1,Returning_Visitor,0,0
4,114.3333333,0,0.0,55,1247.357143,0.001886792,0.010691824,0.0,0.0,May,3,2,3,4,Returning_Visitor,1,0
1,0.0,0,0.0,4,334.0,0.08,0.116,0.0,0.8390626411330118,May,1,1,3,1,Returning_Visitor,1,0
0,0.0,0,0.0,5,7626.359590940368,0.0,0.04,0.0,0.8080743185519226,Mar,2,4,3,1,Returning_Visitor,0,0
1,723.5578810451395,0,0.0,44,725.2,0.008888889,0.031111111,24.83718656,-0.5644185546502978,June,2,2,4,13,Returning_Visitor,0,1
3,-600.6733158401661,0,0.0,17,174.8333333,0.017647059,0.051764706,0.0,0.0,May,1,4,2,2,Returning_Visitor,0,0
0,0.0,25,0.0,12,810.0,0.0,0.016666667,0.0,0.8129964917145998,Mar,2,2,6,10,Returning_Visitor,0,0
3,123.5,1,0.0,22,759.5833333,0.0,0.0096,46.6785275,0.0,Nov,1,1,3,2,Returning_Visitor,0,1
2,61.5,0,0.0,6,99.0,0.0,0.008333333,0.0,0.0,Oct,1,1,6,3,Returning_Visitor,0,0
0,0.0,0,0.0,2,31.0,0.0,0.05,0.0,0.7154868044474502,Mar,2,2,7,2,Returning_Visitor,0,0
0,0.0,0,-405.5908170194418,197,0.0,0.2,0.2,-65.20216028927074,0.0,Jul,1,1,3,3,Returning_Visitor,0,0
0,0.0,0,0.0,16,392.1428571,-0.12853085138493414,0.027205882,0.0,0.0,Mar,3,2,1,2,Returning_Visitor,0,0
7,280.0,0,0.0,21,-5469.397489176194,0.0,0.008695652,43.81043478,0.0,May,2,2,2,1,Returning_Visitor,0,1
0,0.0,0,-500.4332677342577,13,222.5,0.0,0.007692308,0.0,0.0,May,2,2,7,2,Returning_Visitor,0,0
0,0.0,0,0.0,1,0.0,0.2,0.2,0.0,0.0,May,3,2,3,6,Returning_Visitor,0,0
0,696.5020933351426,25,0.0,1,0.0,0.2,0.2,0.0,0.0,May,3,2,9,3,Returning_Visitor,0,0
0,0.0,0,0.0,-102,44.8,0.0,0.033333333,50.36347405,0.0,Jul,4,1,3,1,Returning_Visitor,0,1
0,0.0,0,0.0,8,8462.250620526112,-0.15591007454334208,-0.1216964017484274,0.0,0.4,May,2,2,8,1,Returning_Visitor,0,0
15,0.0,0,0.0,7,6920.66913909507,0.0,0.057142857,0.0,0.0,Nov,2,6,9,2,Returning_Visitor,0,0
0,0.0,0,500.60150015023305,77,-5812.033477256344,0.018666667,0.048622222,0.0,0.8,May,2,2,1,2,Returning_Visitor,0,0
13,0.0,0,0.0,12,285.1666667,0.0,0.2379692223596518,0.0,0.0,May,1,1,5,4,Returning_Visitor,0,0
15,0.0,25,0.0,4,46.0,-0.13227444888107015,0.05,0.0,0.0,May,1,1,7,2,Returning_Visitor,0,0
2,83.0,0,0.0,3,264.0,0.20405861138283418,0.05,0.0,0.6,May,3,3,7,11,New_Visitor,0,0
1,3.0,0,-502.5049786573743,7,114.8333333,0.014285714,0.007142857,0.0,0.0,Mar,3,2,1,10,Returning_Visitor,0,0
1,-525.8133833605972,25,0.0,19,881.1666667,0.0,0.005882353,0.0,0.0,May,2,2,6,4,New_Visitor,0,0
0,0.0,0,0.0,57,3079.083333,0.005847953,0.012907268,0.0,0.0,Dec,2,2,3,10,Returning_Visitor,0,0
14,1155.666667,0,0.0,20,8690.753959124593,0.0,0.013,0.0,0.0,Mar,2,5,1,3,Returning_Visitor,1,0
6,85.96666667,25,2.0,76,1464.209618,0.009803094,0.23345746322008604,73.4115969951201,0.0,Aug,3,2,8,4,Returning_Visitor,0,0
4,736.0,1,9.0,99,2171.547149,0.21169440483849056,0.029507982,4.495585092,0.0,Nov,3,2,4,13,Returning_Visitor,1,0
11,336.5,0,0.0,40,1239.949603,0.025,0.026035354,6.1287875,0.7383871227148804,May,2,2,5,3,Returning_Visitor,1,1
-7,51.0,3,506.3118257878746,-127,654.5,0.0,0.007142857,0.0,0.0,May,2,2,1,4,New_Visitor,0,0
4,19.66666667,3,254.9166667,147,4254.666667,0.008445946,0.01925038,0.0,0.8306315327841418,Nov,2,2,1,1,Returning_Visitor,0,0
4,98.5,0,0.0,9,281.75,0.0,0.030909091,0.0,0.0,Dec,1,1,3,2,Returning_Visitor,0,0
9,146.25,0,0.0,25,575.0,0.006666667,0.019666667,0.0,0.0,May,3,2,3,4,Returning_Visitor,1,0
10,196.0,0,-403.7363536414973,45,939.6333333,0.0125,0.015972222,-50.71851968077525,0.0,May,1,1,1,3,Returning_Visitor,0,0
4,80.0,0,0.0,16,213.3666667,0.17053816521381374,0.054166667,0.0,0.0,May,3,2,1,4,Returning_Visitor,0,0
2,4.0,25,161.5,64,3757.079762,0.012254902,0.022009804,18.88360212,-0.6983877675178952,Nov,1,2,6,2,Returning_Visitor,0,0
6,640.6441753678959,4,343.0,157,4461.28524,8.08e-05,0.007018826,31.85608032,0.0,Dec,2,4,3,2,Returning_Visitor,0,1
3,25.57142857,1,0.0,15,2026.47619,0.011764706,0.07254902,0.0,0.0,May,4,1,1,1,Returning_Visitor,0,0
8,676.6137630268726,0,0.0,65,2008.900974,0.001449275,0.02037037,17.43149651,0.0,Dec,2,2,3,2,Returning_Visitor,0,0
1,21.0,0,0.0,23,529.75,0.0,0.009090909,57.3158913,0.0,Nov,1,2,1,8,New_Visitor,0,1
0,-612.5563755971649,0,0.0,-137,1447.577273,0.19590313963986236,0.011134752,0.0,0.6,May,2,2,3,3,Returning_Visitor,0,0
0,644.5195831864864,0,0.0,3,190.0,0.033333333,0.1,0.0,0.0,Mar,2,2,4,1,Returning_Visitor,0,0
0,0.0,0,583.8017238651526,-130,298.5,0.01,0.04,0.0,0.0,May,2,4,3,1,Returning_Visitor,0,0
5,39.0,0,0.0,13,137.0,-0.17065697050672163,0.22018426098104774,0.0,-0.5764894232589961,Nov,2,4,3,2,New_Visitor,0,1
1,686.9198618346051,0,-427.62514920889714,26,850.6666667,0.007407407,-0.10636342530095219,0.0,0.6756345020954697,Dec,2,2,1,3,Returning_Visitor,0,0
13,314.6107143,0,0.0,358,9760.690488,0.000830955,0.004094211,0.0,0.0,June,3,2,5,1,Returning_Visitor,0,0
7,397.2644444,1,-430.6101858746131,23,672.2644444,-0.12503726955493866,0.046153846,75.5126963582285,0.0,Oct,3,2,4,1,Returning_Visitor,0,0
2,73.95833333,0,0.0,199,864.9983333,0.025,0.0375,-67.21694447438131,-0.7182777486301244,Sep,3,2,4,1,Returning_Visitor,0,1
0,0.0,5,497.8333333,26,851.6666667,0.006451613,0.01827957,0.0,0.0,Nov,2,2,1,2,New_Visitor,1,0
0,0.0,0,0.0,14,204.5,0.046153846,0.084615385,66.39263838266142,0.6,May,1,1,4,3,Returning_Visitor,0,0
7,139.5,0,0.0,30,1448.752381,0.006060606,0.012878788,0.0,0.0,Mar,1,2,3,2,New_Visitor,0,0
9,651.8857088002403,1,52.4,22,501.0714286,0.0,0.034666667,0.0,0.6799443708450478,Aug,1,2,1,4,Returning_Visitor,1,1
0,0.0,0,0.0,2,35.0,0.0,0.05,0.0,0.0,Nov,2,2,1,10,New_Visitor,0,0
6,389.75,3,545.0,65,1690.790351,0.014642857,0.034671498,13.66158824,1.0,May,2,10,2,1,Returning_Visitor,1,0
0,0.0,0,0.0,166,181.0,0.0,0.20055515183472727,0.0,0.0,May,3,2,1,3,Returning_Visitor,0,0
0,0.0,25,0.0,47,902.77,0.022222222,0.04037037,0.0,0.0,Jul,3,2,8,1,Returning_Visitor,0,0
0,0.0,0,0.0,15,827.1666667,0.2092859057236121,0.046666667,0.0,0.0,Dec,1,1,8,20,Returning_Visitor,0,0
0,0.0,0,0.0,24,325.8333333,0.0,0.020833333,0.0,0.0,May,2,2,1,4,Returning_Visitor,1,0
0,0.0,0,0.0,6,172.2083333,0.033333333,-0.15014277896420442,0.0,0.0,Dec,3,2,6,2,New_Visitor,0,1
8,260.2083333,25,0.0,58,1436.690476,0.0,0.008231293,-67.85025909996645,0.0,Dec,2,2,2,1,Returning_Visitor,1,0
5,1415.5,0,0.0,34,588.3666667,0.0,0.030246914,8.041078329,0.0,Aug,2,5,1,1,Returning_Visitor,0,1
2,144.0,25,0.0,25,1711.333333,0.0,0.008,0.0,0.0,May,2,2,1,1,Returning_Visitor,0,0
-9,0.0,25,0.0,27,807.8333333,0.022222222,0.041975309,0.0,0.76847099067997,Mar,2,2,3,1,Returning_Visitor,0,0
0,0.0,0,499.0260232784696,6,551.0,0.033333333,0.05,0.0,0.0,Mar,1,1,3,1,Returning_Visitor,0,0
1,85.1,0,0.0,8,194.2285714,0.075,0.078125,0.0,0.0,Nov,3,3,1,1,Returning_Visitor,1,0
4,76.4,0,0.0,2,49.4,0.0,0.033333333,16.77416803,0.0,Oct,2,2,6,2,Returning_Visitor,0,1
0,0.0,25,0.0,-142,143.25,0.0,0.05,0.0,0.0,Dec,2,2,1,1,Returning_Visitor,0,0
8,-607.411623452854,25,64.5,31,1363.7,0.011111111,0.027830688,13.89178731,0.0,Nov,1,1,1,2,Returning_Visitor,0,0
7,288.5208333,25,0.0,12,402.3958333,0.0,-0.11586390850090027,0.0,0.0,Dec,1,1,8,2,New_Visitor,1,0
7,445.3333333,25,135.5,52,8227.24681603264,0.005310734,0.2037480094641817,3.795661017,0.0,Mar,3,2,6,1,Returning_Visitor,0,0
0,698.0423169620332,25,0.0,-120,694.3,-0.14337736868362183,0.036410256,0.0,0.0,Mar,3,2,2,3,Returning_Visitor,1,0
1,0.0,0,526.2592729596162,3,259.0,0.0,0.04,48.04726202,0.861965886876141,Oct,2,2,1,4,Returning_Visitor,0,1
9,497.1666667,0,0.0,20,1170.166667,0.012121212,0.023484848,0.0,0.0,Nov,3,2,3,2,Returning_Visitor,0,0
6,101.625,0,0.0,140,-5719.517392180902,0.003448276,0.009952433,21.88856759,0.0,Nov,2,2,3,13,Returning_Visitor,0,1
0,0.0,0,0.0,4,185.0,0.05,0.1,0.0,0.0,Nov,2,2,1,20,Returning_Visitor,0,0
1,16.25,0,0.0,169,456.525,0.006060606,0.03030303,0.0,0.0,Nov,1,1,4,1,Returning_Visitor,1,0
4,155.0,25,0.0,31,2130.693837,0.025,0.032482778,0.0,0.0,Nov,3,2,8,3,Returning_Visitor,0,0
0,0.0,0,0.0,20,7806.67862497642,0.0,0.011111111,0.0,0.0,Mar,2,2,2,1,Returning_Visitor,0,0
12,217.6491228,4,1009.733333,38,1639.069361,0.02173913,-0.11876715784821587,5.287005762,0.7779113363411929,Sep,3,2,6,1,Returning_Visitor,1,0
7,261.5,0,0.0,117,3484.269118,0.0025,0.014375,0.0,0.0,Dec,2,2,6,1,Returning_Visitor,0,0
1,3.5,0,466.1653184252471,49,663.5277778,0.0,0.005319149,0.0,0.0,Nov,2,2,3,2,Returning_Visitor,0,0
10,228.35,0,0.0,3,28.6,0.0,0.001851852,0.0,0.0,Oct,2,2,7,5,New_Visitor,0,0
16,-593.74837333744,2,515.0671754645632,42,753.6373626,0.0,0.011568627,31.63684138,0.0,Nov,2,2,1,8,Returning_Visitor,0,1
12,0.0,0,0.0,3,65.0,-0.16751199694670083,0.177777778,0.0,0.0,May,3,2,2,1,Returning_Visitor,0,0
0,0.0,0,0.0,2,0.0,0.2,0.2,0.0,0.0,Dec,2,2,1,20,Returning_Visitor,0,0
3,-560.5748941964038,1,-506.3753636991791,54,2295.0,0.007272727,0.014545455,0.0,0.0,Dec,1,1,1,10,Returning_Visitor,1,0
7,-560.2814600452958,3,559.9037824531895,31,892.7244444,0.0,0.003468013,31.14097898,0.0,Oct,3,2,1,5,Returning_Visitor,0,0
0,0.0,0,0.0,8,83.0,0.057142857,0.095238095,0.0,0.0,Mar,1,2,2,1,Returning_Visitor,0,0
6,53.38095238,0,-433.67264307489984,5,-6116.616700396724,0.0,0.003571429,0.0,0.0,Mar,2,2,6,2,New_Visitor,1,0
3,95.0,0,514.4467945655385,27,808.7,0.006896552,0.010344828,0.0,0.0,Mar,3,2,7,3,Returning_Visitor,1,0
-10,0.0,0,-458.9863321245725,186,129.5,0.0,0.05,0.0,-0.6775187648208841,Dec,8,13,9,20,Other,0,0
0,0.0,0,0.0,6,60.0,0.15,0.138888889,0.0,0.0,Nov,3,2,5,1,Returning_Visitor,0,0
1,15.8,3,97.8,32,1213.65,0.005405405,0.024324324,74.44564978893186,0.0,Aug,2,2,3,2,Returning_Visitor,0,1
1,21.5,2,-440.88758982541464,14,8169.974554205798,0.0,0.001904762,77.47014273790245,-0.7103927194698566,May,2,2,8,2,New_Visitor,0,0
7,253.1,0,0.0,40,-5021.343217594505,0.0,0.012186396,71.32191849500448,0.0,Dec,2,2,3,2,Returning_Visitor,1,1
5,115.375,0,0.0,20,473.5,0.026111111,0.028996212,14.88419318,0.0,Dec,3,2,1,1,Returning_Visitor,0,1
13,-548.9252668764502,1,0.0,3,8818.891644285322,0.0,0.04,0.0,0.0,Dec,8,13,9,20,Other,0,0
0,0.0,0,0.0,169,621.4166667,0.0,0.2350258591227847,0.0,0.0,Dec,4,1,1,2,Returning_Visitor,1,0
0,0.0,0,0.0,41,419.0,0.01300813,-0.1284601934887173,-50.68596060892419,0.0,Mar,2,2,1,3,Returning_Visitor,0,0
-7,0.0,0,0.0,1,0.0,0.2,-0.1301853830725374,-55.90336439127142,0.0,May,2,2,4,3,Returning_Visitor,0,0
0,0.0,25,0.0,4,34.0,0.1,-0.11129292232428664,0.0,0.0,Mar,3,2,3,3,Returning_Visitor,0,0
0,-519.1939868161128,1,0.0,16,485.6666667,-0.14882706947044297,0.0375,0.0,0.0,Mar,2,2,6,3,Returning_Visitor,1,0
-7,0.0,0,0.0,15,1733.666667,0.0,0.026666667,69.64777697139729,0.0,Mar,2,2,7,2,Returning_Visitor,0,0
0,0.0,0,0.0,42,602.8833333,0.0,0.004365079,21.26632526,-0.5811614750499023,Sep,6,2,3,1,Returning_Visitor,0,0
13,122.25,25,0.0,45,2007.522619,-0.16645408827582275,0.018657031,0.0,-0.7334882222017871,Nov,1,1,4,2,Returning_Visitor,0,0
2,123.0,0,0.0,7,873.0,0.0,0.011111111,0.0,0.0,Mar,1,2,2,2,Returning_Visitor,0,0
15,0.0,25,0.0,165,896.5,0.21580968288953906,0.20935804399820782,0.0,0.0,Dec,2,2,3,3,Returning_Visitor,0,0
0,0.0,0,0.0,15,1233.25,0.02,-0.11224878902242941,0.0,0.8,May,1,1,1,1,Returning_Visitor,0,0
0,0.0,25,0.0,3,44.5,-0.12821679937890113,0.133333333,0.0,0.0,Dec,2,2,9,3,Returning_Visitor,0,0
15,95.6,25,0.0,12,582.7333333,0.014285714,0.035714286,21.32413414,0.0,Sep,2,2,8,7,Returning_Visitor,0,0
0,0.0,1,5.0,9,279.0,0.04,0.041666667,0.0,0.0,Nov,3,2,7,8,New_Visitor,1,0
1,6.0,0,0.0,-109,2487.333333,0.018604651,0.20011720915036157,0.0,0.0,May,2,2,7,11,Returning_Visitor,0,0
0,0.0,0,0.0,1,0.0,0.2,-0.13228313949971482,0.0,0.0,Nov,1,1,5,2,Returning_Visitor,0,0
15,0.0,0,0.0,3,98.0,0.0,0.066666667,0.0,0.0,Nov,4,1,6,2,Returning_Visitor,0,0
0,0.0,0,0.0,1,0.0,0.18540723931876507,0.2,0.0,-0.675801334282056,May,2,4,1,3,Returning_Visitor,0,0
-9,0.0,25,-439.92800558506997,27,321.6666667,0.051190476,0.07224026,0.0,0.8,May,3,2,1,1,Returning_Visitor,0,0
4,41.0,0,506.15476638923707,50,2428.35,0.020512821,-0.10921601367873007,9.442927064,0.0,Nov,2,5,3,3,Returning_Visitor,1,0
-7,0.0,0,0.0,1,0.0,0.2,0.2,67.56554558606884,0.6,May,2,2,1,1,Returning_Visitor,0,0
6,661.7666667,6,-525.5526047409937,-111,254.25,0.025,-0.14024322010076035,65.96468058018738,0.0,Aug,3,2,4,2,Returning_Visitor,1,0
1,0.0,0,0.0,17,1314.25,0.045833333,0.1,0.0,0.0,Mar,2,2,7,1,Returning_Visitor,0,0
-9,0.0,4,37.0,-133,4112.394444,0.007123288,0.022355057,0.0,0.0,Dec,3,2,3,2,Returning_Visitor,0,0
0,0.0,0,0.0,1,0.0,0.2,0.2,0.0,0.0,May,1,1,1,1,Returning_Visitor,0,0
1,51.4,0,532.7364781453333,7,562.3,0.0,0.0,36.65735004,0.0,Jul,1,1,6,2,New_Visitor,1,1
0,0.0,0,539.3476332461623,7,1859.5,0.0,0.22885956940543323,-51.98564762710299,0.0,May,2,2,1,6,Returning_Visitor,0,0
0,-582.7840683967988,0,-435.1141053058276,4,741.4,0.05,-0.1513993231436575,0.0,0.0,Oct,2,2,7,1,Returning_Visitor,0,0
0,0.0,0,0.0,-105,-4975.847194476466,0.0,0.006818182,0.0,0.0,Mar,4,1,4,3,Returning_Visitor,1,0
0,0.0,0,476.12944321737956,41,1444.166667,0.009756098,0.026829268,0.0,0.0,May,2,2,1,4,Returning_Visitor,0,0
2,21.0,1,802.5,48,2073.916667,0.003921569,0.21079900495750667,0.0,0.7877616059775924,Nov,2,2,3,2,Returning_Visitor,1,0
0,0.0,0,0.0,8,120.5,0.05,0.1125,0.0,0.0,Dec,3,2,1,2,Returning_Visitor,1,0
0,0.0,0,0.0,54,3371.05,-0.16081977610020726,0.022012579,0.0,0.0,Jul,2,4,1,3,Returning_Visitor,0,0
14,-529.5193970166234,0,0.0,78,7348.017201050883,0.007407407,0.19922771645268836,0.0,0.0,Sep,3,2,6,13,Returning_Visitor,0,0
4,104.2,0,0.0,-136,-6060.7875013414605,0.0,0.0125,0.0,0.0,Aug,2,2,8,6,New_Visitor,1,0
1,14.0,0,0.0,4,65.0,0.0,0.05,0.0,0.0,Mar,2,4,3,1,Returning_Visitor,0,0
6,344.5,25,0.0,201,186.0,0.046153846,0.033333333,0.0,0.0,Nov,3,2,1,2,Returning_Visitor,1,0
0,-496.0294258546304,0,0.0,-107,8505.837269691889,0.2,0.2,0.0,0.0,Dec,2,2,2,3,Returning_Visitor,0,0
0,0.0,1,2.5,14,592.5666667,0.013333333,0.023333333,0.0,1.0,May,3,2,3,3,Returning_Visitor,1,0
1,31.0,3,62.0,11,196.2,0.0,0.013333333,0.0,0.0,Mar,2,2,1,10,Returning_Visitor,0,0
2,211.0,1,58.0,71,3424.583333,0.001315789,0.015,0.0,0.0,Mar,2,2,5,3,Returning_Visitor,1,0
0,0.0,0,0.0,17,504.0833333,0.1949595415836523,0.035294118,36.07906944,-0.6139428184837254,Oct,1,1,9,3,Returning_Visitor,0,1
-9,36.7032967,4,42.2,51,1187.737297,0.024223602,0.066119363,6.854149002,0.0,Oct,3,2,1,1,Returning_Visitor,0,0
0,0.0,0,0.0,1,0.0,0.2,0.2,0.0,0.0,Mar,3,2,1,1,Returning_Visitor,0,0
0,0.0,0,0.0,3,0.0,0.2,0.2,0.0,0.0,May,1,1,9,4,Returning_Visitor,1,0
8,122.1,25,0.0,20,695.19375,0.012098765,0.21933487357965578,0.0,0.0,Nov,1,1,8,2,Returning_Visitor,1,1
5,786.0085237299181,2,34.6,202,887.75,0.18036293639554615,0.023754789,0.0,0.0,Aug,2,2,1,1,Returning_Visitor,1,0
0,0.0,0,0.0,18,1473.333333,0.20852054332523598,0.044444444,78.88097580093844,0.0,Mar,1,1,1,2,Returning_Visitor,0,0
0,0.0,0,0.0,107,3723.529739,0.001094276,0.01972313,0.0,0.0,Nov,2,2,1,2,Returning_Visitor,0,0
1,-587.2924336497102,0,0.0,-115,7792.384100006668,-0.1447181926107172,0.015614035,9.09277193,0.0,Mar,1,1,2,2,Returning_Visitor,0,1
8,492.4166667,4,384.0,52,7995.521065822154,0.007258065,0.018233487,72.37924182708889,0.0,Mar,2,2,1,2,Returning_Visitor,0,1
-8,0.0,0,0.0,176,2081.0,0.18536960819698908,0.1,0.0,0.0,May,2,5,2,1,Returning_Visitor,0,0
4,15.0,1,4.0,-127,950.625,0.21034657067024543,0.004444444,0.0,0.0,Nov,2,2,8,1,New_Visitor,0,0
5,27.4,25,0.0,5,51.2,0.0,0.005,0.0,0.0,Aug,2,2,2,2,New_Visitor,0,1
16,932.7971429,25,-518.9378900764883,40,-4930.269594086001,0.008888889,0.011659808,0.0,0.0,Sep,1,2,1,1,Returning_Visitor,0,0
0,0.0,0,550.4418021092928,4,81.0,0.0,-0.126543510400588,0.0,-0.6462882474718675,Mar,2,2,3,2,Returning_Visitor,0,0
0,0.0,0,0.0,-106,2574.725974,0.003508772,0.016621682,2.790473684,0.0,May,2,2,5,4,Returning_Visitor,0,0
0,0.0,0,0.0,2,-6020.432875246094,0.0,0.1,0.0,0.0,May,1,1,1,3,Returning_Visitor,1,0
3,74.0,2,26.0,53,893.5111111,0.003571429,0.005357143,-67.25275717812896,0.7466940246736425,Mar,1,1,4,9,Returning_Visitor,1,1
4,246.8,0,0.0,13,-5176.1372030724815,0.04,0.053333333,0.0,0.0,Sep,3,2,1,1,Returning_Visitor,0,0
1,5.0,0,0.0,17,389.0,-0.12791217133591493,0.041666667,-64.98647007131216,0.8315483631937683,May,2,4,3,2,Returning_Visitor,0,0
2,11.0,3,123.3333333,34,448.75,0.021621622,0.2048223260458704,0.0,-0.5598797259822386,Mar,2,10,6,1,Returning_Visitor,0,0
9,145.7708333,8,408.5,139,6566.867562,0.003477444,0.19386366151512793,67.39709637,0.0,Nov,2,2,3,2,Returning_Visitor,1,0
0,759.1635964958165,0,0.0,24,308.8635531,0.0,0.028030303,0.0,0.0,Mar,2,6,2,2,Returning_Visitor,0,0
1,13.0,0,0.0,10,391.85,0.018055556,0.046984127,0.0,0.0,Mar,3,2,4,3,Returning_Visitor,1,0
1,46.4,0,0.0,-124,118.2666667,-0.14051375296633112,0.014285714,0.0,0.0,Jul,1,2,1,4,Returning_Visitor,1,0
0,0.0,0,-484.5556406018826,17,2186.961538,0.01875,0.02422619,0.0,0.0,Dec,1,1,1,10,Returning_Visitor,0,0
5,156.2690476,4,90.0,35,776.0190476,0.0,0.005714286,0.0,0.0,Mar,3,2,4,2,Returning_Visitor,0,0
3,222.5,25,0.0,11,764.5,0.015384615,0.043589744,0.0,0.0,May,2,2,6,11,Returning_Visitor,0,0
8,237.5,4,142.0,30,1569.625,0.0,0.008108108,15.88906362,0.0,Mar,1,2,1,9,Returning_Visitor,1,1
8,17.34848485,0,0.0,-134,291.2589744,0.0,0.20502134755067558,0.0,0.7824943799357158,Mar,2,2,7,1,Returning_Visitor,0,0
2,165.2,25,0.0,-105,983.425,0.16902953993923334,0.010526316,0.0,0.8105798956080812,Aug,2,4,8,6,New_Visitor,1,0
0,715.5218227095233,0,0.0,14,7549.086103292529,0.0,-0.13932418712736291,-52.38244196326751,0.0,Mar,1,1,1,3,Returning_Visitor,1,0
15,0.0,25,0.0,2,35.0,-0.12589610127701406,-0.1361746268147847,-64.95739934650587,0.0,Feb,1,1,6,3,Returning_Visitor,0,0
0,0.0,0,0.0,11,2028.5,0.0,0.036363636,0.0,0.0,May,2,2,1,4,Returning_Visitor,0,0
0,0.0,0,0.0,17,557.1666667,0.023529412,0.049509804,0.0,0.0,Mar,3,2,1,1,Returning_Visitor,0,0
0,0.0,1,0.0,7,228.0,0.0,-0.1173971078447851,0.0,0.0,Dec,1,1,6,3,Returning_Visitor,0,0
0,0.0,25,0.0,1,8346.9068710792,0.20064754794869105,-0.12403066476464826,0.0,0.0,Nov,2,4,7,3,Returning_Visitor,0,0
3,77.0,5,243.0,127,2573.875,0.00025641,-0.10348859900207455,0.0,0.0,May,2,2,4,3,Returning_Visitor,0,0
-7,0.0,25,0.0,1,0.0,0.2,0.2,0.0,0.0,May,2,2,1,13,Returning_Visitor,1,0
-9,42.5,2,-506.6243257810003,47,3954.95,0.006,0.023714286,0.0,0.0,Nov,2,2,1,2,Returning_Visitor,0,0
-9,62.0,0,0.0,13,392.9285714,0.0125,0.025,-58.18501197517219,0.0,May,3,2,3,2,New_Visitor,0,0
5,46.8,0,0.0,33,743.2666667,0.005,0.021666667,0.0,0.0,Nov,2,2,4,1,Returning_Visitor,1,0
0,0.0,0,-455.5416219661031,18,521.5,-0.16053632073879748,0.063333333,0.0,0.0,May,2,2,6,6,Returning_Visitor,0,0
0,0.0,0,0.0,-124,58.6,0.0,0.05,0.0,0.0,Jul,1,2,2,1,Returning_Visitor,0,0
-8,0.0,0,0.0,65,3864.428571,-0.16831972147372107,0.19220853062877638,2.7412,0.0,May,2,4,2,1,Returning_Visitor,0,0
3,67.2,0,0.0,46,987.1190476,0.004081633,0.012244898,22.25592956,0.0,Sep,2,2,8,4,Returning_Visitor,0,1
6,407.25,4,67.5,14,195.4166667,0.0,0.030434783,0.0,0.0,Dec,3,2,8,1,Returning_Visitor,0,0
0,-627.4485126752139,3,29.0,41,1652.75,0.013636364,0.035119048,0.0,0.0,May,2,2,4,4,Returning_Visitor,1,0
0,0.0,0,0.0,2,19.0,0.0,0.1,0.0,0.0,May,2,2,1,4,Returning_Visitor,0,0
15,72.04,25,566.2220056591987,24,7832.690425609715,0.007142857,0.23188829894167157,15.70942935,0.0,Aug,2,2,2,2,Returning_Visitor,0,1
1,30.0,0,0.0,7,157.5,0.0,0.025,0.0,0.0,Mar,2,2,3,3,New_Visitor,0,0
4,680.0550265180881,0,0.0,182,183.7083333,0.015384615,0.026666667,0.0,0.0,Dec,1,1,3,2,Returning_Visitor,0,0
1,10.0,0,0.0,5,354.9,0.0,0.06,0.0,0.0,Sep,2,2,5,1,Returning_Visitor,0,0
0,0.0,0,0.0,1,0.0,0.2,0.2,0.0,0.7699905606200478,May,1,1,3,3,Returning_Visitor,0,0
0,0.0,0,0.0,27,406.0,0.064285714,0.079166667,0.0,0.6,May,3,2,1,3,Returning_Visitor,0,0
0,0.0,0,0.0,3,-6246.530854048985,0.0,0.033333333,0.0,-0.6100802436288055,May,2,2,3,2,Returning_Visitor,0,0
8,699.1666667,0,0.0,62,1003.965152,0.009850746,0.039110006,0.0,0.0,Mar,2,4,3,1,Returning_Visitor,0,0
0,625.8151040885436,0,0.0,3,8524.456102593293,0.066666667,0.066666667,0.0,0.0,Mar,3,2,5,1,Returning_Visitor,0,0
-10,0.0,0,0.0,5,62.0,-0.16429502323182923,0.14,0.0,0.0,Mar,3,2,3,1,Returning_Visitor,0,0
8,203.4166667,0,0.0,116,3505.087955,0.0,0.1920520928949887,62.83957669,0.0,Nov,2,2,1,6,Returning_Visitor,0,1
0,0.0,0,545.79751384468,3,64.0,0.0,0.066666667,71.6524706404605,0.0,Mar,3,2,1,1,Returning_Visitor,1,0
0,0.0,25,0.0,5,-5063.044723434327,-0.16023872738408013,0.025,0.0,0.0,Sep,3,2,6,1,Returning_Visitor,0,0
1,7.0,4,103.75,99,3517.039683,0.007189542,0.020421866,0.0,0.0,Nov,2,2,1,8,Returning_Visitor,0,1
1,-468.0564667775186,0,-393.4859680873466,164,1525.666667,0.0,0.006382979,107.2170213,0.0,May,2,2,2,4,Returning_Visitor,0,1
-9,110.0,6,1188.5,-141,9648.177094,0.004444444,0.015486639,3.359435653,-0.5532435421341504,Nov,2,2,1,2,Returning_Visitor,0,0
11,194.575,0,0.0,81,2126.077501,0.011728395,0.02129074,-63.37965065948992,0.0,Nov,3,2,1,2,Returning_Visitor,1,0
0,0.0,0,0.0,28,912.4348485,0.0,0.026839827,0.0,0.0,Nov,2,2,7,2,Returning_Visitor,1,0
-8,0.0,0,0.0,2,66.5,0.0,0.23096807692689303,0.0,0.0,Dec,2,2,9,2,Returning_Visitor,1,0
13,41.2,0,0.0,7,8300.371756758774,-0.14594713349455407,0.2330838098577651,0.0,0.0,Aug,1,1,4,5,New_Visitor,0,0
3,41.2,25,99.8,2,10.0,0.0,0.033333333,0.0,0.0,Nov,1,2,4,2,Returning_Visitor,0,0
13,234.5666667,0,0.0,80,1807.227778,0.016091954,0.0348659,4.192980384,0.0,Jul,4,2,3,13,Returning_Visitor,0,0
0,0.0,0,0.0,31,457.4047799,-0.14387954456870325,-0.1470453962794301,0.0,0.8,May,2,2,7,1,Returning_Visitor,0,0
3,103.8,0,0.0,4,683.4,0.057142857,0.04,0.0,0.0,Aug,3,2,6,1,Returning_Visitor,0,0
0,0.0,0,0.0,12,442.5,0.0,0.008333333,0.0,0.0,Nov,2,2,1,2,New_Visitor,0,0
0,0.0,25,0.0,18,353.0833333,0.022222222,0.05,0.0,0.796274544486119,Nov,1,1,1,2,Returning_Visitor,1,1
0,0.0,0,0.0,2,63.0,0.0,0.05,0.0,0.0,Mar,3,2,1,1,Returning_Visitor,0,0
0,0.0,0,0.0,1,0.0,0.2,0.2,0.0,-0.6572345452108196,May,1,1,3,3,Returning_Visitor,0,0
0,0.0,0,470.6650116043978,31,835.2380952,0.0,0.009811828,0.0,-0.7165420948500755,Dec,2,2,1,10,Returning_Visitor,0,0
0,786.7663206553708,0,564.7215907757171,13,524.0,0.0,0.016666667,45.4642609,0.0,Nov,2,4,9,8,New_Visitor,1,1
-8,254.0,1,39.0,95,4990.959524,0.004123711,0.015307716,5.638103093,0.0,May,2,2,1,6,Returning_Visitor,0,1
2,773.5151492667485,0,0.0,11,223.4666667,0.0,0.20730510412819358,70.81794374032091,0.0,Sep,2,2,3,6,New_Visitor,1,1
6,677.6499795487427,0,-515.5590559061677,29,944.9166667,0.0,0.23280554136330883,49.01914286,0.0,May,2,2,4,2,Returning_Visitor,1,1
0,0.0,0,0.0,-112,0.0,0.1,0.15,0.0,0.0,Nov,2,2,1,13,Returning_Visitor,0,0
0,0.0,25,0.0,36,759.0833333,0.20466594460884538,0.025925926,-52.77007502518781,0.0,Nov,2,2,5,2,Returning_Visitor,1,0
0,0.0,0,0.0,20,1395.258333,0.0,0.011111111,0.0,0.0,Mar,1,1,1,9,New_Visitor,1,0
-8,259.0,1,42.0,18,401.968254,0.0,0.017105263,0.0,0.0,May,1,1,3,3,Returning_Visitor,0,0
0,0.0,0,0.0,28,1344.458333,0.1783740094617498,0.23368829722627737,0.0,0.0,Nov,2,2,7,2,Returning_Visitor,0,0
0,0.0,0,-456.30863771499554,8,710.0,0.0,0.025,45.4895,0.8,May,1,1,6,4,Returning_Visitor,0,1
0,0.0,25,71.0,-132,244.0,0.0,0.023529412,0.0,0.0,May,2,2,1,4,Returning_Visitor,0,0
0,0.0,2,20.0,28,1085.25,0.0,0.01,0.0,0.0,Dec,3,2,1,11,New_Visitor,0,1
0,0.0,0,0.0,1,0.0,0.2,0.2,0.0,0.0,May,2,2,1,4,Returning_Visitor,0,0
14,116.9722222,9,2252.033333,19,1135.880556,0.009677419,0.011841507,0.0,0.0,Jul,3,2,4,2,Returning_Visitor,1,0
-8,501.4833333,0,0.0,97,2293.490129,0.011455734,0.02697054,2.209972688,0.0,Aug,1,1,3,4,Returning_Visitor,0,0
-9,-539.9656851075672,0,-409.7004319792127,3,-5391.2723119898965,0.066666667,-0.14785932248391814,0.0,0.6,May,2,2,1,3,Returning_Visitor,0,0
2,20.0,25,402.0,85,3881.79359,0.00453159,0.039115224,0.0,0.0,Nov,2,2,1,2,Returning_Visitor,0,0
14,0.0,0,0.0,24,7438.242596732475,0.0,0.020833333,0.0,0.0,Nov,2,2,3,2,Returning_Visitor,1,1
10,-498.0231356104965,3,618.0,189,6657.151362,0.010917582,0.022102102,0.0,-0.6284113565230718,May,2,2,2,2,Returning_Visitor,0,0
0,0.0,0,580.202856905767,1,-4852.239601589881,0.2,0.2,0.0,0.0,Dec,2,2,1,3,Returning_Visitor,0,0
0,0.0,1,22.2,16,240.6,0.035294118,0.062352941,73.78715911873712,0.0,Jul,3,2,9,13,Returning_Visitor,0,0
12,244.0,0,0.0,170,142.5,0.2003399149878144,0.011111111,0.0,0.0,May,3,3,4,2,Returning_Visitor,0,0
8,173.4115512,0,0.0,162,5721.800123,0.21151414912455804,0.009090249,17.79812649,0.0,Oct,2,2,1,1,Returning_Visitor,0,0
7,89.9,3,503.35470877321393,58,8309.725865774339,0.0,0.007715618,98.04262564,0.0,May,2,2,1,2,Returning_Visitor,0,0
4,243.68,0,0.0,12,1256.0,0.0,0.01875,76.75172640677914,0.0,June,2,2,3,1,New_Visitor,0,0
0,0.0,0,0.0,2,7676.761365361911,0.0,0.1,0.0,1.0,Feb,2,4,4,2,Returning_Visitor,1,0
9,151.5666667,0,0.0,54,2446.144571,0.17426472624019212,0.009409888,1.943058508,0.0,Nov,3,2,1,3,Returning_Visitor,1,1
3,59.2,25,0.0,9,-4956.503890342649,0.016666667,0.05,65.4873134270423,0.0,Aug,2,5,1,5,Returning_Visitor,0,0
0,0.0,0,0.0,1,0.0,0.2,0.2,0.0,0.0,Mar,1,1,3,3,Returning_Visitor,0,0
3,155.75,1,533.7689502713483,62,-5916.494763836047,0.007070707,0.0254662,17.60269465,0.7781536916901396,Nov,2,4,1,10,Returning_Visitor,1,0
2,32.0,0,-424.54845060586626,7,164.5,0.2134269366917463,0.2355291501911592,0.0,0.4,May,2,2,1,4,Returning_Visitor,0,0
0,0.0,0,0.0,10,232.4,0.2012867044499756,0.0,0.0,-0.6289859017971065,Aug,1,1,3,4,Returning_Visitor,0,0
0,0.0,0,0.0,5,72.0,0.0,0.05,-57.720606009548256,0.0,Dec,3,2,1,2,Returning_Visitor,0,0
0,-467.3155020342997,0,0.0,3,7948.966158581484,0.066666667,0.133333333,0.0,-0.6178027207473682,Aug,2,4,1,1,Returning_Visitor,1,0
0,0.0,0,-441.478398612779,12,544.0,0.0,0.016666667,0.0,0.0,Nov,2,2,2,1,Returning_Visitor,0,0
0,0.0,0,0.0,21,882.75,0.0,0.020408163,0.0,0.0,Dec,2,2,2,2,New_Visitor,1,0
2,31.2,2,468.4,15,1388.0,0.003703704,0.063333333,12.1360201,0.0,Jul,2,2,5,3,Returning_Visitor,1,0
4,211.8,0,0.0,15,-5315.722969428075,0.0,0.00625,0.0,0.0,Nov,1,1,3,2,New_Visitor,0,0
6,143.5142857,0,0.0,183,1359.957586,0.001612903,0.003655914,32.88667049,0.0,Dec,2,2,2,2,Returning_Visitor,0,0
0,0.0,0,-438.5882530198163,45,2347.333333,0.004545455,0.015909091,0.0,0.0,Nov,2,4,1,1,Returning_Visitor,0,0
8,-543.4646766752704,1,477.9637744022232,56,-5030.130986677848,0.003278689,-0.11336878673414992,0.0,0.0,Nov,3,2,3,2,Returning_Visitor,1,0
0,0.0,25,0.0,5,47.0,0.0,-0.12704173307419597,-50.770693975205276,0.0,Nov,2,2,3,3,Returning_Visitor,0,0
15,64.4,0,459.07834347059685,5,47.3,0.0,0.022222222,45.82834797,0.0,Sep,2,2,1,3,Returning_Visitor,0,1
0,0.0,0,0.0,1,0.0,0.2,0.2,0.0,0.0,Mar,2,4,1,1,Returning_Visitor,1,0
0,0.0,0,0.0,7,1689.0,0.028571429,0.085714286,0.0,0.7292117117746124,May,2,2,3,3,Returning_Visitor,0,0
13,-596.902118189378,2,54.4,165,1390.40359,0.017021277,0.023262411,0.0,0.0,Jul,3,2,7,13,Returning_Visitor,1,0
0,-465.5108079460472,0,0.0,8,247.5,0.0,0.00952381,0.0,0.0,Nov,2,2,9,2,New_Visitor,0,1
14,0.0,0,0.0,1,0.0,0.2,0.2,0.0,0.0,Mar,3,2,3,1,Returning_Visitor,0,0
12,730.9226348823711,2,34.0,140,4817.369546,0.18662955636333786,0.009552573,11.97037051,0.0,Nov,2,2,9,2,Returning_Visitor,0,0
0,0.0,0,497.97454502743085,1,-6352.308808888929,0.2,0.2,0.0,0.0,May,2,2,4,1,Returning_Visitor,0,0
0,0.0,25,0.0,10,-4900.010643996632,0.0,-0.13250391139343343,0.0,0.0,May,2,6,2,2,Returning_Visitor,0,0
4,62.5,0,0.0,53,1840.369156,0.007407407,0.023148148,63.13526988954712,-0.653883328320684,Dec,1,1,2,2,Returning_Visitor,0,1
2,94.0,25,4.0,264,8669.261278966347,0.006289308,0.23828096961339468,0.0,0.0,Nov,2,2,1,2,Returning_Visitor,0,1
6,580.3333333,0,0.0,43,1326.107143,0.018367347,0.018160173,0.0,0.0,Nov,1,1,3,2,Returning_Visitor,0,1
0,0.0,0,0.0,187,304.3333333,0.0,0.033333333,0.0,0.0,May,1,1,1,2,New_Visitor,1,0
0,0.0,0,0.0,19,725.3333333,0.010526316,0.023157895,0.0,0.0,May,2,2,3,4,Returning_Visitor,0,0
5,69.5,4,536.2624078350574,-110,2839.75,0.0,0.006593407,6.281494505,0.0,May,2,4,9,2,New_Visitor,0,0
0,0.0,2,23.0,4,57.75,0.0,0.066666667,-57.43168119518174,0.0,Nov,2,5,3,1,Returning_Visitor,0,0
0,0.0,0,0.0,11,118.6666667,-0.16374877590945008,-0.10357096599062433,-53.57591377554491,0.0,May,2,2,2,3,Returning_Visitor,0,0
3,70.5,0,0.0,44,737.1819347,0.005581395,0.023137121,75.88528209726663,0.0,Nov,1,1,4,1,Returning_Visitor,1,0
1,-489.7916427136746,1,47.0,173,224.5,0.0,0.014285714,0.0,0.0,Mar,1,1,1,8,New_Visitor,0,0
-9,0.0,0,0.0,17,639.7566667,0.0,0.011764706,63.45892077,0.0,Oct,2,2,3,4,New_Visitor,0,1
2,113.75,4,125.0,20,933.55,0.008333333,0.23556488269493217,-61.97177630431521,0.0,Dec,3,2,3,2,Returning_Visitor,0,0
1,15.1,0,0.0,199,248.05,0.0,0.01875,0.0,0.0,Sep,3,2,4,4,New_Visitor,0,0
1,11.0,0,0.0,169,0.0,0.0,0.1,0.0,0.0,Aug,2,6,1,3,Returning_Visitor,0,0
1,-598.6401986548013,0,0.0,7,-5164.926486200133,0.0,0.028571429,0.0,0.0,May,3,2,1,4,Returning_Visitor,1,0
0,0.0,0,0.0,5,60.0,0.0,0.053333333,0.0,0.0,Dec,2,2,1,20,Returning_Visitor,0,0
0,0.0,0,0.0,9,58.0,0.155555556,0.2056258619626057,62.445277162664866,0.0,May,1,1,1,3,Returning_Visitor,1,0
0,0.0,2,86.0,5,86.0,0.0,0.057142857,0.0,0.0,Nov,1,1,1,3,Returning_Visitor,0,0
0,0.0,25,-514.1464808333642,32,-4543.269039276885,0.027083333,0.038541667,73.40889721644194,0.0,May,3,2,3,2,Returning_Visitor,0,0
1,9.0,0,0.0,32,-4555.826933682038,0.0,0.00058651,0.0,0.6701614763372628,Mar,2,2,1,3,Returning_Visitor,0,0
0,0.0,0,0.0,7,178.25,0.028571429,0.057142857,0.0,0.0,Dec,2,10,6,3,Returning_Visitor,0,0
0,0.0,0,0.0,69,2077.806007,0.20662692158673,0.018561873,0.0,-0.5431337337245264,Nov,2,2,4,2,Returning_Visitor,0,0
12,0.0,1,30.5,14,327.0,0.013333333,0.2212889735317755,0.0,0.0,Nov,1,1,4,3,Returning_Visitor,0,0
0,0.0,0,0.0,-104,143.0,0.0,0.028571429,0.0,0.0,Nov,2,5,2,3,Returning_Visitor,0,0
0,0.0,1,597.0622572356345,21,564.5,0.0,0.042965368,0.0,0.8,May,3,3,2,1,Returning_Visitor,0,0
0,0.0,0,0.0,3,903.0,0.20480250761852137,0.066666667,0.0,0.0,Mar,2,2,1,1,Returning_Visitor,0,0
2,63.25,25,0.0,7,460.75,0.022222222,0.037037037,0.0,0.0,Dec,3,2,3,2,Returning_Visitor,0,0
0,0.0,0,0.0,1,0.0,0.2,0.2,0.0,0.0,Nov,1,1,3,2,Returning_Visitor,0,0
12,760.9271217824102,0,478.5978130614931,65,2130.447802,0.21006998994791115,-0.12104429596754614,62.35274049630337,0.0,Nov,3,2,1,1,Returning_Visitor,0,0
0,0.0,0,0.0,39,964.0705128,0.020512821,-0.13073990731293114,0.0,0.0,May,2,2,1,4,Returning_Visitor,0,0
1,383.8,25,0.0,11,92.4,0.0,-0.10345172996906937,0.0,0.0,Jul,2,2,9,2,New_Visitor,0,0
0,0.0,25,0.0,4,81.0,-0.14179382044385197,0.05,0.0,0.4,May,2,4,2,4,Returning_Visitor,0,0
1,27.2,0,0.0,71,1722.721127,0.200945855866487,0.034027778,0.0,0.0,Jul,2,2,7,1,Returning_Visitor,1,0
3,86.0,0,0.0,27,-5403.950651547089,0.017241379,0.031034483,62.782011485515135,0.7177489348523115,Dec,2,5,4,2,Returning_Visitor,0,0
4,135.6666667,0,0.0,28,615.8166667,0.007407407,-0.12645925770478966,0.0,0.0,May,1,1,1,4,Returning_Visitor,0,0
-7,78.64980843,25,0.0,117,4185.096695,0.024119241,-0.10365104454201013,2.427453927,0.0,Jul,2,2,1,1,Returning_Visitor,0,1
4,43.5,0,0.0,39,930.3,-0.13286603174855907,0.010997732,0.0,0.0,Mar,4,5,1,3,Returning_Visitor,1,0
4,57.0,25,0.0,10,497.1,0.0,0.009848485,0.0,0.0,May,1,1,8,2,Returning_Visitor,0,0
0,0.0,25,0.0,9,257.9,0.011111111,0.044444444,0.0,0.0,June,1,1,1,20,Returning_Visitor,1,0
2,39.4,25,-406.7009439004515,40,673.65,0.0,0.014634146,23.76322043,-0.7136997911511176,Nov,4,2,6,3,Returning_Visitor,1,1
0,0.0,0,0.0,11,200.85,0.2131776085284577,0.047107438,0.0,0.6817652825481444,Mar,1,1,2,1,Returning_Visitor,0,0
0,-499.63415329492966,0,0.0,2,4.0,0.0,0.1,0.0,0.8,May,2,5,4,1,Returning_Visitor,0,0
2,58.0,5,115.0,71,1563.930952,0.006578947,0.017192982,0.0,0.8,May,3,2,1,4,Returning_Visitor,0,0
8,217.4,2,67.4,175,428.3,0.0,0.007142857,0.0,0.783161563768354,Sep,2,4,4,5,New_Visitor,0,0
7,201.5625,1,584.7459432188687,95,5696.165963,0.004081633,0.023369348,19.34978396,0.0,Nov,2,4,3,10,Returning_Visitor,0,1
0,0.0,0,0.0,-105,162.0,0.05,0.066666667,0.0,-0.6874659949753702,Feb,1,1,1,3,Returning_Visitor,0,0
0,0.0,25,0.0,15,814.0,0.030769231,0.053846154,0.0,0.0,Nov,1,8,7,1,Returning_Visitor,0,0
13,0.0,0,0.0,9,597.0,0.18676593372301392,0.144444444,0.0,0.2,May,2,4,6,3,Returning_Visitor,0,0
6,145.0,25,199.0,40,1834.166667,0.0,0.006734694,49.47040982,0.0,Mar,2,5,3,2,Returning_Visitor,0,1
12,311.4090909,0,0.0,96,4233.4807,0.006635802,0.027174712,3.541145833,0.0,Mar,2,4,1,1,Returning_Visitor,1,0
0,-462.7514941151028,25,0.0,91,2056.106981,0.008888889,0.023937057,0.0,0.0,Nov,2,2,1,2,Returning_Visitor,1,0
0,0.0,0,0.0,-142,182.5,0.085714286,0.076190476,0.0,-0.6255444000541815,Nov,3,2,3,13,Returning_Visitor,0,0
1,81.6,0,0.0,184,107.2,0.17271603629991655,0.027272727,0.0,0.0,Oct,2,2,3,20,Returning_Visitor,0,0
0,0.0,0,-502.44513730610436,5,66.0,0.0,0.053333333,0.0,0.0,Mar,1,2,3,3,Returning_Visitor,0,0
3,11.66666667,0,0.0,39,557.2452381,0.028947368,0.052076023,0.0,0.6,May,3,2,3,13,Returning_Visitor,0,0
4,206.25,25,0.0,16,572.65,0.1820801703236646,-0.1119070123288517,10.17711218,0.0,Sep,3,2,1,4,Returning_Visitor,1,1
0,0.0,1,13.0,116,4097.403993,0.016480331,0.022530582,0.0,0.0,Dec,3,2,1,13,Returning_Visitor,0,0
-7,118.1785714,2,91.5,162,5399.231269,0.21606703526115276,0.014667832,14.77221948,0.0,Nov,2,2,4,10,Returning_Visitor,0,1
0,0.0,25,0.0,21,979.0166667,0.0,0.021,0.0,0.0,May,2,2,1,4,Returning_Visitor,0,0
0,0.0,0,0.0,7,368.5,0.0,0.057142857,0.0,0.0,May,2,2,1,2,Returning_Visitor,0,0
6,47.3,0,-447.6963819763452,-106,858.2,0.0,-0.14682263278996258,0.0,0.0,Oct,4,1,3,5,New_Visitor,0,1
14,213.3916667,25,0.0,32,1350.391667,0.0,0.017877551,0.0,-0.6337578831482253,Mar,2,2,1,8,Returning_Visitor,1,0
0,0.0,0,0.0,4,403.0,0.05,-0.12187053767633725,0.0,0.0,May,1,1,1,15,Returning_Visitor,1,0
7,440.5833333,0,0.0,48,1777.702381,0.0,0.021538462,14.74449646,0.0,Dec,2,2,1,2,Returning_Visitor,0,0
-10,42.0,0,0.0,16,602.0,0.014705882,0.044117647,0.0,0.0,May,2,2,1,3,Returning_Visitor,0,0
5,232.4,0,0.0,6,190.4,0.042857143,0.061904762,0.0,0.0,May,1,1,1,3,Returning_Visitor,1,0
3,86.6,0,0.0,41,1678.4,0.031060606,0.046893939,0.0,0.0,June,2,2,1,1,Returning_Visitor,0,0
1,0.0,0,580.0275922471469,205,261.6666667,0.071428571,0.125714286,0.0,0.0,June,3,2,2,4,Returning_Visitor,0,0
14,0.0,25,0.0,10,7080.549745863501,0.0,0.22290028636915105,0.0,0.0,Nov,2,2,9,2,New_Visitor,1,0
-9,3.0,0,0.0,17,1217.430556,0.0,0.0125,0.0,-0.5899774754851624,May,2,5,1,4,Returning_Visitor,0,0
11,196.15,0,-517.4245871338102,141,2623.580864,0.0,0.004244028,12.50786523,0.70328942648696,Nov,2,2,6,2,Returning_Visitor,0,0
0,0.0,25,0.0,2,37.0,0.0,0.21891914103834037,0.0,0.8,Feb,2,2,2,3,Returning_Visitor,0,0
0,674.6088942035177,0,0.0,0,0.0,0.2,0.2,0.0,0.0,Nov,1,1,9,3,Returning_Visitor,0,0
3,16.0,0,0.0,189,207.0,0.0,0.015384615,0.0,0.0,Mar,2,2,2,3,Returning_Visitor,0,0
14,1251.2,7,250.0,185,23888.81,0.009900332,0.027062016,1.033757336,0.0,Sep,2,2,4,13,Returning_Visitor,0,0
-9,0.0,0,493.18172720015605,-132,313.25,0.013333333,0.033333333,0.0,0.0,Nov,2,2,3,10,Returning_Visitor,0,0
0,0.0,25,0.0,36,5300.291667,0.0,0.005714286,0.0,0.0,Nov,2,4,6,2,Returning_Visitor,0,0
0,0.0,0,0.0,10,267.25,0.0,0.011111111,0.0,0.0,Dec,2,4,7,2,New_Visitor,1,0
0,0.0,25,510.03594907264693,37,856.2,0.052252252,0.23184258673794889,0.0,0.0,Sep,2,2,2,1,Returning_Visitor,0,0
0,0.0,0,589.2921213643893,-137,632.0,0.028571429,0.042857143,0.0,0.0,May,2,2,3,3,Returning_Visitor,0,0
2,33.4,25,0.0,35,1795.925,0.0,0.01,0.0,0.0,Nov,2,2,1,3,Returning_Visitor,0,0
9,410.55,0,0.0,57,2791.060635,0.0,0.006917563,77.47892079978067,0.0,Oct,2,2,3,2,Returning_Visitor,0,0
0,0.0,0,0.0,8,-5234.69483708175,0.025,0.0375,0.0,0.0,May,3,2,1,4,Returning_Visitor,0,0
14,711.9630393332437,0,0.0,10,83.41666667,0.0,0.022222222,0.0,0.0,Nov,1,1,1,2,Returning_Visitor,1,0
2,63.5,0,0.0,12,222.5,0.0,0.007142857,0.0,0.0,Dec,2,10,3,2,New_Visitor,1,0
-9,56.0,25,0.0,11,191.0,0.1973782053916833,0.018181818,0.0,0.0,May,2,2,2,4,New_Visitor,1,0
2,305.125,3,368.25,27,1121.25,0.02,0.042857143,39.51980679,-0.5868062316289069,Dec,3,2,1,2,Returning_Visitor,0,0
0,0.0,25,0.0,5,82.0,0.0,0.04,0.0,0.0,Nov,2,2,9,8,Returning_Visitor,0,0
0,0.0,0,0.0,1,0.0,0.2,0.2,0.0,0.0,Nov,2,4,1,3,Returning_Visitor,0,0
0,0.0,0,0.0,25,1229.25,0.1844039542132223,0.038133333,0.0,1.0,May,3,2,3,4,Returning_Visitor,1,0
2,73.0,0,0.0,11,327.6666667,0.033333333,0.033333333,0.0,0.2,May,3,2,3,13,Returning_Visitor,0,0
1,-526.9902531716468,0,0.0,194,405.7095238,0.010743802,0.047002635,0.0,0.0,Feb,1,1,1,4,Returning_Visitor,0,0
14,0.0,0,0.0,12,976.2,0.016666667,0.041666667,-55.45711200824427,0.0,Mar,2,2,7,1,Returning_Visitor,0,0
0,0.0,0,0.0,15,1134.455556,0.0,0.001333333,30.30681247,0.0,Dec,2,4,1,2,Returning_Visitor,0,1
1,-510.57483200035745,0,0.0,-137,137.6,-0.13093307371059038,0.013333333,0.0,0.0,Oct,2,2,3,1,Returning_Visitor,0,0
1,18.25,0,0.0,-127,2796.316667,0.005185185,0.019584736,0.0,0.0,Nov,2,2,1,6,Returning_Visitor,0,0
1,154.5,0,0.0,9,308.3333333,0.0,0.0125,-63.94104787271758,-0.6488182633368529,Nov,1,2,2,10,Returning_Visitor,1,0
0,0.0,1,1411.0,1,-6095.740695220194,0.0,-0.13762852249942112,0.0,0.836071794588678,Mar,2,2,1,2,Returning_Visitor,0,0
3,67.4,0,0.0,4,51.3,0.0,0.028571429,0.0,0.0,Oct,2,2,1,2,New_Visitor,1,0
0,0.0,0,0.0,-104,1903.601743,0.003151515,0.029314358,0.0,0.0,Dec,1,1,3,1,Returning_Visitor,0,0
-7,-545.2601559290104,25,0.0,10,177.5833333,0.0,0.018181818,0.0,0.0,Nov,4,2,7,2,Returning_Visitor,0,0
0,0.0,0,0.0,24,783.375,0.0,0.004166667,15.75636267,0.0,Nov,1,1,4,3,Returning_Visitor,0,1
2,-501.8988519526815,2,148.1,39,8194.906534325592,0.004761905,0.012857143,26.41021956,0.0,Oct,1,1,3,2,Returning_Visitor,0,0
0,0.0,0,590.6251559140976,41,817.7958109,0.034492302,0.05715957,-50.723996883763434,0.0,June,3,2,1,13,Returning_Visitor,0,0
3,119.0,0,-391.3579450976978,41,1282.5,0.0,0.007142857,0.0,0.7680969209707659,Mar,2,6,2,2,New_Visitor,0,0
0,0.0,2,18.0,1,0.0,0.066666667,0.22494327698951316,0.0,0.0,Nov,1,1,1,2,Returning_Visitor,0,0
0,0.0,25,0.0,81,2071.0,0.012345679,0.025308642,79.93971014542636,0.6,May,1,8,3,2,Returning_Visitor,0,0
3,36.0,2,16.0,74,4377.708157,0.02,0.029308735,0.0,0.0,Nov,1,2,3,2,Returning_Visitor,0,1
0,-624.4604300635799,0,590.0696498937809,3,29.0,0.0,0.066666667,0.0,0.0,May,2,2,1,4,Returning_Visitor,1,0
0,0.0,0,0.0,2,689.0,0.18901584569435678,0.1,0.0,0.0,May,2,2,3,2,New_Visitor,0,0
15,168.429198,2,10.0,98,2806.829918,0.01314475,0.039029125,0.546128304,0.0,May,2,2,3,2,Returning_Visitor,1,0
2,29.0,0,0.0,2,-5938.790021068911,0.0,0.066666667,0.0,0.0,May,2,2,3,6,Returning_Visitor,1,0
4,64.33333333,1,13.0,27,8555.688817318056,0.1823697113948226,0.018226601,3.691344828,0.0,Mar,1,4,1,8,New_Visitor,0,1
5,130.3333333,25,68.0,57,2660.245238,-0.1567441918098102,0.003954802,59.1244678,0.0,May,1,1,6,4,Returning_Visitor,0,0
0,0.0,0,0.0,64,1298.20326,0.003125,-0.1433053370545635,0.0,0.0,Jul,1,1,3,4,Returning_Visitor,0,0
0,0.0,0,0.0,2,7.0,0.0,0.1,0.0,0.8,May,1,1,1,3,Returning_Visitor,0,0
3,86.6,0,0.0,35,596.0333333,0.0,0.005263158,0.0,0.0,Oct,2,5,1,2,New_Visitor,0,0
9,443.2916667,1,0.0,74,3615.889239,0.007028112,0.016930138,1.119759036,0.8,May,2,2,3,1,Returning_Visitor,0,0
3,89.75,2,16.0,36,1751.847727,0.005263158,0.23530527941463442,0.0,0.696603299984592,Nov,2,2,7,1,Returning_Visitor,0,0
7,397.8333333,0,0.0,28,1249.628205,0.0,0.015053763,0.0,0.0,May,3,2,7,6,Returning_Visitor,0,0
0,0.0,0,0.0,111,3971.515278,0.009009009,0.024725635,0.0,0.0,Nov,2,2,1,2,Returning_Visitor,0,0
4,74.0,0,0.0,37,2517.048459,0.005128205,0.019615385,0.0,0.0,Mar,3,2,2,1,Returning_Visitor,1,0
0,758.7595943020809,0,0.0,7,280.5,0.0,0.028571429,0.0,0.0,Feb,1,1,1,3,Returning_Visitor,0,0
0,0.0,0,0.0,19,536.2666667,0.044736842,0.068170426,0.0,0.0,May,2,2,6,6,Returning_Visitor,0,0
6,51.0,0,0.0,26,7899.576550071755,0.007407407,0.012345679,0.0,0.0,May,2,2,1,4,Returning_Visitor,0,0
0,624.1796415784197,0,0.0,194,0.0,0.2,0.2,0.0,0.0,Oct,2,5,1,20,Returning_Visitor,0,1
1,-584.3828459175211,0,0.0,26,531.5,0.007692308,-0.14256109410380158,44.92362122,0.0,Nov,2,2,3,2,Returning_Visitor,0,0
1,15.0,1,0.0,-106,969.15,0.001092896,0.027790788,0.0,0.0,May,2,2,3,2,Returning_Visitor,0,0
3,58.4,0,0.0,11,267.3,0.0,0.016666667,0.0,0.0,Nov,2,2,4,2,New_Visitor,1,0
14,0.0,0,0.0,1,8477.837443739463,0.2,0.2,63.28081309481203,0.0,May,4,1,1,5,Returning_Visitor,0,0
2,8.0,2,90.2,13,1286.050476,0.0125,0.019886364,0.0,0.0,Aug,2,2,3,2,Returning_Visitor,0,0
0,-458.68448752148674,0,503.93454641621815,5,197.0,-0.1594053389463998,0.06,0.0,0.0,May,2,2,7,3,Returning_Visitor,1,0
6,98.0,25,0.0,12,-5379.698906784655,0.019444444,0.032222222,0.0,0.0,Mar,1,2,1,2,Returning_Visitor,1,0
0,0.0,0,0.0,2,0.0,0.2,0.23602257435821714,0.0,0.0,May,1,1,3,3,Returning_Visitor,0,0
15,76.0,0,0.0,40,1209.802992,0.004878049,-0.11497877235771116,0.0,0.0,Mar,1,1,2,2,Returning_Visitor,0,0
-8,191.0,0,-464.0835090714979,45,2171.174592,0.0,0.017931489,0.0,0.4,May,2,4,7,6,Returning_Visitor,0,0
0,0.0,0,0.0,1,0.5,0.0,0.066666667,0.0,0.0,Dec,2,2,4,13,Returning_Visitor,0,0
3,107.4,0,0.0,14,382.0333333,0.0,0.021428571,0.0,0.0,Dec,2,2,1,1,Returning_Visitor,0,0
0,0.0,25,0.0,-132,135.5,0.0,0.05,0.0,0.6,Feb,2,2,1,2,Returning_Visitor,0,0
2,9.0,1,201.0,33,1593.388889,0.21735148076431718,0.22209625459150487,69.41792574811716,0.0,Mar,2,2,1,1,Returning_Visitor,1,0
12,0.0,25,0.0,181,-6182.065309042039,0.2,0.2,0.0,0.0,Mar,2,2,4,1,Returning_Visitor,0,0
0,0.0,0,0.0,3,-5045.400307133864,0.18691140972013637,0.133333333,0.0,0.0,May,2,2,3,4,Returning_Visitor,0,0
2,730.4171438627507,0,598.3067717385629,6,192.5,0.183601322875449,0.075,0.0,0.6,May,3,2,6,2,Returning_Visitor,0,0
13,0.0,0,0.0,26,1026.75,0.0,0.022222222,-52.046024517324014,0.2,May,2,2,1,3,Returning_Visitor,0,0
0,-581.4791618268691,0,0.0,8,135.25,0.0,0.05,0.0,0.0,Nov,2,2,9,1,Returning_Visitor,0,0
5,140.6,0,0.0,16,423.5,0.0125,0.0125,0.0,0.0,Aug,3,2,1,3,Returning_Visitor,1,0
15,0.0,0,0.0,58,2498.029762,0.020689655,0.046264368,0.0,0.4,May,2,6,3,20,Returning_Visitor,0,0
-9,21.0,0,0.0,17,256.95,0.0,0.02,0.0,0.0,Nov,2,4,1,8,New_Visitor,1,1
14,243.1666667,0,0.0,34,-4923.611804816518,0.18312687329963237,0.016216216,0.0,0.0,Dec,4,5,3,1,Returning_Visitor,0,0
2,306.0,0,0.0,14,964.5,0.0,0.030952381,0.0,0.0,Mar,2,2,4,1,Returning_Visitor,0,0
0,0.0,0,0.0,199,965.8333333,0.0,0.01875,0.0,0.0,May,2,2,1,3,Returning_Visitor,0,0
6,105.5,25,0.0,81,2961.483333,0.007058824,0.026666667,0.0,0.0,May,2,2,5,4,Returning_Visitor,0,0
13,493.75,0,0.0,22,1525.0,0.008,0.018666667,25.00423187,0.0,Dec,3,2,1,1,Returning_Visitor,1,1
0,0.0,0,0.0,6,192.0833333,0.2136815182985236,0.035555556,0.0,-0.7007177991211622,Nov,3,2,1,2,Returning_Visitor,0,0
2,26.66666667,0,0.0,79,2619.109709,0.016315049,0.020747988,0.0,0.0,Nov,1,1,3,10,Returning_Visitor,1,0
8,288.0875,0,0.0,186,326.9277778,-0.15913592186609238,-0.13013398104767998,0.0,-0.6719390670144327,Dec,3,2,1,1,Returning_Visitor,1,0
0,0.0,0,0.0,-119,0.0,0.2,0.2,0.0,0.0,Jul,2,2,4,13,Returning_Visitor,0,0
3,154.0,25,107.0,58,1978.214286,-0.15767466946247652,0.000409836,0.0,0.6,May,2,5,3,2,New_Visitor,0,0
-8,16.0,0,0.0,16,381.6865079,0.011764706,0.046568627,0.0,0.6,Feb,2,4,2,1,Returning_Visitor,0,0
5,222.75,0,587.3836659952092,169,7858.570477475672,0.011764706,0.025098039,0.0,0.0,Dec,1,1,2,1,Returning_Visitor,0,0
3,94.6,25,0.0,1,4.0,0.0,0.05,-52.40863766501249,0.0,Jul,2,2,1,2,New_Visitor,0,0
0,0.0,0,0.0,3,158.0,0.033333333,0.033333333,0.0,0.0,Dec,1,1,1,3,New_Visitor,0,0
0,-605.2925538366927,0,0.0,5,7618.5356151146025,0.0,0.036,0.0,0.0,Mar,2,2,1,2,Returning_Visitor,1,0
3,29.2,25,0.0,17,-5129.392282170108,0.022222222,0.033333333,71.52319552995381,0.0,June,1,1,6,3,Returning_Visitor,0,1
-8,0.0,0,0.0,3,-5158.730714856146,0.0,0.066666667,0.0,0.0,Mar,2,4,1,7,Returning_Visitor,0,0
0,-486.8798861871012,0,-425.4348421777256,-99,1750.371795,0.021367521,0.23663810657087858,0.0,0.0,Aug,1,1,1,6,Returning_Visitor,0,0
0,0.0,0,-394.9321069899146,-138,75.5,0.17651834526041812,0.066666667,0.0,-0.5631539172236445,Dec,3,2,4,2,Returning_Visitor,1,0
0,0.0,0,0.0,4,32.0,0.0,0.075,0.0,0.0,Mar,3,2,6,1,Returning_Visitor,0,0
-8,618.0666667,25,0.0,50,1342.083333,0.0,0.004385965,28.06804986,0.0,June,2,2,6,11,New_Visitor,0,1
4,118.8,0,581.8946109739376,172,805.5,0.0,0.033333333,0.0,0.0,Oct,1,1,9,3,Returning_Visitor,0,0
0,0.0,0,0.0,30,717.4666667,0.006666667,0.02,0.0,0.7306405087886374,Jul,2,5,1,3,Returning_Visitor,0,0
3,171.0,0,-447.3640165231386,31,-5194.809429807269,0.0,0.008823529,0.0,0.0,Dec,2,2,1,20,Returning_Visitor,0,0
3,-583.6511825282362,0,0.0,2,-4825.570766857427,0.0,0.05,0.0,0.0,Dec,8,13,9,20,Other,0,0
6,245.9333333,2,15.2,27,1333.8,0.17310036368802706,0.029032258,4.945717395,0.0,Nov,2,2,9,6,Returning_Visitor,0,0
-10,0.0,25,3.0,39,1174.666667,0.01,0.040833333,-51.08220762732308,0.0,Nov,2,2,1,2,Returning_Visitor,0,0
1,18.0,0,552.8431940116945,24,1332.25,0.0,0.2174289585622207,0.0,0.0,Dec,2,2,1,2,New_Visitor,0,0
0,0.0,0,0.0,8,272.9,0.05,0.075,77.25927011453146,0.0,Oct,1,1,1,1,New_Visitor,0,0
0,0.0,0,0.0,6,106.5,0.0,0.033333333,0.0,0.0,May,1,1,1,3,Returning_Visitor,0,0
0,0.0,0,0.0,49,2110.124603,0.2076716410054078,0.004081633,63.520763273684516,0.8463947449155743,Nov,2,2,1,10,Returning_Visitor,0,1
0,0.0,0,0.0,42,2385.666667,0.18080184358165347,0.035833333,0.0,0.0,Jul,2,5,7,1,Returning_Visitor,0,0
11,233.475,0,0.0,118,4251.208187,0.0,0.012659622,69.32455711212998,0.0,Nov,2,2,1,2,Returning_Visitor,0,1
2,213.5,0,0.0,6,108.9166667,0.0,0.025,-61.252393407719694,0.0,Dec,1,1,1,2,New_Visitor,1,0
3,26.0,0,0.0,20,384.8,0.0,0.027272727,0.0,-0.635271138664321,Jul,2,4,1,4,Returning_Visitor,0,1
0,0.0,0,0.0,27,867.7777778,0.17187469530967292,0.004487179,0.0,0.0,Dec,2,2,3,1,New_Visitor,0,0
12,52.0,0,0.0,-108,2145.563492,0.011403509,-0.13927066988368375,13.11733918,0.0,May,2,2,1,14,Returning_Visitor,0,1
0,0.0,0,0.0,1,8114.801821179849,-0.15170621248790017,0.1,0.0,0.0,Dec,8,13,9,20,Other,0,0
14,14.5,5,1007.5,26,672.875,0.20962790479468751,0.032352941,0.0,0.0,Nov,2,2,3,1,Returning_Visitor,0,0
0,0.0,25,0.0,8,117.8,0.15,0.15,0.0,0.0,June,1,1,3,3,Returning_Visitor,1,0
8,117.5,0,0.0,8,104.5,0.0,0.016666667,-62.91171993357439,0.0,Nov,1,1,2,2,Returning_Visitor,1,1
0,0.0,0,0.0,73,1209.761905,0.002816901,0.007668232,0.0,0.0,May,2,4,3,1,Returning_Visitor,1,0
1,39.2,2,120.8,7,80.5,0.0,0.01,0.0,0.0,Nov,3,2,4,2,New_Visitor,1,0
2,82.6,6,316.0,34,1446.733333,0.0,0.002439024,0.0,0.0,Oct,4,1,4,2,New_Visitor,1,0
7,163.6666667,25,0.0,8,8374.559779824005,0.015384615,0.023076923,0.0,-0.5771720604886372,Mar,3,2,6,11,New_Visitor,1,0
9,162.05,0,0.0,167,399.6939394,0.21114182997442466,0.009195402,0.0,0.0,Mar,1,1,7,2,New_Visitor,0,0
0,0.0,0,-405.04144692859126,-141,1092.333333,0.025,0.1953403494344934,0.0,0.0,Dec,2,2,5,1,Returning_Visitor,0,0
-9,-479.6853178231898,1,0.0,33,668.0333333,0.1804014014373707,0.018119658,0.0,-0.6955529542579244,Aug,2,4,7,2,New_Visitor,1,0
1,31.0,25,0.0,6,25.5,0.066666667,0.083333333,0.0,0.0,Mar,3,2,3,1,Returning_Visitor,0,0
8,149.5,0,-434.5137820670584,55,2598.991667,0.003278689,0.008196721,61.861116447322104,0.0,May,2,4,8,2,Returning_Visitor,1,0
10,60.7,1,110.25,75,8437.756885488372,0.005063291,0.021603376,0.0,0.0,Dec,2,2,4,1,Returning_Visitor,0,0
0,-620.7709465254751,0,0.0,3,35.0,0.066666667,0.198031889580387,0.0,0.6,May,1,1,3,3,Returning_Visitor,0,0
2,24.2,25,0.0,8,530.0,0.0,0.044444444,0.0,-0.572219319132189,Aug,1,8,1,2,Returning_Visitor,0,0
8,211.9642857,0,0.0,26,1382.66514,0.017283951,0.02287478,0.0,0.6,May,3,2,7,4,Returning_Visitor,0,0
-10,165.1333333,0,0.0,163,3220.336667,0.004597701,0.01954023,0.0,0.7834972625961059,June,2,5,8,1,Returning_Visitor,0,1
11,225.5,25,258.25,40,1352.833333,-0.16244705157786948,0.015733333,64.43006217575581,0.0,Dec,3,2,1,2,Returning_Visitor,1,0
4,793.5,0,0.0,61,2440.473611,0.00625,0.014867424,12.58179402,0.0,Nov,3,2,9,2,Returning_Visitor,1,0
10,263.3583333,0,0.0,69,3416.279167,0.012004662,0.019056732,0.0,0.0,Nov,3,2,1,2,Returning_Visitor,0,1
4,323.5,25,-489.7964973878578,10,320.75,0.0,0.015384615,0.0,-0.5595288945303643,Nov,2,2,6,2,New_Visitor,0,0
-9,101.0833333,0,0.0,179,349.1166667,0.006060606,0.023484848,39.41924911,0.8587810929526997,Aug,2,4,3,4,Returning_Visitor,0,0
-9,188.0,0,0.0,22,8547.550991756496,0.0,0.008,0.0,0.2,May,2,2,3,2,New_Visitor,0,0
0,0.0,0,504.4981867595286,7,297.0,0.028571429,0.071428571,0.0,-0.5784385767502127,May,1,1,1,1,Returning_Visitor,0,0
14,0.0,0,0.0,2,22.0,0.0,0.1,0.0,0.0,Mar,2,2,3,1,Returning_Visitor,0,0
10,261.5,25,406.0,60,3121.283333,0.002857143,0.010935374,-50.592941349348095,0.4,May,3,2,3,6,Returning_Visitor,0,0
0,0.0,0,0.0,18,415.2738095,0.005882353,0.028921569,0.0,0.0,Nov,2,10,7,10,Returning_Visitor,0,0
2,67.5,2,100.2,17,7983.541063315781,0.026315789,-0.1385807268392036,0.0,0.0,Nov,2,2,2,2,Returning_Visitor,0,0
0,0.0,0,0.0,24,272.0,0.056,0.090666667,0.0,0.8,May,3,2,3,4,Returning_Visitor,0,0
1,5.0,0,0.0,9,95.3,0.0,0.02,0.0,0.0,May,2,2,2,3,Returning_Visitor,0,0
0,0.0,0,0.0,16,7469.037677564168,0.0,0.0125,77.18639346241868,0.0,Sep,4,1,1,4,New_Visitor,0,1
0,0.0,25,0.0,16,-4889.779766410054,0.1,0.125,0.0,0.0,Aug,3,2,3,13,Returning_Visitor,0,0
0,0.0,0,0.0,188,0.0,0.1,0.2,0.0,0.0,Jul,2,2,2,5,New_Visitor,1,0
15,-568.4642957518837,0,0.0,4,7005.844682802668,0.0,0.075,0.0,0.0,Feb,4,2,2,3,Returning_Visitor,0,0
0,0.0,0,0.0,1,0.0,0.2,0.2,0.0,0.0,Dec,2,2,2,2,Other,0,0
1,11.0,0,0.0,20,285.6666667,0.0,-0.12091009433167318,-51.99673755317069,-0.7176600803915278,May,2,10,3,3,Returning_Visitor,0,0
0,-472.93191476804793,0,0.0,6,81.0,0.08,0.133333333,0.0,1.0,May,1,1,2,4,Returning_Visitor,1,0
0,0.0,0,0.0,1,0.0,0.2,0.2,0.0,0.0,Dec,3,2,1,13,Returning_Visitor,0,0
0,0.0,25,0.0,19,370.3809524,0.0,0.007894737,0.0,0.0,Mar,1,1,1,2,Returning_Visitor,0,0
0,0.0,0,0.0,20,1008.5,0.08,-0.14645746708057378,69.0200689484808,0.0,Dec,2,2,3,1,Returning_Visitor,1,0
-9,-559.2931262184641,0,0.0,16,253.0,0.0,0.023529412,0.0,0.0,Mar,2,2,1,3,New_Visitor,0,0
0,765.6656113060649,0,469.2830086862425,4,67.75,0.0,0.05,0.0,0.0,Nov,2,2,1,1,Returning_Visitor,0,0
0,0.0,0,0.0,1,0.0,0.2,0.2,0.0,0.0,May,1,1,4,1,Returning_Visitor,1,0
0,0.0,0,0.0,-135,52.66666667,0.04,0.05,0.0,-0.6845354879498969,Nov,3,2,2,13,Returning_Visitor,0,0
1,18.0,25,0.0,18,1188.95,0.0,0.011764706,39.186,0.0,May,2,2,3,3,Returning_Visitor,0,1
0,0.0,0,0.0,2,0.0,-0.15987513034393003,0.2,66.74489584354389,0.0,Mar,2,2,1,1,Returning_Visitor,0,0
11,570.25,0,0.0,199,1728.25,0.006666667,0.019777778,22.42576795,0.0,Nov,2,2,1,2,Returning_Visitor,0,1
1,13.0,0,0.0,13,220.3333333,0.0,0.002197802,0.0,0.0,May,2,2,8,16,Returning_Visitor,0,0
3,224.3,5,487.0,74,1845.958333,0.002531646,0.017679325,-65.82057196404624,0.0,Nov,2,2,1,10,Returning_Visitor,1,1
0,0.0,0,0.0,28,8132.792897848127,0.017857143,0.029829932,0.0,0.8639276249282437,Jul,1,1,6,4,Returning_Visitor,0,0
3,117.8,0,0.0,62,2032.39696,0.005230769,0.01881429,0.0,0.0,Sep,3,2,6,4,Returning_Visitor,0,0
4,772.6903646460999,2,312.0,98,7446.702227461977,0.002040816,0.025068027,0.0,0.0,Dec,2,2,8,2,Returning_Visitor,0,0
14,0.0,0,0.0,8,64.0,0.0,0.05,0.0,0.0,Dec,2,2,3,8,New_Visitor,0,0
2,737.6956842697316,25,0.0,9,561.25,0.022222222,0.033333333,-59.92503356619964,0.7912595780604992,Dec,3,2,1,1,Returning_Visitor,0,0
0,669.6090281687007,25,578.319984779897,9,1238.333333,0.0,0.040740741,65.42192564998912,0.4,Feb,2,2,1,3,Returning_Visitor,0,0
8,122.0416667,0,472.91580667555985,14,338.7916667,-0.14595533180845172,0.025,0.0,0.0,Dec,2,2,7,3,Returning_Visitor,0,0
0,0.0,0,0.0,3,125.0,0.05,0.075,0.0,0.8,May,2,2,1,4,Returning_Visitor,0,0
8,72.25,1,21.5,51,1124.693074,0.022807018,0.036550087,0.0,0.0,Mar,2,2,2,2,Returning_Visitor,0,0
0,0.0,0,0.0,7,38.0,0.142857143,0.171428571,0.0,0.0,May,2,2,2,13,Returning_Visitor,0,0
0,0.0,0,0.0,2,93.0,0.0,-0.13188907588339582,0.0,0.0,Dec,3,2,5,2,Returning_Visitor,0,0
9,779.0,0,0.0,15,1386.35,0.016666667,0.02747619,74.4278483994406,0.0,Aug,1,2,1,4,Returning_Visitor,0,0
1,24.91666667,1,7.666666667,-117,3561.139286,0.008163265,0.018367347,78.19779587,0.0,Nov,2,2,1,13,Returning_Visitor,1,1
0,768.0301501730113,25,0.0,16,219.55,0.0,0.014583333,0.0,0.0,Nov,4,1,1,20,Returning_Visitor,0,0
0,0.0,25,597.5342679582973,5,1144.0,0.12,0.133333333,0.0,1.0,May,1,1,4,3,Returning_Visitor,1,0
12,131.0,0,0.0,30,548.96,0.005882353,0.21636678863961734,73.25115955045868,0.0,Nov,2,2,2,4,Returning_Visitor,0,1
3,52.53333333,0,0.0,16,2059.3,0.0,0.027777778,26.18852293,0.0,Jul,5,11,1,1,Returning_Visitor,0,1
0,0.0,0,0.0,20,402.9583333,0.02,0.036666667,0.0,0.0,Dec,3,2,3,2,Returning_Visitor,0,0
5,-551.9701205184205,0,0.0,46,1805.146667,0.012244898,0.02122449,0.0,0.0,June,2,2,8,1,Returning_Visitor,0,0
7,44.16666667,0,0.0,108,2973.125,0.005309735,0.020993117,0.201663717,1.0,May,2,2,3,4,Returning_Visitor,1,0
15,163.0,0,0.0,136,4201.508333,0.0,0.011265083,0.0,0.0,Dec,3,2,3,3,Returning_Visitor,0,0
-7,0.0,0,0.0,1,0.0,0.2,0.2,0.0,0.0,Feb,1,1,3,3,Returning_Visitor,0,0
0,0.0,0,523.0280971776431,25,375.6619048,0.004,-0.11473842393049613,0.0,0.0,May,2,5,1,2,Returning_Visitor,0,0
6,654.7038397253929,3,94.5,47,1682.870247,0.001333333,0.007891429,70.74890276876489,0.8441328840346838,Mar,3,2,6,10,Returning_Visitor,0,1
4,209.0625,0,0.0,71,3401.050687,0.005128205,0.026238576,-57.081582992070075,0.8390473664999736,Nov,2,2,2,2,Returning_Visitor,0,0
1,18.0,1,511.3452959331099,122,7141.214642,0.012926829,0.01962467,0.0,0.0,Nov,3,2,1,2,Returning_Visitor,1,0
2,756.3782497144387,0,-522.5239530229015,77,2531.342297,0.003037975,0.015696203,12.99938379,0.6981806256818468,Nov,1,1,6,8,Returning_Visitor,0,1
0,0.0,25,0.0,46,7650.3970941673215,0.034782609,0.054710145,0.0,0.8414338681353508,May,3,2,3,13,Returning_Visitor,1,0
1,6.0,0,0.0,15,762.0,0.0,0.014285714,73.79087675404124,0.0,Dec,8,13,9,20,Other,0,0
0,0.0,0,0.0,8,191.0,0.0,0.025,0.0,0.0,May,2,2,2,13,Returning_Visitor,1,0
4,46.0,1,40.0,61,2072.991919,0.005952381,0.036507937,0.0,0.6,May,2,2,3,2,Returning_Visitor,0,0
14,-547.9059217958333,0,0.0,8,623.0769231,0.0,0.010884354,0.0,0.0,May,3,2,4,3,Returning_Visitor,0,0
4,157.0,0,0.0,20,834.075,0.0,0.013333333,4.84736534,0.0,Dec,2,2,1,2,Returning_Visitor,0,1
0,0.0,0,0.0,12,7413.429293496725,0.016666667,0.016666667,0.0,0.7001923416907945,Dec,1,1,7,2,Returning_Visitor,1,0
8,101.8511111,4,161.9666667,52,591.1542063,0.0,0.011448413,8.052496178,0.0,Jul,2,2,3,3,Returning_Visitor,0,0
5,62.6,0,0.0,-113,272.5,0.0,0.011111111,0.0,0.0,Oct,1,1,1,2,New_Visitor,1,0
2,34.2,0,0.0,18,1567.846667,0.0,0.017894737,0.0,0.0,Nov,2,2,1,2,Returning_Visitor,0,0
0,0.0,2,172.0,32,1227.047222,-0.12539045497501894,0.015787285,6.380862745,0.0,May,2,2,1,6,Returning_Visitor,0,0
0,0.0,0,0.0,2,7434.562740984502,0.0,0.1,0.0,0.0,Nov,2,2,4,8,Returning_Visitor,0,0
0,0.0,0,0.0,3,335.0,0.0,0.133333333,0.0,0.0,Aug,3,2,3,4,Returning_Visitor,1,0
0,0.0,1,0.0,0,0.0,0.2,0.2,0.0,0.0,Nov,1,1,3,15,Returning_Visitor,0,0
-9,686.6946149187272,25,505.1429566031471,34,422.5230769,0.0,0.006015038,75.47078803551243,0.0,Sep,1,1,2,2,Returning_Visitor,0,1
0,795.125165888678,0,0.0,25,960.0,0.016,-0.1143220161347348,0.0,0.4,May,2,2,1,11,Returning_Visitor,0,0
0,-501.3453009276718,0,0.0,12,207.0,0.0,0.036666667,0.0,0.0,Mar,2,2,3,2,Returning_Visitor,0,0
1,3.0,0,0.0,34,1767.4,0.011515152,0.039004329,0.0,0.0,Nov,3,2,4,3,Returning_Visitor,0,0
4,75.6,0,0.0,94,1576.205078,0.010752688,0.015506059,0.0,-0.5513722603573576,May,3,2,9,3,Returning_Visitor,0,0
13,-458.88523430606415,0,0.0,187,-4738.410319262255,0.003076923,0.024062504,63.15329974890213,0.0,Nov,2,4,1,2,Returning_Visitor,0,0
2,28.2,0,0.0,12,271.0,0.21074703678676668,0.014285714,0.0,0.0,Aug,1,8,4,6,Returning_Visitor,0,0
1,112.0,0,0.0,197,2043.5,0.005555556,0.016666667,12.3578472,0.0,Mar,2,5,3,6,Returning_Visitor,0,1
0,0.0,0,0.0,31,641.6558915,-0.12871531147674925,0.005376344,60.04472938,0.0,Sep,1,1,4,2,New_Visitor,0,1
0,0.0,0,0.0,50,1803.768849,0.20146233181035555,0.017428305,3.609398514,0.0,Mar,2,4,7,3,Returning_Visitor,1,1
0,0.0,0,0.0,8,316.0,0.0,0.22974362844846613,-50.335829806697625,0.0,Mar,1,1,1,2,New_Visitor,1,0
4,61.25,0,-400.15110996447885,21,8533.668082337463,0.038095238,0.076190476,0.0,0.0,Dec,2,2,4,1,Returning_Visitor,0,0
12,250.8,2,194.4,2,194.4,0.21331545679676975,0.05,0.0,-0.7404597476947985,Aug,2,2,1,6,New_Visitor,1,0
1,3.0,2,34.0,41,1021.519444,0.21121016643317758,0.017829457,0.0,0.0,Dec,1,2,3,2,New_Visitor,1,0
6,77.5,0,0.0,71,1361.780952,0.0,0.21839841667129486,0.0,0.0,Dec,2,2,9,2,Returning_Visitor,0,0
0,0.0,0,494.7108475467622,20,2065.15,0.005,0.034444444,0.0,0.8,May,1,1,1,3,Returning_Visitor,0,0
0,0.0,2,39.66666667,89,3509.130952,0.19174229760129627,0.015248796,42.8662809,0.0,May,2,4,3,6,Returning_Visitor,1,0
5,1023.0,0,0.0,46,4681.894444,0.008,0.024380952,0.0,-0.6251531705964505,May,2,2,7,13,Returning_Visitor,0,0
1,7.0,1,97.0,53,2247.608298,0.004848485,0.016751935,32.68969091,0.0,May,1,1,3,4,Returning_Visitor,0,0
7,113.75,1,28.5,15,7545.269897441845,0.010526316,0.019298246,0.0,0.0,Dec,1,1,3,2,New_Visitor,0,1
0,0.0,0,-484.3374177547595,15,1999.833333,0.015384615,0.23041247556070749,0.0,0.0,May,2,10,7,4,Returning_Visitor,0,0
4,40.0,2,146.0,-118,2866.90202,0.0,0.010451977,85.7528587,0.0,Mar,2,2,2,2,Returning_Visitor,1,0
0,0.0,0,0.0,5,164.0,0.0,0.04,0.0,0.0,May,4,1,1,1,Returning_Visitor,0,0
0,0.0,0,0.0,16,729.0,0.0125,0.040625,0.0,0.0,May,2,4,1,3,Returning_Visitor,0,0
9,199.3856838,0,0.0,-136,-4706.206555665083,0.0,-0.1292614013956926,22.02071582,0.0,Nov,2,2,2,2,Returning_Visitor,1,1
0,0.0,0,-434.850787923765,7,24.0,0.042857143,0.1,0.0,0.8,May,2,4,1,3,Returning_Visitor,0,0
1,15.2,0,0.0,6,-5179.216645580188,0.0,0.014285714,0.0,0.8564589726901541,Oct,1,8,2,6,New_Visitor,0,0
15,0.0,0,0.0,-141,26.5,0.0,0.05,0.0,0.0,Dec,3,2,1,1,Returning_Visitor,1,0
0,648.97580525205,0,0.0,8,885.0,0.04375,0.0375,-52.00804210357626,0.0,Nov,3,2,1,8,Returning_Visitor,0,1
-7,199.625,2,10.0,81,7120.6546732826355,-0.15942027903223616,0.018627451,-62.766533903127936,0.0,Nov,2,2,1,2,Returning_Visitor,0,0
5,649.0864327731233,25,0.0,7,26.0,0.066666667,0.075,0.0,0.0,May,3,2,2,13,Returning_Visitor,0,0
11,456.2333333,1,13.0,89,1904.653507,0.01827957,0.027002924,0.0,0.0,Oct,1,1,4,3,Returning_Visitor,0,0
2,37.5,0,0.0,12,375.0,0.0,0.039583333,43.99,0.0,May,2,2,3,2,Returning_Visitor,0,1
5,188.0,0,-452.03776131570464,25,1189.458333,0.0,0.20145818777140065,36.89921429,0.6,May,2,10,1,4,Returning_Visitor,0,1
2,11.0,1,0.0,35,1557.166667,0.005555556,0.024074074,0.0,0.0,May,2,4,3,3,Returning_Visitor,0,0
0,0.0,0,0.0,3,13.0,0.066666667,0.133333333,0.0,0.0,May,3,2,3,3,Returning_Visitor,0,0
0,0.0,0,0.0,15,1074.428571,0.015384615,0.23640174379709122,0.0,0.0,Mar,3,2,1,1,Returning_Visitor,0,0
7,703.2609967284859,10,902.5,131,6050.883117,0.002857143,-0.14368573101077142,-57.43594822721252,0.0,Dec,2,2,1,2,Returning_Visitor,0,0
2,-494.71501525174295,0,0.0,10,173.4333333,0.03,0.025714286,0.0,0.0,Dec,3,2,1,1,Returning_Visitor,1,0
1,744.176431043569,25,0.0,10,6933.393864817566,0.0,0.022222222,-57.01838501062986,0.0,May,2,2,1,4,Returning_Visitor,1,1
3,38.0,0,0.0,83,-4724.541175185975,0.0,0.001190476,0.0,0.0,May,2,2,1,4,New_Visitor,0,0
8,132.0,0,0.0,20,413.0,0.011111111,0.027407407,36.51581481,0.0,May,1,1,1,2,Returning_Visitor,0,1
6,128.5,0,0.0,-134,1080.15,0.0,0.001715686,0.0,0.8,May,2,2,2,2,New_Visitor,0,0
0,0.0,0,0.0,9,7636.813811266795,0.022222222,0.047619048,0.0,0.6,May,1,1,2,2,Returning_Visitor,0,0
2,78.33333333,0,0.0,12,262.5,0.028571429,0.033333333,0.0,-0.5423093985909668,Mar,1,1,1,1,Returning_Visitor,0,0
3,129.0,0,503.26515826051246,74,-6036.798460313774,0.005333333,0.025042424,79.80397786537233,0.0,Nov,2,6,9,1,Returning_Visitor,0,1
-8,0.0,0,0.0,36,576.8333333,0.0,0.019444444,0.0,0.7045498495889873,May,4,1,1,2,Returning_Visitor,0,0
4,64.66666667,0,0.0,38,1445.666667,0.0,-0.12252689496034735,52.11335786,0.75674949229633,Nov,2,2,1,2,New_Visitor,0,1
13,-511.84056675265833,0,565.0530381537432,182,711.1666667,0.0,0.016,0.0,0.0,Dec,2,2,2,3,Returning_Visitor,0,0
4,322.5,1,574.0163967168869,78,3098.992857,0.007692308,0.022124542,0.0,0.8483058751322118,May,3,2,3,13,Returning_Visitor,1,0
3,168.0,25,0.0,7,296.1666667,0.0,0.23455453200182086,0.0,0.0,Mar,2,2,3,2,New_Visitor,0,0
13,773.779136558062,0,0.0,2,15.0,0.0,0.066666667,0.0,0.0,Oct,2,2,9,4,Returning_Visitor,0,0
0,0.0,0,0.0,3,62.4,0.0,0.05,-51.64847122166444,0.0,Aug,1,1,8,3,New_Visitor,0,1
0,0.0,1,59.5,37,925.6666667,0.0,0.007894737,0.0,0.0,Nov,3,2,4,2,Returning_Visitor,1,0
0,0.0,0,0.0,12,304.75,0.0,0.025,0.0,0.8,May,1,2,3,4,Returning_Visitor,0,0
0,0.0,0,0.0,5,128.0,0.0,0.04,0.0,0.0,Nov,2,2,2,1,Returning_Visitor,0,0
0,0.0,0,0.0,48,755.175,0.000472813,0.21152009203790567,13.18501,0.0,Dec,2,2,4,10,Returning_Visitor,0,1
-10,0.0,0,0.0,-143,324.0,0.0,0.003030303,0.0,0.8589152264650396,May,2,2,2,2,New_Visitor,1,0
0,694.1515446585928,0,0.0,29,631.775,0.021428571,0.05042517,0.0,0.0,Nov,2,2,1,1,Returning_Visitor,0,0
5,70.20765027,25,0.0,89,2542.60431,0.001811594,0.012188596,5.887666731,-0.7114619278123298,Nov,2,2,4,2,Returning_Visitor,0,1
0,0.0,0,0.0,3,15.0,0.0,0.066666667,72.362003474196,0.0,Mar,2,4,3,12,Returning_Visitor,0,0
2,25.0,25,0.0,36,1445.6,0.005714286,0.036190476,0.0,0.8350417693136175,May,3,3,3,2,Returning_Visitor,1,0
2,49.4,0,0.0,45,1526.14119,0.0,0.004444444,117.6165932,0.0,Sep,2,2,3,2,Returning_Visitor,1,1
-7,0.0,2,0.0,3,56.75,-0.12750985090633554,0.125,0.0,0.0,Nov,1,1,1,2,Returning_Visitor,0,0
2,56.73333333,0,0.0,33,1091.394074,0.0,0.003594771,0.0,0.0,Oct,4,2,3,2,New_Visitor,1,0
-10,79.1,0,0.0,36,7425.355315641441,0.025,0.025972222,0.0,0.0,Sep,1,2,2,2,Returning_Visitor,1,0
3,36.25,1,10.0,35,2109.919048,-0.16165038867769624,0.20504275537545572,23.8705054,0.0,Dec,3,2,3,1,Returning_Visitor,0,0
0,0.0,0,0.0,-140,262.375,0.00952381,0.026984127,0.0,0.0,May,1,1,1,6,Returning_Visitor,0,0
0,0.0,0,0.0,8,129.0,0.025,0.1,0.0,0.8,May,2,4,1,3,Returning_Visitor,0,0
0,-590.4853633283084,0,0.0,39,-4909.051274077128,0.19210335275044635,0.012820513,0.0,0.0,Sep,4,2,1,4,Returning_Visitor,0,0
0,0.0,0,0.0,2,56.5,0.0,0.05,0.0,0.0,Nov,8,2,1,3,Returning_Visitor,0,0
-9,25.2,0,0.0,54,2008.807143,0.014423077,0.23041953357400455,-58.38913974611552,0.0,May,3,2,4,13,Returning_Visitor,0,0
0,0.0,1,118.0,14,224.3916667,0.047619048,0.063265306,0.0,0.0,Nov,3,2,1,2,Returning_Visitor,0,0
12,0.0,0,0.0,3,121.5,0.19985235422904518,0.21965101408235355,0.0,0.0,Nov,1,1,1,2,New_Visitor,1,0
13,313.0909091,4,516.0,132,3083.050977,0.001494396,0.009733401,8.868449011,-0.7029578000212352,May,2,5,3,4,Returning_Visitor,0,0
13,0.0,25,0.0,4,8238.925845487032,0.0,0.05,65.8301665675518,0.4,Feb,2,6,6,3,Returning_Visitor,0,0
0,0.0,0,553.1479943996156,100,2852.013141,0.000444444,0.024301656,0.0,0.0,Dec,2,2,1,2,Returning_Visitor,0,0
3,230.1,0,0.0,7,381.4,0.0,0.007407407,35.25541691,-0.6187135287011586,Nov,1,1,3,5,Returning_Visitor,0,0
0,0.0,25,0.0,33,889.3666667,0.0,0.003030303,8.424787355,0.0,Oct,2,2,3,2,Returning_Visitor,0,1
0,0.0,0,0.0,15,418.375,-0.13173555911008691,-0.10761681618752321,13.18554515,0.0,Dec,3,2,1,2,New_Visitor,1,1
0,0.0,0,0.0,1,0.0,0.2,0.2,0.0,-0.6987405924126707,May,1,1,3,3,New_Visitor,0,0
-8,0.0,0,0.0,10,170.0,0.04,0.1,0.0,0.0,May,2,2,6,3,Returning_Visitor,0,0
5,49.2,4,537.8018739546745,5,74.6,0.2042257438957539,0.018181818,8.326728149,-0.5423578203099955,Sep,2,2,8,2,New_Visitor,0,0
0,683.3420679265877,0,-404.05845148148853,24,1268.0,0.2066246492522231,0.015277778,0.0,0.0,Mar,4,1,3,2,Returning_Visitor,1,0
1,3.0,0,0.0,24,342.0,0.21482275897561215,0.048,0.0,0.0,Oct,2,2,1,1,Returning_Visitor,0,0
0,0.0,1,56.4,14,103.7579088,0.0,0.026666667,70.08951360454226,0.0,Nov,2,2,2,20,Returning_Visitor,0,1
0,0.0,1,0.0,186,1165.84,0.0,0.034042553,7.198820003,-0.5993361814274183,Oct,2,2,5,1,Returning_Visitor,0,1
3,700.956248024948,0,0.0,5,84.0,0.0,0.025,0.0,0.0,Dec,3,2,7,10,New_Visitor,0,0
-9,91.0,2,338.0,11,451.0,0.20176019299924342,-0.12564602678971676,45.7504,0.0,Mar,2,2,1,10,New_Visitor,0,1
0,0.0,0,-460.26700281067536,6,463.5,0.0,0.033333333,0.0,0.0,Mar,2,5,1,3,Returning_Visitor,0,0
0,0.0,0,0.0,8,89.5,0.0,0.05,0.0,0.0,May,2,2,1,1,Returning_Visitor,0,0
0,0.0,0,0.0,24,674.5,0.041666667,0.0625,0.0,1.0,May,3,3,3,4,Returning_Visitor,1,0
4,282.1,0,550.6300747423561,7,107.6,0.0,0.011111111,0.0,0.0,Aug,1,1,2,5,New_Visitor,0,0
-9,-589.5765631736599,1,3.0,29,1005.946429,0.006666667,0.013333333,72.80384619686365,0.8,May,2,2,5,5,Returning_Visitor,0,0
2,36.75,2,9.0,20,393.5833333,-0.1575068502387667,0.033872603,0.0,0.8417540930999015,Nov,1,1,3,6,Returning_Visitor,0,0
3,62.14285714,0,0.0,23,1046.916667,-0.13476882677133287,0.004347826,17.37391304,0.0,May,2,2,7,1,Returning_Visitor,1,1
4,79.25,5,500.8,39,-5705.43995873208,0.010638298,0.024964539,20.06500939,-0.5675377800076372,Nov,2,5,1,2,Returning_Visitor,0,1
2,11.0,0,0.0,20,510.0,0.013636364,0.034848485,0.0,0.7991459030285633,Mar,4,1,6,1,Returning_Visitor,0,0
2,268.08,0,-455.7359529564514,13,420.2466667,0.18228423414461492,0.064912281,0.0,0.0,Sep,3,2,1,13,Returning_Visitor,1,1
0,-636.620360654374,0,0.0,2,15.0,0.0,0.1,0.0,0.0,Dec,1,1,1,10,Returning_Visitor,0,0
0,-605.5355247543617,0,-468.78331491778187,3,-5932.912112198099,0.066666667,0.133333333,0.0,0.0,Nov,1,1,9,3,Returning_Visitor,0,0
-9,0.0,0,0.0,2,68.5,0.0,0.033333333,0.0,0.0,Mar,3,2,1,10,Returning_Visitor,0,0
0,0.0,0,589.8675172667356,3,278.0,0.0,0.066666667,0.0,0.0,May,1,1,1,15,Returning_Visitor,0,0
0,0.0,0,0.0,11,189.25,0.027272727,0.048484848,0.0,0.0,Dec,2,5,1,1,Returning_Visitor,0,0
8,403.0,25,570.3690259005004,-106,1616.54816,0.0,0.003685897,0.0,0.0,Nov,1,1,1,3,Returning_Visitor,0,0
0,0.0,0,493.49021228437675,13,1005.0,0.0,0.016666667,0.0,0.0,May,2,2,7,2,New_Visitor,0,0
-10,22.27777778,1,0.0,6,36.90277778,0.0,0.086666667,0.0,0.0,Nov,2,2,2,2,Returning_Visitor,0,0
7,322.25,1,0.0,121,4875.106113,0.011806061,0.020025438,0.0,0.0,Nov,3,2,1,13,Returning_Visitor,0,0
0,0.0,25,0.0,15,872.8333333,0.0,0.026666667,0.0,0.0,Mar,2,2,2,3,Returning_Visitor,1,0
2,15.0,0,0.0,23,343.6666667,0.025,0.05,0.0,0.6,May,2,2,6,6,Returning_Visitor,0,0
2,129.0,0,0.0,31,866.7,-0.12747276977835062,0.19943126906690092,18.11148387,0.0,May,3,2,6,1,Returning_Visitor,0,1
15,0.0,5,924.0,45,3198.186667,0.004,0.016363636,-53.39820960924631,0.0,Oct,2,6,4,2,Returning_Visitor,0,1
3,-591.7264731724136,0,-404.2046892312724,163,2038.0,0.0,0.021428571,73.83525944589205,0.0,May,2,2,8,3,New_Visitor,0,0
14,0.0,25,0.0,197,141.0,0.0,0.05,0.0,0.0,Aug,4,1,3,3,New_Visitor,0,0
7,294.0,0,0.0,7,639.0,0.0,0.018181818,0.0,0.0,Dec,2,4,9,10,Returning_Visitor,0,0
2,65.4,0,547.6952396891337,79,2426.006667,0.001265823,0.017721519,0.0,-0.5549871375015885,Sep,3,2,1,3,Returning_Visitor,0,0
10,724.3298630680312,1,23.2,7,128.2333333,0.006666667,0.015238095,0.0,0.0,Oct,2,2,6,5,New_Visitor,0,0
4,74.0,2,629.0,149,5042.458059,0.18573576968989924,0.007285123,18.36804916,0.0,Mar,2,2,1,2,Returning_Visitor,0,1
6,125.5,0,0.0,19,1409.416667,0.002469136,0.023703704,0.0,0.7723753654572668,Mar,1,8,3,2,Returning_Visitor,0,0
12,331.3,0,0.0,206,9997.728571,-0.1704092484242307,0.010741385,26.02377063,0.0,May,2,2,1,1,Returning_Visitor,0,0
5,-618.6083532630947,1,137.5,118,2595.095833,0.19934108299021136,0.012371615,38.7483363,0.8400686956436214,Nov,2,2,1,1,Returning_Visitor,0,1
2,39.4,0,0.0,62,2021.747727,0.003076923,-0.14045660655135356,0.0,0.0,Oct,2,2,1,4,Returning_Visitor,0,0
2,63.79166667,1,74.0,18,385.2916667,0.017042607,0.03754386,12.00869742,0.0,Nov,3,2,3,2,Returning_Visitor,0,0
1,120.0,1,85.0,33,616.4333333,0.0,0.005714286,0.0,0.0,May,2,2,5,2,New_Visitor,0,0
1,11.0,0,0.0,51,1059.253472,0.010588235,0.022643039,0.0,0.0,Mar,3,2,6,3,Returning_Visitor,0,0
2,-505.6171476591585,0,0.0,-142,602.25,0.21564288768943923,0.003846154,0.0,0.0,Nov,2,2,1,2,Returning_Visitor,1,0
4,22.91666667,0,466.28688243378076,204,221.25,0.014814815,0.035185185,0.0,0.0,Nov,2,2,1,2,Returning_Visitor,0,0
0,-558.4311001431905,0,0.0,8,167.0,0.0,0.05,0.0,0.0,Mar,2,5,1,3,Returning_Visitor,0,0
0,0.0,25,0.0,20,1958.833333,0.011111111,0.035185185,0.0,0.6701076609187806,Nov,3,2,5,1,Returning_Visitor,0,0
14,701.6265932597496,0,0.0,2,18.0,0.1,0.15,0.0,0.0,Mar,2,5,3,10,Returning_Visitor,0,0
1,32.2,0,0.0,32,396.4714286,0.021212121,0.050688705,-52.4759179660439,0.8354241110632317,Jul,1,1,2,3,Returning_Visitor,1,0
0,0.0,25,495.23333563563955,14,6993.3106219467045,0.014285714,0.035714286,-57.30848648450575,0.0,Jul,2,4,9,3,Returning_Visitor,0,0
0,0.0,8,707.5,51,3981.892484,0.003389831,0.015404896,0.0,0.4,May,2,2,8,3,Returning_Visitor,0,0
0,0.0,25,0.0,88,1917.683333,0.003409091,0.016287879,0.0,0.2,May,2,2,3,1,Returning_Visitor,0,0
0,0.0,0,0.0,1,0.0,0.2,0.2,-54.47053625151427,0.6847979069694876,Aug,3,2,1,1,Returning_Visitor,1,0
3,131.0,0,0.0,8,117.6666667,-0.12511836712502733,0.006666667,0.0,0.0,May,1,1,4,5,New_Visitor,1,0
0,0.0,25,0.0,1,0.0,0.2,0.2,77.31714367675583,0.0,Mar,1,1,1,3,Returning_Visitor,0,0
12,64.25,1,282.0,18,720.75,0.0,0.003508772,0.0,0.0,May,2,2,1,2,New_Visitor,0,0
7,222.8166667,1,0.0,22,1032.75,0.1793832577632212,0.19856847551132317,16.98117776,0.0,Nov,2,2,2,10,Returning_Visitor,1,0
0,0.0,0,0.0,-138,8207.7307140231,0.021621622,0.031306306,0.408238132,0.0,Nov,2,2,1,1,Returning_Visitor,0,0
1,32.0,0,0.0,18,299.5,0.015789474,-0.11711591422740042,-53.26188059980809,0.0,May,2,2,5,1,Returning_Visitor,1,1
0,0.0,0,0.0,40,587.6911765,-0.12600877103783897,0.020277778,0.0,-0.5604838262379436,May,2,10,1,3,Returning_Visitor,0,0
6,-512.3543869153044,1,0.0,32,796.7066667,0.027027027,0.041441441,0.0,0.8588455953552666,Nov,2,4,1,1,Returning_Visitor,1,0
4,341.6,0,0.0,3,77.0,0.0,0.022222222,0.0,0.0,Oct,3,2,8,2,New_Visitor,1,0
-7,-475.32339941936056,2,8.0,27,2968.9,0.021428571,0.036904762,0.0,0.7739750213678563,Nov,3,2,6,1,Returning_Visitor,0,0
0,0.0,25,0.0,-104,475.025,0.0,0.21607404288953602,0.0,0.0,Nov,1,1,6,10,New_Visitor,0,0
14,0.0,1,297.2,8,320.2666667,0.0,0.044444444,17.79528223,0.0,Oct,2,2,1,20,Returning_Visitor,0,1
-10,14.0,0,0.0,-102,2555.12381,0.017460317,0.034338624,0.0,0.0,May,2,4,4,2,Returning_Visitor,0,0
14,755.2646617996827,1,291.2,68,4100.255455,-0.1713753015354521,0.025614035,18.42740587,-0.5472812059941277,Aug,1,1,3,3,Returning_Visitor,0,0
3,21.0,0,0.0,19,750.2083333,0.0,0.019047619,60.51988521,0.0,Nov,2,2,2,3,Returning_Visitor,0,1
0,0.0,0,0.0,1,0.0,0.2,0.2,0.0,0.0,Dec,2,2,1,1,Returning_Visitor,0,0
3,99.0,0,0.0,32,886.9583333,0.00625,0.0125,58.105625,0.0,May,1,1,3,4,Returning_Visitor,0,0
-8,738.0,25,0.0,21,664.3333333,0.0,0.015277778,0.0,0.0,May,2,2,1,2,Returning_Visitor,1,0
0,626.0899519409705,0,0.0,179,277.0,0.0,0.042857143,77.60955735086425,0.2,May,2,2,3,4,Returning_Visitor,0,0
5,115.1111111,2,146.0,89,3639.737302,0.000217391,0.021383053,5.159462207,0.8,May,2,2,7,3,Returning_Visitor,0,0
6,79.66666667,4,220.0,112,3556.346795,0.008403361,-0.12933774139549162,-53.29669632957306,0.7334840552703807,Dec,2,4,1,2,Returning_Visitor,0,0
12,674.9506151600182,25,0.0,45,2033.845238,0.0,0.007154088,21.23244876,0.0,Nov,2,2,9,2,Returning_Visitor,0,0
5,-467.5082209189336,0,0.0,-117,3815.166667,0.0,0.026200717,0.0,0.0,Nov,2,2,4,2,Returning_Visitor,0,0
0,0.0,25,0.0,1,0.0,0.2,0.2,0.0,0.0,Dec,2,5,1,1,Returning_Visitor,0,0
2,45.0,0,-519.5143847983854,22,1662.733333,0.0,0.03015873,5.997142857,1.0,May,2,2,4,13,Returning_Visitor,1,0
0,0.0,0,0.0,8,158.42,0.0,-0.12112568860053036,0.0,0.0,June,2,2,1,2,Returning_Visitor,0,0
0,-568.4938768486377,0,0.0,13,1041.75,0.018181818,0.027272727,0.0,-0.5672505919362784,Dec,2,2,5,2,Returning_Visitor,0,0
0,792.4544614061513,25,0.0,1,0.0,0.2,0.2,0.0,0.0,May,3,3,1,1,Returning_Visitor,0,0
0,0.0,0,0.0,182,0.0,0.2,0.2,0.0,-0.634675485891545,May,4,1,2,3,Returning_Visitor,1,0
0,0.0,0,0.0,3,-6349.310481447925,0.0,0.033333333,79.3478003116951,0.0,Mar,2,2,1,3,Returning_Visitor,1,0
14,150.4444444,25,0.0,23,659.6361111,0.039463602,0.056586058,0.0,0.0,Nov,3,2,1,1,Returning_Visitor,0,1
0,0.0,0,0.0,60,1288.563333,0.0,0.20899927708514932,0.0,0.0,June,2,4,3,4,Returning_Visitor,0,0
7,204.1,0,0.0,5,128.7,-0.15589383496002268,0.23719794494970015,0.0,0.0,Sep,2,7,1,2,New_Visitor,0,0
12,0.0,0,0.0,8,719.2,0.058333333,-0.1168278975916391,0.0,0.0,Nov,3,2,3,13,Returning_Visitor,0,0
4,58.0,25,28.5,82,7230.703549284279,0.0,0.014544651,9.055465887,0.0,Nov,2,2,1,2,Returning_Visitor,0,1
0,0.0,0,0.0,-125,171.0,0.0,0.1,-63.98007801952007,0.0,Mar,3,2,2,2,Returning_Visitor,1,0
14,-488.1328152950904,0,0.0,20,255.75,0.0,0.028421053,0.0,0.0,May,2,2,1,4,Returning_Visitor,0,0
4,204.2,0,0.0,31,652.3766667,0.012121212,0.016161616,0.0,0.0,Nov,1,1,6,1,Returning_Visitor,0,0
4,95.75,25,886.25,174,7838.556598,0.00376506,0.014926307,0.0,0.0,Nov,3,2,6,2,Returning_Visitor,1,0
0,0.0,25,16.0,65,2863.400427,0.003125,0.011346726,0.0,0.0,Nov,2,2,1,2,Returning_Visitor,0,0
0,0.0,0,481.8179773217307,22,1632.533333,0.009090909,-0.1218277849947005,0.0,0.0,Dec,3,2,1,2,New_Visitor,1,0
9,118.0,2,10.0,16,7635.978742092431,0.004761905,0.013015873,0.0,0.8615395231849283,May,1,1,1,3,Returning_Visitor,0,0
-8,0.0,0,0.0,19,1056.658333,0.005882353,-0.1342129241665873,0.0,0.0,Dec,1,1,1,8,Returning_Visitor,0,0
-8,0.0,0,0.0,4,44.0,0.025,0.083333333,0.0,-0.7368383455726106,May,2,2,5,6,Returning_Visitor,0,0
4,102.0833333,0,0.0,21,863.1666667,0.0,0.015833333,0.0,0.0,Dec,1,1,1,8,Returning_Visitor,0,0
3,273.66,0,489.82692178598927,24,751.6266667,0.004571429,0.024838095,14.85337253,0.0,Jul,3,2,2,1,Returning_Visitor,1,0
7,624.2,3,25.5,-111,1887.158242,0.003508772,0.011497494,64.08126316,0.0,May,2,2,2,4,Returning_Visitor,0,0
2,41.2,0,0.0,36,-5260.438807095887,0.0,0.005405405,0.0,0.7902488068839348,Nov,4,2,2,4,Returning_Visitor,0,0
1,165.5,0,0.0,47,1708.625,0.008695652,0.01884058,5.909295033,0.0,Dec,2,2,7,2,Returning_Visitor,0,0
-10,0.0,25,0.0,11,482.6666667,0.0,0.02,22.738,0.0,May,1,1,6,2,New_Visitor,0,1
15,32.0,25,0.0,-130,1407.5,0.006451613,0.02516129,15.51193548,0.0,May,2,2,1,13,Returning_Visitor,0,1
3,154.5,25,0.0,21,638.3333333,0.0,0.047222222,0.0,0.733849170060835,May,2,5,4,4,Returning_Visitor,0,0
0,0.0,0,0.0,35,2994.827381,0.0,0.01969697,0.0,0.0,Nov,2,2,1,2,Returning_Visitor,1,0
3,59.0,0,0.0,10,269.0,0.0,0.018181818,50.388,0.0,May,1,1,1,5,New_Visitor,1,1
1,0.0,0,0.0,21,921.6233333,0.0,0.01,0.0,0.0,Sep,2,2,1,2,New_Visitor,0,0
2,124.0,0,0.0,2,7340.246717750659,-0.14866620845731215,0.21206425247462884,0.0,0.0,Aug,2,2,1,1,New_Visitor,0,0
5,654.0335821520314,0,0.0,25,1194.5,0.0,0.007692308,-53.93448153665877,0.0,May,2,2,1,2,New_Visitor,0,1
0,-602.264730042629,3,56.0,0,8628.902171562673,0.0,0.033333333,0.0,0.0,Nov,3,2,1,6,Returning_Visitor,0,0
-7,56.8,0,0.0,3,8440.476408834336,0.0,0.033333333,0.0,0.0,Nov,2,2,6,2,New_Visitor,0,0
0,0.0,0,0.0,10,443.5,0.0,-0.1442808736568475,38.20940741,0.0,May,2,5,3,4,Returning_Visitor,1,1
12,34.2,0,0.0,27,809.6933333,-0.1299586269105117,-0.11814400857691032,27.6509675,0.0,Sep,3,2,4,13,Returning_Visitor,1,0
3,41.0,0,-400.7732791617136,32,1130.84697,0.014705882,0.01806184,0.0,0.0,May,1,1,2,3,Returning_Visitor,1,0
2,-542.8647747686534,25,0.0,16,214.8333333,0.0,0.022222222,0.0,0.0,Feb,2,2,1,6,Returning_Visitor,0,0
12,0.0,0,0.0,8,121.375,-0.15628029214488365,0.025,0.0,0.0,Dec,3,2,4,2,New_Visitor,0,0
0,0.0,0,0.0,162,262.5,0.0,0.02,0.0,0.78367641467683,May,2,2,5,2,Returning_Visitor,0,0
0,0.0,0,0.0,1,0.0,0.19875355883544701,0.2279934669185715,68.54235767907853,0.0,Nov,2,4,4,1,Returning_Visitor,0,0
0,0.0,0,0.0,195,148.5,0.05,0.083333333,0.0,-0.7008962961549257,Mar,1,1,1,1,Returning_Visitor,1,0
-9,35.75,0,0.0,22,679.5,0.0,0.014666667,10.07328,0.0,May,2,2,8,3,Returning_Visitor,0,0
0,697.0518706864642,0,0.0,-139,700.6666667,0.0,0.015384615,0.0,0.0,May,3,2,1,4,Returning_Visitor,0,0
3,94.0,2,44.2,56,1430.208205,0.02,0.030388889,66.86207757582503,0.0,Nov,2,2,9,3,Returning_Visitor,0,0
0,0.0,25,0.0,16,503.0,0.0,0.037647059,64.86470251866714,0.0,Nov,2,2,1,1,Returning_Visitor,0,0
0,765.958914411833,0,0.0,34,1401.458333,-0.16345700121262544,0.023529412,0.0,0.0,Nov,2,2,9,11,New_Visitor,0,1
-10,0.0,0,526.7690055765393,15,242.9166667,0.006666667,0.006666667,0.0,0.0,Nov,3,2,1,11,Returning_Visitor,1,0
7,98.8,0,0.0,5,69.4,0.022222222,0.1945649089803019,0.0,0.0,Jul,3,2,2,5,New_Visitor,1,0
2,99.2,25,0.0,7,106.9666667,0.025,0.015,68.10052528115261,0.0,Oct,3,2,1,2,Returning_Visitor,1,0
13,110.7583333,25,3.0,34,858.9464286,0.0,0.011627907,17.78585727,0.0,Nov,2,2,5,10,Returning_Visitor,1,0
1,4.0,0,0.0,48,1199.160606,0.0,0.00070922,-51.57492104699931,0.0,Dec,2,2,1,2,New_Visitor,0,0
5,120.0,1,0.0,27,1583.596154,0.0,-0.11915025847139538,-65.23237481687258,0.0,Mar,2,2,4,2,Returning_Visitor,0,0
9,158.3555639,3,177.8,202,-5005.844280391522,0.012378641,0.025287479,-51.540163955175615,0.0,Sep,3,2,5,13,Returning_Visitor,0,0
8,166.46,1,25.2,47,981.6014286,0.18104220383632533,0.22742836375130338,0.0,0.0,Aug,1,1,1,3,Returning_Visitor,0,0
9,1294.9,1,32.66666667,37,1012.233333,0.0,-0.13593955465555999,33.31220592,0.0,Nov,2,2,1,2,Returning_Visitor,0,0
0,0.0,0,0.0,1,0.0,0.2,0.2,0.0,0.0,Nov,2,6,1,1,Returning_Visitor,0,0
1,23.0,0,0.0,27,1058.893939,0.0,0.19320432362079448,1.865777778,0.0,Mar,2,2,3,13,Returning_Visitor,0,0
0,0.0,25,0.0,11,689.9916667,0.0,0.026666667,0.0,0.0,Nov,3,2,3,6,Returning_Visitor,0,0
1,23.2,25,540.0027630763042,30,964.4666667,0.0,0.003571429,69.69134124182497,0.0,Oct,2,2,5,2,New_Visitor,0,1
14,33.5,0,0.0,-122,710.25,0.0,0.011111111,0.0,0.0,Dec,2,10,1,8,New_Visitor,0,0
0,0.0,5,161.5,60,2789.166667,0.0,-0.1306284271879004,31.31885714,0.7335564245101289,May,2,2,6,2,Returning_Visitor,0,1
0,0.0,1,14.0,104,7844.5964241659,0.008843537,0.023737786,0.0,0.0,Nov,2,2,1,2,Returning_Visitor,0,0
0,0.0,0,0.0,6,-5900.32286368715,0.033333333,0.05,0.0,-0.5506740339430855,May,2,2,6,4,Returning_Visitor,0,0
2,75.6,25,588.9176532036622,10,1143.666667,0.0,0.023333333,0.0,0.0,Aug,2,2,4,2,Returning_Visitor,0,0
0,0.0,2,91.2,24,1017.775758,0.052564103,0.049224806,0.0,0.0,Nov,2,2,9,20,Returning_Visitor,1,0
13,993.0833333,1,28.5,90,2776.013582,0.002380952,0.017256944,0.0,-0.6248920745719264,Nov,3,2,3,2,Returning_Visitor,1,0
4,68.75,0,0.0,23,585.65,0.0,0.008695652,0.0,0.0,Dec,8,1,1,2,New_Visitor,1,0
0,0.0,25,76.5,-119,850.5333333,0.004545455,-0.1509878713563088,67.83431815899587,0.0,Mar,3,2,3,1,Returning_Visitor,0,0
13,-481.99210224757667,0,0.0,8,201.0,0.0,0.0625,0.0,-0.6489553573632252,Mar,2,4,2,1,Returning_Visitor,0,0
3,109.0,0,0.0,31,-4859.162014659503,0.0,0.1986769901611255,0.0,0.0,Dec,3,2,1,10,Returning_Visitor,0,1
1,26.0,0,0.0,11,345.1666667,0.022222222,0.008888889,0.0,0.0,May,1,1,4,3,Returning_Visitor,0,0
-8,6.0,0,0.0,15,500.0,0.026666667,0.073333333,19.996,0.0,Mar,2,2,3,1,Returning_Visitor,0,1
2,-548.1414925235827,1,0.0,175,2696.10873,0.003436426,0.021408935,76.58887843754718,0.0,Nov,2,2,1,13,Returning_Visitor,0,1
6,627.0237891842577,0,0.0,7,-6172.951791000018,0.004444444,0.010666667,0.0,0.0,Mar,2,2,8,2,Returning_Visitor,0,0
2,22.8,0,0.0,81,1342.75,0.0,0.008860759,0.0,0.0,Sep,1,1,1,3,Returning_Visitor,0,1
4,128.125,4,134.5,93,2697.17535,0.006060606,0.019274564,0.0,0.6916793362769691,Nov,2,2,3,2,Returning_Visitor,1,0
4,26.2,0,0.0,13,131.2,0.18380646910323697,0.026666667,0.0,0.0,June,1,2,1,5,Returning_Visitor,0,0
4,158.0,0,0.0,18,567.75,0.0,0.034586466,0.0,0.0,May,3,2,2,4,Returning_Visitor,0,0
4,-501.402879236276,0,0.0,4,8035.44743669234,0.0,0.014285714,63.969604910765526,0.0,Oct,3,2,1,2,Returning_Visitor,0,0
0,0.0,0,0.0,9,125.5,0.0,0.007407407,62.57541648445579,0.0,Nov,2,2,7,11,Returning_Visitor,0,0
0,0.0,0,482.3911671090565,28,-6027.158390986757,0.1803999983446942,0.078333333,76.7486246234115,0.0,Jul,3,2,3,13,Returning_Visitor,0,0
6,666.8333333,0,0.0,22,1674.583333,0.0,0.014666667,0.0,0.7980825581845143,Mar,2,2,3,2,Returning_Visitor,0,0
9,97.64285714,0,0.0,37,584.5958874,0.005128205,0.013043478,0.0,0.0,Mar,2,4,1,3,Returning_Visitor,1,0
0,0.0,0,0.0,2,0.0,0.2,0.2,0.0,0.0,Nov,1,8,3,1,Returning_Visitor,1,0
18,280.95,6,762.5,79,2096.911364,0.003333333,0.014008551,74.30618003858051,-0.7002217698145364,Mar,2,4,2,2,Returning_Visitor,0,0
15,92.0,0,-472.79101850619554,21,755.0,0.0,-0.11979738084773141,0.0,0.0,Nov,3,2,1,2,New_Visitor,0,0
4,127.0,0,0.0,32,2423.75,0.19173936447948037,-0.11370656184331061,23.61948148,0.0,May,1,1,3,4,Returning_Visitor,0,1
-7,0.0,0,0.0,4,226.8,0.04,-0.12716602792482204,12.83702398,-0.5846800464666928,Nov,1,1,6,2,Returning_Visitor,0,1
0,0.0,0,0.0,7,270.75,0.0,0.057142857,0.0,0.0,Dec,1,1,4,2,Returning_Visitor,1,0
4,934.5,1,92.0,18,937.7166667,0.0,0.005555556,0.0,0.0,Dec,1,1,6,2,New_Visitor,0,0
0,0.0,0,0.0,18,-5783.838561543189,0.016666667,-0.14869663292478877,0.0,0.830859482786306,May,2,2,6,3,Returning_Visitor,0,0
6,653.8482662815048,0,0.0,113,2216.66832,0.005357143,0.014344857,8.353508036,0.2,May,2,2,1,1,Returning_Visitor,0,0
4,37.66666667,0,0.0,43,686.8789683,0.004761905,0.012581699,0.0,0.0,Nov,3,2,1,3,Returning_Visitor,0,0
0,0.0,0,0.0,95,3208.208333,0.00212766,0.010851064,5.364419268,0.0,Nov,2,2,1,1,Returning_Visitor,0,1
5,58.28571429,25,685.25,177,4041.734915,0.002247191,0.010759765,9.419346491,0.0,Nov,2,2,1,2,Returning_Visitor,0,0
15,238.6838095,25,0.0,174,799.1049417,-0.16662650035654336,-0.13688210188163835,19.03293603,0.0,Sep,3,2,3,2,Returning_Visitor,1,0
0,0.0,0,0.0,-113,214.25,0.091666667,0.097777778,63.981281155409576,0.8,May,3,2,3,13,Returning_Visitor,0,0
7,108.0,2,-412.02646515121444,32,879.9166667,0.02195122,0.030226481,11.19263415,-0.7189301920752535,May,1,1,1,4,Returning_Visitor,0,0
0,0.0,0,464.4557823785512,7,286.5,0.0,0.042857143,0.0,0.7304460831902873,Mar,3,3,3,1,Returning_Visitor,0,0
3,227.0,0,-467.239817575697,-133,62.0,0.0,0.21887422769850864,0.0,0.0,Mar,3,2,1,10,Returning_Visitor,1,0
0,0.0,0,0.0,1,0.0,0.2,0.2,0.0,0.0,Mar,2,2,7,1,Returning_Visitor,0,0
-8,0.0,0,0.0,2,5.0,0.0,0.1,-63.26014942417182,0.0,Mar,2,2,1,1,Returning_Visitor,1,0
2,-590.5257361922678,1,377.0,6,117.5,0.045454545,-0.13458587119947057,0.0,0.4,May,1,1,3,1,Returning_Visitor,0,0
14,0.0,0,0.0,21,173.0,0.00952381,0.023809524,0.0,0.0,Dec,1,2,3,3,Returning_Visitor,0,0
7,164.5833333,1,28.5,115,3427.665476,0.0,0.016290123,4.970219813,0.0,Nov,2,2,4,10,Returning_Visitor,0,1
3,49.4,4,-440.69447751083146,91,6418.819048,0.1773578104904082,0.046632997,13.83791777,0.0,Jul,2,2,1,3,Returning_Visitor,0,0
0,0.0,25,0.0,8,-5635.504025622988,0.025,0.058333333,0.0,0.0,Dec,2,4,7,1,Returning_Visitor,0,0
-7,0.0,3,67.5,-106,2028.172619,0.004347826,-0.1196349676304492,0.0,0.0,Dec,4,1,6,2,Returning_Visitor,0,0
1,653.4257836671663,0,0.0,16,694.4549784,0.0,0.001470588,54.91911804,0.0,Sep,2,2,7,2,New_Visitor,0,1
-9,16.6,25,0.0,39,581.9419883,0.0,0.000732601,68.32050059,0.0,Aug,2,2,5,2,New_Visitor,0,1
2,43.5,0,0.0,26,971.6666667,0.0,0.009259259,76.82962127569867,0.7767610738049866,Dec,2,2,3,2,Returning_Visitor,0,1
2,64.5,0,0.0,24,1151.136905,0.0,-0.12213499912386899,72.66662616248763,-0.6261403888520304,Dec,2,2,3,2,Returning_Visitor,0,1
6,1672.033333,25,0.0,28,518.3966667,0.006060606,-0.1396681520345403,0.0,0.0,Oct,2,2,3,2,Returning_Visitor,1,0
10,229.0,0,-504.84656335325235,27,-6431.149667334536,0.1876036978963157,-0.12152492393481974,-67.11987009468527,0.0,Nov,2,2,3,10,Returning_Visitor,0,1
2,-627.4222554126119,25,0.0,28,1183.65,0.0,0.006896552,68.49937023926904,0.0,Dec,3,12,9,2,Returning_Visitor,0,1
0,0.0,0,0.0,38,1251.932143,0.0,0.011302211,0.0,0.0,Nov,1,1,1,1,Returning_Visitor,0,0
5,661.0,3,373.0,36,1381.75,0.1890958865581678,0.018421053,64.37623070585826,0.0,May,2,4,2,4,Returning_Visitor,0,0
10,141.6333333,0,0.0,13,386.3,0.0,0.023529412,0.0,0.0,Sep,2,2,1,3,Returning_Visitor,0,0
1,0.0,0,0.0,181,192.1666667,0.0,0.2199088399937622,0.0,0.0,Mar,1,1,9,9,Returning_Visitor,1,0
0,0.0,0,0.0,7,611.0833333,0.0,0.016666667,0.0,0.0,Dec,3,2,6,8,New_Visitor,0,0
0,755.1958786359146,0,0.0,66,-6287.991258852834,0.0,0.0,62.853261,0.0,Sep,2,2,4,2,New_Visitor,0,1
0,0.0,0,0.0,3,18.0,0.1,-0.1498862530216702,0.0,0.0,Nov,3,2,2,13,Returning_Visitor,0,0
1,22.2,0,0.0,43,1257.9,0.00952381,-0.1176405314345321,0.0,0.0,Sep,2,4,1,3,Returning_Visitor,0,0
0,0.0,0,0.0,17,341.6666667,0.011764706,0.041176471,0.0,0.0,Mar,2,6,9,6,Returning_Visitor,0,0
15,143.0666667,1,6.5,74,1294.405,0.002666667,0.010666667,0.0,0.0,Aug,2,2,3,1,Returning_Visitor,1,0
-7,310.0,3,407.0,-99,7767.32556,0.006045198,-0.1491007929153878,8.845689534,0.0,Nov,2,2,2,1,Returning_Visitor,1,0
0,0.0,0,0.0,4,145.2,0.1714472911238775,0.025,0.0,0.0,Aug,2,4,7,2,Returning_Visitor,0,0
6,65.0,0,556.5033140234513,173,40.0,0.0,0.014285714,0.0,0.0,Dec,2,2,1,2,New_Visitor,0,0
0,0.0,25,0.0,21,1003.0,0.0,0.008333333,0.0,0.0,Mar,2,4,1,1,Returning_Visitor,0,0
2,63.0,0,0.0,4,43.75,0.016666667,0.20982762318971554,0.0,0.0,Nov,1,2,3,2,New_Visitor,0,0
-8,79.6,0,0.0,24,433.36,0.008333333,0.1926117440611343,0.0,0.0,Aug,2,2,1,1,Returning_Visitor,0,0
11,494.1666667,4,151.0,195,4773.335638,0.000537634,0.008600444,0.0,0.0,May,2,2,3,3,Returning_Visitor,0,0
4,275.1,1,16.6,229,6984.611525,0.017126437,-0.10663565133230118,0.780905815,-0.7287455765662895,Aug,3,2,8,13,Returning_Visitor,0,0
0,0.0,0,0.0,36,-5488.982784151872,0.0,0.005882353,-50.55848764743401,0.0,Dec,3,2,4,8,New_Visitor,1,1
1,0.0,2,6.5,63,5826.333333,0.000793651,0.026719577,0.0,0.0,Nov,3,2,1,3,Returning_Visitor,1,0
0,0.0,0,0.0,6,227.3333333,0.17535140699233906,0.013333333,0.0,0.0,May,3,2,3,2,New_Visitor,1,0
1,27.2,0,0.0,91,1596.412698,0.001098901,0.007912088,33.61787649,0.0,Sep,2,2,2,1,Returning_Visitor,0,0
3,26.0,25,565.6967577702161,85,768.5,-0.1507705599154006,0.005813953,0.0,-0.6833822801054023,May,2,5,4,4,Returning_Visitor,0,0
10,149.013357,2,138.0,78,2207.366936,0.002380952,0.012458392,0.0,0.0,Dec,3,2,1,2,Returning_Visitor,0,0
3,98.1,2,28.2,130,8388.384726008639,-0.1405477632485301,0.036825949,0.0,0.0,Sep,2,2,4,1,Returning_Visitor,1,0
17,446.9333333,8,597.5833333,62,2350.667857,0.007452575,0.033986814,79.48403933,0.0,Dec,1,1,7,10,Returning_Visitor,0,0
0,729.9088889944084,1,0.0,167,4566.238095,0.02047619,0.059220779,77.67142177680707,0.8,May,3,2,1,3,Returning_Visitor,0,0
0,706.9359027498427,0,0.0,171,159.0,0.0,0.033333333,0.0,0.0,Dec,1,1,1,1,Returning_Visitor,0,0
14,715.1336860756929,0,0.0,6,202.0,0.18772553263434716,0.016666667,0.0,0.0,May,1,1,3,1,Returning_Visitor,1,0
0,0.0,1,0.0,17,982.757619,0.0125,-0.1447059910609277,-49.94001599178686,0.0,Sep,2,5,2,1,Returning_Visitor,0,0
2,77.0,25,0.0,43,1607.297619,0.21123269430559344,0.015909091,0.0,0.0,Mar,2,2,1,2,Returning_Visitor,0,0
3,66.4,0,0.0,16,516.4785714,0.022222222,0.035555556,0.0,0.0,Sep,3,2,3,5,Returning_Visitor,0,0
0,632.6280136261087,0,0.0,2,0.0,0.2,0.2,0.0,0.0,Aug,1,2,8,1,New_Visitor,0,0
0,0.0,0,563.57873637623,13,-4715.072655780436,0.015384615,-0.11583618993412614,0.0,0.0,Dec,2,2,1,20,Returning_Visitor,0,0
-7,91.0,25,39.0,-100,1280.166667,0.0,-0.1394101021729921,39.81885714,0.0,May,2,4,4,4,New_Visitor,0,1
0,0.0,0,0.0,12,407.0,0.0,0.033333333,0.0,0.0,Mar,2,2,4,3,Returning_Visitor,0,0
0,0.0,0,0.0,-134,129.5,0.0,0.033333333,-50.13129771917363,0.0,Dec,2,2,1,11,New_Visitor,0,0
10,78.9,0,0.0,15,718.8,0.0,0.015789474,0.0,0.0,Nov,2,2,4,2,New_Visitor,0,0
5,226.09,25,0.0,37,692.87,-0.15111444452346312,0.001666667,-55.95014416615825,0.0,Oct,1,1,4,4,Returning_Visitor,0,0
0,0.0,25,0.0,30,469.1,-0.14476348680158135,0.015,0.0,-0.6109970653979546,Jul,2,4,4,4,Returning_Visitor,0,0
7,-482.249782371381,0,-479.73212853505004,26,-6384.0872022226995,0.17980250100129605,-0.11598495124051428,26.983125,0.0,May,3,2,3,4,New_Visitor,0,1
0,0.0,0,573.967131963903,13,151.0,-0.1405137829396848,0.023076923,0.0,1.0,May,1,1,1,1,Returning_Visitor,1,0
2,31.1,3,31.2,18,792.7333333,0.013043478,0.048115942,8.611221424,0.0,June,2,5,3,20,Returning_Visitor,0,0
-10,0.0,0,0.0,3,62.25,0.1860561386330258,0.066666667,63.33143616941643,0.0,Dec,1,1,7,2,Returning_Visitor,0,0
2,15.0,0,0.0,10,894.6666667,0.0,0.022222222,0.0,0.0,May,2,4,4,2,Returning_Visitor,0,0
-10,0.0,0,0.0,5,27.0,0.19629292259273118,0.08,78.12652851284045,0.6980065892907538,Dec,2,2,1,1,Returning_Visitor,0,0
1,12.0,25,0.0,22,380.8066667,0.019047619,0.013333333,0.0,0.0,Jul,1,2,3,2,Returning_Visitor,0,0
0,0.0,0,0.0,6,86.53333333,0.19090688438537512,0.066666667,0.0,0.0,Oct,1,1,7,2,Returning_Visitor,1,0
5,154.8333333,7,285.0,90,3262.350896,0.003125,0.010909616,0.0,0.0,May,3,2,5,6,Returning_Visitor,0,0
12,662.5357143,25,58.0,41,854.2863248,0.01875,0.21036286744910382,10.17225,0.0,May,3,2,4,4,Returning_Visitor,1,1
12,105.2666667,0,0.0,35,655.6847619,0.0,0.005128205,0.0,0.0,Nov,2,10,7,2,New_Visitor,1,0
2,47.0,0,0.0,17,411.625,0.0,0.023529412,0.0,0.0,Mar,2,2,4,3,Returning_Visitor,0,0
9,124.125,0,0.0,35,1988.658333,0.008943089,0.030662021,0.0,0.0,Mar,2,2,3,2,Returning_Visitor,0,0
0,0.0,0,0.0,167,0.0,0.2,-0.14460361472091218,0.0,0.0,Dec,3,2,1,1,Returning_Visitor,1,0
0,0.0,0,0.0,90,3111.683333,0.0,0.013249672,0.0,0.0,Nov,2,4,1,2,Returning_Visitor,1,0
0,0.0,0,0.0,3,78.33333333,0.0,0.022222222,0.0,0.0,Mar,2,2,7,11,Returning_Visitor,0,0
2,44.0,0,0.0,44,724.3166667,0.0,0.011363636,19.21218939,0.0,May,2,2,3,2,Returning_Visitor,0,1
0,0.0,0,0.0,1,0.0,-0.13126963420173507,-0.13688320080085314,0.0,0.0,Nov,3,2,1,1,Other,1,0
5,448.5,4,52.0,81,2537.807082,0.013793103,0.028674678,0.0,0.0,Nov,3,2,3,2,Returning_Visitor,1,0
3,150.75,1,14.0,13,308.5,0.0,0.0125,0.0,0.0,Dec,2,2,5,2,New_Visitor,1,0
0,0.0,0,0.0,32,791.9166667,0.0125,0.025520833,0.0,0.0,Nov,3,2,4,2,Returning_Visitor,0,0
3,36.0,25,0.0,3,29.5,-0.15753222603505496,0.04,-53.93702210906795,0.0,Nov,2,10,3,2,Other,0,0
-9,7.5,0,0.0,-128,7406.746590810758,0.1936893821931233,0.058730159,65.34316473977591,0.6,May,2,5,1,3,Returning_Visitor,0,0
0,-511.63329874389444,25,598.2616652145988,27,2514.25,0.0,0.006666667,31.40784,0.0,May,2,2,3,5,New_Visitor,0,1
3,149.0666667,0,0.0,-118,8023.768242770253,0.019047619,-0.11258596926364028,0.0,0.0,Nov,3,2,1,2,Returning_Visitor,0,0
0,0.0,0,0.0,-125,691.252381,-0.15619174536885533,0.029457364,0.0,0.0,Nov,2,6,5,1,Returning_Visitor,0,0
0,771.9851177466273,25,0.0,-112,312.35,0.0,0.041666667,0.0,0.0,Nov,2,2,1,2,Returning_Visitor,0,0
0,0.0,25,0.0,7,-4565.983991276218,0.0,0.033333333,49.82333333,0.0,Mar,2,2,4,1,New_Visitor,0,1
0,0.0,0,-397.55070607579904,12,749.8,0.0,0.015384615,66.3225734431382,0.0,Jul,2,2,1,4,New_Visitor,0,1
1,21.0,3,19.0,39,754.3194444,0.004651163,0.036124031,0.0,0.0,Nov,2,2,1,10,Returning_Visitor,0,0
1,61.4,25,0.0,27,779.6066667,0.20670212801890192,0.20134293810491902,0.0,0.0,Oct,2,2,7,2,Returning_Visitor,0,0
5,-466.36145303370984,0,0.0,58,-5174.629931823617,0.003519062,0.018087558,77.80190090501863,0.0,May,2,1,1,3,Returning_Visitor,1,0
0,0.0,0,0.0,-114,300.0714286,0.0,0.02,53.9892,0.0,Mar,2,2,1,11,Returning_Visitor,1,1
0,0.0,1,19.0,-138,852.0,-0.12759442005347343,0.009090909,0.0,0.7110904282806123,Feb,2,2,3,6,Returning_Visitor,0,0
7,122.875,25,0.0,22,250.0357143,0.0,0.03974359,72.72469485965316,0.0,Dec,2,2,1,2,New_Visitor,0,0
3,50.5,0,0.0,2,37.5,0.0,0.04,0.0,0.0,Nov,2,2,1,2,New_Visitor,0,0
0,0.0,0,593.2773700834098,30,1661.833333,0.027222222,0.071666667,0.0,0.0,Dec,2,2,3,1,Returning_Visitor,0,0
1,6.0,0,-482.6911355145845,18,339.75,0.0,0.00625,0.0,0.0,Nov,1,1,5,2,Returning_Visitor,0,0
0,0.0,0,0.0,185,52.0,0.0,0.1,0.0,0.0,Feb,1,1,1,3,Returning_Visitor,0,0
5,150.7,25,0.0,12,201.6,0.026666667,-0.11097781591232533,0.0,0.0,Oct,1,1,4,2,New_Visitor,0,0
0,0.0,25,0.0,34,1189.053571,0.000840336,0.027777778,0.0,0.0,Nov,4,1,6,8,Returning_Visitor,0,0
3,25.6,25,0.0,10,-4768.286864692619,0.0,0.013095238,11.78466261,0.0,Jul,1,1,1,5,Returning_Visitor,0,1
13,0.0,0,0.0,1,0.0,0.2,0.2,0.0,0.8015713682361876,Mar,2,2,1,1,Returning_Visitor,0,0
-10,0.0,25,-451.82623998061683,11,142.4166667,0.0,0.036363636,71.62851298704746,0.0,May,2,2,1,2,Returning_Visitor,0,0
1,5.0,2,33.3,16,521.5,0.010526316,-0.12767591443596915,0.0,0.0,Jul,2,2,7,1,Returning_Visitor,0,0
3,127.1,0,0.0,36,2590.8,0.21675586522734866,0.026315789,0.0,0.0,Oct,2,2,1,1,Returning_Visitor,0,0
0,0.0,0,540.4999133697372,188,7772.617236103753,0.016666667,0.066666667,0.0,-0.5654879602961328,Mar,1,1,6,3,Returning_Visitor,0,0
0,0.0,0,512.0845211728579,20,1815.279762,0.012280702,0.029239766,0.0,0.6,May,1,2,1,2,Returning_Visitor,0,0
4,136.0,0,0.0,31,1141.833333,0.1825513744868628,0.006060606,10.63449802,0.0,Mar,1,1,1,1,Returning_Visitor,0,1
0,0.0,0,0.0,11,241.0,0.18661209382235142,0.018181818,-50.31409021429886,0.0,Mar,2,2,5,1,Returning_Visitor,0,0
1,27.0,2,22.0,16,408.25,-0.1270752049925085,0.014117647,0.0,0.0,May,4,1,1,4,Returning_Visitor,0,0
3,-628.2903925361759,2,297.8333333,62,1685.747985,0.0,-0.11609657507548754,-53.58198312261013,0.0,Jul,2,2,3,2,Returning_Visitor,0,0
0,0.0,0,0.0,-99,0.0,0.2,0.2,0.0,-0.5703120229440996,Nov,1,1,5,3,Returning_Visitor,0,0
-10,0.0,0,0.0,2,0.0,0.2,0.2,0.0,0.0,Nov,3,2,1,13,Returning_Visitor,1,0
0,0.0,0,0.0,68,3357.340476,0.018137255,0.028272059,-57.55999446102239,1.0,May,3,2,6,2,Returning_Visitor,1,0
2,256.5,0,0.0,10,117.25,0.110714286,0.130952381,0.0,0.0,Nov,2,2,7,11,Returning_Visitor,1,1
14,0.0,0,0.0,1,0.0,0.2,0.2,0.0,0.0,June,3,2,1,1,Returning_Visitor,1,0
1,22.75,0,0.0,16,461.0833333,-0.12751985270080293,0.011458333,17.991,0.0,May,2,2,1,4,Returning_Visitor,0,0
4,53.0,25,0.0,70,2720.7,0.017506494,-0.1130376981828843,4.858842857,0.0,May,3,2,1,13,Returning_Visitor,1,0
0,0.0,25,0.0,-99,-6235.300898516426,0.00952381,0.21372585941635444,0.0,-0.6698815028986734,Dec,2,2,4,10,Returning_Visitor,0,0
0,0.0,0,0.0,6,6987.621671759431,0.077777778,0.072222222,0.0,0.6,May,3,2,4,3,Returning_Visitor,0,0
-10,0.0,0,0.0,48,2492.166667,0.0,0.014583333,0.0,0.0,Nov,2,4,1,2,Returning_Visitor,0,0
0,0.0,25,0.0,-128,337.0,0.045454545,0.061818182,0.0,0.0,Mar,1,1,9,3,Returning_Visitor,0,0
0,0.0,1,-472.31344514144115,45,-5602.1976156558485,0.028787879,-0.12379051707109315,-57.78054995377006,0.0,May,3,2,3,18,Returning_Visitor,0,0
0,0.0,0,0.0,12,250.25,0.05,0.083333333,0.0,0.0,Dec,1,1,1,3,Returning_Visitor,1,0
3,51.0,3,89.0,6,154.5,0.0,0.20812114995730074,0.0,0.8,May,1,1,7,3,Returning_Visitor,0,0
1,197.4,0,0.0,-103,1631.4,0.027380952,-0.13057695057961116,0.0,0.0,Oct,2,2,3,13,Returning_Visitor,0,0
-8,187.2666667,2,17.0,64,2121.304304,0.003188406,0.018007866,4.873969358,0.0,May,3,3,3,4,Returning_Visitor,1,0
0,637.3818498324277,0,-430.31488901858,8,359.0,0.0,0.075,0.0,0.4,May,1,1,3,3,Returning_Visitor,0,0
-10,0.0,25,588.5185906382476,5,109.8,0.12,-0.13888387254734336,62.29889251092611,0.0,Aug,1,1,4,3,Returning_Visitor,0,0
0,0.0,0,0.0,55,1728.025397,0.049318182,0.071645022,-68.05725787710581,0.0,May,3,2,1,6,Returning_Visitor,0,0
-10,27.2,0,0.0,47,-4940.344486750725,0.008333333,0.032638889,0.0,0.0,Oct,2,2,3,1,Returning_Visitor,0,0
12,127.6666667,0,512.5106503395239,-104,107.0,0.0,0.033333333,0.0,0.0,Nov,1,1,4,2,New_Visitor,1,0
-8,70.5,0,0.0,-117,51.3,0.0,0.00952381,62.35740052268886,0.0,Sep,3,3,4,5,New_Visitor,0,0
0,0.0,0,0.0,8,143.2,0.0,0.029166667,0.0,0.0,Nov,3,2,1,2,Returning_Visitor,0,0
0,0.0,0,488.3278655010652,21,1146.333333,-0.14996284811675076,0.012962963,0.0,0.8,Feb,3,2,1,3,Returning_Visitor,0,0
0,0.0,0,546.6116453559899,3,63.0,0.0,0.19696467660150904,0.0,0.0,Nov,5,11,8,11,Returning_Visitor,0,0
5,115.8,0,0.0,60,1516.73,0.007936508,0.01982092,-56.680523826553596,0.0,Aug,2,2,4,3,Returning_Visitor,1,0
0,0.0,25,0.0,30,480.6055556,0.21127637022212692,0.041450216,0.0,-0.6386123794073224,Dec,3,2,3,3,Returning_Visitor,0,0
9,216.23,1,140.5,310,8468.339278,0.18305712317812498,-0.10573986174200059,0.875047932,0.0,Sep,2,10,3,2,Returning_Visitor,1,0
0,0.0,0,0.0,3,7506.142804831834,0.133333333,0.166666667,0.0,0.0,Aug,3,2,1,2,Returning_Visitor,1,0
10,706.5566667,0,0.0,53,1572.816667,0.007017544,0.024948268,0.0,0.0,Nov,3,2,1,1,Returning_Visitor,0,0
0,0.0,0,-511.3271994114441,20,275.6666667,0.066666667,0.114814815,69.42414578807526,-0.5632235991897491,May,2,2,1,4,Returning_Visitor,0,0
2,261.0,0,0.0,6,486.0,0.1815578427213566,0.028571429,0.0,0.6,May,1,2,3,2,Returning_Visitor,0,0
4,74.5,0,0.0,22,672.95,0.0,0.2067233502956238,0.0,0.0,Sep,2,2,9,2,Returning_Visitor,0,1
1,46.0,0,0.0,-111,3098.649444,0.018814433,0.037472815,6.153201384,0.0,Aug,2,2,6,1,Returning_Visitor,0,0
6,245.4666667,0,0.0,171,-4790.372784257875,0.006896552,0.030172414,0.0,0.0,May,4,2,3,6,Returning_Visitor,0,0
2,30.0,1,134.0,31,519.9166667,0.0,0.001470588,76.82698510629838,0.0,May,2,2,7,18,New_Visitor,0,0
14,9.0,0,0.0,50,836.8,0.0,0.006339869,0.0,0.0,Mar,2,2,3,2,Returning_Visitor,0,0
0,754.1729578479053,25,0.0,39,3413.833333,0.005128205,0.028205128,-52.76582744632581,0.4,May,4,1,9,3,Returning_Visitor,0,0
13,784.6865616727486,25,26.0,161,3457.628812,0.006140351,0.018923933,75.85891993936701,0.6971828444389323,Nov,2,5,7,2,Returning_Visitor,1,1
3,-488.9494219107981,0,0.0,17,513.25,0.0,0.012030075,17.54619116,0.0,Nov,2,2,1,10,Returning_Visitor,0,1
8,125.6309524,6,75.0,-102,13379.36658,0.002769231,0.014969192,8.055833998,0.0,Dec,2,2,4,2,Returning_Visitor,0,0
3,68.0,1,103.0,-129,808.5,0.0,0.015384615,35.99261538,0.0,Mar,2,2,3,7,Returning_Visitor,1,1
6,798.1931626570498,2,211.6,162,7352.970095100033,0.17311005796294127,0.003964551,22.36033441,0.0,Sep,2,2,1,6,Returning_Visitor,0,0
14,318.7202381,1,0.0,60,1205.945238,0.008823529,-0.1131964590737766,5.710061275,0.0,May,2,2,3,13,Returning_Visitor,0,1
0,781.644350772495,0,0.0,77,3332.208333,0.002040816,0.024719927,0.0,0.6,May,2,2,3,6,Returning_Visitor,0,0
5,125.75,0,-400.4144147872887,44,1113.309524,0.008333333,0.2215387260909211,18.9160732,0.0,Dec,3,2,1,1,Returning_Visitor,0,0
3,73.5,3,171.0,76,2208.788095,0.0,0.004756098,-52.34299505237611,0.0,May,4,1,7,2,Returning_Visitor,1,0
0,0.0,0,507.4816006128727,16,-5814.175127821922,0.0,0.0375,77.67063889583781,0.0,May,4,1,7,1,Returning_Visitor,0,0
-10,0.0,0,498.13873718628673,4,26.5,0.0,0.05,0.0,0.0,Mar,2,2,9,2,Returning_Visitor,1,0
0,0.0,25,0.0,6,291.0,0.0,0.033333333,0.0,-0.7416384726538412,Nov,2,6,7,1,Returning_Visitor,0,0
1,0.0,0,0.0,19,867.8333333,0.1751514337904563,0.028333333,0.0,0.0,May,2,2,7,6,Returning_Visitor,0,0
2,37.5,25,0.0,3,45.25,0.0,0.02,0.0,0.0,Dec,4,1,3,3,Returning_Visitor,1,0
4,84.75,0,0.0,46,962.9011905,0.004444444,0.01212963,-62.19599605222903,0.0,Dec,1,1,6,2,Returning_Visitor,0,0
2,36.0,0,0.0,13,142.0,-0.1327079729089028,0.013333333,0.0,0.0,Mar,4,2,4,8,Returning_Visitor,0,0
-8,0.0,0,0.0,18,8072.879441218507,0.011764706,0.02254902,0.0,0.2,May,1,2,3,4,Returning_Visitor,0,0
0,0.0,0,-403.7486815906435,2,-6088.937864549973,0.2,-0.1323517185652395,0.0,0.4,May,1,1,3,3,Returning_Visitor,0,0
14,524.95,2,248.3333333,-99,5948.998311,0.005957447,0.008289956,0.0,0.0,Dec,1,1,1,10,Returning_Visitor,0,0
0,0.0,0,597.215349662521,12,481.8333333,0.0,0.018181818,74.088,0.8408841475852677,Mar,1,1,1,2,New_Visitor,0,1
3,-473.31902476629153,0,0.0,-109,263.6,-0.1592388908276404,0.003571429,0.0,-0.567470490464746,Mar,3,2,1,9,Returning_Visitor,0,0
1,-581.8285293596102,0,0.0,52,1300.041667,0.001960784,0.023193277,6.028854102,0.0,Nov,2,2,2,2,Returning_Visitor,1,1
6,513.8333333,25,0.0,33,2690.333333,0.0,0.21990030427269863,30.21878011,0.0,Nov,2,4,1,2,Returning_Visitor,0,1
1,178.0,0,0.0,-142,110.0,-0.1552454110499797,0.016666667,0.0,0.2,May,3,2,3,4,Returning_Visitor,0,0
0,777.2192497532665,0,0.0,13,129.5,0.061538462,0.092307692,0.0,0.0,Mar,1,8,1,1,Returning_Visitor,0,0
13,759.3962297321896,0,0.0,-113,607.5892857,0.028571429,0.22293892918402938,0.0,0.0,Dec,3,2,1,2,Returning_Visitor,1,0
14,0.0,0,0.0,3,1038.0,0.0,-0.14545324454918676,77.25745807537993,0.0,Feb,2,2,1,1,Returning_Visitor,0,0
0,660.4625974139461,0,0.0,65,1931.512121,0.0,0.025128205,0.0,0.0,Dec,2,2,3,2,Returning_Visitor,0,0
2,0.0,0,0.0,8,119.0,-0.14194073407851093,0.1,0.0,0.0,May,1,2,1,2,Returning_Visitor,0,0
4,62.0,1,87.6,88,3634.585714,0.21082188570296764,0.035701754,1.435224011,0.8353406285829031,Oct,2,2,1,3,Returning_Visitor,0,0
0,0.0,0,0.0,10,226.8333333,0.0,0.01,74.90229182677773,-0.7062158574204535,Mar,1,1,1,2,Returning_Visitor,1,0
0,0.0,0,0.0,6,78.66666667,0.0,0.033333333,0.0,0.0,May,2,2,5,4,New_Visitor,0,0
-9,0.0,0,0.0,22,473.5,0.0,0.022727273,0.0,0.6,May,3,7,3,3,Returning_Visitor,0,0
1,7.0,0,0.0,26,933.3333333,0.2069952819467245,0.028,1.84752,0.0,May,2,2,1,13,Returning_Visitor,0,0
0,0.0,0,0.0,12,349.5,0.17355651999651436,0.008333333,0.0,0.7994555768314154,Dec,1,1,6,1,Returning_Visitor,0,0
1,49.5,0,0.0,-131,7478.6781649656405,0.0,0.035714286,0.0,-0.7049086868648975,Dec,2,2,1,7,New_Visitor,1,0
3,-549.2614247077515,2,66.0,16,315.3666667,0.20350942127389668,0.014736842,0.0,0.0,May,3,2,1,3,Returning_Visitor,1,0
1,-493.66740366462045,0,0.0,3,59.0,0.0,0.05,0.0,0.0,Mar,2,2,9,8,Returning_Visitor,0,0
1,11.0,25,0.0,59,-5377.4616531193815,0.008333333,0.017458333,0.0,0.0,Nov,3,2,3,10,Returning_Visitor,0,0
12,390.5,25,-428.5364774169376,185,1285.583333,0.0,0.23189199467962934,14.67222588,0.0,Dec,2,2,8,2,Returning_Visitor,0,1
0,0.0,25,0.0,58,1590.42,0.010344828,0.021551724,1.023391581,0.0,Jul,3,2,8,4,Returning_Visitor,0,1
0,0.0,0,0.0,7,251.6666667,0.028571429,0.011428571,0.0,0.0,Mar,3,2,1,6,Returning_Visitor,1,0
0,0.0,0,0.0,55,4156.9,0.018787879,0.05352381,0.0,0.0,Nov,2,2,1,1,Returning_Visitor,1,0
6,76.25,25,0.0,22,-5571.998913530548,0.20452657527687088,0.004166667,0.0,0.0,Dec,2,2,4,2,Returning_Visitor,0,0
4,91.0,0,-390.1527388151959,12,197.0,0.0,0.0375,0.0,-0.5996101611706062,Nov,2,2,1,2,New_Visitor,0,0
12,0.0,0,0.0,26,655.7833333,0.003846154,0.013782051,0.0,0.0,Mar,1,1,8,3,Returning_Visitor,0,0
2,194.9,0,0.0,14,7549.046152650074,0.0,0.009183673,0.0,0.0,Nov,1,1,4,3,Returning_Visitor,0,1
2,52.0,0,0.0,24,427.0833333,0.026388889,0.059722222,0.0,0.0,Mar,2,2,1,1,Returning_Visitor,0,0
6,73.70833333,25,188.0,80,8287.295841093377,0.022621723,0.059636655,0.0,0.0,Nov,2,2,1,2,Returning_Visitor,1,0
0,0.0,0,0.0,1,0.0,0.2,0.2,0.0,0.0,Nov,2,2,3,13,Returning_Visitor,0,0
14,184.1556741,7,-505.7673460143621,127,3418.696975,0.003900709,0.013700977,2.136325585,-0.6561795536498335,Dec,3,2,4,2,Returning_Visitor,1,0
1,0.0,4,154.8333333,224,5209.958128,0.008311643,0.20238113534019517,74.35633387542343,0.0,Nov,1,2,3,2,Returning_Visitor,0,1
1,17.0,0,0.0,10,8492.062499351525,0.036363636,0.045454545,0.0,0.0,May,2,2,4,1,Returning_Visitor,0,0
0,0.0,0,0.0,198,1425.183333,0.004651163,0.006976744,0.0,0.8,May,2,6,1,1,Returning_Visitor,0,0
0,0.0,0,0.0,23,684.5,-0.1315294548260685,0.19935292578073743,-52.096648784441555,0.8,May,2,2,2,6,Returning_Visitor,0,0
5,368.4,0,0.0,14,6998.328344819474,0.010526316,0.031578947,0.0,0.8231676454169483,Sep,1,1,1,2,Returning_Visitor,0,0
4,130.5,2,51.0,43,2265.529221,0.1694119342822725,0.004,14.792,0.0,May,3,2,4,2,Returning_Visitor,0,0
3,75.0,0,0.0,-133,74.0,0.0,0.02,0.0,0.0,May,3,2,1,2,Returning_Visitor,0,0
0,-605.3291357524163,0,0.0,8,232.5,0.0,0.05,0.0,0.0,Nov,4,2,1,2,New_Visitor,0,0
1,11.0,25,0.0,11,183.5,0.0,0.018181818,0.0,0.0,May,2,2,1,4,New_Visitor,1,0
0,763.5921905207267,0,0.0,2,9.0,0.0,0.1,0.0,0.0,May,2,2,2,3,Returning_Visitor,0,0
4,54.6,25,22.13333333,167,1100.789082,0.008510638,0.018561297,0.0,0.0,Oct,2,2,1,1,Returning_Visitor,0,0
12,120.5,0,0.0,75,1677.805952,0.006578947,0.023128655,0.0,0.0,Dec,2,2,1,1,Returning_Visitor,0,0
13,374.875,25,536.8713546790269,88,5958.071931,0.002105263,0.00954386,0.0,-0.5562500703982134,Mar,2,2,3,2,Returning_Visitor,0,0
3,-514.3233408680107,1,12.0,5,96.0,0.028571429,0.042857143,73.89881354342901,0.0,Sep,3,2,7,4,Returning_Visitor,1,0
0,0.0,0,0.0,1,0.0,0.2,0.2312206826349621,61.98580655892905,0.0,Sep,2,4,4,4,Returning_Visitor,0,0
0,-524.8494177818119,0,0.0,28,683.3,0.028571429,0.089285714,0.0,0.0,June,2,2,3,1,Returning_Visitor,0,0
0,0.0,0,0.0,15,1069.7,0.0,0.046666667,0.0,-0.5714010316295208,Jul,3,2,6,1,Returning_Visitor,0,0
0,0.0,0,0.0,1,0.0,0.2,0.2,0.0,0.8100065721889623,May,2,2,1,3,Returning_Visitor,0,0
0,0.0,0,0.0,9,140.0,0.022222222,0.055555556,0.0,0.0,Mar,2,2,6,1,Returning_Visitor,0,0
20,664.0410291016632,7,299.0333333,686,8430.357090647985,0.009853301,0.022771363,0.150650498,0.0,Aug,2,2,1,1,Returning_Visitor,0,0
8,268.25,0,0.0,71,2426.791667,0.002702703,0.010810811,33.86849093,0.0,Nov,2,2,1,8,Returning_Visitor,0,1
0,0.0,0,473.1367695257359,11,-5986.616375653146,0.0,0.022222222,0.0,0.0,May,3,2,6,5,Returning_Visitor,0,0
2,-504.95325227799464,0,0.0,47,-5514.0325490622,0.0,0.009574468,0.0,0.0,May,2,4,6,5,New_Visitor,0,0
9,162.625,0,505.9790082121912,37,8412.542029016644,0.000724638,0.0125,0.0,0.0,Sep,2,10,1,1,Returning_Visitor,0,0
4,98.0,4,216.0,17,1243.5,0.0,-0.13097016125710936,32.80852174,0.0,May,1,1,2,2,New_Visitor,0,1
0,-488.81798429469507,25,561.7967360741044,22,355.6666667,0.047619048,0.051428571,25.194,-0.6160906201044941,May,2,2,3,4,Returning_Visitor,0,1
0,0.0,0,0.0,7,276.1666667,0.025,0.05,-66.40848405686616,0.0,Nov,2,2,1,8,Returning_Visitor,0,0
1,4.0,0,-503.0721229227617,49,4651.033333,-0.1442770345784365,0.05,0.0,0.8,May,2,2,7,2,Returning_Visitor,0,0
5,46.95833333,25,0.0,30,-5527.50618375136,0.0,0.002083333,0.0,0.0,Nov,2,2,1,10,Returning_Visitor,1,0
1,757.5547824768087,2,80.5,193,8594.470165266597,0.0,0.015416667,0.0,0.0,Mar,2,2,1,10,Returning_Visitor,0,0
0,0.0,25,25.0,8,388.0,0.025,0.033333333,0.0,0.6,May,2,5,3,2,New_Visitor,0,0
0,0.0,0,0.0,-99,668.0,0.0,0.022222222,0.0,0.0,Nov,2,4,9,6,Returning_Visitor,0,0
0,0.0,0,0.0,5,87.6,0.0,0.04,0.0,0.0,Aug,2,4,1,1,Returning_Visitor,0,0
-7,66.0,0,-483.4252293859396,6,146.5,0.0,-0.15203307124089338,0.0,0.0,Nov,2,4,1,2,New_Visitor,0,0
2,-629.2939270845743,0,0.0,7,393.5,0.0,0.025,0.0,0.0,Dec,2,2,1,2,New_Visitor,0,0
0,699.9650178276546,25,-430.7013046292445,21,1277.833333,0.008695652,0.036956522,0.0,0.0,May,2,2,7,6,Returning_Visitor,1,0
6,101.3333333,0,0.0,10,266.5,0.028571429,0.028571429,0.0,0.0,Mar,2,2,4,1,Returning_Visitor,0,0
0,0.0,0,0.0,5,7816.385350757416,0.0,0.04,0.0,-0.6752848083360847,Nov,3,2,3,13,Returning_Visitor,0,0
5,244.5,0,0.0,21,998.4,0.004,0.008666667,41.86896,-0.6418981671500648,May,3,3,1,4,Returning_Visitor,0,1
5,66.96666667,2,416.0,291,7890.013660767664,0.00122631,0.008659512,9.013011371,0.0,May,2,2,1,4,Returning_Visitor,0,0
3,118.0,0,0.0,16,859.1666667,0.0,0.014814815,9.991666667,0.7140862784163616,May,3,2,2,2,Returning_Visitor,0,0
1,19.0,25,0.0,100,3457.285317,0.006122449,0.028231293,0.0,0.0,Nov,2,2,1,2,Returning_Visitor,0,0
0,0.0,25,0.0,2,8756.50107018697,0.0,0.1,0.0,0.0,May,2,2,1,3,Returning_Visitor,0,0
13,69.8,25,542.2586821625696,87,1764.180047,0.1870682231384691,0.032261103,66.5452056419565,0.0,June,2,6,1,1,Returning_Visitor,0,0
-10,-548.0267298311545,0,0.0,18,536.0857143,0.19504752308877144,0.011111111,75.62994948,-0.7094185390634128,Aug,2,2,4,4,New_Visitor,0,1
15,0.0,0,0.0,-107,37.0,0.0,0.1,0.0,0.2,May,2,2,6,3,Returning_Visitor,0,0
12,0.0,0,540.3805569423582,6,-5693.12940138412,0.0,0.033333333,0.0,0.6,May,2,2,1,13,Returning_Visitor,0,0
0,0.0,0,0.0,39,4022.0,-0.12787092002929812,0.034188034,0.0,0.0,Nov,2,2,6,1,Returning_Visitor,0,0
1,81.0,0,0.0,191,3359.625,0.0,0.015104167,0.0,0.8465840714109504,Nov,2,2,3,1,Returning_Visitor,0,1
1,40.0,0,0.0,27,1400.5,0.0,0.007142857,0.0,0.0,Mar,1,1,4,2,Returning_Visitor,0,0
5,39.8,2,239.8,203,14577.08498,0.002739726,0.013368848,0.888485964,0.0,Aug,2,2,3,13,Returning_Visitor,0,0
9,275.74,1,64.4,-127,-5512.765983862505,0.0,-0.14291956358978114,72.5596335568134,0.0,Oct,2,2,1,2,Returning_Visitor,0,0
15,0.0,1,471.48226373963774,77,1266.094048,0.002597403,-0.13778907715675845,0.0,0.0,Dec,2,2,1,2,Returning_Visitor,0,0
1,29.5,25,0.0,26,1659.866667,0.21425528491541768,0.016,21.81920724,0.0,Nov,2,5,2,1,Returning_Visitor,0,1
13,0.0,0,0.0,4,97.5,0.1,0.125,0.0,0.0,Nov,3,2,6,13,Returning_Visitor,0,0
0,759.2422087906584,25,0.0,4,118.25,0.0,0.016666667,78.18130343766238,0.0,Dec,3,2,3,2,New_Visitor,0,0
4,179.6071429,2,5.5,34,1045.102381,0.0,0.007603276,0.0,0.0,Mar,1,1,1,3,Returning_Visitor,0,0
1,10.1,0,0.0,10,256.1857143,0.0,0.007407407,46.84856664,0.0,Aug,1,1,2,2,New_Visitor,1,1
0,0.0,0,514.8755626205079,6,-6221.186151293482,0.0,0.05,0.0,0.0,Nov,2,4,1,2,Returning_Visitor,0,0
0,0.0,0,0.0,2,49.0,0.0,0.1,0.0,0.0,May,2,4,5,1,Returning_Visitor,0,0
0,0.0,0,0.0,12,459.0,0.0,0.02,-57.08829576486468,0.0,Mar,2,4,3,1,Returning_Visitor,0,0
-10,79.75,0,-470.55247614427225,3,73.5,0.04,0.077777778,0.0,0.0,Mar,3,2,1,2,Returning_Visitor,0,0
0,0.0,0,0.0,3,58.5,0.0,0.066666667,0.0,0.0,Dec,2,4,1,2,Returning_Visitor,0,0
6,333.54,25,0.0,172,568.1,0.0,0.0125,19.63031016,0.0,Nov,2,4,5,2,New_Visitor,0,1
0,0.0,0,0.0,29,3312.5,0.013793103,0.028965517,0.0,0.0,Mar,2,2,1,13,Returning_Visitor,0,0
5,173.2632132,0,0.0,49,1465.555338,0.02384954,0.023755148,20.6672459,0.0,Nov,3,2,3,1,Returning_Visitor,0,1
0,0.0,0,0.0,3,56.5,0.066666667,0.133333333,0.0,0.0,Nov,2,2,3,1,Returning_Visitor,0,0
-10,0.0,0,0.0,-123,301.0,0.005555556,0.066666667,0.0,0.0,Dec,1,1,1,2,Returning_Visitor,0,0
0,0.0,25,0.0,13,8714.086627898356,0.0,0.028205128,0.0,0.8,May,1,1,1,2,Returning_Visitor,0,0
5,54.0,0,0.0,-113,487.6666667,0.0,0.026315789,0.0,0.0,May,1,1,2,3,Returning_Visitor,0,0
0,0.0,25,0.0,5,96.5,-0.16056969221519735,0.04,-68.2691183745145,0.0,Mar,2,2,1,3,Returning_Visitor,0,0
2,13.33333333,0,-511.6330831370847,105,2062.443592,0.01220527,0.020275689,0.0,0.6,May,3,2,1,4,Returning_Visitor,0,0
4,72.5,0,-422.1554869996732,95,7905.305820773408,0.00137457,0.005695387,5.214690992,0.0,Dec,3,2,1,2,Returning_Visitor,1,0
3,204.75,0,0.0,46,1942.933333,0.010119048,0.013333333,0.0,0.0,May,1,1,1,4,Returning_Visitor,0,0
0,0.0,0,0.0,2,8153.514143318198,0.033333333,0.055555556,0.0,0.0,Nov,6,2,3,8,Returning_Visitor,0,0
8,119.0,0,0.0,176,1273.875,0.0,0.003921569,12.63441176,0.8286276475966263,May,2,4,1,3,New_Visitor,0,1
4,73.33333333,0,0.0,17,478.8333333,0.0,0.00877193,0.0,0.0,Mar,1,1,3,2,Returning_Visitor,0,0
0,0.0,0,0.0,1,0.0,0.18685097672334905,0.2,71.36776883279849,0.0,Nov,2,2,6,2,Returning_Visitor,0,0
10,172.3277778,0,-394.7950487032314,20,902.9738095,0.0,0.009876543,0.0,-0.5447243794336958,Sep,4,2,4,4,Returning_Visitor,0,0
3,765.9012362980617,0,496.55882875065527,18,4916.583333,0.013636364,0.018636364,20.08902391,0.0,Nov,2,6,5,1,Returning_Visitor,0,1
0,0.0,0,538.6795296842513,-121,279.547619,0.0,-0.14548373666811176,0.0,0.0,Nov,3,2,1,3,Returning_Visitor,0,0
0,-466.33840123841605,0,0.0,1,0.0,0.2,0.23251768566511113,0.0,-0.6783034968759363,Dec,2,2,6,1,Returning_Visitor,1,0
12,132.4,0,0.0,11,296.3,-0.14150082692706656,0.015384615,0.0,0.0,Sep,2,4,3,2,New_Visitor,0,0
0,0.0,0,-468.5839686659675,17,356.0833333,0.0,0.21819447613215123,151.5650523,0.0,Nov,2,5,5,8,New_Visitor,0,1
2,-462.704105404002,25,584.9138548259408,184,3753.19449,0.0,0.003477932,77.10821943,0.0,Nov,2,2,1,8,New_Visitor,0,1
0,0.0,25,0.0,3,120.5,0.0,0.066666667,0.0,0.0,Nov,2,2,3,1,Other,1,0
1,15.0,0,-409.3330877945809,18,343.8333333,-0.15088150662462457,0.0125,38.3399435,0.0,Dec,2,13,9,20,New_Visitor,0,1
2,248.5,5,192.25,-116,1176.5,0.0,0.0125,0.0,0.0,Dec,1,1,3,2,New_Visitor,0,0
0,0.0,0,-455.75391553565504,5,7975.673006147716,0.18,0.186666667,0.0,0.0,Nov,3,2,6,1,Returning_Visitor,0,0
0,0.0,1,25.0,43,2053.933333,0.20015932363591055,0.039015152,0.0,0.7565728811416835,May,2,5,6,3,Returning_Visitor,1,0
-7,68.6,1,29.2,97,4318.668082,0.002520046,0.013784185,0.0,0.0,Jul,2,4,2,2,Returning_Visitor,1,0
2,-564.6745335333579,25,0.0,26,542.1666667,0.008333333,0.03125,0.0,0.0,May,3,2,5,4,Returning_Visitor,0,0
4,50.93333333,0,0.0,-105,8263.533672673713,0.0,0.002083333,0.0,0.0,Sep,2,4,1,5,New_Visitor,0,0
5,53.0,25,0.0,38,2246.166667,-0.15011787976254504,0.013931624,0.0,0.8281387123516791,May,1,1,3,3,Returning_Visitor,0,0
7,136.5,1,42.4,120,-6060.656743254501,0.015762274,0.030675226,3.996742423,0.0,Jul,2,2,2,1,Returning_Visitor,1,1
4,36.0,0,0.0,28,708.9166667,0.0,0.003846154,0.0,0.0,May,2,6,1,3,New_Visitor,0,0
0,0.0,25,0.0,10,316.6,0.0,0.022222222,0.0,0.0,Nov,2,2,1,10,Returning_Visitor,0,0
0,0.0,0,0.0,173,704.0,0.0,0.004761905,0.0,-0.5851787438423711,Nov,2,2,2,2,Returning_Visitor,0,0
0,0.0,0,0.0,21,358.25,0.17387882141431119,0.075238095,0.0,0.8,May,2,5,4,2,Returning_Visitor,0,0
0,0.0,0,0.0,10,383.5,0.0,0.022222222,0.0,0.0,Nov,1,1,1,2,New_Visitor,0,0
12,0.0,0,-435.5117362023609,1,0.0,0.2,0.2,-53.370487404345305,0.0,Dec,1,1,4,1,Returning_Visitor,1,0
0,0.0,0,0.0,14,222.4,0.017142857,0.057142857,0.0,0.0,Feb,1,1,1,2,Returning_Visitor,0,0
6,-472.81394217678707,0,0.0,35,1760.613095,0.0,0.01375,73.32033789099279,0.0,Nov,2,2,3,2,Returning_Visitor,0,1
14,0.0,0,0.0,7,87.5,0.028571429,0.085714286,0.0,0.6,May,2,2,4,2,Returning_Visitor,0,0
1,255.0,0,578.8480023699302,35,1178.0,0.035294118,0.064705882,0.0,-0.6634031500290408,May,3,2,3,4,Returning_Visitor,1,0
8,535.75,2,12.0,22,2178.672222,0.01382716,0.032020784,15.0047619,0.0,May,1,2,2,13,Returning_Visitor,0,0
2,38.0,0,571.9089996728175,3,33.33333333,-0.17279550919821965,0.030555556,0.0,0.8104706008237672,Nov,2,2,8,10,Returning_Visitor,0,1
14,12.0,0,481.45154689342144,170,510.0,0.0,0.035714286,0.0,1.0,May,1,1,2,3,Returning_Visitor,1,0
12,257.75,0,0.0,3,97.5,0.0,0.038461538,0.0,0.0,Dec,3,2,4,8,Returning_Visitor,0,1
0,0.0,0,0.0,8,286.7,-0.13970375536490764,0.075,0.0,0.0,Jul,3,2,1,1,Returning_Visitor,0,0
2,116.0,0,0.0,16,1098.0,0.017647059,0.22350239865455482,0.0,0.7325283544460802,May,3,2,2,18,Returning_Visitor,0,0
6,82.14,0,0.0,12,191.1,0.0,0.0125,0.0,0.0,Nov,2,4,9,4,Returning_Visitor,0,0
9,761.7515044213296,0,0.0,38,2621.621429,-0.16300817194898987,0.044507576,-64.2972364279796,0.0,Nov,2,2,1,13,Returning_Visitor,0,0
-10,24.0,0,0.0,10,238.5,0.0,0.011111111,0.0,0.0,May,2,4,3,3,New_Visitor,0,0
3,652.5235170422517,2,41.0,48,1769.697383,0.000606061,0.011616162,16.71534488,-0.6734416027675028,Mar,2,2,3,2,Returning_Visitor,0,0
7,119.4,0,0.0,16,-4715.638029546806,0.01,0.02,35.35631939,0.0,Sep,1,1,8,4,Returning_Visitor,0,0
1,688.2332762288953,0,0.0,81,4536.308139,0.032304527,0.054759418,-54.50549372672585,0.0,Jul,3,2,1,1,Returning_Visitor,0,0
3,88.0,0,0.0,7,64.0,0.0,0.2272512804224067,0.0,0.0,Dec,3,2,1,2,New_Visitor,0,0
0,0.0,0,539.9853836113267,16,507.8333333,0.0,0.01,0.0,0.0,May,2,4,1,4,Returning_Visitor,0,0
4,19.5,0,0.0,47,483.3,0.016326531,0.033469388,5.466387755,1.0,May,2,2,1,6,Returning_Visitor,1,0
2,17.2,0,0.0,18,168.5285714,0.010526316,0.024561404,0.0,0.0,Oct,1,1,3,2,Returning_Visitor,0,0
3,109.0,0,0.0,6,131.0,0.0,0.028571429,0.0,0.0,May,1,1,7,3,New_Visitor,0,0
2,70.6,0,0.0,26,571.35,0.0,0.23592574244173503,0.0,0.8602307855547078,Nov,2,2,9,5,New_Visitor,0,0
13,0.0,0,514.044850172967,1,0.0,0.2,0.2,0.0,0.0,May,1,1,1,2,Returning_Visitor,1,0
7,216.4,0,0.0,37,825.205,0.0,0.004625745,0.0,-0.6866563250325836,Sep,2,2,1,1,Returning_Visitor,0,0
0,0.0,0,0.0,6,64.0,0.1,0.133333333,-58.390319206863374,0.7956979374668067,Mar,4,1,1,1,Returning_Visitor,0,0
3,110.5357143,7,330.2666667,10,-5983.931262224487,0.011111111,0.031834215,76.22889759297473,0.0,Nov,3,2,4,2,Returning_Visitor,0,0
0,0.0,0,0.0,21,1275.9,0.052380952,0.101587302,0.0,0.0,Sep,2,4,5,1,Returning_Visitor,0,0
15,301.1369048,4,886.5,78,5097.41833,0.014132104,0.030390424,7.296889074,0.0,Nov,3,2,2,2,Returning_Visitor,1,1
3,52.0,0,0.0,199,3451.751515,0.006666667,0.011565934,0.0,0.0,Mar,3,2,3,1,Returning_Visitor,1,0
0,791.5286745828273,25,0.0,42,1076.977778,0.01097561,0.029430894,0.0,0.6,May,2,2,7,1,Returning_Visitor,0,0
10,821.0754098,1,0.0,55,2400.782077,0.0,0.010717178,70.4100662528719,0.0,Nov,2,2,2,1,Returning_Visitor,0,0
3,13.33333333,4,510.3927552906548,72,7148.171412357352,0.002747253,0.038988095,0.0,0.0,Nov,2,2,3,2,Returning_Visitor,0,0
-7,0.0,0,0.0,33,1475.254167,-0.1545062674176497,0.015530303,78.18138354638543,0.0,Nov,3,2,4,2,Returning_Visitor,1,0
3,106.5,2,49.5,29,1433.634921,0.008064516,0.018932412,0.0,0.0,Nov,3,2,4,2,Returning_Visitor,1,0
3,136.0,0,0.0,39,1426.583333,0.0,-0.12774605434622177,3.941736143,0.0,Nov,2,2,4,2,Returning_Visitor,0,0
10,586.6480186,3,263.6666667,41,1919.24523,0.014875647,0.03167916,3.485352521,0.0,May,1,1,8,6,Returning_Visitor,1,0
0,0.0,0,0.0,44,1151.116667,0.0,0.017829457,7.529302326,0.0,May,2,2,1,6,Returning_Visitor,0,0
0,0.0,0,0.0,172,239.0,0.048888889,0.072,0.0,0.0,May,3,2,1,3,Returning_Visitor,1,0
2,40.25,0,0.0,23,766.25,0.008333333,-0.13755613117794693,-49.99462001744551,0.0,Dec,1,1,2,8,Returning_Visitor,1,1
0,0.0,0,0.0,21,434.5,0.0,0.023809524,0.0,0.0,Mar,2,2,7,1,Returning_Visitor,0,0
0,0.0,25,0.0,-136,12.0,0.18759199556323108,0.1,0.0,0.7955562775309648,Mar,1,1,5,3,Returning_Visitor,0,0
1,75.16666667,0,0.0,20,1173.417614,0.0,0.19595293330871352,75.71784721580057,0.0,Nov,3,2,8,11,Returning_Visitor,0,1
2,16.0,0,-460.7296787238099,29,1412.5,0.007142857,-0.11741575314674564,0.0,0.7958967076325959,May,2,2,6,13,Returning_Visitor,0,0
4,34.0,25,0.0,169,24.0,0.0,0.04,0.0,0.0,May,1,1,3,2,New_Visitor,0,0
6,313.0,2,0.0,49,2382.428571,0.022641509,0.048227559,5.513345912,0.0,May,4,2,1,4,Returning_Visitor,1,0
1,69.0,25,4.0,17,319.0,0.0,0.2233112706428667,0.0,0.0,May,2,2,9,2,Returning_Visitor,1,0
0,0.0,0,0.0,37,1065.25641,0.020767196,0.054225865,0.0,0.6750580687360536,Dec,1,1,8,1,Returning_Visitor,1,0
0,0.0,0,0.0,6,47.25,-0.12986088681741043,0.033333333,0.0,0.0,Dec,2,5,1,1,Returning_Visitor,0,0
0,0.0,0,0.0,-106,139.0,0.0,0.066666667,127.3080148,0.8152863675357573,Dec,2,10,1,2,Returning_Visitor,0,1
3,39.3,0,0.0,29,316.2,0.006666667,0.02,0.0,0.0,Sep,2,2,3,6,Returning_Visitor,0,0
1,180.4,25,-485.710782750116,28,7031.307913754261,0.1768065586698808,0.015555556,19.24405095,0.0,Sep,2,2,1,1,Returning_Visitor,1,1
2,20.0,0,0.0,17,584.5,0.0,0.011111111,0.0,0.0,Mar,2,2,9,2,Returning_Visitor,0,0
1,16.2,0,0.0,-111,1369.7,0.0,0.01969697,11.33037122,0.0,Jul,2,5,3,3,Returning_Visitor,0,0
0,0.0,0,0.0,20,2981.166667,0.0,0.01,0.0,0.0,Feb,2,4,4,4,Returning_Visitor,0,0
0,0.0,0,0.0,47,1697.058333,0.004347826,-0.1144523264221526,-63.48092412446585,0.0,Dec,2,2,7,1,Returning_Visitor,0,0
3,294.2,2,108.9,60,-4735.048601087026,0.022153846,0.037014927,75.61312951549827,0.0,Sep,3,2,6,2,Returning_Visitor,0,0
14,0.0,0,0.0,26,2351.7,0.008,-0.11521139678758437,0.0,0.0,May,2,6,8,3,Returning_Visitor,0,0
13,0.0,0,0.0,13,210.5,0.030769231,0.046153846,0.0,0.0,Dec,2,2,1,1,Returning_Visitor,0,0
4,60.16666667,3,468.6261665075236,159,5608.913545,0.002453988,0.018075125,2.702517858,0.0,Dec,2,2,3,1,Returning_Visitor,0,1
0,776.3126877495073,1,2.0,25,344.3214286,0.00617284,0.033333333,-60.13264033928441,0.6869543272469127,May,2,2,1,1,Returning_Visitor,0,0
13,0.0,2,478.9166667,5,204.0,-0.16957317016260917,0.104081633,0.0,0.0,Nov,3,2,1,13,Returning_Visitor,0,0
0,0.0,0,0.0,5,0.0,0.2,0.22171419337407877,0.0,0.4,May,3,2,4,13,Returning_Visitor,0,0
2,318.2,0,0.0,6,117.0,0.17532673298225943,0.05,0.0,0.0,Nov,2,2,1,1,Returning_Visitor,0,0
9,-632.1971717603882,0,0.0,19,720.6766667,0.0,0.018933333,0.0,0.0,Oct,2,2,7,4,Returning_Visitor,0,0
3,48.5,0,0.0,10,138.1666667,0.0,0.2225167015143822,0.0,0.0,Nov,2,2,1,2,New_Visitor,1,0
3,12.0,1,24.0,3,8162.333992179694,0.033333333,0.083333333,0.0,0.0,Mar,2,2,1,3,Returning_Visitor,0,0
5,68.8,0,0.0,33,781.5166667,0.005555556,0.008333333,22.53693712,0.0,Jul,2,2,6,2,New_Visitor,1,0
0,0.0,0,0.0,8,8265.0894620391,0.0,0.025,0.0,0.0,Dec,3,2,1,1,Returning_Visitor,1,0
8,628.3666667,1,0.0,131,4044.465674,0.008889185,0.030612404,79.40472099956537,0.7369333865407832,Aug,1,1,3,2,Returning_Visitor,0,0
0,0.0,25,0.0,27,8471.775388270702,0.014814815,0.037037037,0.0,-0.6527553008974492,Aug,4,1,1,1,Returning_Visitor,0,0
0,0.0,0,0.0,2,135.5,0.066666667,0.166666667,0.0,0.7871602518063919,Dec,1,1,4,3,Returning_Visitor,0,0
6,129.75,0,0.0,42,1173.07,0.0,0.2177198611720132,18.95323404,0.0,Mar,2,2,3,8,New_Visitor,1,1
0,0.0,0,541.2741495856147,14,291.6,0.2077219297889658,0.085714286,0.0,-0.6227971783973287,May,2,2,1,6,Returning_Visitor,1,0
0,629.1756615703908,0,0.0,1,0.0,0.2,0.2,0.0,0.0,Mar,1,1,3,3,Returning_Visitor,0,0
0,0.0,0,0.0,65,1803.584127,0.023794872,0.031250162,73.64623038773365,0.8,May,3,2,6,3,Returning_Visitor,0,0
2,112.0,4,-485.34817775575544,73,8475.935292569375,0.007692308,0.02991453,11.62573653,0.0,Nov,2,2,1,1,Returning_Visitor,1,0
4,176.9133333,1,40.8,72,1548.194444,0.0,0.007887882,1.891943485,0.0,Aug,2,4,3,5,Returning_Visitor,0,1
0,0.0,0,0.0,1,343.0,0.0,0.066666667,0.0,0.0,Nov,2,2,4,3,Other,0,0
-10,158.0,25,0.0,56,2220.871465,0.20885436480013603,0.006327684,10.24598305,0.0,May,2,2,2,2,Returning_Visitor,0,0
0,0.0,0,0.0,17,364.5416667,-0.16372525677815386,0.041666667,0.0,0.0,Dec,3,2,8,13,Returning_Visitor,0,0
0,0.0,0,0.0,21,344.1714286,0.007017544,-0.11282287776836292,13.59007196,-0.6971444856280707,Oct,1,1,3,2,Returning_Visitor,0,1
0,0.0,2,23.0,15,506.0,0.18042802753442483,0.2224775990630703,0.0,-0.6153137495407683,May,2,2,1,4,Returning_Visitor,0,0
9,236.8,0,0.0,240,5523.926505,0.0,0.001197045,20.62387076,0.0,Oct,2,5,4,20,Returning_Visitor,0,1
6,89.0625,2,888.0,275,9139.496696,0.00625,0.018539498,0.0,-0.6827750772392054,Nov,2,2,1,2,Returning_Visitor,0,0
4,162.5,2,44.5,20,1115.266667,0.0,0.020661157,0.0,0.0,Mar,1,2,3,10,Returning_Visitor,0,0
0,0.0,25,0.0,1,-5310.055847511077,0.20633267311180817,0.2,0.0,0.0,Dec,2,2,7,1,Returning_Visitor,1,0
0,0.0,25,469.26188220910404,9,355.1666667,0.0,0.004166667,18.02533,0.0,Mar,2,4,1,2,Returning_Visitor,0,1
7,250.3333333,0,0.0,7,180.3333333,0.0,-0.11919414588269131,-65.89863815185622,0.0,Mar,2,2,1,2,New_Visitor,1,0
2,95.0,0,0.0,205,203.4166667,0.0,0.016666667,0.0,0.0,May,2,2,3,2,Returning_Visitor,1,0
3,281.0,0,590.6358702944381,6,-5723.958403971004,0.0,0.025,0.0,0.6909006818000951,Mar,3,2,8,8,New_Visitor,0,0
1,16.0,0,0.0,14,446.8333333,0.0,0.01,0.0,0.0,May,1,1,1,4,New_Visitor,0,0
0,0.0,25,0.0,116,5389.883333,0.009565217,0.020786749,0.0,0.0,Nov,3,2,1,1,Returning_Visitor,0,0
0,0.0,0,0.0,20,562.0071429,0.0,0.00125,70.34569270199388,0.0,Nov,1,1,1,3,Returning_Visitor,0,0
0,0.0,1,-502.663667668171,38,1663.683333,0.005405405,0.022972973,0.0,0.0,Mar,2,2,4,1,Returning_Visitor,0,0
3,106.75,0,0.0,5,137.3333333,0.0,0.005,0.0,0.0,Mar,3,2,1,2,New_Visitor,1,0
-7,0.0,0,565.7629703008812,31,1383.166667,0.030107527,0.22589547637820104,0.0,0.4,May,2,4,3,6,Returning_Visitor,0,0
-8,620.6797890101897,0,0.0,10,183.6666667,-0.15937161344507303,0.08,0.0,0.0,Feb,1,1,3,1,Returning_Visitor,0,0
14,578.5,2,913.0,31,699.5,0.0,0.005896806,22.58886486,0.0,May,2,2,3,4,Returning_Visitor,1,1
0,0.0,0,0.0,34,1524.058333,0.019393939,0.025282904,11.77367361,0.7945965228936871,Mar,3,2,3,1,Returning_Visitor,0,0
0,0.0,1,68.5,58,-6345.887607221544,0.000209249,0.034950263,0.0,0.0,June,3,2,3,6,Returning_Visitor,0,0
1,71.6,0,531.404494468244,28,-5326.657993543417,0.003448276,0.013793103,0.0,0.0,Nov,2,2,1,1,Returning_Visitor,1,0
0,0.0,0,0.0,2,0.0,-0.13363302001478247,0.2,-62.18485459037451,0.0,Nov,2,2,1,1,Returning_Visitor,0,0
15,202.1,25,0.0,47,3633.953333,0.00130719,0.017287582,16.14887273,0.0,Oct,4,2,8,1,Returning_Visitor,0,0
0,0.0,25,0.0,3,55.0,0.066666667,-0.11751387582607699,0.0,0.6,Feb,1,1,1,3,Returning_Visitor,0,0
15,-519.8563129121839,1,31.2,45,-6281.071051829018,0.0,0.022732152,4.395471544,0.0,Aug,2,4,3,2,Returning_Visitor,0,1
-7,0.0,0,0.0,-104,688.6666667,-0.1579527785949728,0.052631579,0.0,0.4,May,2,2,6,4,Returning_Visitor,0,0
0,0.0,0,-513.7629159690404,5,-5110.63775149872,0.0,0.02,0.0,0.0,May,3,2,1,3,Returning_Visitor,0,0
8,102.6666667,0,565.4198495507209,49,4051.375,-0.15747233410590164,0.022949495,0.0,0.0,May,2,4,7,4,Returning_Visitor,0,0
2,14.0,0,0.0,31,754.5,0.18673403679592757,0.00625,0.0,0.0,Mar,2,2,1,8,Returning_Visitor,1,0
0,0.0,0,0.0,14,838.55,0.0,0.016783217,55.23646154,0.0,May,1,1,3,4,Returning_Visitor,0,1
5,83.0,0,-524.7705586956415,69,2517.216667,0.000342466,0.021765601,0.0,0.6930372988542988,Nov,2,2,9,2,Returning_Visitor,0,0
0,0.0,0,0.0,16,421.25,0.0,0.013333333,0.0,0.0,May,1,1,1,1,Returning_Visitor,0,0
6,132.0,1,5.0,30,1039.244444,0.005714286,0.017809524,3.998,0.6,May,3,2,4,3,Returning_Visitor,0,1
0,0.0,0,0.0,33,778.8166667,0.20351357625148073,0.022424242,0.0,-0.7214285765103864,Mar,2,5,1,1,Returning_Visitor,0,0
0,0.0,0,-469.1103677194081,2,28.2,0.0,0.1,0.0,0.0,Jul,2,2,1,1,Returning_Visitor,0,0
2,33.5,0,0.0,-132,-5239.853494770121,0.009090909,0.012947658,29.38287135,0.7875048801912934,Dec,2,2,1,2,Returning_Visitor,0,1
5,106.3214286,4,546.4956314817015,-134,1306.028022,0.004263566,0.010939177,33.3335814,0.0,May,2,4,1,3,Returning_Visitor,0,0
-8,-460.9238145412942,0,0.0,8,210.4,0.0,0.05,0.0,0.0,Nov,1,1,3,8,New_Visitor,1,0
1,41.0,0,-505.9474955950244,43,1087.25,0.0,0.013636364,0.0,0.0,Mar,4,2,1,1,Returning_Visitor,0,0
13,0.0,0,0.0,11,109.5,0.0,0.022222222,0.0,0.0,Dec,4,1,1,8,New_Visitor,0,0
7,161.0,3,-430.39429874765653,19,4996.666667,0.008,0.026,-56.845297901778565,-0.5429246745669032,Mar,2,4,8,2,Returning_Visitor,0,1
7,186.1,0,0.0,32,-4870.695445979327,0.005128205,0.025641026,20.91692308,0.0,May,2,2,1,1,Returning_Visitor,0,0
0,0.0,25,485.58834433985675,2,-4798.100354905344,0.0,0.1,0.0,0.0,May,3,2,1,3,New_Visitor,0,0
-10,281.75,2,144.5,116,7120.56017266553,0.0,0.011083789,66.03068198711044,0.8,May,6,2,2,3,Returning_Visitor,0,0
0,0.0,0,0.0,4,26.0,0.0,0.21196234460394192,0.0,0.0,May,4,1,1,1,Returning_Visitor,0,0
3,81.4,0,-419.4444041927274,94,2487.52,0.0,0.002083333,0.0,0.0,Oct,2,2,6,2,New_Visitor,0,0
0,0.0,0,0.0,1,0.0,0.2,0.2,0.0,0.0,Dec,1,1,7,3,Returning_Visitor,0,0
14,0.0,0,0.0,4,105.5,0.0,0.21570501024969377,0.0,0.0,Dec,2,2,2,2,Returning_Visitor,0,0
0,-471.4701691404179,1,18.0,36,833.0833333,0.032432432,0.055225225,0.0,1.0,May,1,1,7,3,Returning_Visitor,1,0
0,0.0,0,0.0,4,8683.994476175418,0.19303453163000178,0.22549642557669453,0.0,0.0,Mar,2,4,6,3,Returning_Visitor,1,0
0,747.5227056250397,0,0.0,1,0.0,0.2,0.2,0.0,0.0,Dec,2,2,1,13,Returning_Visitor,0,0
15,0.0,0,0.0,10,411.9166667,0.0,0.036190476,0.0,0.0,Dec,3,2,1,2,Returning_Visitor,0,1
2,262.6666667,3,112.0,127,4214.779822,0.008396947,0.2372982663028323,0.0,0.0,Nov,3,2,1,3,Returning_Visitor,0,0
1,6.333333333,0,0.0,36,1378.166667,0.005555556,0.026587302,0.0,0.0,Nov,2,2,1,13,Returning_Visitor,1,0
0,0.0,0,0.0,1,0.0,0.2,0.2,-61.483443943804694,0.0,Mar,3,2,3,1,Returning_Visitor,1,0
2,7.0,0,0.0,205,98.55,0.05,0.058333333,75.57803348954953,0.0,Nov,3,2,3,11,Returning_Visitor,1,0
1,-471.1851061729602,1,19.0,49,1527.583333,0.007843137,0.017647059,8.926823529,0.0,May,2,2,9,3,Returning_Visitor,0,1
1,5.384615385,0,0.0,-136,1195.726923,0.01372549,0.02254902,19.1127451,0.0,May,2,2,6,4,Returning_Visitor,1,0
0,-585.5756919560179,0,0.0,1,56.5,0.0,0.1,0.0,0.0,Nov,2,2,3,3,Returning_Visitor,0,0
2,18.0,25,0.0,49,1550.916667,0.016,0.041333333,0.0,0.0,Nov,2,2,3,1,Returning_Visitor,0,0
1,108.0,0,0.0,16,448.5,0.0,0.006666667,0.0,0.7902680707264585,May,2,6,1,1,Returning_Visitor,1,0
0,734.2655242828699,0,0.0,5,115.625,0.17821306722698046,0.088,0.0,0.0,Nov,2,2,3,3,Returning_Visitor,0,0
6,220.0,2,-449.7781794817659,177,1845.166667,0.011111111,0.022376543,10.09862222,-0.5494809799542999,May,2,2,3,1,Returning_Visitor,0,0
0,698.9035257222505,25,0.0,163,109.0,0.08,0.1,76.28546760784904,0.691526137299712,May,3,2,3,3,Returning_Visitor,1,0
0,-598.8094206556622,0,0.0,60,2072.605556,0.013793103,0.016833856,-64.83266534276781,0.7206845252147762,Aug,2,2,1,2,Returning_Visitor,0,0
16,427.0666667,3,111.0,122,3492.316304,0.006547137,0.015792367,86.57772177,0.0,Nov,1,1,1,3,Returning_Visitor,0,0
11,251.3090909,2,1655.4,80,1249.048358,0.20704161404098675,0.013743735,8.517221252,0.0,Sep,3,2,4,2,Returning_Visitor,1,0
7,360.75,0,0.0,264,10497.15443,0.00295026,-0.14861333108049665,-52.64438653133175,0.0,Nov,2,2,3,2,Returning_Visitor,0,0
-7,120.0,0,0.0,-120,588.1666667,0.0,0.007407407,0.0,0.0,Mar,1,1,1,2,Returning_Visitor,0,0
0,0.0,25,0.0,187,888.3333333,0.005714286,0.024285714,7.609371429,0.2,May,2,2,6,3,Returning_Visitor,0,1
0,0.0,0,0.0,32,2371.122222,0.0,0.012903226,0.0,0.0,Nov,2,2,1,2,Returning_Visitor,0,0
5,117.8333333,0,539.4381236244442,35,502.547619,0.01025641,0.21621894465247687,3.148615385,0.0,Mar,2,2,2,2,Returning_Visitor,0,1
0,0.0,0,0.0,-113,623.9666667,0.023214286,-0.10657225523406819,0.0,0.6,May,3,2,1,6,Returning_Visitor,0,0
7,317.9142857,4,216.5666667,175,-4635.7750349426115,0.0,0.01,40.78047078,0.0,Sep,2,4,3,5,New_Visitor,0,0
0,0.0,0,0.0,26,586.85,0.015384615,0.031868132,0.0,0.0,Dec,3,2,1,10,Returning_Visitor,0,0
0,0.0,0,0.0,24,-4548.283668568365,0.0,0.029166667,0.0,0.0,Nov,2,2,2,1,Returning_Visitor,0,0
4,515.6,0,0.0,205,1449.683333,0.0,0.23362932314652887,0.0,0.0,May,2,2,4,2,Returning_Visitor,0,0
2,623.0569966146608,4,586.2292830035256,30,569.1190476,0.0,0.04,0.0,0.6719769970306712,May,2,2,1,4,Returning_Visitor,0,0
6,163.6666667,10,403.0,15,665.5666667,0.007142857,0.004761905,0.0,0.0,Mar,3,2,8,8,New_Visitor,0,0
0,0.0,0,0.0,47,3650.316667,0.19428599596145532,0.003333333,-50.54855133806989,0.0,Nov,2,2,1,10,Returning_Visitor,0,1
-10,0.0,0,-502.3419531459467,0,-4783.6685512628865,0.2,0.2,-60.278701478292845,0.0,Feb,1,2,1,5,Returning_Visitor,1,0
0,0.0,25,0.0,15,1861.5,0.0,0.026666667,0.0,0.0,May,3,3,4,3,Returning_Visitor,0,0
-10,-618.1266675700127,5,399.8,88,1839.098106,0.015758703,0.031587556,0.0,0.8553500401517815,Aug,3,2,3,2,Returning_Visitor,1,0
0,0.0,0,0.0,179,223.8,0.027777778,0.017777778,0.0,0.0,Jul,1,1,2,4,Returning_Visitor,1,0
2,98.0,0,0.0,20,401.5,0.18222297220017392,0.003333333,0.0,0.0,May,2,5,1,2,Returning_Visitor,1,0
0,0.0,0,0.0,1,0.0,0.2,0.2,0.0,0.7222210018196936,May,2,2,6,3,Returning_Visitor,0,0
0,0.0,0,0.0,181,1566.333333,0.005,0.027916667,0.720181023,0.0,Sep,2,2,6,1,Returning_Visitor,0,1
2,663.241171656254,0,560.8465437395776,19,637.4285714,0.20570701984557604,0.042857143,13.1307834,0.0,Nov,2,2,1,3,Returning_Visitor,0,0
0,737.1869923546867,0,-420.6106147745971,19,347.0,0.0,0.010526316,0.0,0.0,Dec,2,2,2,1,Returning_Visitor,0,0
0,0.0,25,0.0,14,406.8666667,0.021428571,0.079761905,72.57025818312088,0.0,Jul,4,5,3,3,Returning_Visitor,0,0
0,0.0,0,462.32537964083485,9,123.1666667,0.022222222,0.077777778,0.0,-0.7146504649445251,Nov,2,2,9,3,Returning_Visitor,0,0
0,0.0,0,0.0,54,2222.9,0.003703704,-0.13918367638763268,0.0,0.0,May,4,1,1,4,Returning_Visitor,0,0
0,0.0,25,0.0,3,48.0,0.0,0.066666667,0.0,0.0,Mar,4,1,1,1,Returning_Visitor,0,0
7,-585.260844091574,4,199.5,87,4984.542857,0.00326087,0.02113009,0.0,0.0,Nov,2,2,3,2,Returning_Visitor,0,0
-8,0.0,2,53.0,12,-6410.781809849726,0.0,0.014285714,0.0,0.0,Jul,1,1,2,4,New_Visitor,0,0
0,0.0,0,0.0,-100,1144.972222,0.006666667,0.008333333,77.04199767,0.0,Dec,2,2,7,2,New_Visitor,0,1
0,661.8004269547109,0,512.7318351938304,11,814.5,0.0,0.01,0.0,-0.6788876883314295,Mar,1,1,1,2,New_Visitor,0,0
12,0.0,25,0.0,173,0.0,0.2,0.2,0.0,0.0,May,2,2,5,13,Returning_Visitor,0,0
1,6.0,0,0.0,29,-6072.1677140015345,0.0,0.19295974830421517,0.0,0.0,May,1,1,1,1,Returning_Visitor,1,0
2,13.0,0,0.0,23,855.1666667,0.008,0.025333333,0.0,0.0,Mar,2,5,1,3,Returning_Visitor,0,0
3,73.6,0,0.0,10,104.95,0.0,0.001851852,0.0,0.0,Oct,3,2,3,2,Returning_Visitor,1,0
10,398.5727115,25,132.0,-138,985.0802412,0.00859375,0.22397939612364504,0.0,0.0,Sep,3,2,1,3,Returning_Visitor,1,0
3,35.0,0,0.0,7,117.0833333,0.0,0.044444444,0.0,0.0,Nov,2,2,1,2,Returning_Visitor,0,0
7,63.16666667,0,531.9313597164431,105,4797.987915,0.005607477,0.013726336,8.072426168,0.0,May,2,2,3,1,Returning_Visitor,0,0
-8,10.5,25,0.0,7,8176.638009182044,0.0,0.00952381,0.0,0.0,Mar,2,4,4,8,Returning_Visitor,0,0
0,0.0,4,117.25,185,5286.208333,0.011,0.024119048,0.0,0.0,Nov,2,2,1,1,Returning_Visitor,1,0
7,140.9,25,18.2,20,318.7666667,0.0,0.009876543,0.0,0.0,Oct,2,2,3,2,New_Visitor,0,0
0,0.0,0,0.0,12,640.375,0.023076923,0.041538462,0.0,0.0,Dec,1,1,5,1,Returning_Visitor,1,0
3,54.5,2,7.0,180,23.0,0.066666667,0.066666667,0.0,0.0,Dec,1,1,1,8,Returning_Visitor,0,0
2,37.0,0,0.0,8,603.0,0.17971081072298103,0.033333333,0.0,0.0,May,2,2,6,4,Returning_Visitor,0,0
5,39.7,0,0.0,14,253.6,0.0,0.018333333,0.0,0.0,Sep,2,2,4,4,Returning_Visitor,0,0
5,54.83333333,0,0.0,26,986.9166667,-0.15671221869892227,0.010985222,45.69873563,0.0,May,6,2,4,5,Returning_Visitor,0,0
0,0.0,0,-513.3621140029912,5,234.9666667,0.0,0.033333333,0.0,0.0,May,3,2,1,13,Returning_Visitor,0,0
4,141.5,0,0.0,3,59.5,0.0,0.025,0.0,0.0,Dec,1,1,2,8,New_Visitor,0,0
8,172.2,0,0.0,28,8648.831159956491,0.001212121,0.007272727,13.11145455,0.0,May,2,2,5,13,Returning_Visitor,0,0
5,53.3,0,0.0,4,102.2,0.0,0.025,31.44363136,0.0,Oct,2,2,6,2,Returning_Visitor,0,1
3,151.0,0,0.0,187,-6096.7730550818815,0.0,0.018518519,0.0,0.0,Mar,3,2,3,3,Returning_Visitor,1,0
0,0.0,0,0.0,23,8368.296000164039,0.029166667,0.043055556,0.0,0.0,Nov,2,2,1,2,Returning_Visitor,1,0
0,0.0,0,0.0,196,1184.5,0.006666667,0.048333333,0.0,0.6,May,4,2,1,1,Returning_Visitor,0,0
14,776.5906315528019,0,0.0,22,480.9666667,0.004848485,0.026652893,0.0,0.0,Mar,2,2,4,3,Returning_Visitor,0,0
0,761.1925157886884,25,0.0,2,0.0,0.2,0.2,0.0,-0.6459200227048723,Nov,1,1,1,1,Returning_Visitor,0,0
-7,16.6,25,18.46666667,32,783.2085714,0.0,0.005714286,0.0,0.0,Jul,2,4,2,5,New_Visitor,0,1
5,56.6,0,0.0,55,1058.338095,0.0,0.007142857,37.21183634,0.0,Nov,2,2,1,3,Returning_Visitor,0,1
0,0.0,25,0.0,1,695.5,0.0,0.1,0.0,0.8385930910511882,Nov,2,2,4,1,Returning_Visitor,0,0
3,60.25,0,0.0,8,131.5833333,-0.14499742941871355,-0.12456758180113911,0.0,0.0,Nov,3,2,1,2,New_Visitor,0,0
0,0.0,0,0.0,9,1178.25,0.0,0.025,0.0,0.0,Nov,3,2,1,10,Returning_Visitor,0,0
10,317.9583333,4,821.0,20,-6420.200885614142,0.0,0.002666667,0.0,0.0,Dec,2,2,7,2,Returning_Visitor,0,0
0,0.0,25,0.0,3,558.0,0.0,0.066666667,-58.225615625997094,0.0,Mar,4,1,3,1,Returning_Visitor,0,0
3,209.0,0,-493.6626171677185,171,412.3333333,0.0,0.01875,0.0,0.4,May,3,2,3,3,Returning_Visitor,0,0
0,0.0,2,10.0,167,222.3,0.01,0.025,0.0,0.0,June,2,2,4,1,Returning_Visitor,1,0
4,174.0,1,18.5,11,305.875,0.0,0.001709402,62.58533616501319,-0.6823593984426802,Mar,1,2,3,8,New_Visitor,1,0
0,0.0,0,0.0,13,7725.1916368973525,0.17716946332617686,0.033846154,0.0,0.0,Dec,2,2,1,3,Returning_Visitor,0,0
0,0.0,0,0.0,7,578.2,0.0,0.033333333,58.488,0.0,May,2,5,3,6,Returning_Visitor,1,1
-7,38.04,0,0.0,8,886.57,0.0,0.030769231,0.0,0.0,Nov,1,1,1,2,Returning_Visitor,0,0
0,0.0,0,0.0,-135,1349.25,0.0,-0.14118843280457583,0.0,0.0,May,1,1,6,4,Returning_Visitor,1,0
0,0.0,0,0.0,7,116.5,0.028571429,0.057142857,0.0,0.0,May,1,1,3,3,Returning_Visitor,1,0
10,527.0,3,213.0,26,994.8222222,0.0,0.00344086,0.0,0.0,May,3,2,1,2,Returning_Visitor,0,0
7,122.0,3,40.0,111,3154.970833,0.16913708525806098,0.014655172,-50.34329427293663,0.0,Dec,2,2,1,1,Returning_Visitor,1,1
10,511.5,4,164.0,180,2490.138095,0.0,0.010365854,30.09281343,0.0,Mar,2,2,7,2,Returning_Visitor,0,0
-9,70.5,2,9.0,-118,2852.0,0.013333333,0.043333333,0.0,0.0,May,2,2,9,3,Returning_Visitor,0,0
5,109.6,1,3.0,187,7741.636541244911,0.006060606,-0.1522323574778442,74.3279538708474,0.0,Jul,2,2,1,4,Returning_Visitor,0,1
0,0.0,0,0.0,7,-4710.585731359847,-0.14325034967742128,0.038095238,0.0,0.0,May,1,1,3,3,Returning_Visitor,0,0
15,189.2142857,8,261.0,97,1871.788041,0.002252252,0.010302067,2.904177177,0.0,May,2,2,4,2,Returning_Visitor,0,0
0,0.0,0,0.0,8,228.0,0.0,0.028571429,0.0,0.0,Mar,4,1,3,2,Returning_Visitor,0,0
6,82.2,0,0.0,176,5505.401209,0.0,0.005809793,10.59423174,0.0,Nov,2,2,1,3,Returning_Visitor,0,1
0,0.0,25,0.0,29,617.5,0.21127510801852992,-0.14851352245530638,0.0,0.0,Mar,2,2,3,10,Returning_Visitor,0,0
0,0.0,0,0.0,7,343.25,0.0,-0.10578685865318138,49.36350729,0.672074780650751,Nov,2,2,2,7,Returning_Visitor,1,1
0,-462.849321235832,0,479.6091488002621,27,1165.95,-0.15783159463285787,-0.13630556977398467,0.0,0.0,Dec,2,5,3,1,Returning_Visitor,1,0
4,58.0,0,0.0,31,-5611.756644982473,0.0,0.009375,9.7455,0.0,May,2,4,1,4,Returning_Visitor,0,1
2,93.0,2,-410.59573693977484,41,716.7916667,0.008888889,0.041481481,0.0,-0.5939486983655494,Nov,2,2,3,2,Returning_Visitor,0,0
-9,0.0,0,0.0,3,133.5,0.0,0.088888889,0.0,0.0,Mar,1,2,1,8,Returning_Visitor,0,0
2,34.4,0,0.0,18,379.6166667,-0.1365590777005879,0.059166667,0.0,0.0,Jul,2,2,6,1,Returning_Visitor,0,0
0,0.0,0,0.0,-119,507.5,0.007843137,0.011671335,12.01221257,0.0,Oct,3,2,1,1,Returning_Visitor,1,1
0,0.0,0,0.0,8,222.0,0.0,0.028571429,53.47457143,0.0,May,1,1,1,2,New_Visitor,1,1
1,19.0,0,0.0,21,702.125,0.01,0.018333333,0.0,0.7436561907713288,Nov,2,4,1,1,Returning_Visitor,0,0
0,0.0,0,0.0,27,1739.25,0.022222222,0.039506173,0.0,0.6,May,2,2,7,11,Returning_Visitor,0,0
0,0.0,25,1.5,43,1368.484848,0.015909091,0.23882948958236314,0.0,0.6,May,1,1,1,2,Returning_Visitor,0,0
0,0.0,0,0.0,20,457.5833333,0.022222222,0.044444444,-56.619194715475416,0.6883600357532689,May,2,2,9,4,Returning_Visitor,1,0
-10,0.0,0,0.0,24,550.1666667,0.008333333,0.050833333,63.35392165805065,0.0,Nov,2,2,1,2,Returning_Visitor,0,0
0,0.0,0,0.0,1,0.0,0.2,0.2,0.0,0.0,Nov,2,10,3,1,Returning_Visitor,0,0
0,0.0,0,0.0,2,0.0,0.2,-0.11309022493450868,0.0,0.2,May,2,2,2,13,Returning_Visitor,0,0
0,0.0,0,0.0,25,375.6,0.19305151470713958,0.004,0.0,0.7942587637579057,May,2,2,1,4,Returning_Visitor,0,0
2,60.0,0,0.0,20,717.6166667,0.0,0.004761905,60.19477937,0.0,Mar,2,5,9,2,Returning_Visitor,0,1
0,0.0,0,0.0,53,2309.995238,0.047479439,0.22546646187579214,0.0,0.4,May,3,2,1,3,Returning_Visitor,0,0
-8,98.6,0,0.0,7,131.8,0.0,0.1962721120515232,88.84365062,0.0,Oct,2,2,7,2,Returning_Visitor,0,1
0,0.0,0,0.0,23,935.9,0.004347826,0.024637681,-50.254571108445646,0.0,Dec,2,2,1,2,New_Visitor,0,0
0,0.0,0,-501.7467320677695,1,0.0,0.2,0.2,0.0,0.817083294970884,Mar,3,2,3,1,Returning_Visitor,0,0
0,0.0,0,0.0,10,276.0,0.044444444,0.2384912629419422,0.0,0.0,Mar,3,2,3,10,Returning_Visitor,0,0
0,0.0,2,6.0,7,162.625,0.19934536280369847,0.022222222,0.0,0.0,Nov,2,2,1,2,Returning_Visitor,1,0
5,66.9,0,0.0,12,86.63333333,0.0,0.025,42.93595137,0.0,Oct,4,1,1,7,Returning_Visitor,1,1
1,5.0,0,0.0,30,1240.65,0.0,0.017708333,0.0,0.0,Nov,2,2,6,2,Returning_Visitor,0,0
2,48.5,2,32.0,45,2336.319444,0.020833333,0.039236111,0.0,0.0,Dec,1,1,1,2,Returning_Visitor,0,0
3,57.0,0,0.0,15,486.5166667,0.0,0.011111111,0.0,0.0,Mar,2,2,5,6,Returning_Visitor,0,0
1,761.2690983680978,0,0.0,39,2555.994444,0.005263158,0.005668016,0.0,0.7760903901516577,Dec,2,2,1,2,Returning_Visitor,0,0
0,0.0,0,0.0,5,23.0,0.12,0.16,0.0,0.0,Dec,1,1,1,3,Returning_Visitor,0,0
0,0.0,0,0.0,7,98.5,0.071428571,0.1,0.0,0.0,Mar,1,1,6,1,Returning_Visitor,0,0
12,195.4,2,294.6,93,-5719.205100102885,0.0,0.026687598,0.0,0.0,Sep,2,2,9,2,Returning_Visitor,0,1
3,-600.3601728815638,0,0.0,13,309.55,0.0,0.029166667,0.0,0.0,June,2,2,3,1,Returning_Visitor,0,0
5,-588.0547654115924,0,0.0,56,1432.223333,0.0,0.002185792,69.43043195,0.7193537855078522,Mar,2,2,3,3,Returning_Visitor,1,1
0,0.0,0,-521.0458108572526,172,145.0,0.018181818,0.036363636,0.0,0.0,Nov,1,1,1,10,Returning_Visitor,0,0
6,161.8333333,5,858.5708333,84,-5858.852090180688,0.010771277,-0.1400270847377244,7.477388113,0.0,Nov,1,2,1,1,Returning_Visitor,0,1
15,13.0,0,0.0,6,47.13333333,0.04,0.06,20.94544525,0.0,Nov,1,2,2,4,Returning_Visitor,0,0
0,0.0,0,0.0,165,258.8333333,0.0375,0.03125,0.0,0.0,May,3,2,6,4,Returning_Visitor,1,0
15,86.33333333,0,0.0,-103,1256.333333,-0.15707580067618832,0.023076923,0.0,0.0,Nov,1,1,4,2,Returning_Visitor,0,0
0,-634.3752179912678,0,0.0,2,-4697.268334923003,-0.15451382955459664,0.2,0.0,0.6,May,2,2,1,3,Returning_Visitor,0,0
15,0.0,0,0.0,45,1594.283333,0.0,0.015227273,78.81094101054966,0.0,Mar,2,2,1,2,Returning_Visitor,1,1
0,0.0,0,0.0,7,8171.432143777452,0.114285714,0.15,0.0,0.0,May,3,2,1,1,Returning_Visitor,0,0
0,-536.8645057593377,0,0.0,2,6994.810812517757,0.2,0.2,-59.6071988694907,0.0,Dec,3,2,4,3,Returning_Visitor,0,0
0,655.61810572334,0,0.0,5,156.5,0.0,0.21409040674494098,0.0,0.0,Nov,2,4,7,1,Returning_Visitor,0,1
15,31.2,0,0.0,4,36.2,0.028571429,0.057142857,0.0,0.0,June,2,2,3,2,Returning_Visitor,0,0
0,0.0,25,0.0,4,60.5,0.1,0.21314587203671687,0.0,0.0,Nov,1,1,1,1,Returning_Visitor,0,0
8,690.6968388558887,0,0.0,7,88.75,0.013333333,0.06,0.0,1.0,May,3,2,3,2,Returning_Visitor,1,0
0,0.0,0,0.0,6,1563.0,0.0,0.011111111,0.0,0.0,May,2,2,1,4,Returning_Visitor,0,0
0,0.0,0,0.0,29,8571.312341401992,0.006896552,0.013793103,0.0,0.0,Mar,1,6,1,1,Returning_Visitor,0,0
15,0.0,0,0.0,1,7372.48466095234,0.2,0.2,0.0,0.0,Nov,1,1,4,1,Returning_Visitor,0,0
-8,92.0,0,0.0,19,1148.838095,0.1906000991929773,0.025289256,32.06509091,0.8527761767184134,May,3,2,3,3,Returning_Visitor,0,0
3,103.6,0,0.0,1,7.0,0.0,0.04,0.0,0.0,Nov,3,2,1,5,New_Visitor,0,1
1,10.0,25,0.0,12,220.2666667,0.0,0.02,60.622383,0.0,Nov,1,1,1,8,New_Visitor,1,1
3,630.4031880442153,3,66.0,20,374.4166667,0.033333333,0.076086957,-55.40818503362556,0.0,Dec,3,2,1,13,Returning_Visitor,0,0
1,107.0,5,143.75,-127,17.0,0.025,0.05,0.0,0.0,Dec,3,2,3,1,Returning_Visitor,0,0
1,150.2,1,31.7,7,-5760.214070010862,-0.17125524026340597,0.005555556,0.0,0.0,Oct,1,2,3,2,New_Visitor,1,0
5,66.5,0,0.0,170,1141.175,-0.14146529410558645,0.025902778,0.0,0.7065119090969495,Nov,3,2,1,2,Returning_Visitor,0,0
2,33.0,0,0.0,13,1649.0,0.0,0.033333333,0.0,0.0,May,2,2,1,2,Returning_Visitor,0,0
0,0.0,25,0.0,2,0.0,0.2,0.2,0.0,0.0,May,3,2,1,1,Returning_Visitor,1,0
0,0.0,0,0.0,41,1546.5,0.0,0.22965960052763845,0.0,0.0,Mar,3,2,1,1,Returning_Visitor,1,0
7,81.25,0,0.0,37,1500.422543,0.014634146,-0.11884234732177557,39.03580426,0.0,Mar,2,4,1,2,Returning_Visitor,0,0
0,656.4305508511467,0,0.0,22,657.42,0.021212121,0.046969697,0.0,0.0,Jul,3,2,3,4,Returning_Visitor,1,0
0,0.0,0,0.0,1,0.0,0.2,0.2,0.0,0.0,May,3,2,6,1,Returning_Visitor,1,0
1,464.0,0,0.0,19,1834.083333,0.02,0.03125,0.0,0.0,Mar,2,2,2,10,Returning_Visitor,0,0
8,364.5,0,0.0,26,783.5,0.007692308,0.013461538,0.0,0.0,May,1,2,4,15,Returning_Visitor,1,0
3,15.0,0,0.0,11,246.0,0.018181818,0.054545455,-65.13152673028343,0.0,Mar,2,2,1,8,Returning_Visitor,0,0
1,5.0,0,0.0,65,-5792.01492647798,-0.16323128157596914,0.01005291,0.0,0.0,Dec,3,2,3,6,Returning_Visitor,1,0
3,123.0,0,0.0,8,371.6666667,0.0,0.011111111,74.66831284002386,0.0,Mar,3,2,4,2,New_Visitor,0,0
0,0.0,0,0.0,4,25.0,0.05,0.1,0.0,0.7662908142518049,May,3,2,3,3,Returning_Visitor,0,0
2,114.0,0,0.0,24,368.3333333,0.18516857354597932,0.114285714,0.0,0.4,May,3,2,4,3,Returning_Visitor,0,0
0,0.0,3,34.3,137,4045.726634,0.009993099,0.021710569,0.0,-0.7408442020405144,Nov,1,2,1,2,Returning_Visitor,0,0
1,41.4,25,0.0,30,558.6111111,0.009090909,0.046464646,-55.90171488662246,0.0,Sep,2,10,2,1,Returning_Visitor,0,1
2,147.0,0,0.0,2,35.0,0.0,0.05,0.0,0.0,Mar,2,2,1,2,New_Visitor,0,0
0,0.0,25,0.0,-108,61.5,0.066666667,0.1,0.0,0.0,Dec,3,2,3,8,New_Visitor,0,0
1,19.6,0,561.0518596636298,0,0.0,0.0,0.088888889,0.0,-0.6988805455539603,Oct,3,5,1,5,Returning_Visitor,0,0
0,0.0,25,0.0,4,179.25,0.0,0.05,0.0,0.0,Dec,2,2,6,2,Returning_Visitor,0,0
9,417.25,25,-425.4591305786796,42,922.2083333,0.0,0.024074074,0.0,1.0,May,4,1,1,3,Returning_Visitor,1,0
0,680.0113851521306,0,521.1478263277654,5,331.3333333,0.053333333,0.096,0.0,0.0,May,2,10,3,4,Returning_Visitor,0,0
1,0.0,0,0.0,4,795.0,0.066666667,0.111111111,0.0,0.0,Nov,3,2,9,6,Returning_Visitor,1,0
3,40.2,0,0.0,3,41.3,0.0,0.011111111,0.0,0.0,Oct,2,2,1,2,Returning_Visitor,1,0
0,0.0,0,0.0,29,594.9666667,0.013793103,0.022024757,0.0,-0.7303416502228971,May,2,2,3,2,Returning_Visitor,0,0
12,75.05,0,0.0,106,4143.175238,0.019711538,0.03900641,4.484328486,0.0,Aug,3,2,1,1,Returning_Visitor,0,0
15,0.0,25,-406.9487254075994,5,126.0833333,0.04,0.053333333,66.10472232645373,0.0,Nov,3,2,7,13,Returning_Visitor,0,0
14,128.8095238,2,41.6,37,1584.770476,0.009302326,0.029296378,0.0,0.0,Oct,2,2,1,2,Returning_Visitor,0,0
0,0.0,0,0.0,10,262.6666667,0.02,0.08,66.61707857480454,0.0,May,1,1,1,3,Returning_Visitor,0,0
-10,-487.3043469960844,0,0.0,21,1636.5,0.205639842843927,0.065873016,0.0,0.4,May,2,4,1,3,Returning_Visitor,0,0
14,86.58333333,2,160.0,41,8798.9935588252,0.004545455,0.012045455,27.03986205,0.0,Nov,2,2,9,8,New_Visitor,1,0
2,25.65,0,0.0,-107,343.625,0.0,0.005128205,0.0,0.0,Dec,2,2,2,2,New_Visitor,0,0
0,0.0,25,0.0,187,93.0,0.0,0.033333333,70.5172966966469,0.6668433484510714,Mar,1,2,8,2,Returning_Visitor,0,0
0,0.0,0,0.0,5,371.0,-0.13112540396929603,0.02,0.0,0.0,Mar,2,2,4,10,Returning_Visitor,0,0
3,47.2,0,0.0,2,12.0,0.0,0.04,0.0,0.0,Sep,2,5,4,2,New_Visitor,0,0
15,727.3094034894423,2,12.0,73,1889.833333,0.2037481988666438,0.018883894,0.0,-0.7413912716637671,Dec,3,2,4,13,Returning_Visitor,0,0
0,0.0,0,0.0,9,389.0,0.0,0.011111111,0.0,0.0,Mar,2,2,3,3,Returning_Visitor,1,0
0,0.0,0,0.0,11,382.25,0.018181818,0.063636364,0.0,-0.6142770120440126,Dec,2,2,3,2,Returning_Visitor,0,0
-10,437.3913043,2,235.55,83,2503.881781,0.002197802,0.004916136,2.086218493,0.0,Mar,2,2,3,2,Returning_Visitor,0,1
0,0.0,0,0.0,10,127.5,0.0,0.19310494371183137,0.0,0.0,Mar,3,2,1,10,Returning_Visitor,0,0
0,0.0,0,0.0,8,123.0,0.025,-0.1410017918418995,0.0,0.0,Nov,3,2,3,11,Returning_Visitor,1,0
1,54.0,0,0.0,31,2543.5,0.0,0.006666667,0.0,0.8454142779220659,May,2,2,5,2,Returning_Visitor,0,0
0,0.0,1,62.5,67,2876.441667,0.015196078,0.027326203,69.51575460849939,0.0,Dec,2,2,1,1,Returning_Visitor,0,0
1,787.442932950621,0,0.0,59,8583.342549663947,0.007909605,0.023728814,23.87629104,0.0,May,2,2,9,13,Returning_Visitor,0,1
3,31.5,0,0.0,2,48.5,0.0,0.05,0.0,0.0,Nov,1,1,1,2,New_Visitor,0,0
0,0.0,0,0.0,170,210.0,0.16,0.173333333,0.0,0.4,May,1,1,1,3,Returning_Visitor,0,0
0,0.0,0,0.0,28,8155.645872353469,0.014814815,0.009876543,226.6777017,0.0,Dec,8,13,9,20,Other,0,1
5,59.52777778,3,124.25,156,5189.960659,0.001234568,0.008928986,20.50963783,0.0,Nov,2,2,7,1,Returning_Visitor,0,1
1,54.4,0,0.0,19,351.4,0.065,0.125,0.0,0.0,Jul,1,1,3,3,Returning_Visitor,0,0
1,667.4286819269531,0,0.0,9,336.8833333,0.0,0.2247735746791605,30.21969637,0.0,Sep,1,2,6,4,Returning_Visitor,0,1
0,0.0,0,0.0,24,657.6666667,0.013636364,0.034090909,0.0,0.718517168377747,May,2,4,1,3,Returning_Visitor,0,0
12,0.0,0,0.0,3,208.5,0.18202593217107313,0.1,69.98378669985775,0.2,May,3,2,2,13,Returning_Visitor,0,0
-7,84.0,3,102.0,197,478.5,0.070588235,0.077843137,0.0,0.0,May,3,2,6,6,Returning_Visitor,0,0
15,0.0,0,0.0,20,869.8,0.011111111,0.033333333,0.0,0.0,May,3,2,4,2,Returning_Visitor,1,0
1,105.0,1,0.0,59,7278.590227547982,0.0,0.014043584,0.0,0.0,Dec,3,2,3,2,Returning_Visitor,0,0
0,-625.2221608299559,0,0.0,7,7576.223064309707,0.085714286,0.128571429,-67.32192924893049,0.0,Mar,2,2,1,10,Returning_Visitor,0,0
6,65.25,0,-407.4142944406848,169,829.3333333,0.0,-0.1105921542686081,0.0,-0.6467872648693838,Nov,2,5,4,1,Returning_Visitor,1,0
3,238.4,0,-530.5883328134807,8,132.2333333,0.0,0.007407407,0.0,0.0,May,3,2,1,18,Returning_Visitor,0,0
8,52.5,0,0.0,33,2714.958333,0.0,0.2310458972931848,18.16617631,0.0,Dec,2,2,7,1,Returning_Visitor,0,0
13,0.0,25,0.0,3,60.5,0.19803678995225102,0.23199391274082148,0.0,0.0,Nov,3,2,6,6,Returning_Visitor,0,0
1,51.5,25,0.0,12,549.25,0.0,0.19147243273244752,0.0,-0.5626105568021147,Dec,2,2,2,2,New_Visitor,0,0
0,0.0,25,0.0,1,0.0,0.2,0.2,-61.54209208494521,0.0,May,1,1,7,3,Returning_Visitor,0,0
0,685.88192605372,0,0.0,1,0.0,0.2,0.2,0.0,0.0,Dec,1,2,1,1,Returning_Visitor,0,0
1,8.0,0,0.0,5,143.5,0.0,-0.13210266141845523,-56.965963663908695,0.0,Mar,3,2,2,3,New_Visitor,1,0
3,250.8,2,270.6,20,1424.4,-0.13415941839609763,0.0,-53.19380816518709,0.0,Nov,2,2,5,5,New_Visitor,0,1
0,0.0,0,0.0,2,49.0,0.0,0.033333333,-58.6377688344223,0.0,May,3,2,3,3,Returning_Visitor,0,0
0,0.0,0,0.0,7,7697.815919537775,0.0,0.007142857,-54.94169468803654,-0.573153725044644,Mar,3,2,3,1,Returning_Visitor,0,0
0,753.8064973552983,0,0.0,40,1178.496667,0.2019789967484089,0.031153846,65.11491361997116,0.0,Aug,2,2,4,1,Returning_Visitor,0,0
14,512.5805785,4,211.0,61,2362.724563,0.005615082,0.024507322,27.61615655,0.0,Oct,1,1,3,1,Returning_Visitor,0,0
2,47.0,25,0.0,-134,738.9107143,0.017391304,0.023671498,0.0,-0.7109347395471418,Nov,3,2,1,2,Returning_Visitor,0,0
0,0.0,0,0.0,-141,402.5,0.047619048,0.059047619,-51.80563136356018,0.8,May,3,2,1,13,Returning_Visitor,0,0
4,31.70833333,1,4.0,51,946.3934211,0.02254902,0.035630252,70.58872261466537,0.0,Nov,1,1,3,2,Returning_Visitor,0,0
0,0.0,0,0.0,16,157.9,0.1896087683954549,0.0625,0.0,0.0,May,2,2,1,3,Returning_Visitor,0,0
13,0.0,1,13.0,27,1620.024762,0.05,0.085714286,-53.94247758906536,0.0,Sep,5,11,4,1,Returning_Visitor,0,0
0,0.0,0,0.0,6,8808.621800742512,0.0,0.008333333,0.0,0.0,May,2,2,1,2,Returning_Visitor,0,0
0,0.0,0,0.0,162,66.4,0.066666667,0.1,-65.51784991522887,0.0,June,3,2,6,11,Returning_Visitor,1,0
0,0.0,0,0.0,47,-5635.475706042917,0.041843972,0.055319149,0.0,0.0,May,3,2,3,13,Returning_Visitor,0,0
8,57.5,0,0.0,-138,845.8333333,0.004255319,0.012765957,19.29753191,0.6,May,2,2,1,3,Returning_Visitor,0,1
1,90.0,0,480.1809212585281,6,-5766.66805174526,0.0,0.04,0.0,0.0,Dec,8,13,9,20,Other,0,0
0,0.0,25,0.0,1,8337.759983568933,0.2,0.2,-55.63798584655108,0.0,May,2,2,3,2,Returning_Visitor,0,0
6,352.3666667,25,0.0,11,605.6166667,0.17730504688665036,0.008888889,0.714623214,0.0,June,2,2,1,2,Returning_Visitor,0,1
3,29.33333333,0,0.0,35,468.0,0.011428571,0.21742967130097793,0.0,-0.6429014841201843,May,2,2,3,3,Returning_Visitor,0,0
0,0.0,0,0.0,18,437.1875,0.011111111,0.006878307,0.0,0.0,Mar,1,1,7,9,Returning_Visitor,1,0
2,55.0,0,0.0,6,249.5,0.0,0.20073364004016314,0.0,0.0,Mar,2,2,7,2,New_Visitor,0,0
0,0.0,25,0.0,19,540.3333333,0.0,0.044736842,0.0,0.0,Nov,2,2,1,10,Returning_Visitor,1,0
-8,68.54545455,25,60.0,91,-5865.554487163956,0.002749141,0.012841597,51.27258615,0.0,Dec,2,5,7,2,Returning_Visitor,0,0
0,0.0,0,-413.87673766174464,13,1496.833333,0.0,0.015384615,-50.17035792262482,0.0,May,2,4,6,4,New_Visitor,0,1
0,756.1190879835619,0,0.0,60,1315.177778,0.009039548,0.031793785,0.0,0.0,Nov,2,2,3,2,Returning_Visitor,0,1
0,671.6383717142054,0,0.0,19,1883.5,0.010526316,0.021052632,0.0,0.0,Mar,2,2,1,3,Returning_Visitor,0,0
0,0.0,0,0.0,102,4509.0,0.011764706,0.037679739,0.0,0.0,Nov,2,2,7,1,Returning_Visitor,0,0
1,779.114959192742,0,0.0,4,212.5,-0.16155362152810024,0.227625391683353,0.0,-0.7010994256115064,May,2,2,2,1,Returning_Visitor,1,0
9,169.5,2,-412.48328935309,31,706.9837662,0.005714286,0.023761905,0.0,0.0,May,1,1,1,1,Returning_Visitor,0,0
0,0.0,0,0.0,13,436.6,0.002564103,0.082692308,0.0,0.6,May,1,6,1,4,Returning_Visitor,0,0
0,0.0,0,0.0,3,-6212.519456558798,0.0,0.05,32.89701477,-0.7277767053626488,Oct,3,2,2,2,New_Visitor,0,1
0,0.0,0,0.0,1,0.0,0.2,0.2,78.16727972676287,0.0,May,2,2,6,3,Returning_Visitor,0,0
1,113.0,0,0.0,200,935.0,0.0,0.027272727,0.0,-0.7247711260210568,May,1,1,1,2,New_Visitor,0,0
13,0.0,0,0.0,12,261.0,0.033333333,0.083333333,0.0,0.0,Mar,2,2,7,1,Returning_Visitor,0,0
6,35.1,0,0.0,138,6440.235256,0.001891253,0.027316655,0.0,0.0,June,2,2,3,3,Returning_Visitor,0,0
2,32.2,1,0.0,170,342.6866667,0.0,0.009090909,0.0,0.0,Aug,2,2,1,4,New_Visitor,0,0
0,0.0,0,549.0702202296621,3,57.75,-0.1600783474742789,0.033333333,0.0,-0.6436852366012878,Nov,1,1,6,2,Returning_Visitor,0,0
5,39.83333333,0,0.0,34,2348.8125,0.02,0.055166667,0.0,0.0,Dec,2,2,3,1,Returning_Visitor,0,0
2,87.0,0,0.0,106,3156.501914,0.000628931,0.009577934,0.0,0.0,May,4,2,3,6,Returning_Visitor,0,0
-9,0.0,0,0.0,37,7205.523547894586,0.005405405,0.021621622,-59.816965430123894,0.0,Nov,2,2,1,8,New_Visitor,0,0
1,4.0,25,0.0,36,440.6,0.011111111,0.041898148,0.0,1.0,May,3,2,3,1,Returning_Visitor,1,0
0,0.0,0,0.0,4,-5058.543159822906,0.05,0.05,0.0,0.6,May,2,2,3,4,Returning_Visitor,0,0
0,0.0,1,0.0,82,2710.381731,0.004938272,-0.134508287646662,73.94680647091492,0.7003300601546512,Nov,3,2,3,2,Returning_Visitor,0,1
0,0.0,0,0.0,187,-4542.484823389402,0.005454545,0.008870523,0.0,0.0,Nov,1,1,1,3,Returning_Visitor,0,0
12,0.0,1,929.0,75,4105.666667,0.002631579,0.017324561,0.0,0.0,Mar,2,2,3,1,Returning_Visitor,0,0
4,86.0,0,0.0,46,2450.688095,0.027083333,0.047905093,0.0,0.0,Mar,1,1,3,3,Returning_Visitor,0,0
0,0.0,0,0.0,-133,0.0,0.2,0.2,0.0,0.0,Nov,4,1,4,3,Returning_Visitor,0,0
0,0.0,25,0.0,12,505.3333333,0.083333333,0.20156279791149517,0.0,0.4,May,2,2,1,6,Returning_Visitor,0,0
12,68.4,25,6.0,30,728.8666667,0.037373737,0.063636364,0.0,0.0,Oct,2,2,3,20,Returning_Visitor,1,0
13,143.25,0,0.0,38,7868.584045727931,0.0,0.00745614,54.16451768,0.0,Nov,2,2,7,2,Returning_Visitor,0,1
0,0.0,0,0.0,11,212.9166667,0.0,0.009090909,68.1125352808005,0.0,Nov,3,2,5,2,New_Visitor,0,0
2,45.25,1,0.0,42,-5945.463910182327,0.2031449085609505,0.2125611530827423,0.0,0.0,Dec,2,2,7,2,Returning_Visitor,0,0
0,0.0,0,0.0,10,677.6666667,0.0,0.19985516979263745,0.0,0.0,Dec,4,1,3,2,New_Visitor,0,0
0,-580.8969139707424,0,0.0,10,192.75,0.033333333,0.028888889,0.0,0.0,Dec,1,2,3,1,Returning_Visitor,1,0
3,55.0,0,0.0,186,1085.078571,0.015833333,0.013690476,0.0,0.0,May,3,2,2,3,Returning_Visitor,0,0
6,792.7376259241945,1,7.0,132,4056.175369,-0.1413258719551194,0.019282953,0.0,0.0,Mar,2,2,8,2,Returning_Visitor,0,0
0,-582.3805656909525,0,0.0,1,6926.381448891931,0.2,0.2,0.0,0.0,Dec,2,4,7,1,Returning_Visitor,0,0
0,0.0,0,0.0,8,209.5,0.0,0.22014380797277042,0.0,0.0,Feb,2,2,1,1,Returning_Visitor,0,0
2,190.0,1,0.0,-107,758.4428571,0.17598727542461767,0.010526316,0.0,0.0,Mar,1,1,6,1,Returning_Visitor,1,0
0,0.0,0,0.0,2,55.0,0.0,0.05,0.0,-0.6816034148561974,May,3,2,1,13,Returning_Visitor,0,0
0,0.0,25,0.0,20,1017.5,0.005,0.033333333,0.0,0.0,Nov,2,2,1,1,Returning_Visitor,0,0
0,0.0,25,0.0,4,75.4,0.1,0.125,0.0,-0.5757450523748857,Nov,3,3,1,3,Returning_Visitor,0,0
3,22.0,0,-457.01258533004165,15,259.75,0.0,0.010416667,88.80448992,0.0,Dec,2,2,1,2,Returning_Visitor,1,1
0,0.0,0,599.5107978298015,-107,8713.778112350625,0.004545455,0.027272727,0.0,0.0,Dec,2,2,1,2,New_Visitor,0,0
-9,0.0,0,-406.05808913486936,5,99.66666667,0.0,-0.13657246457649497,0.0,-0.709033876040737,May,2,2,5,4,Returning_Visitor,0,0
5,333.0,2,462.253178982694,12,151.9,0.031111111,0.064444444,-55.72040017893128,0.0,Mar,2,2,1,1,Returning_Visitor,0,0
0,0.0,0,0.0,175,6973.506108634432,0.006818182,0.021969697,0.0,-0.6191010247328158,Nov,4,2,1,3,Returning_Visitor,0,0
0,0.0,0,0.0,12,281.5,0.016666667,0.020833333,0.0,0.670783112358334,May,2,4,7,4,Returning_Visitor,1,0
15,763.3152989726865,0,0.0,-135,207.6,0.0,0.033333333,30.84751033,0.0,Sep,2,2,9,3,Returning_Visitor,0,0
3,111.0,0,0.0,25,-6403.664982795296,0.0,0.19289492836826147,0.0,0.0,May,2,2,4,4,Returning_Visitor,0,0
-9,943.0,2,16.0,7,935.6666667,0.0,0.0375,0.0,0.0,Nov,2,2,3,6,Returning_Visitor,1,1
5,91.31666667,0,0.0,29,1352.976722,0.01125,0.024522672,7.91345877,0.8533353254393032,Nov,1,1,6,1,Returning_Visitor,0,0
8,121.425,3,273.5,204,-5750.489347587669,0.001869159,0.012071651,0.0,0.0,Nov,2,2,7,13,Returning_Visitor,1,0
11,622.1492698693627,3,306.1,-122,5194.857143,0.001754386,0.013972431,22.65941331,0.0,Oct,2,4,1,20,Returning_Visitor,0,0
0,0.0,1,21.0,25,525.1666667,0.007692308,0.030769231,0.0,0.0,Nov,2,2,3,2,New_Visitor,1,0
14,0.0,0,0.0,6,7581.290248840122,0.033333333,0.033333333,0.0,0.6,Feb,1,1,6,2,Returning_Visitor,0,0
0,0.0,0,0.0,163,7110.272303873672,0.0,0.033333333,0.0,0.0,May,3,2,2,13,Returning_Visitor,0,0
12,0.0,0,0.0,5,187.5,0.0,0.04,0.0,0.0,Dec,2,5,8,2,Returning_Visitor,1,0
3,763.4284018447306,5,9.5,218,8205.68794,0.02357037,0.039663918,1.18073661,0.0,Nov,1,1,3,3,Returning_Visitor,0,1
1,52.0,0,0.0,12,293.5,0.015384615,0.035897436,0.0,0.0,May,1,1,1,3,Returning_Visitor,1,0
3,14.5,0,0.0,25,1040.75,0.0,0.024266667,0.0,0.0,Mar,4,1,1,2,Returning_Visitor,1,0
0,628.4107172277274,0,0.0,-135,72.0,0.0,0.05,0.0,0.8,May,2,2,4,4,Returning_Visitor,0,0
1,4.0,0,0.0,22,2706.375,0.20949358344631325,0.039814815,0.0,0.0,Nov,4,2,1,2,Returning_Visitor,0,0
0,-628.5626555312423,0,-450.01184516557305,22,231.5,0.036363636,0.072727273,0.0,0.6,May,2,2,4,3,Returning_Visitor,0,0
-7,743.5244872907513,3,122.0,66,2780.6,0.0,0.016533333,0.0,0.0,Nov,2,2,3,10,Returning_Visitor,0,0
1,723.0564831763253,25,597.1334440775927,34,-5300.359909227166,0.0,0.001388889,-51.53408335943081,0.0,Oct,2,2,7,3,New_Visitor,1,0
4,80.0,0,0.0,17,442.1666667,0.0,0.010526316,0.0,0.0,Nov,2,2,6,2,New_Visitor,1,0
6,174.4571429,2,24.2,107,1688.2494,0.0,0.016407828,2.385969641,0.0,June,2,4,1,2,Returning_Visitor,1,0
1,21.2,0,0.0,24,1123.246667,0.0,0.017391304,-59.36071182010691,0.0,Sep,2,2,3,2,Returning_Visitor,0,1
0,0.0,0,0.0,3,-6350.310248402593,-0.13916233412495918,0.166666667,-56.43611691745741,0.7040263370817686,Mar,1,1,3,3,Returning_Visitor,0,0
-8,714.3729452338242,25,0.0,9,260.3,0.0,0.005555556,16.32244444,0.0,May,3,2,6,11,Returning_Visitor,0,1
6,475.0,0,0.0,33,2760.716667,0.038596491,0.056282051,0.0,0.7715921060306885,Mar,4,2,1,13,Returning_Visitor,0,0
0,786.5508856942329,0,0.0,17,418.3333333,0.0,0.025,0.0,0.0,Nov,2,6,1,2,New_Visitor,0,0
12,317.6282051,25,256.5,81,3675.940705,0.006741573,0.20542146166687544,11.62288468,0.0,Dec,2,2,1,10,Returning_Visitor,1,1
15,0.0,25,0.0,12,680.5,0.21584066335929508,0.018181818,42.422531,0.0,Dec,2,2,6,10,Returning_Visitor,0,1
14,0.0,0,0.0,-134,3621.066667,0.001492537,0.02032147,0.0,0.0,Nov,2,1,1,2,Returning_Visitor,0,1
14,0.0,0,0.0,7,203.6666667,-0.1326991813127018,0.00952381,0.0,0.0,May,1,1,1,2,Returning_Visitor,0,0
0,-520.9181295943849,0,0.0,11,296.5,0.036363636,0.081818182,-51.27321499612911,0.0,Nov,2,2,1,1,Returning_Visitor,0,0
3,27.0,0,0.0,182,898.0,0.015384615,0.042307692,10.94723077,0.6983257358488386,May,2,2,1,3,Returning_Visitor,0,1
5,88.83333333,0,0.0,27,494.6440476,0.18817503684782855,0.006781609,0.0,0.7989855313160312,Nov,1,1,1,2,Returning_Visitor,0,0
6,81.12,25,576.593050878122,26,2134.103333,0.0,0.014583333,13.38353821,0.0,Jul,2,2,1,6,Returning_Visitor,0,0
3,35.0,0,0.0,16,352.0,0.0,0.011764706,0.0,0.0,Mar,2,2,2,1,Returning_Visitor,0,0
6,-587.406859281431,25,475.9540321325511,187,175.4,0.0,-0.14603993432885393,65.27153741237477,0.0,Nov,2,5,5,2,New_Visitor,0,0
0,0.0,0,0.0,14,536.0,0.0,0.01025641,0.0,0.7664468974762719,Dec,1,1,3,10,Returning_Visitor,0,0
0,0.0,0,-483.1899927592212,12,7135.394615717534,0.016666667,0.19635194069580175,0.0,0.0,Feb,3,2,4,1,Returning_Visitor,0,0
0,641.2368940052376,0,0.0,9,78.25,0.077777778,0.088888889,0.0,0.0,May,1,1,3,2,Returning_Visitor,1,0
0,0.0,0,0.0,13,226.0,0.0,0.023076923,0.0,0.0,Dec,2,2,9,8,New_Visitor,0,0
0,0.0,0,0.0,4,39.95,0.0,0.05,0.0,0.0,Jul,3,2,1,4,Returning_Visitor,1,0
14,-463.7970521203183,0,0.0,9,79.25,0.0,0.046153846,-61.26083877076591,0.0,Nov,2,2,3,1,Returning_Visitor,0,0
1,81.6,0,0.0,-112,2017.520714,0.0,0.19546598871852292,0.0,0.0,Oct,2,2,1,2,Returning_Visitor,1,0
9,181.8166667,0,-518.2645516805223,9,126.9166667,0.0,0.015384615,0.0,0.0,Sep,1,1,7,4,Returning_Visitor,0,0
0,0.0,0,597.7212624859163,10,482.5,0.0,0.06,0.0,1.0,May,1,2,9,4,Returning_Visitor,1,0
13,37.0,0,0.0,81,2533.833333,-0.14799135123806342,0.010230908,0.0,0.0,May,2,2,3,4,Returning_Visitor,0,0
8,192.5555556,1,496.7090610914679,109,2926.431962,0.0,0.001851852,12.8915,0.0,May,4,1,1,3,New_Visitor,0,1
-8,177.1666667,0,0.0,50,1188.566667,0.007843137,0.20267166953338728,0.0,0.0,Mar,2,2,3,3,Returning_Visitor,0,0
1,-529.1986922720903,0,0.0,16,1331.75,-0.1415453132050346,0.0125,33.79956701,0.7699902104221533,Mar,2,5,2,3,New_Visitor,0,1
0,0.0,0,0.0,-137,588.6666667,0.011764706,0.035294118,-68.18071708281006,0.0,Mar,2,4,4,1,Returning_Visitor,0,0
9,122.5171429,0,0.0,167,3890.865924,0.002339181,0.009653998,0.0,0.0,Jul,2,2,1,2,Returning_Visitor,0,0
0,0.0,0,0.0,9,651.0,0.0,0.022222222,68.258708,0.0,Nov,2,2,2,2,Returning_Visitor,0,1
1,69.0,25,0.0,8,8198.95392897708,0.0,0.025,28.05094335,0.0,Mar,2,4,1,8,New_Visitor,0,1
0,0.0,0,0.0,1,0.0,0.2,0.2,0.0,0.0,Nov,2,5,2,1,Other,0,0
6,1489.041667,0,0.0,12,879.8,0.0,0.005555556,0.0,0.0,Nov,2,2,4,2,New_Visitor,1,0
13,66.0,0,0.0,18,229.75,0.021052632,0.031578947,0.0,0.6687956518681409,Mar,4,2,1,3,Returning_Visitor,0,0
0,0.0,0,0.0,1,0.0,0.2,0.2,0.0,-0.6404498610206693,Dec,2,2,4,1,Returning_Visitor,0,0
1,10.0,0,0.0,23,660.8166667,0.0,0.025,0.0,0.0,Mar,2,4,1,3,Returning_Visitor,1,0
0,0.0,0,-517.8996919966305,43,907.5083333,0.0,0.002439024,0.0,0.0,Nov,1,1,1,2,New_Visitor,1,0
2,37.5,0,0.0,2,492.5,0.0,0.21995453909067883,0.0,0.0,Mar,2,2,1,2,Returning_Visitor,0,0
4,900.5,0,537.5465841817116,14,-6152.791929824802,-0.1557355377444022,0.014117647,105.260972,0.0,Dec,1,1,3,10,Returning_Visitor,0,1
3,179.5,0,-446.09394717011804,22,746.1666667,0.0,0.004266667,0.0,0.0,May,3,3,1,15,Returning_Visitor,1,0
0,0.0,0,0.0,204,-5870.119907567121,0.0,0.05,0.0,0.0,Nov,8,1,4,3,Returning_Visitor,1,0
0,0.0,0,0.0,-127,8365.191844890838,0.027272727,0.045454545,0.0,0.0,Nov,3,2,9,10,New_Visitor,1,0
2,22.0,0,0.0,22,512.05,0.04375,0.075277778,0.0,0.6,May,1,1,3,2,Returning_Visitor,0,0
5,75.16666667,0,0.0,172,115.1666667,0.028571429,0.042857143,0.0,0.0,Mar,2,2,8,1,Returning_Visitor,0,0
2,-477.14107391255504,0,0.0,21,719.7380952,0.004347826,0.010434783,0.0,0.0,Mar,2,2,1,3,Returning_Visitor,0,0
3,33.0,1,10.0,184,1142.195833,0.0,0.024444444,0.0,0.0,Dec,2,2,1,2,Returning_Visitor,0,0
2,17.0,2,23.0,70,2218.276547,0.018,0.035693651,5.185165143,0.8,May,3,2,3,2,Returning_Visitor,0,0
-10,0.0,0,0.0,1,0.0,-0.16813563751937396,0.2,0.0,0.0,Dec,1,2,3,1,Returning_Visitor,0,0
1,0.0,0,0.0,27,889.0,0.021428571,0.067857143,0.0,-0.691019374627799,May,4,1,3,3,Returning_Visitor,0,0
6,440.2813953,1,17.72,18,864.1,0.0,0.002777778,0.0,0.0,Sep,2,2,5,2,New_Visitor,0,0
1,766.3574949929821,0,0.0,49,1164.416667,0.048,0.064,-56.03472209719855,1.0,May,3,2,1,4,Returning_Visitor,1,0
-7,46.5,0,0.0,14,398.9791667,0.0,0.014285714,116.3378652,0.8151455402390014,Dec,8,13,9,20,Other,0,1
2,820.0,25,0.0,28,2228.516667,0.2131009353828565,-0.1332555410084672,42.50333333,0.0,May,2,2,9,2,Returning_Visitor,0,0
3,113.8,0,0.0,15,336.1383333,0.0,0.011764706,0.0,0.0,Nov,2,4,9,3,New_Visitor,0,0
0,0.0,0,0.0,15,612.0,0.0,0.013333333,0.0,0.0,Nov,1,2,8,2,Returning_Visitor,1,0
3,34.0,1,14.0,89,1332.088889,0.0,0.003296703,0.0,0.0,May,1,2,7,3,Returning_Visitor,1,0
0,0.0,1,0.0,15,181.5,0.0125,0.05,0.0,0.0,May,2,5,3,3,Returning_Visitor,0,0
0,0.0,0,0.0,169,778.6437229,0.010232558,0.023197087,0.0,0.0,Jul,4,1,1,3,Returning_Visitor,1,0
0,0.0,0,571.5443995163528,-118,94.5,0.0,0.04,0.0,0.0,Mar,2,2,1,1,Returning_Visitor,0,0
0,0.0,0,0.0,2,0.0,0.2,0.2,0.0,0.0,Mar,1,1,1,10,Returning_Visitor,0,0
0,0.0,0,-414.55469173713584,2,0.0,-0.1256037148318699,0.2,0.0,0.2,May,1,1,1,3,Returning_Visitor,0,0
9,648.1185715284141,3,-452.24835279153893,55,1509.594444,0.006451613,0.02016129,14.68324522,0.0,Mar,2,5,1,2,Returning_Visitor,0,0
3,17.94545455,1,599.1117785402222,191,268.4525974,0.0,0.014267677,0.0,0.0,Oct,2,2,1,2,Returning_Visitor,0,1
0,0.0,0,0.0,11,559.25,0.036363636,0.042424242,0.0,0.0,Dec,2,2,1,10,Returning_Visitor,0,0
0,0.0,0,0.0,23,480.9166667,0.017391304,0.032608696,0.0,0.0,Dec,4,2,1,2,Returning_Visitor,0,0
0,-490.7157297964827,0,0.0,10,516.75,0.02,0.08,0.0,0.0,Dec,4,2,3,1,Returning_Visitor,0,0
6,-601.901698091082,6,1343.25,51,3472.870513,0.011866969,-0.1466536536289736,0.0,0.0,Nov,2,2,1,2,Returning_Visitor,0,0
0,-548.2594136971417,25,0.0,1,0.0,0.2,0.2,0.0,0.0,Mar,3,2,3,2,Returning_Visitor,0,0
7,131.08,1,124.9,159,4362.009752,0.001204819,0.008667383,6.047203519,0.0,Jul,2,10,2,2,Returning_Visitor,0,0
1,5.5,0,0.0,188,1955.168685,0.015359477,0.20705325929281182,-66.5806989202901,0.0,June,2,2,9,13,Returning_Visitor,1,0
6,91.25,0,0.0,56,955.5432151,0.007494145,0.010650662,0.0,0.0,Nov,3,2,4,2,Returning_Visitor,1,1
3,115.125,0,0.0,46,909.522619,0.004255319,0.020449173,0.0,0.0,Mar,2,2,6,1,Returning_Visitor,0,0
-8,0.0,0,0.0,21,574.722619,0.0,0.018888889,6.284044913,0.0,Mar,2,2,1,2,Returning_Visitor,0,1
3,733.7601815801728,0,-529.370334628579,48,6972.998728054556,-0.14364350589908645,0.016921296,0.0,0.0,May,1,8,3,11,Returning_Visitor,0,0
-7,89.75,1,89.0,49,2104.3114,0.009615385,0.01954189,8.979934615,0.8,May,1,1,4,2,Returning_Visitor,0,0
2,136.4,0,0.0,41,1275.26927,0.0,0.013461742,0.0,0.0,Nov,3,2,4,3,Returning_Visitor,1,0
6,79.25,0,0.0,13,150.1666667,0.0,0.012631579,0.0,0.0,Dec,1,1,1,3,New_Visitor,0,0
0,0.0,25,0.0,3,7642.791492768931,0.066666667,0.133333333,0.0,0.0,Jul,3,2,4,3,Returning_Visitor,1,0
0,0.0,0,0.0,3,311.0,0.1,-0.11506041109889417,0.0,0.6,May,1,1,1,3,Returning_Visitor,0,0
11,-604.9708476272698,5,205.0,-108,9595.649629,-0.15090443253480715,0.012050716,9.242286032,0.0,Nov,2,2,4,2,Returning_Visitor,0,1
2,104.3,0,529.3381153182074,48,2307.661212,0.025510204,0.035488428,4.348145623,0.0,Oct,1,1,4,1,Returning_Visitor,1,0
0,0.0,0,0.0,2,11.0,0.0,0.1,0.0,0.8640838660245265,Dec,2,4,1,2,Returning_Visitor,0,0
1,33.5,25,-490.57345007291815,37,1631.416667,0.0,0.009009009,68.08304948286568,0.0,Dec,2,2,1,1,Returning_Visitor,0,0
5,152.875,2,81.0,46,2295.182143,-0.1346851221280966,0.014873664,21.02481633,0.2,May,3,2,4,1,Returning_Visitor,0,0
0,0.0,0,0.0,39,2808.666667,0.0,0.01025641,-49.94072165191204,0.0,Mar,2,2,1,10,Returning_Visitor,0,0
0,0.0,0,514.8036662630759,8,233.6666667,0.025,0.0875,0.0,0.0,Mar,2,2,3,13,Returning_Visitor,0,0
0,0.0,0,502.2805356675669,4,2528.0,-0.1496877437506441,0.066666667,0.0,0.0,Mar,2,2,9,1,Returning_Visitor,1,0
2,31.2,0,0.0,-123,55.4,0.0,0.05,0.0,0.0,Oct,2,2,1,5,New_Visitor,0,0
2,77.5,0,0.0,19,-4693.1985640822,0.0,0.002631579,0.0,0.0,Mar,3,2,2,9,New_Visitor,1,0
1,4.0,0,0.0,196,1749.0,0.0,0.015,0.0,0.0,Dec,2,2,3,10,Returning_Visitor,0,0
0,0.0,0,0.0,22,2464.9,0.003030303,0.051515152,0.0,0.8,May,2,2,6,1,Returning_Visitor,0,0
0,0.0,0,0.0,6,7136.670544462551,0.0,0.21954717577617172,0.0,0.0,Nov,1,1,1,2,New_Visitor,1,0
6,60.875,0,0.0,57,3671.675,0.003278689,0.027595628,0.0,0.0,Nov,2,2,1,2,Returning_Visitor,0,0
2,72.6,0,0.0,9,198.7,0.0,0.018181818,0.0,0.0,Sep,2,2,7,6,Returning_Visitor,1,0
0,0.0,25,84.5,42,2762.408333,0.004545455,0.025151515,0.0,-0.6944365911670977,Nov,2,2,1,2,New_Visitor,0,0
13,0.0,0,0.0,204,0.0,0.2,0.2,0.0,-0.585647496781173,Dec,3,2,7,3,Returning_Visitor,0,0
13,0.0,0,0.0,15,1251.316667,0.0,0.03452381,0.0,0.0,Nov,3,2,1,2,Returning_Visitor,1,1
3,269.1666667,0,0.0,36,2281.208333,0.022916667,0.046203704,0.0,0.0,May,3,2,6,4,Returning_Visitor,0,0
0,0.0,0,0.0,184,791.0,0.0,0.031111111,19.34826667,0.7827597420276419,May,2,2,6,1,Returning_Visitor,0,0
3,42.0,0,0.0,10,706.0,0.0,0.011111111,0.0,0.0,May,2,2,8,1,Returning_Visitor,1,0
8,225.4166667,25,-519.7082417216785,44,1254.112179,0.007092199,0.030129179,0.0,0.0,Dec,3,2,3,1,Returning_Visitor,0,0
0,0.0,0,0.0,7,182.0,0.028571429,0.071428571,62.42936613735118,0.0,Mar,3,2,1,13,Returning_Visitor,1,0
0,0.0,0,0.0,10,7280.974135628349,0.0,0.022222222,125.961749,0.0,Dec,2,2,1,2,New_Visitor,0,1
13,123.0,1,29.5,16,529.3333333,0.0,-0.11828033195876128,0.0,0.0,May,3,3,2,2,New_Visitor,0,0
0,0.0,0,0.0,12,8220.215078671974,0.0,0.22209543330730303,0.0,0.0,Nov,2,4,1,2,Returning_Visitor,0,0
2,24.5,25,710.0,66,4566.952839,0.006470588,-0.1378087421677036,0.0,0.0,Mar,3,2,2,2,Returning_Visitor,0,0
0,0.0,0,0.0,6,1057.0,0.0,0.033333333,0.0,0.0,Mar,2,4,4,1,Returning_Visitor,0,0
7,170.0,0,0.0,27,1342.666667,0.003333333,0.2106312833766448,-54.47239045205326,0.0,Mar,2,2,1,3,Returning_Visitor,0,1
15,356.6,0,0.0,39,589.2510658,0.182793733922831,0.010133221,0.0,0.0,Jul,1,1,4,4,Returning_Visitor,0,0
6,167.0,0,-420.27728972076,71,1445.458333,0.004054054,0.013963964,12.30811748,0.0,Nov,3,2,1,10,Returning_Visitor,0,1
1,10.0,2,34.0,22,367.3761905,0.0,0.011038961,0.0,-0.5420620821631241,May,1,1,4,6,Returning_Visitor,1,0
0,0.0,0,0.0,19,923.22,0.0,0.21609744411604637,0.0,-0.6786482543411488,Aug,1,1,1,4,Returning_Visitor,0,0
1,11.5,1,94.0,183,6212.779517,0.024162985,-0.12637801303280083,0.0,0.0,Nov,3,2,4,10,Returning_Visitor,1,0
-7,126.0769231,2,43.33333333,34,1395.445862,0.038927739,0.042311136,48.66071756,0.0,Nov,3,2,1,10,Returning_Visitor,0,1
0,0.0,0,0.0,2,17.0,0.0,0.1,0.0,0.0,Nov,4,1,4,10,Returning_Visitor,1,0
15,0.0,0,469.31119327266504,186,3242.0,0.005555556,0.031388889,0.0,0.0,May,4,1,4,6,Returning_Visitor,1,0
0,0.0,1,44.0,162,-5226.657988173896,0.0,0.013333333,43.252,0.2,May,2,4,1,2,New_Visitor,0,1
1,-533.245675703285,0,0.0,16,1296.6,0.022222222,0.033333333,13.28355556,-0.5755906811679892,Mar,3,2,4,2,Returning_Visitor,0,1
13,0.0,0,0.0,1,11.0,0.0,0.1,0.0,0.0,Dec,2,2,1,10,Other,0,0
12,-619.2084422172303,0,0.0,4,137.0,0.0,0.2324671437318835,0.0,0.0,May,4,1,3,3,Returning_Visitor,1,0
12,797.3622162734822,0,0.0,22,1076.65,0.023809524,0.036507937,10.7869918,-0.5510670538489912,Aug,2,2,2,1,Returning_Visitor,0,1
0,721.5206645755939,0,0.0,8,139.0,0.0,0.05,78.99146379537424,0.0,May,2,4,3,3,Returning_Visitor,0,0
0,0.0,0,0.0,-121,8087.5688464182585,0.036363636,0.072727273,0.0,0.7230824008984683,May,1,1,1,3,Returning_Visitor,0,0
9,275.8,1,39.68,46,7940.944654097757,0.010909091,0.19897210238388885,0.0,0.0,Aug,2,2,6,3,Returning_Visitor,0,0
14,2.0,25,481.2746169567703,165,5149.434919,0.20467663635687172,0.014489415,72.88148909595053,-0.5651284472913861,Nov,2,2,1,1,Returning_Visitor,1,0
3,59.5,0,0.0,196,13.1,0.0,0.008333333,0.0,0.0,Sep,1,1,4,5,New_Visitor,0,0
0,0.0,1,39.5,357,8864.036841,0.001685393,0.007310889,9.964255807,0.0,Nov,2,2,1,2,Returning_Visitor,0,1
0,0.0,0,0.0,198,8130.362315855307,0.0,0.04,0.0,0.0,Sep,4,1,7,1,Returning_Visitor,0,0
0,793.5942311591069,0,0.0,51,874.4047619,0.008,0.0345,0.0,0.0,Nov,2,2,7,2,Returning_Visitor,0,0
13,0.0,0,0.0,40,962.3333333,0.0,0.23163152054833136,0.0,0.0,Mar,2,2,9,1,Returning_Visitor,0,0
0,0.0,0,0.0,7,117.5,0.0,0.033333333,0.0,0.0,May,4,2,8,3,Returning_Visitor,1,0
0,0.0,0,0.0,7,245.4,0.025,0.08125,3.27121463,0.7330636302647607,Sep,3,7,3,4,Returning_Visitor,0,0
12,36.5,0,0.0,11,496.25,-0.13517777611114187,0.026190476,0.0,0.0,Dec,2,2,1,8,Returning_Visitor,0,0
0,0.0,2,109.0,-102,1232.733333,0.0,0.012820513,56.35884615,0.0,May,4,2,1,19,Returning_Visitor,1,1
14,97.0,0,0.0,4,59.0,-0.16682429437264604,0.013333333,0.0,0.0,May,2,2,6,6,New_Visitor,0,0
0,671.1980976049758,2,62.33333333,34,1122.272727,0.047222222,0.071018519,0.0,0.8,May,2,2,4,6,Returning_Visitor,0,0
4,175.0,0,0.0,15,270.5,0.0,0.006666667,-61.879097545526875,0.0,Mar,1,1,7,2,Returning_Visitor,0,0
0,698.8624826777923,0,0.0,50,3002.902778,0.002083333,-0.13827201612449805,0.0,0.0,Nov,2,2,1,2,Returning_Visitor,1,0
5,286.4642857,25,29.5,64,2058.604545,-0.1566434943004126,0.009549977,6.49391045,0.0,Nov,3,2,3,10,Returning_Visitor,0,1
1,-618.9741209501567,1,31.0,24,533.5,0.0,0.040740741,-58.45789308188139,0.0,May,4,1,1,3,Returning_Visitor,0,0
0,0.0,25,0.0,4,992.0,0.0,0.05,68.9828573223741,0.2,May,2,2,4,13,Returning_Visitor,0,0
5,-510.19601324443806,3,564.5051218006087,33,1887.694444,0.008571429,0.032380952,11.69485714,0.0,May,3,2,3,13,Returning_Visitor,0,1
0,0.0,0,0.0,26,938.5833333,0.007692308,0.021794872,0.0,0.0,Dec,2,2,6,1,Returning_Visitor,0,0
6,104.1136364,3,95.0,95,2411.789279,0.0,0.01068254,16.78420229,0.690936684788618,May,3,2,5,6,Returning_Visitor,0,0
13,732.8322276564664,9,985.4833333,179,11492.20838,0.020689931,0.028728531,0.0,0.0,June,1,1,1,3,Returning_Visitor,0,0
13,65.0,0,0.0,29,386.2621212,0.0,0.000666667,-51.29221276749885,0.0,Nov,8,2,9,2,Other,0,0
-10,50.94615385,1,-419.1818863507882,38,1323.093695,0.007738095,0.21648763836722784,5.62486136,0.0,Sep,3,2,8,2,Returning_Visitor,1,0
12,0.0,0,0.0,23,579.3,0.0,0.009090909,0.0,0.0,Sep,2,2,2,2,New_Visitor,0,0
0,0.0,0,0.0,40,2426.266667,0.004878049,0.02296748,0.0,0.0,Nov,2,2,2,11,Returning_Visitor,0,0
0,0.0,0,0.0,31,516.4761905,0.006896552,0.018965517,0.0,0.0,May,3,2,3,13,Returning_Visitor,1,0
0,0.0,0,0.0,96,1231.79046,0.00212766,0.01026897,0.0,0.0,Jul,2,4,3,1,Returning_Visitor,0,0
-7,59.0,0,492.56291058287616,8,7495.850270498569,0.0,0.008333333,0.0,0.0,May,4,2,1,6,Returning_Visitor,0,0
4,47.0,0,0.0,29,5198.533333,0.0,0.019892473,0.0,0.0,May,2,4,2,2,Returning_Visitor,0,0
0,0.0,0,0.0,30,4262.966667,0.0,0.013333333,65.29516039,0.0,Dec,2,10,7,1,Returning_Visitor,1,1
13,0.0,0,0.0,2,0.0,0.2,0.2,0.0,0.0,Nov,2,5,1,2,Returning_Visitor,0,0
0,0.0,0,0.0,6,332.0,0.0,0.033333333,0.0,-0.5923001474288669,May,2,5,4,11,Returning_Visitor,0,0
13,611.0470588,7,572.5208294629733,34,1352.816503,0.009406495,-0.13275278030628807,5.816167973,0.0,May,2,2,6,2,Returning_Visitor,0,0
3,-593.6571974851144,2,104.0,15,675.8333333,0.0,0.004166667,0.0,-0.6784798099045882,May,2,10,6,1,Returning_Visitor,0,0
-8,55.0,0,0.0,18,376.5,0.021052632,0.040350877,0.0,0.4,May,4,2,3,11,Returning_Visitor,0,0
-7,0.0,0,-496.7811830989033,14,108.0,0.0,0.007142857,0.0,0.0,May,2,2,1,19,Returning_Visitor,0,0
0,0.0,0,0.0,10,0.0,-0.13759739355905992,0.2,0.0,0.8,May,3,2,2,13,Returning_Visitor,0,0
3,37.5,0,-528.353463956002,46,1804.9,0.017730496,0.039361702,0.0,0.0,May,2,2,3,6,Returning_Visitor,0,0
0,0.0,2,28.0,1,0.0,0.066666667,0.133333333,0.0,0.8299284025729813,May,2,2,8,3,Returning_Visitor,0,0
2,64.0,25,0.0,10,341.25,0.016666667,-0.13590237814979628,0.0,0.7206975491774174,Nov,3,2,3,10,Returning_Visitor,0,0
0,-554.9415646629203,0,0.0,-114,6962.804057830299,0.010526316,0.035087719,0.0,0.0,Dec,1,2,4,2,Returning_Visitor,0,0
7,755.2667772322673,4,-405.0053182504465,81,2237.757205,0.007231405,0.018203638,3.0265717,0.0,Nov,3,2,3,6,Returning_Visitor,1,0
0,0.0,0,0.0,3,0.0,0.2,0.2,0.0,0.0,May,3,2,6,13,Returning_Visitor,1,0
5,671.4761195615732,0,0.0,81,2833.814103,0.00021645,0.025137085,-61.365890829770144,0.0,Nov,4,1,7,2,Returning_Visitor,0,0
0,0.0,0,0.0,6,-4589.272111305772,0.0,0.033333333,0.0,0.0,May,2,4,3,3,Returning_Visitor,0,0
3,89.66666667,0,0.0,-104,2022.117778,0.011764706,0.023529412,11.55399716,0.0,Sep,3,2,3,1,Returning_Visitor,0,0
0,0.0,0,0.0,18,542.9333333,0.0,0.009259259,0.0,0.0,Nov,3,2,1,11,New_Visitor,0,0
0,0.0,6,129.125,-117,-5037.425766496684,0.00754717,0.019339623,0.0,0.0,Dec,1,1,1,2,Returning_Visitor,0,0
0,0.0,0,0.0,69,2243.676587,0.0,0.002985075,97.9922066,0.0,Nov,2,2,2,2,Returning_Visitor,0,1
0,0.0,0,-393.54046004500356,4,7.0,0.1,0.15,0.0,0.0,May,2,5,8,1,Returning_Visitor,0,0
1,9.0,0,0.0,46,4084.393939,0.0,0.001794872,0.0,-0.7007674208733081,Feb,2,2,8,4,Returning_Visitor,0,0
3,38.3,0,0.0,-133,7693.2290249491625,0.0,0.010884354,0.0,0.0,Jul,2,2,5,2,Returning_Visitor,1,0
2,63.5,0,0.0,176,1667.158421,0.0,0.002547045,0.0,0.0,Jul,2,4,2,1,Returning_Visitor,1,0
1,9.0,25,0.0,5,49.0,0.0,0.22722934273270146,0.0,0.0,Mar,2,2,8,1,Returning_Visitor,0,0
12,-461.05197495240964,2,26.1,10,186.7,0.0,0.021428571,0.0,0.0,Oct,2,2,3,3,New_Visitor,0,0
8,228.8333333,1,61.0,173,1505.333333,0.0,0.009109731,0.0,0.0,May,2,10,4,2,Returning_Visitor,0,0
11,598.8727273,0,0.0,60,2591.795346,0.009681373,0.019815044,20.32548134,0.0,Nov,3,2,2,11,Returning_Visitor,0,0
9,796.3047092626467,0,-448.2535428337402,201,259.5533333,0.011111111,0.05,6.80128988,0.0,Oct,3,2,3,2,Returning_Visitor,0,0
1,0.0,2,56.0,22,1054.309524,0.004761905,0.023809524,65.4582075014568,0.0,Mar,1,1,1,1,Returning_Visitor,0,0
5,43.325,1,553.5643331617836,20,-6421.562205845153,0.026634769,0.049669967,0.0,0.84938787093322,Jul,1,1,4,2,Returning_Visitor,0,0
-10,60.5,0,0.0,5,50.0,-0.15963994050607067,0.025,0.0,0.0,Dec,8,13,9,20,Other,1,1
8,195.3166667,0,523.3521506631313,176,1063.95,0.0,0.019047619,54.24886418,0.0,Mar,2,2,1,2,Returning_Visitor,0,0
0,0.0,0,0.0,2,14.0,0.1787882894339729,0.1,0.0,0.0,Dec,2,2,2,2,Returning_Visitor,0,0
6,161.52,0,0.0,14,295.6974359,0.0,0.026315789,0.0,0.0,Nov,3,2,8,2,Returning_Visitor,0,0
4,193.4,0,-441.55556085460466,-111,364.7,0.0,0.028571429,0.0,0.0,Oct,2,2,4,4,Returning_Visitor,0,0
1,34.26666667,2,21.2,8,2398.766667,0.0,-0.14775593313063273,0.0,0.0,June,4,1,1,3,Returning_Visitor,0,0
0,-601.8493127110439,0,0.0,1,0.0,0.2,0.2,0.0,0.0,Dec,8,13,9,20,Returning_Visitor,0,0
6,632.114552495967,0,0.0,25,590.6,0.0,0.003703704,0.0,0.0,Aug,2,2,1,2,New_Visitor,1,0
2,34.91666667,1,33.5,192,496.4821429,0.008695652,0.025120773,0.0,0.0,Dec,3,2,1,2,Returning_Visitor,0,0
0,-544.3729576399875,0,0.0,1,0.0,0.2,0.2,0.0,0.0,May,2,2,1,1,Returning_Visitor,0,0
13,0.0,0,0.0,13,-4638.312598163062,0.015384615,0.044615385,0.0,-0.6848907717591505,Nov,2,2,9,13,Returning_Visitor,1,0
3,19.33333333,0,0.0,28,710.9083333,0.006451613,0.012903226,0.0,0.0,May,2,2,8,3,New_Visitor,0,0
-7,3.0,0,0.0,14,128.0,0.0,0.028571429,0.0,0.0,Mar,2,2,1,2,Returning_Visitor,0,0
13,0.0,0,0.0,12,76.66666667,0.2120102959842306,0.0375,-62.63568867986896,0.0,Nov,2,2,3,13,Returning_Visitor,0,0
0,0.0,0,0.0,-125,806.5,0.01,0.038333333,66.57395991847616,0.6,May,2,4,1,3,Returning_Visitor,0,0
0,0.0,0,0.0,13,135.875,0.030769231,0.076923077,0.0,0.0,Nov,1,2,1,1,Returning_Visitor,1,0
3,33.0,0,0.0,67,7213.370978152325,0.006060606,0.011147186,0.0,0.0,Mar,4,1,1,10,Returning_Visitor,0,0
2,166.9166667,7,115.0,233,7622.927501333481,0.001834947,0.019045831,8.920900783,0.0,Nov,2,2,1,2,Returning_Visitor,0,1
12,219.274359,4,857.1666667,107,2640.135697,0.0,0.015489592,6.479206264,0.0,Nov,1,2,1,2,Returning_Visitor,1,1
0,0.0,0,0.0,10,313.3333333,0.18786649067460198,0.087878788,8.397818182,0.0,May,2,2,1,1,Returning_Visitor,0,0
15,60.0,0,0.0,-142,783.6363636,0.0,-0.1343713824439342,0.0,0.0,Dec,2,2,1,1,Returning_Visitor,1,0
0,0.0,0,0.0,182,212.8333333,0.19999912322392965,0.067647059,0.0,0.4,May,1,1,4,3,Returning_Visitor,0,0
0,0.0,0,0.0,6,8125.779008066962,0.0,0.072222222,0.0,0.0,May,1,1,8,3,Returning_Visitor,0,0
4,81.5,0,0.0,93,2773.010873,0.011827957,-0.12408162761050998,0.0,0.0,Nov,3,2,3,3,Returning_Visitor,1,0
3,28.125,25,-470.57501089096894,180,1032.008333,0.008,0.014133333,0.0,0.0,Nov,2,2,1,2,Returning_Visitor,1,0
0,0.0,25,0.0,15,221.0,0.20483393728199237,0.035555556,0.0,0.0,May,2,4,1,1,Returning_Visitor,0,0
3,80.42857143,0,496.6643705564556,61,5900.351378,0.0,0.007213115,0.0,0.0,Mar,3,2,3,10,Returning_Visitor,0,0
1,139.5,0,0.0,100,1831.149084,0.0,0.23864362184474464,0.0,0.0,Dec,2,2,3,2,New_Visitor,0,0
0,0.0,0,0.0,39,935.0972222,0.005128205,0.015042735,-67.93009012774625,0.7334935738126115,Dec,2,2,8,2,Returning_Visitor,0,0
0,0.0,0,0.0,3,22.5,0.0,0.066666667,0.0,0.0,May,1,2,3,2,Returning_Visitor,1,0
0,0.0,0,0.0,187,23.0,0.0,0.066666667,0.0,0.0,Nov,2,2,4,3,Returning_Visitor,0,0
4,46.3,0,0.0,2,22.83333333,0.0,0.033333333,-57.537323056105066,0.0,Nov,2,2,6,2,New_Visitor,1,1
6,-617.712281625576,0,0.0,-129,72.9,0.0,0.028571429,0.0,0.0,May,2,2,9,5,New_Visitor,0,0
1,28.25,1,0.0,10,128.5,-0.12476148839037908,0.085119048,0.0,0.0,Nov,3,2,3,6,Returning_Visitor,1,0
2,78.0,0,0.0,22,325.0,0.0,0.007246377,19.10349568,0.0,Dec,4,1,3,1,Returning_Visitor,1,1
0,0.0,0,0.0,1,0.0,0.2,0.2,0.0,0.0,May,2,2,2,13,Returning_Visitor,0,0
3,40.55,0,0.0,10,151.0818182,0.008333333,0.038888889,0.0,0.0,Jul,2,2,1,5,New_Visitor,0,0
3,89.5,0,0.0,-123,-6113.4939837839975,0.18717759780634158,-0.12219923239301278,20.11392747,0.0,Nov,4,2,1,3,Returning_Visitor,0,1
10,162.2291667,0,0.0,101,2681.998105,0.010185185,0.021374201,-62.38517415606152,0.0,Nov,3,2,3,2,Returning_Visitor,0,0
13,64.5,3,99.6,33,768.4133333,0.004878049,0.013617886,41.34613116,-0.7361623323446489,Sep,2,2,4,2,Returning_Visitor,0,0
4,-554.3423592545274,0,0.0,31,731.0,0.0,0.005882353,0.0,-0.738890799300033,Dec,2,2,4,2,New_Visitor,1,0
2,81.6,0,0.0,1,27.2,0.0,0.04,0.0,0.8219606684574481,Oct,3,2,3,5,New_Visitor,0,1
8,203.6,1,0.0,42,1052.4,-0.1246268863171729,-0.11967218552032427,69.74091115754803,0.0,Nov,2,2,5,2,Returning_Visitor,0,1
0,0.0,0,0.0,194,102.0,0.0,0.22383336043262542,0.0,0.0,Mar,2,2,3,2,Returning_Visitor,0,0
1,512.0,25,0.0,5,322.0,0.0,0.06,-56.62819286028974,0.6,May,1,1,1,3,Returning_Visitor,0,0
17,741.5373771197166,24,2050.433333,705,43171.23338,0.004851285,0.19118495723540213,-65.83782856664463,0.0,May,2,2,1,14,Returning_Visitor,1,0
3,-531.9289163184088,25,-423.51537250331205,177,159.0,0.0,0.20477091223532418,0.0,0.0,Dec,3,2,8,6,New_Visitor,0,0
0,0.0,0,0.0,-135,0.0,0.2,0.2,77.11661028429154,0.0,Dec,1,1,6,2,Returning_Visitor,0,0
-8,13.1,25,0.0,111,4208.752099,0.003477744,0.015856149,0.0,0.0,Jul,2,2,1,1,Returning_Visitor,1,0
0,0.0,0,572.912306234429,1,7839.797147088979,0.2,0.2,0.0,0.0,Mar,3,2,2,1,Returning_Visitor,0,0
0,0.0,0,0.0,5,120.79,0.0,0.00952381,69.48071740301431,0.0,June,2,2,1,2,Returning_Visitor,0,1
0,750.2717760836418,0,0.0,46,3346.041667,0.21660871854959665,0.01884058,61.77056277275798,0.0,Nov,2,2,3,2,Returning_Visitor,1,1
6,69.4,1,-401.39378020450675,18,1009.55,0.0,0.002380952,0.0,0.0,Jul,2,2,2,2,New_Visitor,0,0
4,40.2,1,0.0,12,2339.207143,0.011111111,0.036944444,0.0,0.0,Nov,1,1,1,2,Returning_Visitor,0,0
1,0.0,0,-495.1769544108983,106,4568.338675,0.003647799,0.013529215,0.0,0.0,Nov,1,1,2,10,Returning_Visitor,0,1
0,-610.3960022032918,0,0.0,2,0.0,0.0,0.2,0.0,0.0,Nov,1,1,1,1,Returning_Visitor,0,0
0,799.0130101937309,0,0.0,-105,185.5,-0.12679202511068316,0.0375,0.0,0.0,May,1,1,3,2,Returning_Visitor,1,0
0,0.0,0,461.54648976922124,1,0.0,0.2,0.2349075164044093,0.0,0.6925553739876599,Nov,1,1,2,2,Returning_Visitor,0,0
0,0.0,25,0.0,4,143.5,0.033333333,0.058333333,0.0,0.0,Dec,1,1,1,2,Returning_Visitor,0,0
-9,4.0,1,0.0,22,360.65,0.2096284664304513,0.01037037,1.453922921,0.0,Oct,2,2,1,2,Returning_Visitor,0,1
4,314.0833333,2,27.0,130,6560.00754,-0.16311106414044368,0.19924077797424578,0.0,0.0,Nov,2,2,1,2,Returning_Visitor,0,0
-7,19.0,25,468.6179934127637,11,501.75,0.016666667,0.033333333,55.485,0.0,May,2,4,4,2,Returning_Visitor,0,1
5,126.25,25,0.0,15,286.5166667,0.005263158,0.01754386,0.0,0.0,Dec,1,1,2,10,Returning_Visitor,0,0
0,0.0,0,0.0,1,0.0,-0.16486456302479402,0.2,0.0,0.0,May,3,2,3,3,Returning_Visitor,0,0
0,724.2985887032837,0,0.0,231,11246.13379,0.001746725,0.010029112,0.0,0.0,Nov,2,2,3,2,Returning_Visitor,1,0
0,0.0,0,0.0,192,-5661.963851421331,-0.17076283057188754,0.128571429,0.0,0.0,Aug,3,3,3,1,Returning_Visitor,1,0
0,0.0,0,0.0,20,447.5,0.02,0.04,0.0,-0.6530003279965217,Mar,2,2,1,1,Returning_Visitor,0,0
15,-476.0671847740319,1,77.0,58,3757.75,0.015819209,0.038418079,0.0,0.0,Nov,2,5,1,1,Returning_Visitor,0,1
9,194.4166667,2,20.0,-137,1569.166667,0.21028655238572355,0.028666667,18.80505,0.0,May,3,2,7,6,Returning_Visitor,0,0
1,100.0,0,-520.6651101203207,9,246.1666667,0.0,0.025,0.0,0.0,Dec,3,2,8,2,Returning_Visitor,1,0
12,129.5,0,0.0,162,7652.994700835892,0.0,0.005882353,0.0,0.0,May,2,5,2,4,Returning_Visitor,1,0
2,-526.4409225745256,0,0.0,50,2473.196429,0.0,0.23793796748646373,0.0,0.0,Nov,2,2,3,8,New_Visitor,0,0
3,1715.0,0,0.0,20,536.6166667,0.0,0.002898551,79.99049566719006,0.0,Nov,1,1,1,8,New_Visitor,0,0
0,0.0,0,0.0,59,1560.601163,-0.13206532256521403,0.21540514394158694,0.0,0.0,Mar,1,1,1,2,Returning_Visitor,0,0
1,39.5,0,0.0,52,3329.1,0.012231559,0.042469796,0.0,0.0,Nov,2,2,3,10,Returning_Visitor,0,0
1,19.2,0,0.0,3,60.6,0.0,0.033333333,0.0,0.0,Oct,2,2,6,6,New_Visitor,0,0
-9,42.33333333,0,0.0,-143,2471.391775,0.005555556,0.020580808,-61.822530505114194,0.6,May,2,2,2,4,Returning_Visitor,0,1
2,26.5,0,-389.7293332320338,0,0.0,0.0,0.1,64.05843791643952,0.6748648464528971,Dec,2,2,3,8,New_Visitor,0,0
0,0.0,25,594.9875938136593,25,316.5416667,0.0,0.02,0.0,0.0,Dec,2,2,9,1,Returning_Visitor,0,0
5,488.462963,0,0.0,198,3327.537566,0.006578947,0.022060248,0.0,0.0,Dec,2,2,3,1,Returning_Visitor,0,0
-8,0.0,0,0.0,-120,68.0,0.0,0.1,0.0,0.0,Feb,3,2,3,3,Returning_Visitor,0,0
0,0.0,0,0.0,2,138.5,0.0,0.1,0.0,0.0,Nov,3,2,4,11,Returning_Visitor,1,0
0,0.0,0,0.0,196,60.0,0.05,-0.13390165624144731,0.0,1.0,May,1,1,1,17,Returning_Visitor,1,0
2,68.6,0,0.0,10,279.7666667,0.0,0.033333333,0.0,-0.661486543189469,Oct,1,2,7,4,New_Visitor,0,0
1,26.5,0,0.0,71,1260.441758,-0.1600438792930814,0.008792271,3.74015068,0.0,Nov,2,2,1,1,Returning_Visitor,0,1
0,0.0,0,0.0,1,0.0,0.2,0.2,0.0,0.0,May,3,2,8,4,Returning_Visitor,0,0
0,0.0,0,0.0,1,0.0,0.2,-0.12426395711869291,0.0,0.2,Feb,3,2,3,3,Returning_Visitor,0,0
-9,0.0,0,0.0,12,99.0,0.176923077,0.192307692,0.0,0.8,May,3,2,1,13,Returning_Visitor,0,0
-10,0.0,0,0.0,27,427.8166667,0.0,0.017283951,0.0,0.0,Nov,2,2,1,1,Returning_Visitor,0,0
0,-515.6358690779731,0,-427.94621131263125,30,-5043.02247938888,0.077419355,0.112903226,0.0,0.8,May,2,2,3,20,Returning_Visitor,0,0
0,0.0,2,491.2095231950856,-101,-4547.082750799662,0.183502207468467,0.034375,0.0,0.8,Feb,1,1,3,3,Returning_Visitor,0,0
1,0.0,0,0.0,28,2195.580952,0.0,0.021428571,8.391281758,0.0,Oct,1,1,3,2,Returning_Visitor,0,1
1,397.5,3,89.5,8,249.0,0.066666667,0.091666667,67.04857019079145,0.0,May,3,2,1,6,Returning_Visitor,1,0
2,713.4575715635572,0,0.0,4,7246.9285620522,0.025,0.2313155678572067,0.0,0.0,Sep,2,4,1,3,Returning_Visitor,0,1
-8,20.75,0,-489.26098436878283,22,868.6785714,0.002777778,0.019722222,62.51664293,0.0,Dec,2,2,1,2,Returning_Visitor,0,0
8,57.83333333,1,3.0,115,8388.316083,0.01252501,0.029541047,0.0,0.7388836590192827,May,3,2,2,6,Returning_Visitor,0,0
6,221.8333333,1,51.5,39,841.7833333,0.005426357,0.017585825,0.0,0.0,Dec,1,2,8,1,Returning_Visitor,0,0
5,152.1,0,0.0,193,1474.533333,0.014814815,0.030123457,27.89717093,0.0,Oct,3,3,6,1,Returning_Visitor,1,0
0,790.1160177992683,0,0.0,3,14.0,0.0,0.066666667,0.0,0.0,Mar,4,1,3,3,Returning_Visitor,0,0
0,785.7899700733421,0,0.0,23,347.8522727,0.008695652,0.030434783,0.0,0.0,Nov,2,2,1,3,Returning_Visitor,0,0
4,252.0,1,56.5,42,947.357702,0.004347826,0.017294686,0.0,0.0,Nov,1,1,7,8,Returning_Visitor,1,0
19,664.529246773861,2,39.2,27,1171.471429,0.0,-0.1185430020219946,16.43725303,0.0,Nov,2,5,1,5,Returning_Visitor,0,0
0,0.0,0,0.0,-112,34.0,0.20626044666804175,0.066666667,0.0,0.0,May,2,2,3,1,Returning_Visitor,0,0
3,46.0,0,0.0,-143,3478.75,0.0,0.013559322,0.0,0.7593752502331086,Nov,2,10,3,1,Returning_Visitor,1,0
-7,0.0,0,0.0,195,1204.664683,0.0,0.015,0.0,0.0,Dec,2,4,1,2,Returning_Visitor,1,0
0,0.0,0,-482.12422511261434,2,-4562.5278533382125,0.2,0.2,0.0,0.8,May,3,2,2,13,Returning_Visitor,0,0
1,11.5,0,564.4872233320598,177,234.475,0.0,0.011111111,75.7937456269,0.0,Mar,1,1,1,2,Returning_Visitor,1,0
0,0.0,25,0.0,3,23.0,0.044444444,0.111111111,0.0,0.8,May,2,2,6,1,Returning_Visitor,0,0
0,0.0,0,0.0,89,3614.105147,0.006439394,0.020569813,0.0,0.0,Nov,1,1,1,2,Returning_Visitor,1,0
9,179.4533333,7,277.6333333,37,829.1871429,0.002325581,0.007674419,9.098216282,0.0,Nov,2,2,3,2,Returning_Visitor,1,0
0,0.0,0,0.0,19,421.0,0.0,0.20492149039811725,0.0,0.0,Dec,2,2,6,3,Returning_Visitor,0,0
2,80.66666667,0,0.0,173,1071.611111,0.030769231,0.046666667,0.0,0.0,Mar,2,2,2,1,Returning_Visitor,0,0
0,0.0,1,11.0,35,8401.401807944632,0.016666667,0.054930556,0.0,1.0,May,2,2,1,4,Returning_Visitor,1,0
12,55.5,1,18.0,19,444.75,0.0,0.010526316,21.2112655,0.0,Nov,2,5,1,10,New_Visitor,0,1
13,-530.7574104372687,0,0.0,5,303.1,0.0,0.033333333,0.0,0.0,Oct,3,2,3,6,Returning_Visitor,0,1
0,0.0,0,0.0,1,0.0,-0.15595319429618248,0.2,0.0,0.0,May,4,2,3,4,Returning_Visitor,0,0
0,0.0,0,0.0,9,102.5,0.17909435385824754,0.022222222,0.0,0.0,Mar,2,2,1,3,Returning_Visitor,0,0
4,75.75,0,0.0,71,3534.298611,0.00890411,0.023832104,0.0,0.0,Nov,2,2,1,2,Returning_Visitor,0,0
0,-464.4415999539052,0,0.0,19,535.5,0.044444444,0.2137654513091257,0.0,0.0,Nov,2,2,1,11,Returning_Visitor,0,0
1,8.0,0,0.0,10,109.1944444,0.04,-0.11723207543392303,0.0,0.0,Dec,1,1,7,3,Returning_Visitor,1,0
6,106.18,25,115.8,32,8264.314807995615,0.001960784,0.014215686,0.0,0.0,Aug,3,2,6,4,Returning_Visitor,0,0
0,0.0,1,0.0,0,0.0,0.2,0.2,-67.61380176293842,0.7789311830012318,Nov,1,1,4,15,Returning_Visitor,0,0
14,1005.608333,25,0.0,25,732.3448718,0.0,0.015675676,0.0,0.0,Nov,3,2,1,2,Returning_Visitor,0,0
3,-495.65270444824387,0,0.0,6,53.375,0.05,-0.11834351183316136,0.0,0.0,Nov,1,1,3,10,Returning_Visitor,1,0
3,133.5,4,-502.30865626025127,15,443.9333333,0.0,0.02,0.0,0.0,May,1,1,3,6,Returning_Visitor,0,0
0,0.0,0,0.0,11,-6323.761455717368,0.0,0.02,16.16057924,0.0,Dec,2,10,7,2,Returning_Visitor,1,1
14,0.0,0,0.0,5,53.0,0.04,0.08,0.0,0.0,Mar,2,5,2,2,Returning_Visitor,1,0
3,37.2,1,0.0,3,14.0,0.0,0.033333333,0.0,0.0,Sep,2,7,7,2,New_Visitor,1,0
0,0.0,1,0.0,44,2807.164836,0.025,0.027424242,0.0,0.0,Nov,1,1,4,2,Returning_Visitor,0,1
5,408.4083333,2,47.5,54,1547.477273,0.0,0.017333333,0.0,0.0,Nov,2,2,3,2,Returning_Visitor,1,1
0,0.0,0,0.0,-139,0.0,0.2,0.2,0.0,0.0,Nov,3,2,1,13,Returning_Visitor,0,0
4,275.1,2,43.4,31,1108.653333,0.006060606,0.012121212,0.0,0.0,Sep,3,2,1,13,Returning_Visitor,1,0
3,34.0,0,0.0,17,161.55,0.0,0.2381305148349103,79.06471030737309,-0.6904770146808473,Nov,2,2,5,2,Returning_Visitor,1,0
7,228.25,0,0.0,39,968.0924451,0.01547619,0.023015873,7.497155058,0.0,Nov,3,2,1,1,Returning_Visitor,0,0
0,0.0,0,-445.0792868924584,3,408.0,0.0,0.033333333,0.0,0.0,Nov,2,2,4,3,Returning_Visitor,0,0
2,-635.842199385774,0,0.0,13,241.5833333,0.013333333,0.013333333,0.0,0.0,Sep,1,1,1,2,New_Visitor,0,0
0,0.0,25,15.0,-134,3626.003223,0.00751634,0.035131628,0.0,0.0,Nov,1,1,4,2,Returning_Visitor,1,0
2,0.0,0,0.0,0,0.0,0.2,0.2,0.0,0.0,May,1,2,1,6,Returning_Visitor,1,0
5,760.5403508148358,1,0.0,38,1869.45119,0.004545455,0.010037879,0.0,0.0,Dec,2,4,8,2,New_Visitor,0,1
-9,-570.7913709201822,0,0.0,38,1517.416739,-0.16927749438561046,0.004122807,-63.366061201978575,-0.6828116240235301,Nov,4,2,4,2,Returning_Visitor,0,0
0,0.0,25,0.0,3,172.0,0.0,0.066666667,0.0,0.0,Dec,2,13,9,20,Returning_Visitor,0,0
0,0.0,0,0.0,166,770.25,0.0,0.033333333,-57.46155176191318,0.0,Dec,2,4,1,8,New_Visitor,0,0
4,104.0,25,0.0,8,243.5,0.0,0.016666667,79.9598618022575,0.0,Dec,2,2,3,2,New_Visitor,0,0
2,49.7,25,0.0,64,1991.822567,-0.13074727284041593,0.022398206,21.74053053,0.0,Nov,1,1,1,2,Returning_Visitor,1,0
0,0.0,25,0.0,5,51.25,0.0,0.02,0.0,-0.7190600986266954,Mar,3,2,1,1,Returning_Visitor,0,0
13,0.0,0,0.0,198,340.2,0.066666667,0.2100938638872306,0.0,0.0,May,1,1,3,2,Returning_Visitor,1,0
0,0.0,0,0.0,16,129.5833333,0.075,0.0875,-60.12078573426562,0.0,June,3,2,1,13,Returning_Visitor,1,0
0,0.0,0,0.0,1,0.0,0.2,-0.14521428935086214,0.0,-0.686738170251878,Mar,3,2,1,1,Returning_Visitor,0,0
0,0.0,0,0.0,11,161.0,0.0,0.018181818,0.0,0.0,May,2,2,1,1,Returning_Visitor,0,0
2,40.5,0,0.0,133,4815.701606,0.003731343,0.011738458,-67.23541887527465,0.0,Nov,2,2,3,1,Returning_Visitor,0,1
0,0.0,25,0.0,13,374.9,0.0,0.047619048,16.72561819,0.0,Aug,4,1,1,3,Returning_Visitor,0,1
0,0.0,1,65.0,15,1728.321429,-0.1511150038093368,0.016428571,-61.05428230409274,0.0,Mar,1,1,6,1,Returning_Visitor,0,0
0,0.0,2,13.0,4,7230.262182282247,0.0,0.04,64.07784675148855,0.0,May,1,8,4,6,Returning_Visitor,1,0
6,63.0,1,16.0,187,4987.688889,0.003108808,0.011118588,10.80188719,0.0,May,4,1,2,2,Returning_Visitor,0,0
9,71.2,2,72.125,23,1061.816667,0.0,0.022916667,-60.19915448246718,0.0,Nov,2,2,9,2,Returning_Visitor,1,0
0,0.0,25,0.0,-117,0.0,0.2,0.2,0.0,-0.6070197556473343,Nov,3,2,4,3,Returning_Visitor,1,0
-9,37.33333333,1,5.0,176,797.7619048,0.012121212,0.034343434,0.0,0.0,Nov,1,1,1,2,Returning_Visitor,0,0
12,418.3333333,2,483.5730851533152,127,6931.049725,0.004347826,0.015855776,2.321101087,1.0,May,2,2,5,6,Returning_Visitor,1,0
6,461.0,25,0.0,4,111.0,0.0,0.011111111,0.0,0.0,Dec,3,3,3,8,New_Visitor,0,0
0,0.0,0,0.0,2,27.0,0.0,0.1,0.0,0.0,Mar,4,1,4,2,Returning_Visitor,0,0
0,0.0,0,498.6954893651101,2,29.2,0.0,0.05,0.0,0.0,Jul,1,1,4,3,Returning_Visitor,0,0
0,0.0,25,0.0,38,586.3333333,0.010526316,0.037593985,0.0,0.4,May,2,2,3,13,Returning_Visitor,0,0
-8,265.0,0,0.0,22,616.2033333,0.003846154,-0.14625590235942984,74.50284283903159,0.0,Nov,3,2,6,2,Returning_Visitor,1,0
-7,0.0,25,0.0,38,8320.26546857597,0.1891815345583195,0.007769424,0.0,-0.6860671073561814,Nov,2,2,3,11,New_Visitor,0,0
2,37.0,0,0.0,3,17.0,0.0,0.05,0.0,0.0,Mar,3,2,1,2,New_Visitor,1,0
2,27.0,1,35.0,19,461.05,0.016666667,0.026190476,16.33942857,0.0,Mar,3,2,1,1,Returning_Visitor,0,0
15,-611.1444295488775,3,214.5,112,4509.823016,0.004166667,0.019960276,0.0,0.0,May,4,1,3,3,Returning_Visitor,0,0
-9,0.0,0,0.0,11,151.5,0.016666667,0.21827836555207486,0.0,0.731426200246922,May,2,2,2,6,Returning_Visitor,1,0
0,627.9874191986225,0,0.0,177,105.0,0.066666667,0.1,0.0,0.0,May,3,2,4,3,Returning_Visitor,0,0
8,123.0,0,0.0,8,-5202.025698883559,0.009090909,0.027272727,0.0,0.4,May,1,1,5,2,New_Visitor,0,0
0,0.0,0,-433.96800860996063,21,1492.166667,0.023809524,-0.10662560454444381,0.0,0.0,May,2,2,3,2,Returning_Visitor,0,0
0,-525.6130430931929,2,40.0,12,-6218.449176433322,0.028571429,0.078571429,0.0,0.8128617804266554,May,2,6,7,13,Returning_Visitor,0,0
0,746.5921712603645,0,0.0,164,-4832.1949757005295,0.004761905,0.019047619,0.0,0.0,Dec,2,2,1,2,Returning_Visitor,0,0
0,0.0,0,0.0,7,137.5,0.0,0.033333333,0.0,0.6,May,2,2,1,3,Returning_Visitor,0,0
0,-472.5447758492099,25,0.0,7,239.5,0.0,0.016666667,0.0,0.0,May,3,2,1,6,New_Visitor,1,0
8,640.6235927056839,2,75.25,44,1616.425824,0.006944444,0.010974434,0.0,0.0,Mar,3,2,4,1,Returning_Visitor,0,0
0,718.383800109937,0,0.0,9,275.1666667,0.022222222,0.033333333,0.0,0.0,Nov,3,2,1,13,Returning_Visitor,0,0
1,37.0,0,0.0,12,663.5,-0.13929542392357092,0.016666667,10.83431037,0.0,Mar,3,2,6,8,New_Visitor,0,1
5,647.4786852165516,0,0.0,4,34.5,0.0,0.026666667,0.0,0.0,May,2,2,3,4,Returning_Visitor,1,0
4,155.0,0,0.0,200,3086.398654,0.20614243838331245,-0.1329153385497725,0.0,-0.6920835253948441,May,2,5,2,1,Returning_Visitor,0,0
-9,0.0,0,0.0,3,333.0,0.0,0.20967341681937396,0.0,-0.6389613813838761,Mar,2,2,2,1,Returning_Visitor,1,0
0,0.0,25,0.0,11,2076.75,0.036363636,0.081818182,0.0,-0.6122287373535237,Nov,2,2,4,3,Returning_Visitor,0,0
3,47.0,0,0.0,66,2582.69697,0.003030303,0.012121212,11.96954545,0.0,May,2,2,1,2,Returning_Visitor,0,0
1,45.5,3,58.0,6,311.5,0.0,0.0125,0.0,0.0,May,3,2,6,2,New_Visitor,1,0
0,0.0,25,0.0,4,108.0,-0.1720618116535314,0.05,-51.4449117248633,0.8,May,3,2,3,2,Returning_Visitor,0,0
0,0.0,0,0.0,6,-6272.841782878308,0.033333333,0.075,0.0,0.0,Dec,3,2,3,1,Returning_Visitor,1,0
5,74.25,2,84.0,37,1599.083333,0.0,0.2283972903319731,0.0,0.6778997624445479,Mar,2,2,4,1,Returning_Visitor,0,0
0,0.0,0,0.0,27,8514.500580118616,0.016,-0.14653691399143304,0.0,0.0,Nov,2,2,3,1,Returning_Visitor,1,0
0,0.0,0,0.0,53,1618.203333,0.023846154,0.047628205,0.0,0.0,Oct,1,8,1,1,Returning_Visitor,1,0
0,0.0,25,0.0,16,-5226.11154167429,0.0,0.008531746,0.0,0.0,Dec,2,2,7,2,Returning_Visitor,0,0
0,0.0,0,0.0,1,8518.345651489533,-0.14625061848117932,0.2,0.0,-0.5417350326512682,May,2,10,3,3,Returning_Visitor,0,0
4,96.4,2,53.4,9,338.34,-0.14429162838916768,0.013333333,75.75179859331016,0.0,Oct,1,1,3,5,New_Visitor,1,0
0,0.0,0,0.0,15,225.0,0.0,0.026666667,0.0,0.0,May,2,2,7,3,Returning_Visitor,0,0
1,114.8,0,0.0,180,951.4333333,0.0,0.018181818,0.0,0.0,Sep,3,2,6,1,Returning_Visitor,0,0
0,0.0,0,499.7840564934537,100,2781.125,0.012,0.037666667,-66.72059049444118,0.0,Dec,2,6,3,1,Returning_Visitor,0,0
6,140.0,1,12.0,52,723.315873,0.001212121,0.006277056,4.504381818,0.0,May,3,2,4,11,Returning_Visitor,0,0
-9,0.0,0,-421.31487272977984,10,122.8,0.11,0.133333333,0.0,0.0,Jul,3,2,3,13,Returning_Visitor,0,0
1,19.0,1,0.0,56,2954.759524,0.013793103,0.049396552,0.0,0.6,May,2,2,3,6,Returning_Visitor,0,0
13,442.6,6,164.625,107,4928.927389,0.016774043,0.028505395,1.451867861,0.0,Nov,3,2,1,2,Returning_Visitor,0,1
4,387.5,0,0.0,23,-5102.078661928295,0.007692308,0.026089744,0.0,-0.5761906659304925,Mar,1,1,6,10,Returning_Visitor,0,0
0,0.0,0,0.0,2,8.0,0.0,0.1,-57.06366737602391,0.0,Dec,1,1,1,2,New_Visitor,1,0
0,0.0,0,0.0,10,7184.475873047772,0.1,-0.13235613163456736,0.0,0.7575341629880081,May,2,5,1,4,Returning_Visitor,0,0
-7,24.0,0,0.0,17,498.3333333,0.0,0.021052632,76.78667659,0.0,Mar,2,2,6,10,Returning_Visitor,0,1
0,0.0,0,0.0,1,0.0,0.2,0.2,0.0,0.0,Mar,2,4,1,3,Returning_Visitor,0,0
0,0.0,25,0.0,12,1484.0,0.19434572321040117,-0.14231739735295176,0.0,0.0,Mar,2,2,7,1,Returning_Visitor,0,0
0,0.0,0,0.0,3,65.5,0.066666667,0.1,0.0,0.0,Nov,3,2,1,13,Returning_Visitor,0,0
0,0.0,1,0.0,26,653.4,0.1770498183757124,0.067142857,-67.24257585771693,0.0,Jul,2,2,2,1,Returning_Visitor,1,0
0,-625.1012293336308,0,0.0,4,1623.666667,0.133333333,0.140833333,0.0,0.0,Aug,1,1,1,3,Returning_Visitor,0,0
2,-505.16775651392777,25,0.0,44,1026.450758,0.004651163,0.20448959782372575,0.0,0.0,Dec,2,2,9,3,Returning_Visitor,0,0
0,0.0,0,0.0,-111,199.6666667,0.21216060079538018,0.045,0.0,0.6969791627977237,Nov,3,2,4,3,Returning_Visitor,0,0
0,0.0,0,0.0,2,19.0,0.0,0.2009783602530411,0.0,0.0,Mar,2,2,1,3,Returning_Visitor,0,0
2,20.0,0,0.0,21,2008.833333,0.0,0.022857143,0.0,0.6,May,4,1,1,2,Returning_Visitor,0,0
0,709.3795951365145,0,0.0,1,-5505.366591651521,0.2,0.2,-65.98725083428586,0.0,Dec,3,2,4,1,Returning_Visitor,0,0
0,0.0,0,0.0,-126,460.2,0.061111111,0.111111111,0.0,0.0,Jul,2,2,6,4,Returning_Visitor,0,0
1,15.0,0,0.0,12,189.6666667,0.015384615,0.1977175543708163,-57.33687059349185,0.0,May,3,2,6,1,Returning_Visitor,0,0
13,0.0,0,0.0,-133,43.0,0.0,0.1,75.66835104226057,0.4,Feb,2,2,3,3,Returning_Visitor,0,0
0,0.0,0,0.0,5,8135.5638424168355,0.04,0.12,0.0,0.6,May,2,2,1,3,Returning_Visitor,0,0
14,0.0,0,0.0,1,0.0,0.2,-0.11807481063808767,0.0,-0.5811906276692449,Dec,1,1,4,1,Returning_Visitor,1,0
0,0.0,25,29.0,9,225.8333333,0.0,0.02,0.0,0.0,Mar,2,2,1,3,Returning_Visitor,1,0
0,0.0,0,519.8510029087126,-129,213.8,0.00625,0.20283706693708234,0.0,0.0,Aug,2,2,1,4,Returning_Visitor,0,1
2,45.0,2,573.9838060002295,4,77.5,0.0,0.033333333,63.51955548990104,0.0,May,1,1,2,4,Returning_Visitor,1,0
4,102.3,0,0.0,183,1684.496667,0.0,-0.11593548157192038,25.85442016,0.0,Nov,2,2,2,4,Returning_Visitor,0,0
3,107.0,0,0.0,4,145.8333333,0.0,0.016666667,0.0,0.0,Mar,3,2,7,1,New_Visitor,0,0
6,142.3,0,0.0,108,1479.083333,0.001785714,0.007142857,0.0,0.8,May,2,2,1,6,Returning_Visitor,0,0
1,-554.8307689366401,1,10.0,74,3487.12471,0.19618403519291006,0.009519461,0.0,0.0,Nov,3,2,4,3,Returning_Visitor,1,0
0,0.0,0,0.0,48,1900.675,0.008510638,-0.10462270717004617,0.0,0.0,Nov,1,1,3,10,Returning_Visitor,1,1
1,284.0,0,0.0,18,2014.416667,0.0025,0.034166667,9.964444223,0.0,Nov,1,1,3,2,Returning_Visitor,1,0
4,298.0,1,580.6546126396435,-101,625.0,0.0,0.2357410595556399,0.0,0.6931212092030049,May,1,1,6,2,New_Visitor,0,0
3,105.0,1,-393.89602038311716,171,9952.349817,0.004181185,0.015495489,75.34171033130276,0.0,Nov,2,2,1,2,Returning_Visitor,0,1
-7,757.9172730033929,0,0.0,24,658.8466667,0.0,0.013793103,-54.62138760911945,0.0,Oct,2,6,3,2,Returning_Visitor,0,0
0,0.0,0,0.0,6,12.0,0.033333333,0.133333333,0.0,0.0,Dec,2,2,1,3,Returning_Visitor,0,0
0,0.0,25,0.0,5,146.0,0.146666667,0.186666667,0.0,0.0,Mar,3,2,7,3,Returning_Visitor,0,0
9,110.4090909,1,51.0,62,3120.211102,0.00056338,0.017396907,7.891171006,0.0,Mar,2,2,1,10,Returning_Visitor,0,0
0,774.2429775987172,0,0.0,9,867.0,0.022222222,0.23488083350609465,0.0,0.0,Nov,1,1,1,3,Returning_Visitor,0,0
2,53.0,25,0.0,4,46.0,0.026666667,0.056,-62.468212857183275,0.4,May,3,2,1,2,Returning_Visitor,0,0
6,-468.79642279995903,25,120.0,204,9143.435714,0.004807692,0.015384615,0.0,0.4,May,2,2,7,4,Returning_Visitor,0,0
7,144.4615385,4,167.1666667,111,2312.337853,0.005128205,-0.14081610679636752,8.191922892,0.0,Nov,1,1,1,2,Returning_Visitor,0,1
9,72.94444444,25,125.0952381,17,318.0730159,0.008695652,0.19484430983734463,-54.62707827969792,0.6861737823859659,Mar,3,2,8,2,Returning_Visitor,0,0
13,402.5,0,0.0,38,1485.566667,0.006818182,0.015649351,27.7134,0.0,May,3,2,1,7,Returning_Visitor,0,0
0,0.0,0,0.0,-112,52.0,0.0,0.066666667,0.0,0.0,Mar,2,5,8,3,Returning_Visitor,1,0
0,0.0,0,0.0,2,0.0,0.2,0.2,0.0,0.0,Mar,3,2,6,1,Returning_Visitor,1,0
0,0.0,0,0.0,10,8143.656952844031,-0.1398373015176087,0.036666667,0.0,0.0,Mar,3,2,3,3,Returning_Visitor,0,0
0,0.0,0,0.0,16,156.5333333,0.0,0.22335153734550572,0.0,0.0,Mar,2,4,1,3,Returning_Visitor,0,0
5,227.3333333,0,0.0,17,-5882.148024753729,0.0,0.2360341839207841,0.0,0.0,Mar,1,1,1,9,Returning_Visitor,1,0
0,0.0,25,0.0,12,336.8,-0.15430926805737058,0.006666667,0.0,0.6,May,2,2,1,2,Returning_Visitor,0,0
11,157.3889922,3,471.9979975969704,46,1624.935625,0.005357143,0.021391443,0.0,0.0,Nov,3,2,3,3,Returning_Visitor,0,0
0,0.0,0,0.0,30,632.5833333,-0.13603755600700612,0.021666667,0.0,0.0,Mar,2,5,1,1,Returning_Visitor,0,0
4,60.4,0,0.0,11,572.6,0.0,0.013333333,0.0,0.0,Oct,2,2,7,4,Returning_Visitor,1,0
0,0.0,0,0.0,18,8028.026145327014,0.068518519,0.091604938,0.0,0.0,Aug,3,2,3,3,Returning_Visitor,0,0
2,173.0,25,544.4512837902678,7,224.0,0.066666667,0.111111111,0.0,0.0,May,3,2,8,2,Returning_Visitor,0,0
2,27.0,2,6.0,6,129.2,0.02962963,0.077777778,0.0,0.0,May,2,2,4,3,Returning_Visitor,0,0
6,224.0,0,0.0,33,677.95,0.005714286,0.01968254,0.0,0.0,May,3,2,3,4,Returning_Visitor,0,0
0,0.0,0,0.0,8,204.75,0.0,0.033333333,0.0,0.0,Dec,1,1,1,1,Returning_Visitor,1,0
0,0.0,0,0.0,25,280.9333333,0.0,0.21357352869286353,0.0,0.4,May,2,2,1,13,Returning_Visitor,0,0
0,0.0,0,0.0,55,946.3636364,0.010909091,0.025454545,0.0,0.0,Nov,2,2,6,1,Returning_Visitor,1,0
14,651.875,3,20.0,59,7244.892642980372,0.0,0.010460069,0.0,0.0,Nov,2,2,3,1,Returning_Visitor,0,0
3,29.0,0,0.0,57,1191.8875,0.019298246,0.030732714,0.0,0.0,Nov,2,2,1,2,Returning_Visitor,1,0
1,82.0,0,0.0,62,1243.17619,0.006451613,0.00983871,0.0,0.0,Dec,1,1,6,2,Returning_Visitor,0,0
1,23.2,25,0.0,4,-5551.222381466261,-0.16629576657270528,0.05,0.0,-0.5436624248378523,June,2,10,7,4,Returning_Visitor,1,0
0,0.0,25,0.0,1,0.0,0.2,-0.10365533215327802,0.0,0.0,May,1,1,1,3,Returning_Visitor,0,0
-8,278.8333333,25,15.0,38,2311.090909,-0.1661408944233166,0.022868217,4.247372093,0.0,May,2,5,1,3,Returning_Visitor,0,0
0,0.0,0,0.0,7,906.0,0.0,0.016666667,14.98333333,-0.6723239290194554,May,4,1,2,2,New_Visitor,0,1
2,57.4,2,536.5292028569495,13,1316.533333,0.011764706,0.05,0.0,0.0,Aug,2,2,3,4,Returning_Visitor,1,0
3,96.0,0,0.0,11,-5780.547635672557,0.0,0.22498448829935871,67.94884555578648,0.0,May,3,2,6,14,New_Visitor,1,0
0,0.0,0,0.0,2,17.0,0.1,0.15,0.0,0.6,May,1,1,5,2,Returning_Visitor,0,0
0,0.0,25,0.0,-130,223.0,0.0,0.028571429,69.29089995611548,0.0,Mar,1,1,1,1,Returning_Visitor,0,0
5,118.9,4,380.7,4,-4982.876131274326,0.0,0.006666667,0.0,0.0,Oct,4,2,1,4,Returning_Visitor,0,0
0,0.0,25,-394.8124946275126,5,131.8333333,0.0,0.013333333,36.13790493,0.0,June,1,1,1,5,New_Visitor,0,1
0,0.0,0,0.0,1,0.0,0.2,0.2,0.0,0.0,Oct,3,2,2,3,New_Visitor,1,0
6,69.125,2,-430.3130415018644,227,8153.271633552399,-0.144866581239302,0.020960781,0.0,0.0,Nov,2,2,1,1,Returning_Visitor,0,0
0,0.0,1,5.0,66,2537.45,0.003956044,0.022177156,-60.44599950929693,0.4,May,2,6,1,4,Returning_Visitor,0,0
2,17.0,1,550.9987483799401,9,148.25,0.02,-0.13388969982467527,0.0,0.0,Mar,3,2,1,1,Returning_Visitor,0,0
3,75.5,1,0.0,130,4737.087716,0.006060606,0.011475964,43.77424082,0.0,Nov,2,2,1,2,Returning_Visitor,0,1
14,0.0,0,0.0,204,968.6924242,0.0,0.0,106.2525169,0.829982753763741,Nov,1,1,9,2,Returning_Visitor,0,1
2,799.5841018271583,25,0.0,14,266.66,0.0125,0.029166667,0.0,0.0,Sep,3,2,3,1,Returning_Visitor,0,0
5,98.75,0,497.22009449162044,126,6085.002381,0.0,0.004264323,77.79862454260933,0.0,Nov,2,2,1,2,Returning_Visitor,0,1
6,1541.5,0,0.0,8,188.5,0.0,0.015384615,0.0,0.0,May,3,2,5,4,New_Visitor,1,0
14,46.4,25,0.0,30,2559.433333,0.027586207,0.064367816,0.0,0.0,Sep,3,2,6,1,Returning_Visitor,1,0
0,0.0,0,0.0,12,115.6666667,0.058333333,0.091666667,0.0,0.0,Nov,2,4,4,3,Returning_Visitor,0,1
0,0.0,0,561.0809084776058,6,93.5,-0.1596506645531729,0.066666667,0.0,0.0,Dec,1,1,3,1,Returning_Visitor,1,0
6,60.0,0,0.0,4,34.0,0.0,0.033333333,78.65205870255012,0.0,May,2,2,9,5,New_Visitor,0,0
0,0.0,0,0.0,2,-5864.590042775813,0.0,0.1,0.0,-0.5582545460358797,Mar,2,4,3,3,Returning_Visitor,0,0
0,0.0,0,0.0,1,41.5,0.133333333,0.15,0.0,0.0,Dec,3,2,3,1,Returning_Visitor,1,0
15,81.0,25,0.0,173,631.0,0.01,0.029,0.0,0.0,May,2,2,1,1,Returning_Visitor,0,0
0,0.0,0,0.0,4,253.0,0.0,0.016666667,-58.03031391286398,0.6,Feb,2,2,3,3,Returning_Visitor,0,0
1,5.5,3,169.2,14,517.66,0.011111111,0.022222222,50.18313917,0.0,Jul,3,2,1,2,Returning_Visitor,1,0
0,0.0,0,0.0,19,593.75,0.0,0.014035088,0.0,0.0,Nov,2,2,1,2,New_Visitor,0,0
15,635.8794255071643,0,0.0,1,0.0,0.2,0.2,0.0,0.0,Dec,2,2,1,3,Returning_Visitor,0,0
-9,0.0,0,0.0,1,0.0,0.2,-0.1344562616466895,0.0,-0.5517949572101472,Dec,8,13,9,20,Other,0,0
17,218.741707,25,-414.18556622676556,74,3591.744196,-0.1650003780956655,0.015609868,0.0,0.8166799794351316,Nov,3,2,1,2,Returning_Visitor,0,0
0,0.0,0,0.0,24,566.7272727,0.026086957,0.052318841,0.0,0.8,May,3,2,2,13,Returning_Visitor,0,0
6,71.2,25,0.0,173,3800.089234,0.003883495,0.024032278,-58.87682073367032,0.0,Nov,1,1,3,1,Returning_Visitor,0,1
17,346.7096405,3,207.25,292,8282.214508,0.000977199,0.005669849,13.91832377,0.0,Nov,2,2,1,2,Returning_Visitor,1,0
-7,0.0,0,0.0,2,0.0,0.2,0.20967754907178002,77.93284253076074,-0.5927329692086846,Dec,2,2,3,1,Returning_Visitor,0,0
0,0.0,0,0.0,-119,135.5,0.0,0.1,0.0,0.0,Dec,2,2,4,3,Returning_Visitor,0,0
0,0.0,0,0.0,1,0.0,0.2,0.2,0.0,0.0,Feb,1,1,3,4,Returning_Visitor,1,0
4,84.0,0,0.0,35,1059.0,0.0,0.005882353,0.0,0.7329673413240717,Mar,2,2,3,2,New_Visitor,0,0
1,688.8619372635392,2,102.0,31,624.5833333,0.016216216,0.031531532,8.708324324,0.0,Mar,2,2,3,13,Returning_Visitor,1,0
9,125.2659091,2,115.0,-115,3231.853672,0.007792208,0.016586922,8.597486055,0.0,Dec,2,2,9,2,Returning_Visitor,1,0
1,294.0,25,0.0,12,936.0,0.1981881954193025,0.036363636,79.616126808092,0.0,May,2,2,1,4,Returning_Visitor,1,1
7,-497.2451457319281,25,0.0,-137,4803.82717,0.012794613,0.02630097,0.0,0.0,Nov,3,2,3,2,Returning_Visitor,1,0
13,2.0,0,0.0,79,1319.547421,0.005128205,0.00962556,0.0,0.0,Nov,1,1,1,3,Returning_Visitor,0,0
10,340.9,3,269.8,99,3611.978569,0.20975072102928075,-0.14901512540437364,-64.51041106138113,0.0,June,2,2,1,7,Returning_Visitor,0,1
15,0.0,0,0.0,1,27.2,0.0,0.0,58.37208988,0.0,Nov,2,2,4,20,Returning_Visitor,0,1
4,109.5,0,0.0,66,1231.2,0.006280193,-0.1387563983033699,10.45437681,1.0,May,2,2,1,4,Returning_Visitor,1,0
14,194.4,0,0.0,5,46.2,0.0125,0.0375,0.0,0.0,Jul,2,2,4,5,New_Visitor,0,0
4,56.5,0,0.0,8,202.1666667,0.0,0.01,0.0,0.0,Mar,3,2,1,8,New_Visitor,1,0
5,199.125,0,0.0,9,430.6071429,0.0,0.008333333,0.0,0.0,Nov,3,2,1,11,Returning_Visitor,0,0
6,206.03,0,0.0,129,3778.345,0.010687023,0.024611656,77.40516335956377,0.0,Oct,2,2,1,3,Returning_Visitor,0,1
14,-612.781462189235,0,0.0,17,582.4,0.066666667,0.071111111,0.0,0.2,May,3,2,4,13,Returning_Visitor,0,0
4,65.0,0,-480.16386306433554,26,501.8,0.0,0.014285714,71.11233460298516,0.0,Nov,2,2,9,2,New_Visitor,0,1
12,12.0,1,11.0,74,6194.852381,0.015540541,0.032152607,0.0,0.0,Nov,2,2,9,13,Returning_Visitor,0,0
3,35.0,25,32.5,290,11240.97669,0.012382578,0.024237631,0.0,0.0,Nov,3,2,1,13,Returning_Visitor,1,0
9,292.3,0,0.0,117,1953.537512,0.002892562,0.007295031,2.767055125,0.0,Aug,1,1,1,4,Returning_Visitor,1,0
0,0.0,25,571.2921282339892,35,1192.386111,0.005714286,0.028571429,0.0,0.0,Mar,2,4,2,2,Returning_Visitor,0,0
0,0.0,25,0.0,22,-5270.455448111645,0.009090909,0.026060606,0.0,1.0,May,2,2,4,3,Returning_Visitor,1,0
1,151.5,25,0.0,10,304.75,0.0,0.007407407,0.0,0.7731890531984078,Dec,3,2,2,2,Returning_Visitor,0,0
0,-633.5191873144388,0,0.0,21,615.8831169,-0.14688057104422134,0.04993081,0.0,0.0,Feb,3,2,2,1,Returning_Visitor,1,0
8,745.2276789770194,3,69.4,161,7263.957157,0.003592814,0.007729114,3.104019139,-0.6023274049431426,Jul,1,1,3,3,Returning_Visitor,0,0
-7,90.6,0,0.0,11,424.5957143,0.21585982710580331,0.055833333,0.0,0.0,Aug,3,2,8,1,Returning_Visitor,0,0
2,1687.5,25,0.0,29,3098.033333,0.0,0.025806452,0.0,0.0,May,2,4,5,3,Returning_Visitor,0,0
0,667.6830386574072,0,0.0,12,499.0,0.0,0.018181818,86.388,0.7441441162987066,May,2,2,6,2,New_Visitor,1,1
4,-548.0561297555353,2,330.0,7,169.5,0.016666667,0.018888889,0.0,0.8,May,3,2,1,3,Returning_Visitor,0,0
4,71.33333333,0,0.0,21,8020.732903106229,0.016666667,0.058333333,0.0,0.7941425177282913,Jul,2,10,3,2,Returning_Visitor,1,1
1,3.0,2,373.0,6,66.83333333,0.0,0.0125,0.0,0.0,Mar,2,4,1,8,New_Visitor,0,0
0,0.0,0,0.0,164,598.6,0.0,0.038095238,0.0,0.6,May,2,4,1,4,Returning_Visitor,0,0
7,65.83333333,0,0.0,7,156.8333333,-0.12659220820773043,0.02,-63.1805034018995,0.0,May,2,4,1,2,Returning_Visitor,0,0
4,91.0,1,-482.2892515737162,160,2418.52904,0.004878049,0.017369338,0.58275,0.7942133345767097,May,2,6,1,6,Returning_Visitor,0,0
-8,554.75,0,481.63478887381166,34,1466.088462,0.007407407,0.024345679,10.73461716,0.0,Nov,1,1,3,8,New_Visitor,1,1
3,792.4435984927466,0,0.0,41,506.7166667,0.004444444,0.013968254,10.48533333,0.0,May,2,2,2,3,Returning_Visitor,0,0
0,0.0,0,-400.25471834554673,35,584.3083333,0.0,0.008571429,0.0,0.0,Dec,3,2,3,1,Returning_Visitor,0,0
0,779.9150760698446,0,0.0,6,161.6666667,0.0,0.05,0.0,-0.6274579938294251,Dec,2,2,9,3,New_Visitor,0,0
0,773.6303338594637,25,0.0,2,0.0,0.21256934601922456,0.2,0.0,0.6,May,2,2,3,3,Returning_Visitor,0,0
4,1660.3,0,-396.1956052058448,2,-4732.368785948894,0.0,0.016666667,113.9293434,0.0,Sep,2,10,1,2,Returning_Visitor,0,1
4,47.3,1,0.0,32,1870.966667,0.0,0.037037037,0.0,-0.6735307887330406,Aug,2,2,9,2,Returning_Visitor,0,0
0,0.0,0,536.4282998738543,5,0.0,-0.1549275873450692,0.2,0.0,0.0,Jul,3,2,2,13,Returning_Visitor,1,0
0,0.0,0,0.0,4,536.5,0.0,0.05,0.0,0.0,May,2,2,9,2,Returning_Visitor,0,0
2,33.0,0,0.0,12,237.0,0.21149107836224365,0.014285714,0.0,0.0,May,4,2,9,3,Returning_Visitor,0,0
0,0.0,0,0.0,8,141.6666667,0.04375,0.02875,0.0,0.0,Dec,1,2,1,1,Returning_Visitor,1,0
12,152.75,6,-502.4370680360547,127,3247.644636,0.008844998,0.017025608,77.93176505559796,0.0,Nov,3,1,1,2,Returning_Visitor,1,1
0,0.0,25,0.0,3,47.5,0.0,0.022222222,0.0,0.0,May,2,4,9,3,Returning_Visitor,0,0
0,0.0,25,0.0,22,325.75,0.0,0.031818182,0.0,0.8396715045024024,Mar,2,10,7,2,Returning_Visitor,0,0
0,-611.9064835397448,0,0.0,7,-5864.975423760554,0.114285714,0.142857143,0.0,0.8,May,2,6,6,13,Returning_Visitor,0,0
0,0.0,0,0.0,16,885.75,0.19813627961839314,0.025,0.0,0.0,Dec,2,2,1,2,Returning_Visitor,1,0
0,0.0,0,0.0,5,73.0,0.21111211688752227,0.16,0.0,0.0,Nov,2,2,2,3,Returning_Visitor,0,0
5,157.3333333,0,0.0,76,8492.688238940527,-0.13146295669011235,0.013675718,0.0,0.0,Nov,2,2,8,2,Returning_Visitor,1,0
0,0.0,0,0.0,6,21.0,0.0,0.033333333,0.0,0.0,May,2,2,6,3,Returning_Visitor,0,0
1,2.0,25,0.0,16,323.2333333,0.0,-0.12725205126724293,0.0,0.0,Dec,3,2,8,8,Returning_Visitor,0,0
6,176.25,25,404.0,190,2720.671429,0.012962963,0.033262108,-56.515098651276304,0.0,Mar,2,2,2,2,Returning_Visitor,1,1
-10,0.0,0,0.0,1,0.0,0.2,0.2,0.0,0.0,Dec,2,2,1,13,Returning_Visitor,0,0
0,0.0,0,0.0,1,0.0,0.2,0.2,0.0,0.0,Mar,2,2,1,1,Returning_Visitor,0,0
4,59.2,0,0.0,186,38.35833333,0.0,0.043915344,0.0,0.0,Dec,3,2,8,2,Returning_Visitor,0,0
6,130.0,2,14.2,30,2472.24,0.03537037,0.05723545,0.0,0.0,June,1,1,3,3,Returning_Visitor,0,0
0,0.0,0,0.0,36,1166.72619,0.0,-0.109439069146442,4.599,0.0,Mar,1,1,1,3,Returning_Visitor,1,1
4,155.5,25,0.0,20,588.9,0.0,0.008695652,0.0,0.0,May,4,1,1,4,New_Visitor,0,0
0,0.0,0,0.0,1,0.0,0.2,0.2,-56.53479263137491,0.4,May,2,2,1,3,Returning_Visitor,0,0
3,36.0,1,395.0,12,343.5833333,0.0,0.21334138309283796,0.0,-0.6315322012825006,Mar,2,2,1,2,New_Visitor,0,0
1,82.6,0,0.0,28,1375.133333,0.0,0.020689655,4.818947334,0.0,Oct,4,1,3,20,Returning_Visitor,0,1
8,213.75,2,45.5,30,-4933.372075150115,0.0,0.21234868157485615,21.9646242,0.0,Dec,1,1,6,2,New_Visitor,0,1
2,32.0,0,582.3423685692893,50,1245.3,-0.14901259366322017,0.020666667,7.146260888,0.0,Mar,2,2,7,9,Returning_Visitor,1,0
15,0.0,0,0.0,1,0.0,0.0,0.2,0.0,0.0,Mar,2,2,1,1,Returning_Visitor,0,0
0,0.0,0,0.0,6,-5065.809169647288,0.0,0.0,0.0,0.0,Aug,1,1,8,2,Returning_Visitor,0,0
7,285.7,0,0.0,28,587.9228571,0.0,0.00962963,10.57326688,0.0,Nov,1,1,6,3,Returning_Visitor,0,1
0,0.0,0,0.0,7,212.5,0.0,0.033333333,-58.86016424095041,-0.5534007620259749,Nov,3,2,1,11,Returning_Visitor,1,0
19,230.3948365,3,48.3,-104,3276.190541,0.0088,0.011027644,0.447038663,0.0,Jul,1,1,3,3,Returning_Visitor,0,0
15,0.0,1,26.0,15,-5394.848178072463,0.026666667,0.038222222,0.0,0.0,Mar,2,2,6,1,Returning_Visitor,0,0
12,74.21428571,0,0.0,-100,1367.630952,0.008928571,0.0203125,50.82975,0.0,May,3,2,1,2,Returning_Visitor,1,1
0,682.056432231589,1,14.0,19,1666.75,-0.14923024924349912,-0.1151979149186294,74.44483321038526,0.0,Nov,8,13,9,20,Other,0,0
3,34.83333333,0,0.0,-106,709.8333333,-0.1253910601903871,0.046666667,0.0,0.0,Mar,1,1,2,1,Returning_Visitor,1,0
0,0.0,0,-391.8157904683244,21,7679.1776737255905,-0.14539759293373597,0.007017544,70.01826316,0.0,May,2,2,1,2,Returning_Visitor,0,1
8,-507.1545630653162,5,406.9,24,1220.257143,0.011764706,0.024215686,8.887671892,0.0,Oct,3,2,2,2,Returning_Visitor,0,1
1,10.0,25,0.0,14,624.4333333,0.0,0.015238095,0.0,0.0,Nov,2,2,1,1,Returning_Visitor,0,0
0,0.0,0,0.0,5,111.25,0.2017414744469092,0.033333333,0.0,0.0,Nov,2,2,1,20,Returning_Visitor,0,0
0,0.0,25,0.0,2,22.0,0.05,0.066666667,0.0,0.785951279307983,Dec,3,2,7,20,Returning_Visitor,0,0
8,125.7333333,0,0.0,203,81.66666667,0.033333333,0.024166667,0.0,0.0,Sep,2,2,1,1,Returning_Visitor,0,0
1,6.0,0,0.0,21,1046.32,0.18720298925261247,0.053623188,0.0,0.0,Sep,4,1,5,1,Returning_Visitor,1,0
7,760.7276143828493,25,222.0,140,8961.407671,0.00137931,0.012980564,0.0,0.0,Mar,2,5,2,1,Returning_Visitor,1,0
4,682.8089836610368,1,0.0,5,259.0,0.17468664163660205,0.0375,0.0,0.0,May,1,1,1,3,New_Visitor,1,0
0,0.0,0,0.0,1,0.0,0.2,0.2,0.0,0.0,Nov,3,2,2,1,Returning_Visitor,0,0
-9,0.0,0,0.0,4,76.0,0.05,0.1,0.0,0.0,Feb,1,1,1,3,Returning_Visitor,0,0
2,39.2,0,0.0,19,8545.627427065598,-0.16947152791269288,0.0825,0.0,0.0,Oct,3,2,9,13,Returning_Visitor,0,0
2,37.5,25,0.0,55,1420.472496,0.001212121,0.005750251,0.0,-0.6438974103240983,May,1,1,3,4,Returning_Visitor,0,0
0,646.9214887857602,1,126.0,17,887.0666667,0.18380444374214147,0.0296875,0.0,0.0,Mar,2,2,1,2,Returning_Visitor,0,0
12,0.0,0,0.0,12,459.0833333,-0.15445567831859486,0.084545455,0.0,0.0,Dec,2,2,1,2,Returning_Visitor,0,0
0,-609.6259462605077,0,0.0,1,0.0,0.2,0.2,0.0,0.0,June,1,1,1,3,Returning_Visitor,0,0
1,87.0,0,0.0,-101,1326.25,0.013157895,-0.12990067812958533,7.153421053,0.0,May,2,2,1,4,Returning_Visitor,0,1
16,164.925,5,66.875,64,1899.598899,0.18301986497911826,0.029949875,-50.3068976001138,0.0,Nov,3,2,1,3,Returning_Visitor,1,0
4,124.7,5,88.9,11,577.6,0.010526316,0.010526316,0.0,0.8643833627170082,June,3,2,3,2,New_Visitor,0,0
-7,0.0,0,0.0,10,1656.666667,-0.14426187015982564,0.1,-55.223530022318734,0.0,Mar,4,2,1,3,Returning_Visitor,0,0
2,334.25,4,92.16666667,2,70.75,0.0,0.00952381,0.0,0.0,Dec,1,1,3,10,New_Visitor,1,0
1,5.0,0,0.0,47,1480.233333,-0.12519405760172006,0.027824074,15.15643787,0.0,Nov,2,2,1,3,Returning_Visitor,1,1
4,56.5,25,8.0,9,-5556.387058162574,0.018181818,0.036363636,0.0,0.7762610848089507,Nov,1,8,3,6,Returning_Visitor,1,0
5,780.1562816885486,4,282.0,4,8178.115361273474,0.0,0.009090909,0.0,0.0,Nov,3,2,1,2,New_Visitor,0,1
0,0.0,0,0.0,15,171.8,0.013333333,0.21184299697602024,0.0,0.751237394198208,June,2,2,1,2,Returning_Visitor,0,0
2,76.6,0,592.5007168823362,38,3872.716667,0.0,0.002702703,0.0,0.7486458150612494,Aug,2,2,3,2,New_Visitor,0,0
1,14.2,0,0.0,22,839.568189,0.0,0.000952381,60.58437066,0.0,Nov,3,2,3,2,New_Visitor,1,1
0,-620.6587288453911,25,0.0,15,-5204.408705760658,0.1835295590901619,0.02,0.0,0.0,Nov,2,2,2,1,Returning_Visitor,0,0
0,769.0755735205091,0,0.0,20,691.75,0.0,0.003333333,0.0,0.7941789160140522,Dec,3,2,4,2,New_Visitor,0,0
2,39.0,0,0.0,9,128.0,0.0,0.018181818,0.0,0.0,May,2,2,1,2,New_Visitor,0,0
0,0.0,0,0.0,7,8339.924689583557,0.014285714,0.20584861315949643,0.0,0.0,Nov,4,1,4,10,Returning_Visitor,1,0
1,15.0,0,0.0,15,691.8333333,0.0,0.014285714,59.6118415,0.7679822520369661,Nov,2,2,2,2,Returning_Visitor,0,1
0,0.0,1,28.0,12,6959.360584245764,0.0,0.008333333,0.0,0.0,May,4,5,9,2,New_Visitor,0,0
0,0.0,25,0.0,11,229.9166667,0.018181818,0.040909091,0.0,0.0,Nov,3,2,4,1,Returning_Visitor,1,0
2,1668.5,4,35.0,18,1372.975,0.17129722510469678,-0.1455221385997683,41.64625944,0.0,Dec,2,2,1,6,Returning_Visitor,0,1
1,23.2,0,0.0,71,3044.356667,0.0,0.19390808120260397,0.0,0.0,Sep,2,2,3,2,Returning_Visitor,0,0
0,0.0,0,0.0,1,0.0,0.2,0.2,0.0,0.0,Mar,2,2,1,1,Returning_Visitor,0,0
0,0.0,0,0.0,8,262.1666667,0.0,0.025,0.0,0.0,May,2,2,1,2,Returning_Visitor,0,0
0,0.0,0,-473.8215317683835,2,8614.054381824666,0.0,-0.12016131587861108,0.0,0.0,Dec,4,2,1,1,Returning_Visitor,1,0
12,430.1570175,14,622.4,85,3684.855282,0.000934579,0.009959744,34.45943549,0.0,Nov,3,2,1,2,Returning_Visitor,1,0
0,-490.94496135787097,0,0.0,12,465.25,0.0,-0.11114715106142103,0.0,0.0,Dec,3,2,6,2,Returning_Visitor,1,0
0,0.0,0,0.0,45,1438.722222,-0.15832122756762923,0.027727273,0.0,0.8,May,4,2,3,4,Returning_Visitor,0,0
0,0.0,0,594.5146837073154,6,530.0,0.19179582584628602,0.041666667,0.0,0.0,Nov,3,2,3,2,Returning_Visitor,1,0
4,117.8,0,0.0,12,267.8,0.16892183975853675,0.04375,-60.60352876359987,0.7918749197646402,Sep,3,2,3,13,Returning_Visitor,0,0
11,1284.3375,25,303.625,96,2478.070833,0.007355769,0.018144023,0.0,0.0,Dec,1,1,3,2,Returning_Visitor,0,0
7,84.83333333,0,0.0,170,1897.6875,0.009090909,0.017857143,0.0,0.0,Nov,1,2,3,3,Returning_Visitor,0,1
12,7.0,0,551.7416590940796,3,11.0,0.0,0.033333333,-54.89231783930993,0.0,May,4,5,1,4,Returning_Visitor,0,0
0,0.0,0,0.0,7,168.75,0.0,0.00952381,0.0,0.0,Nov,3,2,1,2,Returning_Visitor,0,0
8,121.0333333,0,0.0,9,7795.210356992425,-0.1699166720334181,0.035714286,0.0,0.0,Nov,2,2,1,3,Returning_Visitor,0,0
1,236.5,5,1373.75,141,2834.697619,0.009684685,0.020551802,0.0,0.0,Nov,2,2,3,2,Returning_Visitor,0,0
3,-477.0003219276065,0,0.0,2,22.0,0.0,0.02,0.0,0.8,May,2,2,1,4,Returning_Visitor,0,0
2,35.0,0,0.0,181,979.0833333,-0.1415718089334378,0.00952381,60.04549665,0.0,Mar,2,2,3,2,Returning_Visitor,0,1
0,0.0,0,0.0,5,135.75,0.04,0.053333333,0.0,0.0,Dec,2,2,3,2,New_Visitor,0,0
5,60.5,0,0.0,-116,7626.477268341552,0.026666667,0.04,0.0,0.0,Nov,2,2,9,1,Returning_Visitor,0,0
15,794.8246244514032,25,19.0,85,3642.066026,0.007777778,0.1983690421095794,5.052145956,0.0,Nov,2,2,1,1,Returning_Visitor,0,0
1,5.0,0,0.0,2,15.2,0.0,0.04,0.0,0.6819457357355189,Aug,1,1,6,3,Returning_Visitor,0,0
2,-468.39669284141587,4,32.7,109,1759.686519,0.0,0.009734513,48.73081038,0.0,Oct,4,1,3,6,Returning_Visitor,0,1
7,87.91666667,1,0.0,165,1621.025379,0.004081633,0.20184946016536845,6.02352321,0.0,Dec,1,1,3,2,Returning_Visitor,0,0
12,-490.05130951541526,0,0.0,33,-5468.142388948701,0.007317073,-0.11642194329841753,0.0,0.0,Dec,1,1,1,2,Returning_Visitor,0,0
1,16.0,0,0.0,44,2939.625,0.0,0.002222222,32.81205711,0.0,Nov,2,2,8,2,Returning_Visitor,0,1
0,-530.2713528591847,0,0.0,40,905.4856061,0.0135,0.03747619,71.16992911329115,0.0,Mar,3,2,2,1,Returning_Visitor,0,0
1,24.2,0,0.0,18,1014.2,0.0,0.02,22.9772856,0.8047989392672101,Nov,2,2,2,13,Returning_Visitor,0,1
1,648.3528825282452,1,172.0,58,1341.261111,0.004597701,0.009827586,0.0,0.0,May,3,2,4,4,Returning_Visitor,0,0
0,783.4627145283645,0,0.0,-137,148.0,0.064285714,0.1,0.0,0.7397454778290993,May,4,1,4,1,Returning_Visitor,0,0
0,0.0,0,0.0,6,104.6666667,0.0,0.041666667,0.0,-0.6448677519830651,Dec,3,2,1,10,Returning_Visitor,0,0
0,0.0,0,0.0,1,7442.913240169038,0.2,0.2,0.0,0.7472360443612672,Dec,2,2,1,1,Returning_Visitor,0,0
4,171.25,0,0.0,22,-4779.238586981335,0.004545455,0.031907308,0.0,0.0,Mar,3,2,1,1,Returning_Visitor,0,0
5,777.915043886174,0,479.83835727393165,23,7533.272727,0.0,0.007407407,0.0,0.0,Mar,2,2,1,2,Returning_Visitor,0,0
1,12.0,0,0.0,63,2138.383333,0.0,0.012282691,0.0,0.0,Dec,2,2,7,1,Returning_Visitor,0,0
0,0.0,0,0.0,3,57.4,0.0,0.2027793109385111,0.0,0.8343124191261228,Aug,3,2,1,3,Returning_Visitor,0,0
0,0.0,0,0.0,8,7203.7087544433,0.15,0.158333333,0.0,0.8,May,3,2,1,3,Returning_Visitor,0,0
0,0.0,0,0.0,2,150.6,0.0,0.033333333,0.0,0.0,Oct,2,2,3,5,Returning_Visitor,0,0
0,760.0988188812734,0,0.0,19,522.0,0.20562463480351661,-0.14201126575833248,0.0,0.0,May,2,2,7,2,Returning_Visitor,0,0
7,349.775,7,145.5,122,8558.58403889424,0.004615385,0.029612768,0.0,0.8555164631875343,Nov,2,2,6,2,Returning_Visitor,0,0
2,25.0,0,486.9631141249847,20,733.5,-0.15539767958407874,0.016190476,0.0,0.0,May,3,2,2,2,Returning_Visitor,0,0
0,0.0,25,0.0,12,8558.012184559342,0.05,-0.14930941940870643,0.0,0.6,May,3,2,1,13,Returning_Visitor,0,0
0,0.0,0,0.0,-142,819.1666667,0.0,0.0125,24.73875,0.0,May,2,2,5,2,New_Visitor,0,1
0,0.0,1,33.0,25,972.25,0.019230769,0.012937063,0.0,-0.7394072514828994,May,1,2,1,1,Returning_Visitor,0,0
2,15.0,25,0.0,38,-5635.128945228895,0.003703704,0.023809524,12.59766667,0.0,May,4,1,1,4,Returning_Visitor,1,1
12,6.0,25,0.0,21,332.8,0.0,0.008695652,0.0,0.0,Sep,2,5,4,5,Returning_Visitor,1,0
0,0.0,0,0.0,12,548.1666667,0.016666667,0.071666667,0.0,0.0,Nov,2,2,2,3,Returning_Visitor,0,0
7,75.05,0,0.0,31,489.1452381,0.011111111,0.022222222,27.38224222,0.0,Mar,2,2,5,2,Returning_Visitor,1,1
0,0.0,0,0.0,-121,8516.304274493958,0.0,0.01,0.0,0.0,Mar,1,2,1,8,New_Visitor,0,0
0,-610.4117904313158,0,466.04560380368923,47,2032.272727,0.19371918482829606,0.023877069,0.0,0.0,Nov,3,2,7,1,Returning_Visitor,1,0
3,-479.8143204400078,25,414.5,88,4937.639583,0.002173913,0.005857488,-67.26739327152784,0.0,Nov,2,1,1,2,Returning_Visitor,0,1
0,771.6583079764736,0,0.0,56,1514.037879,0.016071429,0.0175,0.0,0.0,Dec,3,2,1,3,Returning_Visitor,0,0
5,111.0,1,11.0,55,3494.06746,0.0,0.029188713,4.007065498,0.0,Nov,2,2,3,1,Returning_Visitor,0,0
5,80.0,0,0.0,29,957.6666667,0.0,0.001785714,0.0,-0.65178232052149,May,2,4,1,3,New_Visitor,0,0
-7,0.0,0,0.0,27,1316.035714,-0.17040053005097716,0.022222222,-59.08577185133308,0.0,Nov,2,2,1,1,Returning_Visitor,0,0
0,0.0,0,0.0,9,89.0,0.0,0.055555556,0.0,0.8244233241399836,Nov,2,2,9,1,Returning_Visitor,1,0
2,67.0,25,0.0,59,468.1916667,0.0,0.003278689,0.0,0.2,May,2,2,3,2,Returning_Visitor,0,0
0,0.0,0,-444.86277009511707,91,2058.534091,0.021348315,0.038816034,0.0,-0.5594321128057139,May,2,2,3,13,Returning_Visitor,1,0
0,0.0,0,0.0,20,419.6,0.038095238,0.068253968,0.0,-0.5573577103960494,Aug,3,2,3,3,Returning_Visitor,1,0
-8,0.0,0,0.0,24,431.2,0.0125,-0.11567595481075091,0.0,0.0,Sep,1,8,2,1,Returning_Visitor,0,0
-9,0.0,1,8.0,189,2370.729167,0.015384615,0.030433925,0.0,0.0,Nov,2,10,2,2,Returning_Visitor,0,0
2,214.6,25,34.4,1,8254.900142684028,0.0,0.033333333,0.0,0.8170096391243418,Jul,2,2,7,2,Returning_Visitor,0,0
1,27.33333333,0,535.8147140004476,3,20.0,0.028571429,0.085714286,0.0,0.0,Nov,1,1,4,8,Returning_Visitor,0,0
1,0.0,25,37.4,23,1146.5,0.015384615,0.023076923,72.52076923,0.0,May,2,4,1,4,Returning_Visitor,1,1
5,262.5,25,0.0,45,1456.27381,0.0,0.018707483,13.53068367,0.0,May,2,2,7,4,Returning_Visitor,0,1
2,15.66666667,0,0.0,30,1724.25,0.013793103,0.032413793,0.0,0.0,Mar,2,2,3,1,Returning_Visitor,1,0
0,0.0,0,0.0,4,118.0,0.05,0.066666667,0.0,0.0,May,1,1,2,3,Returning_Visitor,0,0
4,749.9555862393279,0,0.0,-102,866.0,0.0,0.02183908,0.0,0.8487752443998444,Mar,2,2,4,1,Returning_Visitor,0,0
3,103.0,2,58.5,94,2807.149729,0.0,0.002777778,0.0,0.0,Nov,2,2,7,2,New_Visitor,1,0
2,166.0,2,55.0,10,1968.25,-0.16756151167350664,0.23251744949308695,0.0,0.0,May,1,1,1,6,New_Visitor,1,0
0,0.0,25,0.0,68,3177.791667,0.005970149,0.011488014,0.0,0.0,May,2,4,4,4,Returning_Visitor,0,0
7,86.75,1,0.0,178,3094.366667,-0.1292717694591791,0.014951401,56.72227169,0.0,Nov,2,2,1,2,Returning_Visitor,0,1
4,123.4,0,0.0,185,585.37,-0.15085440304216796,0.033333333,75.07763482100124,0.0,Jul,1,1,3,3,Returning_Visitor,1,0
8,109.5714286,0,547.9876468326811,374,12499.37711,0.00198939,-0.15093606489059236,6.420746096,0.0,Nov,2,2,2,2,Returning_Visitor,1,0
3,-609.4741564499016,0,0.0,172,608.4166667,0.0,0.035294118,0.0,0.0,Mar,2,5,1,3,Returning_Visitor,0,0
2,25.0,25,0.0,6,65.0,-0.1671317460185755,-0.13466949875052858,0.0,0.0,Mar,2,2,1,2,New_Visitor,1,0
0,0.0,0,-501.86624519871816,14,862.7916667,0.014285714,0.02,0.0,0.0,Nov,1,1,1,10,Returning_Visitor,0,0
13,0.0,0,551.0982100549697,6,80.0,0.1,0.133333333,0.0,1.0,May,1,1,1,3,Returning_Visitor,1,0
0,0.0,0,0.0,-129,731.5238095,0.020588235,0.042647059,0.0,0.8,May,2,2,1,1,Returning_Visitor,0,0
4,85.6,0,0.0,1,5.0,0.17165933353375118,0.033333333,0.0,-0.7387992598348709,Sep,2,4,1,5,New_Visitor,0,1
15,46.0,1,0.0,173,867.4642857,0.000585938,0.028052083,-61.37598092034123,0.8,May,2,2,1,3,Returning_Visitor,0,0
2,7.0,25,0.0,3,66.0,0.0,0.066666667,0.0,0.0,Mar,2,2,1,2,Returning_Visitor,0,0
2,135.0,0,0.0,-137,1684.375,0.014814815,0.052674897,66.05299964314864,-0.6155749763343534,Jul,1,1,8,3,Returning_Visitor,1,0
10,231.0,1,8.0,104,3486.690476,0.003301887,0.013104972,0.0,0.0,Mar,2,10,1,1,Returning_Visitor,1,0
0,0.0,2,76.0,35,2068.928571,0.0,0.014285714,-60.281460498320286,0.0,May,2,6,6,6,Returning_Visitor,0,1
0,0.0,0,0.0,-115,59.0,0.0,0.066666667,0.0,0.0,Dec,1,1,3,2,Other,0,0
0,0.0,0,0.0,192,-5836.127431628535,0.066666667,0.066666667,0.0,0.4,Feb,2,4,1,3,Returning_Visitor,0,0
0,768.3174619583633,0,-498.2325242872622,7,93.7,0.028571429,0.071428571,79.57248764581486,1.0,May,3,2,2,4,Returning_Visitor,1,0
0,0.0,0,0.0,7,451.8333333,0.17557825869902535,0.076190476,-60.84476330063786,0.0,Mar,3,2,1,3,Returning_Visitor,1,0
0,-532.9732047102443,0,0.0,4,51.5,0.0,0.05,-52.71475158826419,0.0,Dec,2,2,1,2,New_Visitor,0,0
0,0.0,25,0.0,1,0.0,0.18383938219709323,0.2,0.0,0.8,May,2,4,1,6,Returning_Visitor,0,0
3,156.5,0,0.0,-111,143.0,0.18667224589163806,0.005555556,0.0,0.0,Nov,1,1,1,2,New_Visitor,0,0
2,75.5,25,0.0,30,1661.166667,0.0,0.00625,0.0,0.0,Dec,2,2,2,10,New_Visitor,0,0
6,60.13636364,2,522.1666667,83,3708.383949,0.18181313730776136,0.012547833,0.0,0.0,Nov,2,2,7,2,Returning_Visitor,1,0
0,-550.5291181165132,1,0.0,164,8416.384743984565,0.00173913,0.032173913,0.0,0.0,May,2,5,5,2,Returning_Visitor,0,0
3,74.5,1,88.0,113,-5880.92296038784,-0.13658187105669412,0.22432961001211976,14.85051676,0.0,Dec,3,2,1,1,Returning_Visitor,1,0
0,-563.192082265746,0,0.0,4,160.5,0.0,0.05,0.0,0.0,Nov,1,1,1,3,Returning_Visitor,0,0
0,0.0,0,0.0,1,0.0,0.2,0.2,-53.08093426711004,0.0,Dec,2,2,1,13,New_Visitor,0,0
0,0.0,0,0.0,2,40.0,0.0,-0.14947238377894395,0.0,0.0,May,3,2,3,4,Returning_Visitor,0,0
2,61.48,0,0.0,-142,797.0033333,0.0,0.012539087,10.20777685,0.0,Oct,2,2,3,2,Returning_Visitor,0,0
-7,48.625,0,0.0,14,211.4702381,0.1807867954739705,0.039520717,0.0,0.0,Nov,3,2,6,10,Returning_Visitor,0,0
0,0.0,0,528.4568864791576,4,73.5,0.0,0.05,0.0,0.0,Nov,1,1,3,1,Returning_Visitor,0,0
0,0.0,0,0.0,168,396.5,0.0,0.037222222,0.0,0.7456100868551887,Mar,2,4,3,2,Returning_Visitor,0,0
0,0.0,0,0.0,4,-6000.681064157421,0.0,-0.14213104282567524,0.0,0.4,May,2,2,6,11,Returning_Visitor,0,0
0,0.0,0,0.0,5,109.25,0.0,0.08,73.26177516023631,0.0,Nov,2,10,1,2,Returning_Visitor,0,0
5,86.0,0,0.0,23,267.3,0.0,0.016,0.0,0.0,Mar,1,1,4,9,Returning_Visitor,1,0
3,-613.2185411038273,0,0.0,3,24.0,0.0,0.02,68.09083592137024,0.7170018759220741,Mar,3,2,7,1,Returning_Visitor,0,0
0,0.0,0,0.0,17,766.5,0.0,0.0125,61.9395,0.0,Mar,2,2,1,2,New_Visitor,1,1
0,0.0,0,0.0,5,125.75,0.066666667,0.14,0.0,0.0,Nov,3,2,1,10,Returning_Visitor,1,0
2,35.0,0,0.0,2,6.0,0.0,0.05,0.0,0.0,Mar,2,2,9,2,New_Visitor,0,0
12,60.2,0,0.0,13,409.8371212,0.0,0.005882353,72.55553432733743,0.0,Oct,1,1,4,2,New_Visitor,0,1
4,60.0,25,0.0,33,841.0333333,-0.16927671257746177,0.043434343,77.4133650800923,0.4,May,2,1,7,4,Returning_Visitor,0,0
6,113.5,0,0.0,18,1066.5,0.0,0.005072464,79.01821254100327,0.0,Mar,2,2,7,2,New_Visitor,0,0
0,0.0,25,0.0,10,-6109.6969983328145,0.0,0.02,71.0267679622662,0.0,Nov,1,1,1,5,New_Visitor,1,0
0,0.0,0,0.0,1,0.0,0.2,0.2,0.0,-0.6181736506194179,May,3,2,3,13,Returning_Visitor,0,0
5,34.5,0,-391.9695706641885,8,154.5,0.022222222,0.014814815,77.04463996442018,0.0,Dec,3,2,4,2,Returning_Visitor,0,0
1,21.2,0,0.0,53,2224.633333,0.011538462,0.23858367746710135,0.0,0.0,Aug,2,2,3,3,Returning_Visitor,0,0
3,83.6,0,-517.567896395079,6,314.4,0.0,0.025,0.0,-0.6698371490351946,Oct,1,1,4,2,New_Visitor,0,0
0,0.0,0,0.0,57,3696.225342,0.007017544,0.037615417,0.0,0.0,Nov,3,2,1,2,Returning_Visitor,1,0
-9,746.456042306126,0,0.0,41,678.4833333,0.0,0.032173913,13.57270341,0.0,Oct,4,1,3,1,Returning_Visitor,0,1
0,0.0,0,0.0,14,419.375,0.042857143,0.19702532671437858,0.0,0.0,Nov,2,2,8,1,Returning_Visitor,0,0
0,0.0,2,65.5,4,71.5,0.0,0.033333333,0.0,0.0,Nov,2,2,1,11,Returning_Visitor,1,0
4,182.0,0,0.0,15,8164.708282500451,-0.1351702905206172,0.015686275,0.0,0.0,May,2,6,9,3,Returning_Visitor,0,0
0,-628.2911056457538,0,0.0,3,103.0,0.0,0.022222222,0.0,0.0,Mar,1,1,1,3,Returning_Visitor,1,0
0,0.0,0,-498.7782544386569,2,69.5,0.0,0.19101007470997713,67.7224231583104,0.0,Nov,4,5,9,11,New_Visitor,0,0
4,99.33333333,1,474.14689909792935,40,7159.540776300313,0.018181818,0.023484848,9.869649371,0.0,Oct,2,2,1,20,Returning_Visitor,0,1
15,0.0,0,0.0,20,248.4166667,-0.15621328352630653,-0.11127594468824126,0.0,0.8,May,2,2,2,13,Returning_Visitor,0,0
13,0.0,1,22.0,81,2253.799603,0.011463415,0.015875182,0.0,0.0,Nov,3,2,1,2,Returning_Visitor,1,1
0,625.5911883034163,0,0.0,177,8177.280471258729,0.0,0.025,81.2475,0.0,Mar,1,1,2,9,Returning_Visitor,1,1
0,0.0,25,0.0,-130,7484.425208667464,0.0,0.025,68.1974018,0.0,Dec,1,2,2,2,New_Visitor,0,1
0,0.0,4,102.0,93,2835.417641,0.00754386,0.037316087,0.0,0.8029094429265127,Dec,2,2,4,1,Returning_Visitor,0,0
3,203.0,0,0.0,28,2394.0,-0.17204200029149827,0.057619048,0.0,0.0,May,2,2,7,1,Returning_Visitor,0,0
4,39.48,25,0.0,33,549.78,0.0,0.22552186256076553,-55.212868600053554,0.0,Sep,3,2,4,1,New_Visitor,0,0
13,186.5,0,0.0,57,1925.102381,0.005,0.0175,-61.414367020326374,0.0,May,2,2,3,6,Returning_Visitor,0,0
0,0.0,1,0.0,36,671.425,0.005405405,0.016216216,0.0,0.7004858138021669,Dec,2,4,1,2,Returning_Visitor,0,0
14,230.1069444,0,0.0,52,2059.109203,0.003747073,0.008451124,-54.59469788030759,0.0,May,2,2,1,13,Returning_Visitor,0,0
1,10.0,0,0.0,39,-5567.79131736793,0.011965812,0.017802198,0.0,0.0,Mar,3,2,1,3,Returning_Visitor,0,0
0,665.7289794471351,0,0.0,19,623.2,0.022222222,0.22013097968206188,0.0,-0.6809126095898682,Jul,2,5,4,1,Returning_Visitor,1,0
0,0.0,0,0.0,16,534.9166667,0.0,0.02125,0.0,0.0,May,2,2,7,3,Returning_Visitor,0,0
1,135.0,0,0.0,2,141.0,0.20998996285243857,0.066666667,0.0,0.0,Mar,2,2,1,10,Returning_Visitor,0,0
0,0.0,0,0.0,30,805.8333333,0.0,0.003333333,0.0,0.0,Nov,1,1,3,8,New_Visitor,0,0
0,0.0,0,0.0,16,519.8666667,0.0,0.0,0.0,0.0,Jul,1,1,1,4,Returning_Visitor,0,0
0,0.0,0,0.0,21,-6450.308393361796,0.059090909,0.104545455,0.0,0.0,Jul,2,2,1,3,Returning_Visitor,1,0
0,0.0,0,0.0,1,0.0,0.2,0.2,0.0,0.0,Oct,2,2,6,2,Returning_Visitor,0,0
0,0.0,1,0.0,28,2743.216667,0.020689655,0.042528736,0.0,0.6920868153428336,Mar,2,5,2,1,Returning_Visitor,0,0
0,0.0,0,0.0,15,89.38333333,0.0,0.0125,39.6497508,0.0,Oct,2,2,6,2,New_Visitor,1,1
0,0.0,0,0.0,9,190.3333333,0.0,0.033333333,0.0,0.0,Dec,1,1,3,2,New_Visitor,0,0
8,388.7916667,1,944.75,17,1464.416667,0.019047619,0.034920635,0.0,-0.7110513337712089,Nov,1,1,4,3,Returning_Visitor,0,0
0,0.0,0,0.0,5,291.2,0.18520481897603056,-0.12967823080817253,0.0,0.0,Oct,3,2,8,20,Returning_Visitor,0,0
-8,416.2,0,477.23792539071485,90,8024.509197,0.008247423,0.032048254,77.64925061960103,0.0,Sep,3,2,8,2,Returning_Visitor,0,0
9,89.16666667,4,487.07825505692364,10,138.4166667,0.0,-0.10735428304848428,0.0,0.0,Nov,2,2,3,2,New_Visitor,0,0
13,0.0,0,0.0,1,0.0,0.2,0.2,0.0,0.0,Dec,1,1,3,3,Returning_Visitor,0,0
10,295.6940559,0,0.0,29,785.474359,0.0,0.001481481,76.39077081684975,0.0,May,2,2,5,4,Returning_Visitor,1,1
0,712.1927235330464,0,-450.43534067671396,4,271.4666667,0.0,0.021428571,0.0,0.7358736919400909,Jul,3,2,1,6,Returning_Visitor,0,0
0,-573.3395995426333,25,0.0,3,20.0,0.0,0.066666667,0.0,0.0,May,2,2,1,4,Returning_Visitor,0,0
0,0.0,0,0.0,39,2034.466667,0.005128205,0.015555556,0.0,0.0,Nov,2,2,1,2,Returning_Visitor,1,1
3,63.0,0,597.9734877214476,2,14.6,0.0,0.016666667,0.0,0.0,Oct,1,1,1,2,New_Visitor,0,0
0,0.0,0,0.0,4,32.0,0.0,0.05,0.0,0.0,Dec,2,2,3,2,Returning_Visitor,0,0
2,48.1875,4,121.5,51,1792.814481,0.18323732384716016,-0.10563753060317332,60.07483189,0.0,Nov,3,2,1,2,Returning_Visitor,1,1
6,-597.2013521326531,0,593.4914069505522,80,1982.884524,0.007594937,0.033499444,0.0,0.0,Nov,2,6,6,1,Returning_Visitor,0,0
7,133.4666667,4,46.5,26,8788.162332043245,0.0,0.018487395,18.26940096,0.0,Nov,3,2,9,2,New_Visitor,1,1
8,825.0,25,55.5,148,8629.783691,0.0095,0.019155126,1.60801626,0.0,Nov,1,1,2,2,Returning_Visitor,0,0
5,175.1,0,0.0,26,615.5595238,0.0,0.002083333,62.77367187,0.0,Sep,1,1,1,3,New_Visitor,1,1
0,0.0,0,538.3230992536955,17,557.4,0.0,0.011111111,83.93274289,0.0,Sep,2,2,2,2,New_Visitor,1,1
0,0.0,0,0.0,34,-5215.860697516729,0.039705882,0.059313725,0.0,0.0,Aug,3,2,1,4,Returning_Visitor,0,0
5,91.83333333,25,0.0,32,1480.666667,0.0,0.006857143,0.0,0.0,Mar,1,1,1,3,Returning_Visitor,1,0
0,0.0,0,0.0,222,8068.742154,0.008325792,0.02329814,4.789722625,0.0,Nov,2,2,2,1,Returning_Visitor,1,0
0,0.0,25,0.0,11,684.3333333,0.018181818,0.063636364,0.0,0.0,Feb,2,4,6,1,Returning_Visitor,0,0
0,0.0,0,0.0,205,8294.860051386742,-0.15199828469403406,0.2,0.0,0.0,Jul,3,2,1,4,Returning_Visitor,1,0
6,141.0583333,0,0.0,46,7728.856369106434,0.0,0.22390308039690265,0.0,0.0,June,2,2,7,4,Returning_Visitor,0,0
0,0.0,25,0.0,6,104.0,0.0,0.033333333,0.0,-0.5819880644157898,Mar,3,2,7,6,Returning_Visitor,0,0
0,-560.5661672939727,0,0.0,17,701.5424242,0.013333333,0.026666667,0.0,0.0,Mar,2,2,6,2,Returning_Visitor,0,0
0,-489.5204123190744,0,0.0,10,3.0,0.14,0.23603992814633457,0.0,0.8,May,2,5,2,3,Returning_Visitor,0,0
15,0.0,0,0.0,179,480.5,0.033333333,0.073333333,-63.33746999648618,0.0,May,2,2,7,6,Returning_Visitor,0,0
0,0.0,25,0.0,14,275.1666667,0.0,-0.11889511228841233,0.0,0.0,Nov,4,2,6,3,Returning_Visitor,0,0
0,0.0,0,587.2998100092784,19,1195.375,0.004210526,0.036090226,67.48053056109468,0.7036319951815231,Nov,2,2,4,13,Returning_Visitor,0,0
-10,18.5,0,-440.3953585873259,12,208.0,0.045454545,0.081818182,0.0,0.0,Mar,2,2,4,1,Returning_Visitor,0,0
10,693.7921997931297,0,507.6067014002789,54,2702.390385,0.21736963698569867,0.018518854,0.0,-0.6291229467853529,Nov,2,2,1,10,Returning_Visitor,0,1
3,95.6,0,0.0,182,337.1,0.008333333,0.029166667,0.0,0.0,Jul,1,1,9,3,Returning_Visitor,0,0
14,0.0,0,0.0,-101,442.0,0.19427481629001633,0.044444444,0.0,0.7254338893953969,May,2,2,7,2,Returning_Visitor,0,0
0,744.2097027982262,25,0.0,7,50.5,0.057142857,0.1,0.0,0.0,May,3,2,1,3,Returning_Visitor,1,0
2,33.5,0,0.0,-125,556.0,0.18903150762212803,0.015151515,0.0,0.0,Dec,2,2,1,2,New_Visitor,1,0
3,69.0,0,-477.86987950225677,37,769.0,0.0,0.004273504,47.93128205,0.0,May,3,2,3,2,New_Visitor,1,1
0,0.0,2,22.0,41,8428.532100264309,0.18098308284927936,0.009302326,0.0,0.0,Nov,2,2,3,2,Returning_Visitor,1,0
2,24.0,0,0.0,11,959.0,0.0,0.20856076706925208,0.0,0.0,May,4,5,1,3,Returning_Visitor,0,0
11,449.75,0,0.0,52,1786.109649,0.187232199012352,0.017118644,40.65671234,0.7643610828353222,Nov,1,1,1,2,Returning_Visitor,0,0
0,0.0,0,0.0,22,266.1666667,0.009090909,0.018181818,0.0,0.0,Nov,2,4,1,2,Returning_Visitor,0,0
0,0.0,25,0.0,2,9.0,0.0,0.05,0.0,0.0,Dec,3,2,3,10,New_Visitor,0,0
1,12.5,0,0.0,51,769.9928571,0.0,0.004081633,0.0,0.0,May,2,2,1,2,Returning_Visitor,1,0
0,0.0,0,0.0,4,288.4333333,0.0,0.0125,0.0,0.0,Aug,1,1,4,2,Returning_Visitor,0,0
0,0.0,3,321.0,164,916.625,0.006617647,0.034935897,68.74934716361851,0.0,Dec,2,2,1,1,Returning_Visitor,0,0
1,7.0,0,0.0,201,45.0,0.0,0.0125,76.7634462402032,0.0,Mar,3,2,3,1,Returning_Visitor,0,0
6,91.2,1,-431.2173235666804,29,1618.233333,0.0,-0.10524381418302425,9.231934863,0.0,Nov,2,2,1,6,Returning_Visitor,0,0
8,107.7,0,-417.84894572403937,-134,-4554.718972854651,0.0,0.005128205,0.0,0.7529686613110992,June,2,2,1,5,New_Visitor,0,0
0,0.0,0,0.0,74,2763.25,0.005405405,0.021288981,27.74177162,0.0,May,2,5,3,6,Returning_Visitor,0,0
0,675.8532289465155,25,0.0,41,1130.92619,-0.16610081653886513,0.2035241107676893,0.0,0.0,Dec,2,2,8,2,New_Visitor,0,0
3,53.25,1,77.0,195,7946.668386971625,0.1990865286741077,0.002734559,11.97910693,0.0,May,4,1,5,1,Returning_Visitor,1,1
1,-464.70441858326467,0,0.0,29,569.1666667,0.0,0.01957672,12.455,0.0,May,2,2,3,2,Returning_Visitor,0,1
-7,735.754192638978,1,134.3333333,16,765.4454545,0.006666667,0.006,63.310734625349,0.7566144792760846,May,2,10,1,1,Returning_Visitor,0,0
-9,0.0,0,491.1617542697875,39,2827.428571,0.0,-0.1366501175542111,11.33463158,0.0,May,2,2,2,4,Returning_Visitor,0,0
0,0.0,0,0.0,198,584.0,0.0,-0.11153110210023381,0.0,0.7436383202056207,May,2,2,6,4,New_Visitor,0,0
-9,0.0,25,0.0,171,-5913.807092663512,0.0,0.1,0.0,0.0,June,2,4,6,3,Returning_Visitor,0,0
0,0.0,0,0.0,48,1607.191667,0.0,0.004609929,76.92813444014214,-0.7337269675399894,Dec,1,1,1,2,Returning_Visitor,1,1
13,648.9564527855844,1,18.0,19,298.0,0.0,0.016666667,19.66818546,-0.5688266421429701,Mar,2,2,3,1,Returning_Visitor,1,0
0,0.0,0,536.4892539103114,2,252.8,0.0,0.1,0.0,-0.6624900514142279,Oct,2,5,9,13,Returning_Visitor,1,0
5,43.0,0,0.0,36,725.3333333,0.005714286,0.017142857,0.0,0.0,Sep,2,2,3,13,Returning_Visitor,0,0
0,0.0,0,0.0,81,1950.840873,0.004938272,0.024773663,0.0,0.0,Nov,2,2,1,2,Returning_Visitor,0,1
0,0.0,0,0.0,79,4218.916667,0.012820513,0.028846154,65.89950002257238,0.0,Dec,2,4,7,1,Returning_Visitor,0,0
2,48.4,0,0.0,2,37.2,0.0,0.05,0.0,0.0,June,1,1,1,2,Returning_Visitor,0,0
0,0.0,0,0.0,7,197.0,0.0,0.22408642039061016,0.0,0.0,Dec,2,2,3,2,New_Visitor,0,0
3,242.0,0,0.0,12,286.0,0.0,0.014285714,0.0,0.0,Mar,1,1,1,2,New_Visitor,1,0
0,0.0,0,-405.828363814672,-124,8133.36091491275,0.2,0.2,-55.86876703696246,0.6,Feb,2,2,3,2,Returning_Visitor,0,0
1,3.0,0,0.0,161,3763.447588,0.001666667,0.012346041,-65.60533456294601,0.0,Nov,1,1,1,2,Returning_Visitor,0,1
3,94.6,0,573.2849493863408,16,1254.0,-0.14961659163998922,0.019327731,-61.2922951842289,0.0,Nov,3,2,7,2,New_Visitor,1,0
0,0.0,0,0.0,10,240.75,0.0,0.02,0.0,0.0,Mar,2,2,9,2,Returning_Visitor,0,0
1,46.5,0,0.0,40,-4582.688226898,-0.1362561309333749,0.030325203,9.472914356,0.0,Nov,1,1,1,3,Returning_Visitor,0,1
0,0.0,0,-453.8632170016732,14,1277.741667,0.0,0.035714286,0.0,0.0,Nov,2,2,5,1,Returning_Visitor,0,0
3,32.1,0,0.0,-110,-5724.89050772069,0.028571429,0.042857143,0.0,0.0,June,3,2,6,5,New_Visitor,0,0
0,-518.595909360756,0,0.0,3,25.0,0.0,0.066666667,0.0,0.0,Mar,1,1,4,1,Returning_Visitor,0,0
0,0.0,0,0.0,48,1510.383333,0.008510638,0.030927052,16.61211742,0.7295647548529699,Aug,2,4,3,1,Returning_Visitor,0,0
0,0.0,0,0.0,23,2225.288889,0.004347826,0.021516165,0.0,0.0,Nov,1,1,4,1,Returning_Visitor,0,0
9,183.5,2,29.66666667,52,2211.608333,0.008888889,-0.14268279192942135,1.816474074,0.0,Mar,4,2,1,2,Returning_Visitor,0,1
3,33.0,0,0.0,17,386.4166667,0.0,0.01,0.0,0.0,Dec,2,2,1,2,New_Visitor,0,1
0,0.0,0,0.0,1,0.0,0.211314399642672,0.2,0.0,0.0,Aug,3,2,1,13,Returning_Visitor,0,0
0,0.0,25,0.0,23,553.15,0.034782609,0.069565217,0.0,0.0,Mar,2,2,3,1,Returning_Visitor,0,0
0,0.0,0,0.0,2,262.0,0.1,0.21650251845836993,0.0,0.0,May,3,2,1,4,Returning_Visitor,0,0
0,686.9471633517701,0,0.0,7,88.0,0.085714286,0.142857143,0.0,0.0,Nov,2,4,3,1,Returning_Visitor,0,0
5,95.325,0,0.0,15,743.6666667,0.01,0.03,19.4281,0.0,May,2,2,1,2,Returning_Visitor,0,1
0,0.0,2,324.5,4,-4785.756639009348,0.0,0.033333333,0.0,0.0,Dec,3,3,2,8,New_Visitor,0,0
0,0.0,0,0.0,28,4446.625,0.030952381,0.07047619,67.69992444178429,0.0,Nov,2,5,1,3,Returning_Visitor,0,0
9,654.0464556235703,0,0.0,108,2793.733084,0.001949318,0.2039440632925202,0.0,0.0,Nov,2,2,1,3,Returning_Visitor,0,1
15,633.5790105266673,2,45.8,50,2230.986667,0.0,0.004371585,40.77935433,-0.6049839902612123,Nov,2,2,4,2,Returning_Visitor,0,1
6,102.5,0,0.0,23,351.0333333,0.0,0.015517241,71.09784627428743,0.0,Oct,1,1,1,4,Returning_Visitor,0,0
0,0.0,0,0.0,26,1380.833333,0.0,0.018055556,-56.88412016938217,0.0,May,2,6,4,13,Returning_Visitor,0,0
0,0.0,0,0.0,189,333.0,0.021052632,0.036842105,-62.56120771987981,0.0,Dec,2,2,1,1,Returning_Visitor,0,0
9,335.1666667,5,219.0,184,6235.06603,0.005309735,0.016223404,65.47844552211356,0.6961948529104599,Nov,1,1,1,2,Returning_Visitor,0,0
0,0.0,0,0.0,4,100.25,0.0,0.066666667,0.0,0.0,Dec,3,2,3,20,Returning_Visitor,1,0
0,783.579686667549,0,0.0,1,0.0,0.2,0.2,0.0,0.0,Dec,8,13,9,20,Other,0,0
4,147.6666667,2,-445.2710976772821,46,7908.680380485717,0.000571429,0.013478622,2.690792571,0.0,May,2,2,6,4,Returning_Visitor,1,0
3,205.25,0,0.0,190,3679.128882,0.0,0.005951258,8.421921428,0.0,Dec,2,2,7,3,Returning_Visitor,0,0
4,-604.4909519478285,0,0.0,8,465.8333333,0.21007421004799198,0.024242424,0.0,0.0,Mar,3,2,3,3,Returning_Visitor,1,0
1,-460.11158568457313,0,0.0,32,534.2638889,0.0,-0.14040595094590844,87.74978701,0.0,Dec,1,2,1,8,Returning_Visitor,1,1
7,421.25,0,566.9122785419808,59,1945.896667,0.012239583,0.23251099122008206,-64.11246077084512,0.0,June,2,6,1,20,Returning_Visitor,0,1
0,0.0,0,0.0,3,1.0,0.133333333,0.133333333,0.0,0.0,May,2,2,1,6,Returning_Visitor,0,0
-7,36.0,0,0.0,15,2190.666667,-0.1712670594069589,0.004444444,64.20754429181883,0.0,Mar,2,2,3,8,Returning_Visitor,0,0
5,107.0,0,0.0,34,777.2125,0.1893363008586553,0.013513514,0.0,0.0,Dec,2,2,1,1,Returning_Visitor,1,0
6,803.47,0,0.0,30,634.6880952,0.08083779,0.106666667,0.0,0.8096462753132302,Nov,3,2,8,13,Returning_Visitor,0,0
8,-585.715463378725,1,46.5,182,5546.0,0.002325581,0.014562569,15.56462164,0.0,Nov,2,2,1,2,Returning_Visitor,0,1
2,31.0,1,16.0,36,-5459.845508719157,0.0,0.01351025,0.0,0.8,Feb,2,2,4,3,Returning_Visitor,0,0
0,0.0,0,0.0,165,125.0,0.0,0.025,0.0,-0.5824009016221309,May,2,2,1,1,Returning_Visitor,1,0
3,770.2011064182294,25,87.6,32,810.0816667,-0.171091092181115,0.015099715,17.27062073,0.0,Nov,1,1,5,2,Returning_Visitor,0,1
-7,111.5,1,48.5,49,1868.819697,0.0,0.020708874,1.706014966,0.0,Mar,2,2,7,2,Returning_Visitor,0,1
0,0.0,0,0.0,6,106.0,0.1,0.116666667,0.0,0.0,Mar,3,2,1,1,Returning_Visitor,1,0
1,683.8428364104481,25,0.0,20,973.5833333,0.00952381,0.016190476,0.0,-0.6215627724111148,May,2,2,3,4,Returning_Visitor,1,0
0,0.0,0,-481.0435584723755,2,29.5,0.0,0.1,0.0,0.0,Nov,1,1,3,2,Returning_Visitor,0,0
1,19.0,25,499.8181806246855,11,66.83333333,0.0,0.019230769,0.0,0.0,Nov,2,2,1,8,New_Visitor,0,0
0,0.0,0,0.0,58,2174.708333,0.004022989,0.015229885,0.0,0.0,Nov,1,2,1,1,Returning_Visitor,1,1
4,49.85714286,0,0.0,183,7580.0029645405375,0.1800051121697559,-0.10455774474546743,-52.516605174645015,0.0,Nov,2,2,1,2,Returning_Visitor,0,1
-10,53.4,0,0.0,3,292.0,0.0,0.0,0.0,-0.63035771404274,Nov,2,2,1,4,Returning_Visitor,0,0
0,0.0,0,0.0,4,0.0,0.19452120253062213,0.2,0.0,0.0,Dec,1,1,2,1,Returning_Visitor,0,0
4,83.6,0,0.0,42,3333.076068,0.011627907,-0.10991683794593854,73.4220348327738,-0.6953873028184608,Aug,1,2,1,2,Returning_Visitor,0,0
0,0.0,0,0.0,203,7931.532048295058,0.21278984842011173,-0.11876705160254575,0.0,0.0,May,1,1,2,3,Returning_Visitor,0,0
10,84.4375,3,147.0,35,1092.354167,-0.1545349390473726,0.034935835,0.0,0.0,Nov,2,5,9,8,Returning_Visitor,1,0
0,0.0,0,0.0,1,-5435.673904165314,0.2,0.2,0.0,0.0,Mar,1,1,2,1,Returning_Visitor,0,0
5,505.0,0,-513.7816559037341,85,7700.863146123279,0.015,0.029405769,13.77355814,0.8,May,2,2,1,2,Returning_Visitor,0,0
0,0.0,0,0.0,72,2347.716667,0.028169014,0.037793427,0.0,0.8,May,3,2,1,13,Returning_Visitor,0,0
10,614.1666667,0,0.0,47,3608.9,0.0,0.019871795,7.256219133,0.0,Mar,2,2,3,1,Returning_Visitor,0,0
11,136.3333333,25,486.90728318375756,80,1552.504762,0.002247191,0.00952381,28.25395506,0.0,May,2,2,3,4,Returning_Visitor,0,0
0,0.0,0,0.0,166,218.0,0.1819033421793412,0.033333333,0.0,0.0,Mar,2,2,6,3,Returning_Visitor,1,0
0,0.0,0,0.0,4,-5446.33391715084,-0.1531451873957907,0.0,35.34967016,0.0,Sep,3,2,3,2,Returning_Visitor,1,1
2,133.5,0,507.6541334071334,4,454.3333333,0.0,0.025,0.0,0.0,Nov,3,2,1,3,New_Visitor,0,0
0,0.0,0,566.9663957736989,31,804.0430818,0.0,0.002090109,0.0,0.0,June,3,2,1,3,Returning_Visitor,0,0
4,253.15,0,0.0,81,1839.13,0.01468254,0.018380231,0.0,0.0,Sep,3,2,3,13,Returning_Visitor,0,0
0,-619.3003721629711,0,0.0,169,830.9333333,0.035555556,0.088333333,0.0,0.6,May,3,2,6,13,Returning_Visitor,0,0
2,13.0,0,0.0,-139,296.2333333,0.0125,0.029166667,0.0,0.0,May,1,1,2,3,Returning_Visitor,1,0
0,739.683293730256,0,0.0,2,5.0,0.0,0.1,0.0,0.0,Mar,2,2,9,1,Returning_Visitor,0,0
0,0.0,0,0.0,3,36.0,0.066666667,0.1,0.0,0.0,Nov,2,2,3,2,Returning_Visitor,0,0
0,0.0,25,0.0,1,-5167.914756563645,0.2,0.2,0.0,0.0,Nov,1,8,2,1,Returning_Visitor,0,0
0,0.0,0,0.0,6,1156.5,0.0,0.033333333,0.0,0.0,Nov,2,2,1,20,Returning_Visitor,0,0
0,0.0,0,0.0,25,1157.452381,0.012,0.027111111,15.3956,0.0,May,1,1,3,2,Returning_Visitor,0,0
0,0.0,0,490.6146649028467,200,34.2,0.0,0.1,0.0,0.0,Sep,2,2,1,2,Returning_Visitor,0,0
2,116.8,0,0.0,5,170.4,0.0,0.028571429,88.06848401,0.0,Nov,2,2,7,2,New_Visitor,0,1
12,0.0,1,20.0,48,1686.354994,0.020408163,0.033747213,0.0,0.0,Dec,3,2,1,10,Returning_Visitor,1,0
0,0.0,0,0.0,13,342.9202381,0.0,0.011794872,0.0,0.0,Nov,3,2,3,2,New_Visitor,1,0
0,0.0,0,0.0,12,198.0,0.016666667,0.2364105368106904,0.0,0.0,Mar,2,2,3,2,Returning_Visitor,0,0
0,0.0,0,0.0,18,133.0,0.038888889,0.072222222,0.0,0.0,May,4,1,1,2,Returning_Visitor,1,0
10,156.8333333,2,14.0,51,865.6722222,0.007407407,-0.14930315325048563,0.0,0.0,May,2,2,1,1,Returning_Visitor,0,0
0,0.0,0,0.0,5,43.2,0.08,0.12,0.0,0.0,Jul,2,2,3,13,Returning_Visitor,1,0
0,0.0,0,0.0,2,7013.675912801214,0.0,0.05,0.0,0.0,May,3,2,3,15,Returning_Visitor,0,0
0,-547.8532507796683,0,0.0,1,-4592.015932178932,0.2,0.2236746512778558,0.0,0.0,May,1,1,6,4,Returning_Visitor,1,0
-9,6.0,0,-452.59534181632677,199,293.0,0.19517853420813147,0.026190476,0.0,0.0,Nov,2,2,7,1,Returning_Visitor,0,0
0,0.0,0,521.9252756445261,-102,-5924.683160920752,0.0,0.014285714,0.0,0.0,Mar,2,2,1,3,Returning_Visitor,0,0
6,638.708247713656,0,0.0,47,1882.113409,0.004,0.019314286,17.527656,0.0,Mar,1,1,4,3,Returning_Visitor,0,0
0,0.0,25,0.0,8,428.5,0.025,0.0375,0.0,0.0,Dec,2,2,1,2,Returning_Visitor,1,0
0,0.0,25,0.0,22,493.0,-0.17168161443171528,0.00952381,55.5696756,0.7645937258057707,Nov,4,1,9,8,Returning_Visitor,1,1
7,145.0,0,484.2197768301882,7,96.0,-0.13590887506097787,0.013333333,0.0,0.0,May,2,2,1,4,New_Visitor,0,0
5,194.3333333,2,38.0,-135,2632.189286,0.000694444,0.008611111,0.0,0.0,Nov,4,2,1,2,Returning_Visitor,1,0
1,72.0,0,0.0,10,343.0,0.0,0.02,0.0,0.0,May,2,2,6,1,Returning_Visitor,0,0
0,0.0,0,0.0,1,7230.923543028122,0.2,0.2,0.0,0.0,Nov,2,2,8,6,Returning_Visitor,0,0
0,0.0,0,0.0,-134,8574.557971979353,0.0,0.022222222,0.0,0.0,Mar,2,2,1,2,Returning_Visitor,0,0
0,0.0,1,24.0,198,1547.5,0.003703704,0.014814815,-57.426592349072536,0.0,Mar,3,2,1,1,Returning_Visitor,0,0
13,913.5222222,25,141.88,29,1293.652222,0.002631579,0.020570175,1.483746347,0.0,Aug,2,2,4,2,Returning_Visitor,1,0
0,0.0,0,0.0,18,-5089.988510316372,0.18244777622341965,0.011111111,0.0,0.0,Nov,2,2,1,3,Returning_Visitor,0,0
0,0.0,25,0.0,12,528.5833333,0.0,0.02,0.0,0.0,Dec,8,13,9,20,Other,0,0
7,52.875,25,0.0,199,152.4166667,0.0,0.017777778,0.0,0.0,Dec,2,2,4,2,New_Visitor,0,0
0,0.0,0,0.0,-140,247.0,0.0,0.016666667,0.0,0.0,Dec,8,1,3,1,Returning_Visitor,1,0
8,31.1,11,1258.833333,195,-5274.562776916677,0.001937543,0.014673582,3.38287678,0.4,May,2,2,1,4,Returning_Visitor,0,0
3,22.0,2,578.3804378437989,30,1671.583333,0.0,0.019354839,0.0,0.0,Nov,2,2,1,2,Returning_Visitor,0,0
2,95.0,3,48.0,9,259.5,-0.1433362770032867,0.015384615,0.0,0.0,May,1,1,1,2,Returning_Visitor,0,0
0,0.0,0,0.0,-133,624.5,0.005263158,-0.12973530883825313,0.0,0.0,Nov,4,1,9,3,Returning_Visitor,0,0
5,112.1666667,0,0.0,60,1883.866667,0.017460317,0.200653641235847,0.0,0.0,Nov,2,2,1,2,Returning_Visitor,0,0
-9,0.0,0,-442.4118847741809,5,118.75,0.04,0.08,0.0,0.0,Dec,1,1,1,8,New_Visitor,0,0
3,32.25,0,0.0,27,1273.25,0.0,0.008888889,-58.22430061076182,0.0,Nov,2,2,1,2,New_Visitor,0,1
0,0.0,0,0.0,66,1203.817143,0.16923689926676133,0.004166667,0.0,0.7809970202484635,Sep,2,2,4,4,Returning_Visitor,1,0
3,726.0,0,0.0,47,3993.833333,0.002040816,0.21297138818758254,0.0,0.0,Nov,2,2,9,2,Returning_Visitor,0,0
15,-604.8904045756683,12,689.8333333,96,2964.590278,0.19067940379374954,0.010732401,3.358133333,0.0,May,1,1,3,1,Returning_Visitor,0,1
0,0.0,0,0.0,8,-5267.020254234141,0.0,0.05,0.0,-0.5442479351691398,May,2,2,2,13,Returning_Visitor,0,0
12,0.0,0,0.0,14,422.1333333,0.071428571,0.103333333,0.0,0.0,Jul,3,2,4,3,Returning_Visitor,1,0
0,0.0,0,0.0,8,8034.368233678755,0.19531204353131745,0.013333333,0.0,0.0,Nov,1,2,9,2,Returning_Visitor,0,0
0,0.0,0,488.1699564892359,2,59.0,0.0,0.1,78.15313803487788,0.0,May,1,2,1,6,Returning_Visitor,0,0
6,266.7,0,0.0,18,8117.078841176777,-0.15488499432466704,0.015151515,9.542515706,0.0,Sep,2,2,1,4,Returning_Visitor,0,0
13,0.0,0,0.0,19,661.5,0.031578947,-0.11474738444664072,0.0,0.0,Nov,2,2,1,1,Returning_Visitor,0,0
0,0.0,0,0.0,1,7520.396148260599,0.2,0.2,0.0,0.6,May,1,1,7,3,New_Visitor,0,0
0,0.0,0,0.0,37,7276.899212305554,0.0,0.014814815,0.0,0.0,Dec,2,2,3,2,Returning_Visitor,0,0
5,-484.05985450819094,4,94.0,-108,1603.5,-0.15433403274377228,0.0115625,0.0,-0.6690697312624484,May,1,1,1,3,Returning_Visitor,0,0
1,658.733277499136,0,0.0,-131,-6280.8421684417035,0.0,0.019047619,0.0,0.0,Mar,2,2,3,1,Returning_Visitor,0,0
1,23.2,0,0.0,27,1061.55,0.20259544905754148,-0.15176512847802273,43.29821166,0.708265703340298,Aug,2,2,6,5,Returning_Visitor,0,1
2,-538.0342895563575,0,0.0,-121,-5160.349641383956,0.0,0.016666667,0.0,0.0,Sep,2,2,3,2,New_Visitor,0,0
7,109.0416667,0,0.0,35,1136.083333,0.0,0.013157895,46.21605051,0.0,Nov,3,2,3,3,Returning_Visitor,0,1
0,0.0,0,-417.34984484487126,4,0.0,0.1848590772469646,0.2,0.0,0.0,Mar,2,2,3,1,Returning_Visitor,0,0
0,0.0,0,0.0,3,0.0,0.2,0.2,0.0,0.8056715270300813,Nov,1,1,4,10,Returning_Visitor,1,0
9,299.6333333,25,56.0,35,1386.633333,0.01025641,0.014871795,0.0,0.0,May,1,1,4,3,Returning_Visitor,0,0
0,0.0,0,0.0,15,176.7666667,0.0125,0.1997314342379253,0.0,0.0,Nov,2,2,1,2,Returning_Visitor,0,0
5,243.0,0,0.0,19,500.7880952,0.0,0.017105263,-52.53339177006133,0.0,May,1,1,1,4,Returning_Visitor,0,0
3,-541.5386571998499,2,12.0,16,393.0,0.0,0.015,79.56055996234619,0.0,Sep,2,10,1,5,New_Visitor,0,0
7,169.5,0,0.0,21,484.95,0.008695652,0.037681159,62.300491539433374,0.0,Mar,1,2,2,2,Returning_Visitor,0,0
4,712.0,0,0.0,173,3785.5625,0.002564103,0.191034096052826,0.0,0.0,Nov,2,2,2,8,New_Visitor,0,1
0,0.0,0,0.0,5,41.66666667,0.0,0.22822274091365594,76.96088775767946,0.0,Dec,2,2,4,2,New_Visitor,0,0
0,0.0,0,0.0,5,68.4,0.0,0.08,0.0,0.6912817751852459,June,2,4,2,4,Returning_Visitor,0,0
-8,94.83333333,2,-419.53689875051987,262,6774.82,0.000425406,0.013069803,0.0,0.0,June,2,5,1,4,Returning_Visitor,0,0
0,-460.73805336123314,0,0.0,18,391.5833333,0.0,0.025,0.0,0.0,Dec,2,2,7,2,New_Visitor,0,0
3,90.5,0,0.0,15,369.5,0.20688401752536745,0.025,0.0,0.0,Nov,3,2,2,2,New_Visitor,1,0
0,-590.370748894239,0,509.4314470083581,7,49.86666667,0.085714286,0.092857143,0.0,0.0,Sep,1,1,9,3,Returning_Visitor,0,0
1,37.5,0,0.0,45,6954.120275578395,-0.13405518976935216,0.030822511,70.48023962025961,0.766720711048597,Nov,2,2,2,2,Returning_Visitor,0,0
5,55.5,2,132.5,61,2190.429367,0.013846154,0.038778999,0.0,0.0,Nov,3,2,3,13,Returning_Visitor,0,0
1,15.2,25,62.6,84,-6156.959734114594,0.017647059,-0.11063583381848432,0.0,0.0,Sep,1,8,6,1,Returning_Visitor,0,0
2,95.5,0,0.0,13,334.5,0.18205796530620255,0.22542431084438558,0.0,0.0,Mar,3,2,1,8,New_Visitor,0,0
10,464.15,4,160.5,26,8587.219892409817,0.017647059,0.029411765,0.0,0.8213942063287556,May,2,2,1,3,Returning_Visitor,0,0
6,140.3333333,0,0.0,-142,88.95,0.0,0.004761905,0.0,0.0,May,3,2,2,3,New_Visitor,0,0
15,0.0,0,0.0,1,12.0,0.0,0.1,0.0,0.0,May,1,1,4,1,Returning_Visitor,1,0
13,265.0416667,0,0.0,59,2934.236722,0.006666667,0.022333333,-53.09088473903765,0.0,Nov,1,2,1,2,Returning_Visitor,0,0
0,0.0,0,0.0,23,1299.5,0.034782609,0.069565217,71.75457414988968,0.6,May,2,2,1,4,Returning_Visitor,0,0
0,0.0,0,0.0,12,167.2222222,0.0,0.001666667,0.0,0.0,Mar,3,2,1,3,Returning_Visitor,1,0
3,-602.1770666674182,25,0.0,183,510.38,0.007692308,0.023076923,0.0,0.0,Oct,2,2,2,1,Returning_Visitor,0,0
0,0.0,25,0.0,7,360.75,0.0,0.033333333,0.0,0.0,Mar,1,1,1,2,New_Visitor,1,0
4,75.0,0,0.0,16,252.0,0.0,0.004444444,0.0,0.0,May,2,2,4,4,New_Visitor,1,0
0,0.0,0,-468.70130861759844,2,0.0,0.18358581578509908,0.2,0.0,0.0,May,2,2,2,3,Returning_Visitor,0,0
-9,167.5,0,0.0,22,869.9,0.0,0.026388889,33.53327578,0.0,Mar,2,6,4,10,Returning_Visitor,0,1
0,0.0,0,0.0,48,4152.083333,0.00625,0.028125,0.0,0.0,Nov,2,2,1,1,Returning_Visitor,1,0
0,0.0,25,0.0,3,428.5,0.0,0.066666667,0.0,-0.5529909519044871,Nov,1,1,3,8,Returning_Visitor,0,1
0,0.0,0,0.0,-143,0.0,0.2,0.2,0.0,0.0,Nov,1,1,4,10,Returning_Visitor,0,0
8,163.375,0,0.0,18,403.4166667,0.0,0.005,0.0,0.0,Dec,2,2,9,2,New_Visitor,0,0
0,769.6702998557893,0,0.0,1,0.0,0.2,0.2,0.0,0.0,Nov,2,2,2,2,Returning_Visitor,0,0
0,0.0,0,0.0,37,2323.166667,0.010810811,0.018198198,0.0,0.0,Nov,1,2,4,2,Returning_Visitor,0,0
1,-468.3246200549447,0,0.0,13,679.9033333,0.0,0.002564103,34.86423061,-0.6827511469921163,Nov,3,2,3,2,Returning_Visitor,1,1
0,0.0,25,0.0,37,2296.25,-0.12425917760970004,0.014864865,0.0,0.0,Nov,2,2,1,13,Returning_Visitor,0,0
6,203.5,0,0.0,13,645.5,0.0,0.004166667,0.0,0.6959771617536402,May,2,2,3,2,New_Visitor,0,0
0,0.0,0,0.0,17,469.4166667,0.0,0.011764706,0.0,0.0,Mar,1,1,2,2,Returning_Visitor,0,0
5,140.0,25,0.0,21,839.4166667,0.17314137595600523,-0.14976605018936934,30.83748589,0.0,Dec,3,2,3,1,Returning_Visitor,0,1
15,0.0,0,544.2942809504423,63,1021.0,0.0265625,0.059895833,0.0,0.8,May,2,2,1,3,Returning_Visitor,0,0
0,0.0,0,0.0,6,415.0,0.0,0.20730883800166738,0.0,0.4,Feb,1,1,3,2,Returning_Visitor,0,0
0,0.0,0,479.19829486880644,6,467.0,0.2167528986722792,0.016666667,0.0,0.4,Feb,1,1,3,3,Returning_Visitor,0,0
3,618.0,0,591.0281071359086,-111,341.0,0.0,0.007692308,34.43601877,0.0,Mar,2,2,9,3,New_Visitor,0,1
0,658.8050163393025,0,0.0,12,148.75,0.02,-0.1327942114318677,-53.62998985922339,0.0,Nov,1,1,1,3,Returning_Visitor,0,0
0,-542.2128665374713,0,0.0,-111,832.0,0.0,0.020289855,21.92521348,0.0,Mar,2,6,6,1,Returning_Visitor,0,0
0,0.0,0,0.0,24,917.0833333,0.008333333,0.031944444,0.0,0.0,Mar,3,2,1,1,Returning_Visitor,1,0
-9,-468.5555495019296,0,0.0,3,-5798.337505640322,0.04,-0.11354035833702285,0.0,0.0,May,3,2,4,11,New_Visitor,0,0
6,45.03333333,1,69.6,120,5771.466862,0.002755906,0.014537746,4.586910248,0.0,Aug,4,2,1,2,Returning_Visitor,0,0
-10,0.0,0,0.0,13,739.8333333,0.007692308,0.028461538,0.0,0.0,May,3,3,1,3,Returning_Visitor,0,0
0,0.0,0,0.0,39,8769.236302574353,0.0,0.01025641,-54.571070995569706,0.0,Nov,1,1,4,1,Returning_Visitor,1,0
17,754.1095238,25,77.0,-109,1021.619336,0.004545455,0.026479076,2.08053355,0.0,Mar,1,1,3,2,Returning_Visitor,0,1
0,-501.2847517094815,0,0.0,11,116.5,0.036363636,0.075757576,0.0,-0.5968581698543961,Dec,2,2,1,1,Returning_Visitor,0,0
0,0.0,0,0.0,68,1723.753711,0.011940299,0.023681592,-57.280936317422864,0.0,Nov,3,2,5,2,Returning_Visitor,0,0
6,769.9520028366328,0,0.0,21,696.6666667,0.0,0.0125,75.06781572,0.0,Mar,2,2,6,10,New_Visitor,1,1
0,0.0,0,0.0,97,2300.891317,0.0,-0.13354267585525637,-62.92431696517699,0.0,Nov,2,2,1,2,Returning_Visitor,0,0
-7,0.0,0,0.0,33,777.1166667,0.0,0.015104167,-55.9077434355406,0.0,Nov,2,2,6,2,New_Visitor,1,0
5,-541.941879407077,0,0.0,133,2248.914286,0.012077922,0.029349567,6.373770623,0.0,Jul,1,1,1,4,Returning_Visitor,0,1
0,0.0,0,0.0,7,197.0,0.028571429,0.042857143,65.17426910945548,0.0,Dec,3,2,9,2,Returning_Visitor,0,0
0,0.0,0,0.0,2,-4807.927402256515,0.0,0.05,0.0,0.0,Nov,1,1,3,3,Returning_Visitor,0,0
4,37.5,2,82.0,4,96.625,0.0,0.0175,0.0,0.0,Nov,2,2,9,2,New_Visitor,0,0
0,0.0,0,0.0,44,1975.825,0.0,0.032142857,0.0,0.0,Dec,2,4,1,1,Returning_Visitor,0,0
-10,0.0,0,0.0,18,1093.083333,0.011111111,0.011481481,0.0,0.0,Nov,3,2,3,1,Returning_Visitor,0,0
0,0.0,0,0.0,7,1749.0,0.047619048,0.104761905,0.0,0.0,Dec,2,2,1,2,Returning_Visitor,0,0
3,43.0,0,0.0,10,427.1666667,0.0,0.015384615,0.0,0.0,Mar,3,2,9,3,Returning_Visitor,0,0
9,331.1666667,4,154.0,154,8038.325302,0.007332941,0.027963219,0.0,0.0,May,2,2,1,5,Returning_Visitor,0,0
0,0.0,0,0.0,1,0.0,0.2,0.2,0.0,0.8280587246473698,May,3,2,3,6,Returning_Visitor,0,0
4,96.5,0,0.0,42,2172.333333,0.0,0.01124031,35.2339845,0.0,May,2,2,4,2,Returning_Visitor,0,0
11,167.4061355,0,0.0,-119,1512.574405,0.20435586222389918,0.007188359,0.0,0.0,Nov,1,1,3,2,New_Visitor,0,0
-7,61.26666667,0,0.0,7,216.3333333,0.0,0.00952381,0.0,0.0,Sep,3,2,1,2,Returning_Visitor,0,0
0,0.0,0,0.0,19,557.35,0.0,0.029824561,62.216991520017125,0.0,Nov,1,1,3,3,Returning_Visitor,1,0
0,634.5650644862486,25,0.0,-128,0.0,0.2,0.2,0.0,0.0,Feb,2,4,1,1,Returning_Visitor,0,0
-7,-527.5395846695853,0,0.0,6,48.33333333,0.21423237631908798,0.20136020022115092,0.0,0.0,May,2,2,3,6,Returning_Visitor,0,0
-7,604.5,6,75.66666667,50,2387.435714,-0.14496832376975874,0.037838384,0.0,1.0,May,1,1,3,15,Returning_Visitor,1,0
8,771.3697206713265,0,0.0,207,5160.451362,0.002296651,0.013407291,0.0,0.0,Nov,2,2,1,2,Returning_Visitor,0,0
0,0.0,0,0.0,14,180.5,0.085714286,0.23484506682556594,65.48913053708705,0.0,May,3,2,1,13,Returning_Visitor,0,0
1,-481.5961380936033,1,12.0,-101,1470.966667,0.009090909,0.024545455,0.0,-0.5478160038327684,Mar,3,2,4,2,Returning_Visitor,0,0
0,0.0,2,31.0,3,47.0,0.04,0.08,0.0,0.0,Mar,1,1,6,1,Returning_Visitor,1,0
0,0.0,0,0.0,4,93.0,0.0,0.1,0.0,0.0,Mar,2,2,9,6,Returning_Visitor,0,0
6,237.5,3,347.5,22,740.5,0.008,0.02,87.94459488,0.0,Dec,3,2,1,2,Returning_Visitor,0,0
1,23.96,0,0.0,94,2103.938772,0.013731061,0.038809156,1.47623044,0.0,Jul,2,2,1,1,Returning_Visitor,0,0
3,86.0,0,0.0,-103,1187.833333,0.009090909,0.027272727,0.0,-0.6854064525408028,Mar,3,2,3,1,Returning_Visitor,1,0
1,18.5,25,0.0,32,814.6071429,0.0,0.024019608,3.111047059,0.6,May,2,2,1,4,Returning_Visitor,0,1
0,0.0,0,0.0,178,1162.5,0.18289171887308767,0.025,0.0,0.0,Mar,2,2,2,2,Returning_Visitor,0,0
2,74.4,25,0.0,42,8244.632417357852,0.004761905,0.004761905,44.73610411,0.0,Oct,2,2,7,2,New_Visitor,1,1
15,52.5,25,0.0,13,605.5,0.0,0.006666667,0.0,0.0,Nov,2,2,3,2,Returning_Visitor,0,0
4,50.0,4,580.5456570942035,185,555.6666667,0.0,0.008333333,-66.05348378293343,0.0,Dec,3,2,1,2,Returning_Visitor,0,0
0,0.0,0,0.0,5,465.5,0.12,0.16,0.0,0.0,May,1,1,4,3,Returning_Visitor,0,0
1,18.0,0,0.0,22,-5605.497094662152,0.0,0.005,0.0,0.0,Nov,2,5,6,2,New_Visitor,0,0
6,539.5,0,0.0,11,602.5833333,0.008888889,0.02,0.0,0.0,Dec,3,2,1,1,Returning_Visitor,0,0
4,-565.8661969204115,0,0.0,23,1954.4,0.0,0.006666667,15.13596148,0.0,Aug,2,2,3,2,Returning_Visitor,0,0
9,201.85,2,20.6,43,1458.93619,0.0,0.00952381,-53.283520751336695,0.0,Aug,3,2,3,1,New_Visitor,0,0
1,5.5,6,387.5,25,621.2,0.0,0.009333333,0.0,0.7630600536027715,Jul,3,2,1,4,Returning_Visitor,1,0
12,-583.0540347966602,1,0.0,201,210.25,-0.16189707926847433,0.018181818,0.0,0.0,Nov,1,1,1,2,New_Visitor,0,0
1,4.0,0,477.0641070293273,15,377.5,0.0,0.002040816,69.7132141,0.0,Nov,8,13,9,20,Other,0,0
-7,105.75,0,0.0,19,1124.888889,0.1981833762747714,0.028229665,0.0,0.7886210291482624,Nov,3,2,9,2,Returning_Visitor,1,0
3,45.5,0,514.1104962168419,13,661.9166667,-0.17010346098965345,0.025,0.0,-0.5525174138737299,Nov,2,2,1,2,New_Visitor,0,0
3,661.8698396737144,0,0.0,26,2058.5,-0.12410477975963906,0.039506173,8.887111111,1.0,May,2,2,1,3,Returning_Visitor,1,1
1,11.0,25,0.0,23,-4941.410934002711,0.009090909,0.2323883740740542,0.0,0.0,Nov,2,2,1,10,Returning_Visitor,1,0
8,-505.9322484424773,0,0.0,27,601.0864146,0.012643678,0.019984651,0.0,0.0,Dec,1,1,2,8,Returning_Visitor,0,0
0,0.0,0,0.0,29,819.5892857,0.003448276,0.025448823,0.0,0.0,Nov,3,2,1,3,Returning_Visitor,0,0
0,0.0,0,0.0,50,998.9545455,0.0076,0.1904508651961183,0.0,0.8,May,2,2,3,2,Returning_Visitor,0,0
0,-617.364559164857,0,0.0,8,326.5,0.21281951815142677,0.125,0.0,0.7646044233011918,Mar,1,1,1,3,Returning_Visitor,0,0
8,-545.1511403721045,25,869.0,34,7282.378445244569,0.009090909,0.030876623,0.0,0.0,Mar,2,4,1,1,Returning_Visitor,0,0
0,0.0,0,0.0,3,0.0,0.2,0.19825369737767262,-54.91060912190069,0.7459183788230397,May,3,2,1,13,Returning_Visitor,0,0
4,104.0,1,93.0,15,292.5,0.0,-0.12540705387483211,0.0,0.0,May,2,4,3,4,Returning_Visitor,1,0
0,0.0,1,28.0,13,474.6666667,0.0,0.014285714,33.41,0.0,Mar,2,2,1,6,Returning_Visitor,0,1
0,0.0,0,0.0,58,2665.798039,0.007142857,-0.12529040045120815,-67.4136495864549,-0.587123695507958,May,2,2,3,4,Returning_Visitor,0,0
4,-635.1578366921874,3,909.0,23,542.3333333,0.0,0.22096395302818633,25.41321429,-0.6066569200607529,May,2,6,1,2,Returning_Visitor,0,1
0,0.0,0,0.0,3,30.0,0.0,0.066666667,68.94262423566853,0.0,Mar,2,2,1,1,Returning_Visitor,0,0
0,0.0,0,0.0,7,59.0,0.0,0.028571429,0.0,0.0,May,2,2,2,3,Returning_Visitor,0,0
-7,0.0,25,0.0,4,81.5,0.0,0.025,0.0,-0.614305899283798,May,1,1,2,4,Returning_Visitor,1,0
1,76.6,2,23.2,46,4598.433333,0.004255319,0.19487735515268978,-66.56845037882884,0.0,Jul,2,2,1,1,Returning_Visitor,0,1
0,-522.7885499645671,25,-491.74077236511886,74,3237.114166,0.21735451328023825,0.009113578,0.0,0.0,Nov,4,2,3,3,Returning_Visitor,0,0
0,0.0,0,0.0,2,-6260.4600293124,0.088888889,0.188888889,0.0,0.0,Dec,2,2,2,2,Returning_Visitor,1,0
6,44.4,1,0.0,38,2001.7,0.006342495,0.20134911343798953,0.0,0.0,June,2,2,2,3,Returning_Visitor,0,0
0,0.0,0,0.0,37,511.1666667,-0.16484442516540088,0.036936937,76.53316767932044,1.0,May,2,2,1,13,Returning_Visitor,1,0
-9,162.4911765,0,0.0,32,1162.797222,0.0,0.020175439,47.99566725,-0.6523800178090025,Nov,1,2,1,8,Returning_Visitor,0,1
0,0.0,25,0.0,4,58.5,0.0,0.05,0.0,0.0,Nov,2,2,7,1,Returning_Visitor,0,0
3,346.0,1,15.2,168,-6266.861657004332,0.16936017076976312,0.006700972,69.91439226,0.0,Nov,2,2,5,2,Returning_Visitor,0,0
0,0.0,25,0.0,6,185.0,0.0,0.19704754124371013,0.0,0.0,Mar,1,1,1,10,Returning_Visitor,0,0
4,130.0,0,0.0,28,818.7916667,0.0,0.003448276,-64.7849783247315,0.0,Mar,2,2,1,2,New_Visitor,0,0
2,131.5,0,0.0,26,1960.475,0.007407407,0.024074074,33.69233226,0.0,Nov,1,1,1,2,Returning_Visitor,0,1
0,0.0,0,0.0,26,781.5,0.007692308,0.030769231,0.0,0.2,May,2,2,2,3,Returning_Visitor,0,0
-9,-551.265892576168,0,0.0,3,74.5,0.066666667,0.1,0.0,0.0,Dec,2,2,2,3,New_Visitor,0,0
0,0.0,25,0.0,10,761.75,0.022222222,0.022222222,0.0,0.0,Nov,3,2,3,2,Returning_Visitor,1,0
0,0.0,0,0.0,6,-5116.083650256418,0.0,0.006666667,0.0,0.0,May,2,2,9,2,Returning_Visitor,0,0
2,115.0,0,-411.14932358851956,97,-5296.438400092666,0.17057765459629784,0.032369194,0.0,0.0,Nov,1,1,3,10,Returning_Visitor,1,0
5,196.88,0,0.0,7,118.9133333,0.0,0.01473138,16.56478478,0.8209670204253371,Oct,3,2,7,2,Returning_Visitor,0,0
6,43.1,25,0.0,-119,1056.15,0.026502732,0.055331772,4.163259563,0.2,May,3,2,4,4,Returning_Visitor,0,0
4,32.66666667,0,0.0,34,1378.966667,0.007894737,0.01716792,18.46989474,0.0,May,3,2,1,4,Returning_Visitor,1,1
1,723.3368436462199,0,0.0,1,0.0,0.21205690199284508,0.05,0.0,0.7577383381755648,Sep,1,1,1,5,New_Visitor,0,1
7,156.5,1,122.0,26,694.7121212,0.18213484667840923,-0.11313506189992009,0.0,0.0,Mar,2,4,1,2,Returning_Visitor,0,0
6,315.1666667,1,85.0,10,402.8055556,0.014285714,0.19292863891128217,0.0,0.0,Dec,3,2,2,2,New_Visitor,0,1
2,58.5,0,0.0,11,1568.5,0.1958687406540709,0.036363636,-63.63023826197457,0.8437811917511867,Nov,2,2,7,2,Returning_Visitor,0,0
0,0.0,0,0.0,12,129.0,0.0,0.033333333,64.47170201736627,0.7140155208697575,Feb,1,1,3,2,Returning_Visitor,0,0
-7,585.5,0,0.0,80,3634.141512,-0.15733646082626848,0.007864356,26.41113767,0.0,Nov,3,2,2,2,Returning_Visitor,0,1
0,-536.6572210773224,0,0.0,17,336.0,0.0,0.01875,0.0,0.8,May,2,2,1,4,Returning_Visitor,0,0
0,0.0,0,0.0,7,72.25,0.114285714,0.142857143,0.0,0.0,Dec,1,1,4,3,Returning_Visitor,1,0
12,0.0,0,0.0,6,119.0,0.0,0.22579301581671363,0.0,0.0,Mar,3,2,7,1,Returning_Visitor,1,0
1,23.0,0,0.0,7,8095.186155909557,0.0,0.2031160103000941,0.0,0.0,May,2,2,1,13,New_Visitor,0,0
7,731.6378036887455,0,0.0,39,1324.85,-0.17073259323204387,0.01627907,-53.15224546504194,0.0,Oct,2,2,1,4,Returning_Visitor,0,0
0,-579.9642482936105,0,0.0,10,224.0,0.0,0.01,0.0,0.4,May,2,2,1,4,Returning_Visitor,0,0
2,105.0,0,0.0,19,482.5,0.0,0.008333333,0.0,0.0,May,3,2,3,2,New_Visitor,1,0
9,125.25,0,0.0,3,119.25,0.0,0.025,0.0,0.0,Dec,8,13,9,20,Other,0,0
-9,724.0,0,0.0,2,159.0,0.0,0.008,0.0,0.0,Mar,4,2,1,7,New_Visitor,0,0
2,139.0,0,0.0,5,274.7,-0.15275455701134666,0.014285714,62.36569468870536,0.0,Jul,1,1,5,2,New_Visitor,0,0
7,54.33333333,0,0.0,9,619.5333333,0.0,0.025,0.0,0.7269604123417132,Oct,4,5,3,11,Returning_Visitor,0,0
5,72.57333333,25,208.6,27,1091.323333,0.005,0.029166667,0.0,0.0,Sep,2,2,1,2,Returning_Visitor,0,1
0,0.0,0,0.0,2,0.0,0.2,-0.1318582028776747,0.0,0.0,Mar,2,2,1,3,Returning_Visitor,0,0
1,4.0,0,0.0,39,983.1388889,0.17725543401273386,0.017599068,0.0,0.0,Nov,3,2,6,3,Returning_Visitor,0,0
0,-474.80467299769754,0,0.0,16,-5872.028813854654,0.014285714,0.035714286,43.19228571,0.0,May,2,2,3,4,Returning_Visitor,0,0
2,43.73333333,0,0.0,-100,158.9333333,0.0,0.003741497,0.0,0.0,June,1,1,6,2,Returning_Visitor,0,0
0,0.0,1,28.0,19,1120.266667,0.021052632,0.052631579,11.38642105,0.0,May,4,1,6,4,Returning_Visitor,1,1
14,-579.930187248172,1,0.0,165,470.9166667,0.17168781415558396,0.061538462,0.0,0.0,Nov,1,1,1,2,Returning_Visitor,1,0
14,0.0,0,0.0,15,309.8,0.0,-0.12384919366730487,0.0,0.2,May,2,2,6,4,Returning_Visitor,0,0
1,12.0,0,0.0,-139,565.4166667,0.028571429,0.19577310236015388,0.0,0.0,Nov,3,2,1,10,Returning_Visitor,0,0
4,353.4,2,0.0,189,587.2,0.013333333,0.04,0.0,0.0,Jul,2,5,2,3,Returning_Visitor,1,0
0,0.0,0,524.8806569531138,6,77.0,0.083333333,0.116666667,0.0,0.7656791179298883,Dec,2,2,3,13,Returning_Visitor,0,0
1,5.0,1,25.0,81,1421.668627,0.0,0.000833333,0.0,0.6,May,2,4,3,4,Returning_Visitor,0,0
1,19.2,0,0.0,55,-5258.521179854972,0.0,0.006666667,5.767419658,0.0,Aug,2,4,1,1,Returning_Visitor,1,0
2,112.8,0,0.0,11,7073.972804196919,0.0,0.015384615,0.0,0.0,Sep,2,2,9,5,New_Visitor,1,0
0,0.0,0,0.0,-110,662.6666667,0.011363636,0.042651515,0.0,-0.6896041038294995,May,2,2,4,2,Returning_Visitor,0,0
0,799.226021037339,0,0.0,38,2259.533333,0.002105263,0.036549708,0.0,0.2,May,2,2,1,3,Returning_Visitor,0,0
0,0.0,0,0.0,20,821.8333333,0.05,0.076666667,0.0,0.0,Nov,3,2,4,10,Returning_Visitor,1,0
0,0.0,0,0.0,27,393.7888889,0.0,0.032193939,0.0,0.0,Nov,3,2,1,11,New_Visitor,1,0
15,0.0,0,0.0,11,335.0,0.036363636,0.060606061,0.0,0.0,Nov,3,2,1,13,Returning_Visitor,1,0
-10,-529.3397286521327,2,42.0,37,1517.75,0.019512195,0.041869919,75.64691031803348,1.0,May,2,2,1,6,Returning_Visitor,1,0
1,11.0,1,-442.0485911075525,12,91.75,0.0,0.038095238,0.0,0.8622484128247699,Nov,1,1,1,3,Returning_Visitor,0,0
0,0.0,0,0.0,15,549.0,0.08,0.126666667,0.0,0.0,Nov,2,10,1,3,Returning_Visitor,0,0
4,118.9032258,6,104.5,175,2748.624538,-0.12778392992540402,0.006678351,119.6414737,0.782475089076351,May,1,1,2,3,Returning_Visitor,0,0
0,0.0,0,0.0,6,45.33333333,0.033333333,0.066666667,-58.19294556138233,0.0,May,2,2,1,3,Returning_Visitor,0,0
1,6.5,0,0.0,10,8633.761805791411,0.0,0.007407407,7.848538778,0.0,Dec,2,5,3,8,New_Visitor,1,1
0,0.0,0,0.0,203,463.4,0.0,0.022222222,0.0,0.0,Oct,3,2,1,2,New_Visitor,0,0
0,0.0,0,0.0,-141,1056.666667,0.2037825829299213,0.030933333,0.0,0.0,May,1,1,1,1,Returning_Visitor,0,0
0,0.0,0,0.0,168,1985.933333,0.0,0.22165516062664437,0.0,0.0,Jul,2,2,1,2,Returning_Visitor,0,0
13,0.0,0,0.0,5,29.0,0.0,0.04,0.0,0.0,Mar,2,2,7,2,Returning_Visitor,0,0
0,0.0,0,0.0,2,0.0,0.2,0.2139506834668223,0.0,0.0,Mar,3,2,4,1,Returning_Visitor,0,0
0,0.0,0,0.0,1,-6246.947401696683,-0.16371782302817256,0.2,73.00388573239583,0.0,Aug,3,2,2,3,Returning_Visitor,0,0
-9,8.0,0,580.6133759749979,33,636.5833333,0.0,0.00625,-52.93460980579823,0.0,Dec,3,2,1,2,New_Visitor,0,0
0,0.0,3,91.0,-135,3006.883631,-0.1641064634061604,0.018585538,0.0,0.0,Dec,3,2,3,1,Returning_Visitor,0,0
3,83.0,0,542.4867666818336,5,47.0,0.0,0.028571429,0.0,0.0,May,2,2,4,1,Returning_Visitor,0,0
0,0.0,0,0.0,31,822.65,0.1834465184499767,0.020804598,0.0,1.0,May,1,1,3,4,Returning_Visitor,1,0
2,11.0,0,0.0,38,938.9333333,0.039473684,-0.15140314551424067,0.0,0.0,June,3,2,2,3,Returning_Visitor,0,0
15,7.0,25,0.0,9,160.5,0.0,0.025,0.0,0.0,May,2,2,2,3,Returning_Visitor,0,0
0,0.0,0,0.0,5,108.0,0.0,-0.14719355030404285,0.0,0.0,May,4,1,3,4,Returning_Visitor,0,0
6,277.1666667,2,900.5,24,1448.333333,0.0,0.19490957439896622,0.0,0.0,May,2,4,4,2,New_Visitor,1,0
13,0.0,0,0.0,6,102.2,-0.12780079756292395,0.0,40.27815244,0.0,Oct,2,2,2,20,Returning_Visitor,0,1
0,0.0,0,0.0,3,135.0,0.0,0.2267006296486725,-53.32388801567741,0.0,June,1,1,6,1,Returning_Visitor,1,0
0,0.0,0,0.0,12,468.0,0.016666667,0.033333333,-62.2435833738491,0.0,Mar,4,1,4,3,Returning_Visitor,0,0
0,0.0,0,486.49591805548886,5,274.0,0.17803234975638027,0.08,0.0,0.0,May,3,3,1,3,Returning_Visitor,0,0
0,0.0,0,0.0,173,0.0,0.2,0.2,-58.118341146674766,0.0,Mar,3,2,6,1,Returning_Visitor,0,0
0,0.0,0,0.0,-122,8527.657759037364,0.1,0.15,0.0,0.0,Mar,3,2,1,1,Returning_Visitor,0,0
0,0.0,0,0.0,8,95.0,0.0,0.075,0.0,0.0,Feb,4,1,3,3,Returning_Visitor,0,0
0,0.0,25,0.0,2,17.0,0.18875892663116475,0.1,0.0,0.4,May,4,1,4,3,Returning_Visitor,0,0
6,175.0,0,0.0,6,262.0,0.0,0.20511539966081935,-57.680429611977,0.0,May,1,1,4,2,Returning_Visitor,1,0
0,0.0,0,0.0,9,348.75,0.0,0.02962963,0.0,-0.6583852303853193,Dec,2,5,1,1,Returning_Visitor,0,0
1,14.0,0,0.0,10,-5927.429267429921,0.0,-0.13385712989026421,0.0,0.0,Mar,2,2,2,10,New_Visitor,0,0
0,0.0,0,0.0,4,123.3,0.19074921170903758,-0.1308560453847077,69.16349704217578,0.0,Oct,1,1,1,2,Returning_Visitor,0,1
-7,0.0,0,0.0,7,221.5,0.0,0.028571429,0.0,-0.6304351217473924,Mar,4,1,1,3,Returning_Visitor,0,0
1,59.4,0,0.0,73,891.568795,0.0,0.0,258.5498732,0.0,Sep,2,2,3,2,New_Visitor,0,1
0,0.0,0,0.0,24,485.2839744,0.004938272,0.039283154,0.0,1.0,May,2,2,2,4,Returning_Visitor,1,0
0,0.0,0,0.0,9,8626.955971450716,0.022222222,0.077777778,0.0,0.0,Nov,2,2,3,2,Returning_Visitor,0,0
15,186.8666667,0,0.0,126,3372.826797,0.00625,0.023480903,0.0,0.8504650740894545,May,2,2,7,2,Returning_Visitor,0,0
12,129.5,0,0.0,13,-6247.270445734073,0.016666667,0.028125,75.59670633857434,0.0,Mar,2,2,3,2,Returning_Visitor,0,0
6,270.75,0,0.0,6,217.5,0.0,0.02,-61.453574590496615,-0.5895488316597399,Dec,3,2,4,2,New_Visitor,1,0
15,-587.8730569558257,0,0.0,1,0.0,0.2,0.2,0.0,0.0,Mar,2,2,1,2,Returning_Visitor,0,0
0,0.0,0,0.0,185,8669.106147892426,0.2,0.2,0.0,0.0,Nov,2,4,3,3,Returning_Visitor,0,0
0,0.0,0,0.0,1,0.0,0.2,0.2,-51.608768405334764,0.0,Nov,3,2,1,1,Returning_Visitor,0,0
0,0.0,0,0.0,94,9836.068333,0.16904839642925618,0.028191489,0.0,0.0,Sep,2,2,1,13,Returning_Visitor,0,0
4,100.0666667,0,0.0,30,310.3355556,0.0,0.000480769,28.52395644,0.0,Jul,2,2,5,2,Returning_Visitor,1,1
3,512.8333333,2,278.0,3,162.0,0.0,0.014285714,0.0,0.0,Mar,3,2,1,8,New_Visitor,1,0
0,0.0,0,0.0,44,1184.269841,0.004545455,0.023295455,0.0,0.0,Nov,1,2,1,2,Returning_Visitor,0,0
0,0.0,0,0.0,5,0.0,0.2,0.23536964203322086,0.0,-0.5655233653703214,Nov,2,2,2,1,Returning_Visitor,0,0
13,-518.5497255730314,0,0.0,22,1368.0,0.004545455,0.013636364,0.0,0.0,Nov,2,5,7,3,Returning_Visitor,0,0
4,63.0,0,0.0,-141,-5370.924867071958,0.0,0.015384615,0.0,0.0,Dec,8,13,9,20,Other,0,0
3,40.5,0,0.0,20,758.75,0.0,0.02,38.26667925,0.0,Nov,2,2,8,3,Returning_Visitor,0,1
0,0.0,0,0.0,5,108.0,0.0,0.05,0.0,0.0,May,1,1,4,3,Returning_Visitor,0,0
0,0.0,0,0.0,53,2121.311111,0.020754717,0.060754717,0.0,0.0,June,2,2,1,1,Returning_Visitor,0,0
0,0.0,25,0.0,23,383.0,0.031818182,0.047575758,0.0,0.7423026386112649,May,1,1,1,4,Returning_Visitor,1,0
0,0.0,0,0.0,3,63.0,0.0,0.066666667,0.0,-0.7091503947553921,May,1,1,9,1,Returning_Visitor,0,0
0,0.0,1,0.0,18,648.0,0.0,0.021052632,0.0,0.0,Nov,2,4,1,2,New_Visitor,0,0
2,30.0,1,479.44408807886026,24,1530.194444,0.007407407,0.014814815,10.10222222,0.0,Mar,1,1,1,10,Returning_Visitor,0,0
3,42.0,0,0.0,31,3121.369048,0.002857143,0.009285714,0.0,0.0,Mar,1,1,3,1,Returning_Visitor,1,0
0,0.0,0,0.0,14,115.6666667,0.057142857,-0.12879860646030417,0.0,0.7988469892920858,May,3,2,1,13,Returning_Visitor,0,0
2,30.5,2,18.0,15,1518.097619,0.0,0.031764706,31.75764706,-0.5468315142045201,May,2,2,8,2,Returning_Visitor,0,1
6,-570.1420969418958,0,0.0,17,495.1,0.0,0.01,0.0,0.0,Oct,2,4,8,2,New_Visitor,0,0
11,-489.482425550619,2,106.8,174,7695.995572768308,-0.15467211632822214,0.033333333,0.0,0.0,Sep,2,2,1,3,Returning_Visitor,0,1
0,0.0,0,0.0,-101,164.9166667,0.009090909,0.043939394,0.0,0.6,May,2,2,2,4,Returning_Visitor,0,0
14,0.0,25,0.0,4,7351.042279194999,-0.14536094302524205,0.0875,0.0,0.0,Nov,4,1,5,1,Returning_Visitor,0,0
0,0.0,0,0.0,21,1050.25,0.0,0.23277965523633196,71.82390057063,0.0,Nov,2,2,6,2,Returning_Visitor,1,0
0,0.0,25,0.0,3,23.0,0.066666667,0.1,0.0,0.691389145838124,May,3,2,1,3,Returning_Visitor,0,0
0,0.0,0,0.0,7,111.6666667,0.0,0.014285714,0.0,0.0,Mar,2,4,1,2,Returning_Visitor,1,0
1,16.2,1,8.1,17,1180.366667,0.010526316,0.052631579,0.0,0.0,Aug,2,2,3,4,Returning_Visitor,0,0
0,0.0,0,0.0,9,125.0,0.0,0.022222222,0.0,0.0,Mar,2,2,3,1,Returning_Visitor,0,0
4,666.7221957546456,0,0.0,12,401.2857143,0.0,0.016,0.0,0.0,Mar,2,2,1,8,New_Visitor,0,0
0,0.0,0,0.0,48,4293.833333,0.008333333,0.034166667,0.0,-0.5632510405105882,Nov,2,1,1,2,New_Visitor,1,0
0,0.0,0,0.0,23,966.3583333,0.0,0.004081633,0.0,0.0,Nov,3,2,7,2,Returning_Visitor,0,0
3,112.0,0,0.0,4,8441.506702389866,0.0,0.028571429,0.0,0.0,May,3,2,4,5,Returning_Visitor,0,0
0,-491.4104050263384,0,0.0,9,740.1666667,0.0,0.2095921336889464,0.0,0.0,Nov,3,2,1,1,Returning_Visitor,0,0
0,0.0,0,0.0,30,901.2888889,-0.16981349114438019,0.007333333,-59.65753284517424,0.7715054768397077,Dec,2,2,7,2,New_Visitor,0,1
14,172.0,0,0.0,53,1299.383333,0.0,0.003703704,0.0,0.0,Mar,2,6,7,2,Returning_Visitor,1,0
12,49.5,0,0.0,27,702.6431624,0.015517241,0.027155172,0.0,0.0,Nov,3,2,3,3,Returning_Visitor,0,0
6,45.83333333,2,284.0,54,1509.8,0.0,0.006779661,7.272067797,0.0,Mar,2,2,7,2,New_Visitor,0,0
2,-499.24371439482775,0,539.1466724749562,36,1653.395833,0.005555556,0.20350117139502272,73.25472997341956,0.0,Dec,3,2,1,2,Returning_Visitor,0,0
4,777.3726405374114,1,33.2,163,1324.68,0.21497497286320444,0.003864734,0.0,0.0,June,2,2,1,4,New_Visitor,0,0
0,787.9176880757848,25,0.0,3,80.0,0.166666667,0.177777778,0.0,0.0,Nov,1,1,6,1,Returning_Visitor,0,0
3,61.5,0,-523.353026656721,16,946.1666667,0.0,0.010526316,0.0,0.0,Mar,2,2,1,10,New_Visitor,0,0
8,117.0238095,2,570.3710394295921,11,252.8928571,0.0,0.011078431,0.0,0.0,May,2,2,2,4,Returning_Visitor,0,0
0,0.0,2,48.5,-113,2195.283333,0.009836066,0.21077085781222857,0.0,0.0,Nov,2,2,7,2,Returning_Visitor,0,1
12,88.0,2,10.0,23,1390.388889,0.0,0.012307692,0.0,0.0,May,3,2,1,4,Returning_Visitor,0,0
1,0.0,2,9.0,44,-6422.204019796053,0.0,0.023188406,0.0,0.0,Nov,4,2,1,10,Returning_Visitor,0,1
14,0.0,0,0.0,-107,87.5,0.0,0.033333333,0.0,0.8072505149560617,May,2,2,2,4,Returning_Visitor,0,0
1,20.2,25,-431.3003539852074,6,204.4,0.0,0.028571429,0.0,0.0,Oct,2,7,3,5,New_Visitor,1,0
0,-475.80494194922204,0,491.0126713649209,9,315.6,0.022222222,0.037037037,-66.32009182926485,-0.634546078056713,May,2,2,2,7,Returning_Visitor,0,0
5,401.15,0,0.0,38,1570.681813,0.005980066,0.21045855543372327,24.51269374,0.0,Sep,2,4,7,4,Returning_Visitor,0,0
0,0.0,0,0.0,19,-5971.248294865631,0.005263158,0.031578947,-61.425665563731954,0.0,Dec,3,2,4,1,Returning_Visitor,0,0
0,0.0,25,0.0,28,859.3333333,0.0,0.007407407,17.50632106,-0.5821731380701298,Nov,4,1,6,2,New_Visitor,0,1
2,62.5,0,0.0,17,548.3333333,0.21680889098428358,0.031372549,0.0,0.0,Mar,2,2,1,2,Returning_Visitor,0,0
13,9.166666667,2,24.0,80,5426.022078,0.01287478,0.033915963,0.0,0.0,May,2,2,6,13,Returning_Visitor,0,0
0,0.0,0,0.0,49,1384.016667,0.0,0.011904762,0.0,0.0,Mar,2,2,1,2,Returning_Visitor,0,0
2,36.0,25,0.0,15,168.8461538,0.0,0.011764706,76.62331064814873,0.4,Feb,1,1,1,3,Returning_Visitor,0,0
2,46.33333333,0,468.3161991404407,11,177.4047619,0.016666667,0.038194444,0.0,0.0,May,3,2,5,4,Returning_Visitor,0,0
2,36.5,0,0.0,32,770.375,0.0,0.01372549,0.0,-0.7325736931386727,Dec,2,2,3,2,Returning_Visitor,0,0
1,12.0,0,524.0575638523057,-119,2004.5,0.20088699427113824,0.2284428162739586,-61.0924409265528,0.0,Mar,1,1,6,2,Returning_Visitor,1,0
0,0.0,0,0.0,16,129.3333333,0.0,0.0125,-64.04186010775457,-0.5584281744108497,May,2,6,1,1,Returning_Visitor,0,0
3,92.3,3,-396.07852403385,4,7660.682525029262,0.0,0.03125,0.0,0.0,Jul,1,2,1,4,Returning_Visitor,0,0
14,100.3,0,0.0,66,2868.133333,0.011428571,0.01725974,9.162351243,-0.6884019507717043,Mar,3,2,1,1,Returning_Visitor,0,1
15,922.75,0,0.0,56,4681.420833,0.007118644,0.022668819,0.0,0.0,Nov,2,2,1,13,Returning_Visitor,0,0
4,-537.7935662072499,0,0.0,53,1328.626894,-0.13310899630426776,-0.11047700965715405,0.0,0.0,Dec,1,1,1,10,Returning_Visitor,1,0
0,0.0,25,0.0,3,34.0,0.0,0.066666667,70.36989462949286,0.0,Dec,2,2,1,2,Returning_Visitor,1,0
1,7.0,2,562.0,36,1300.190476,0.010810811,0.2369492087774518,0.0,0.0,Mar,2,2,1,1,Returning_Visitor,1,0
2,34.0,0,0.0,35,1907.135417,0.006944444,0.021993464,64.25350176,0.0,Dec,2,2,1,10,Returning_Visitor,1,0
0,0.0,0,549.1357489203431,2,15.0,0.0,0.1,0.0,0.0,May,2,6,7,3,Returning_Visitor,0,0
1,30.5,25,542.6281702339433,16,374.5,0.029411765,0.03627451,0.0,-0.5426962757672373,Nov,3,2,3,1,Returning_Visitor,1,0
5,-626.473636910675,3,62.25,339,16138.2908,0.004778942,0.020193811,0.0,0.0,Nov,2,2,3,2,Returning_Visitor,0,0
0,0.0,0,0.0,37,581.0833333,0.20434913799527998,0.026851852,-53.14606332986182,0.0,Nov,2,2,2,10,Returning_Visitor,1,0
12,0.0,0,0.0,-99,1023.506667,0.0,0.009090909,45.71146255,0.0,Aug,2,2,1,4,Returning_Visitor,0,1
0,0.0,0,0.0,23,760.25,-0.13391396728740776,0.009090909,0.0,0.0,Mar,2,2,7,2,New_Visitor,0,0
0,0.0,0,0.0,-116,0.0,0.2,0.23052003695180026,0.0,0.0,Dec,3,2,4,11,Returning_Visitor,1,0
0,0.0,0,0.0,17,7126.63716953784,0.0,0.013333333,0.0,-0.7401960033731072,Nov,2,4,1,2,Returning_Visitor,0,0
0,0.0,0,0.0,50,8254.180343854116,0.0016,-0.13826134477890636,0.0,0.0,Nov,1,1,4,2,Returning_Visitor,0,0
5,785.6540518048619,25,551.1295811647815,6,147.9,0.0,0.036363636,0.0,0.0,Aug,3,2,7,2,New_Visitor,1,0
0,0.0,0,521.2574195245674,5,81.08333333,0.04,0.05,0.0,0.0,Dec,3,2,1,2,New_Visitor,0,0
5,68.66666667,0,0.0,11,-5691.635125419218,0.01547619,0.032291667,0.0,0.0,May,2,2,4,2,Returning_Visitor,0,0
0,0.0,0,0.0,6,66.25,0.0,0.066666667,0.0,-0.6168334839621512,Nov,2,2,9,1,Returning_Visitor,0,0
0,0.0,0,0.0,35,1579.333333,0.005714286,0.02,0.0,0.0,Nov,2,2,1,1,New_Visitor,0,0
1,21.2,0,0.0,21,836.1,0.19162987936327125,0.004545455,0.0,0.0,Oct,2,4,9,4,New_Visitor,0,0
-7,119.5,0,0.0,17,673.625,0.02,0.02,0.0,0.8301637526178819,Dec,3,2,1,10,Returning_Visitor,1,0
1,36.0,0,0.0,17,538.2878788,0.0,0.017708333,18.370625,0.0,May,1,1,1,4,Returning_Visitor,0,0
-9,0.0,0,-518.9923237579809,9,82.5,0.0,-0.11279470568882254,0.0,0.6908196331448635,Dec,2,2,1,1,Returning_Visitor,0,0
13,706.5488294122472,8,417.0,67,6483.775,0.00375,0.01725,24.27165,0.0,May,2,2,4,2,Returning_Visitor,0,0
2,33.2,0,486.503971629411,9,162.2333333,0.0,0.018181818,0.0,-0.6365129341430253,Sep,2,2,1,5,Returning_Visitor,0,0
0,0.0,25,0.0,8,846.6,0.022222222,0.022222222,24.61778468,0.8352015303658792,Nov,1,1,7,5,New_Visitor,0,1
4,723.6541346547214,0,0.0,181,8776.692893996695,-0.16873807907651298,0.018666667,40.76128,0.0,Mar,2,2,3,2,New_Visitor,0,0
2,134.0,0,0.0,7,77.33333333,0.0,0.022222222,0.0,0.0,Mar,1,1,2,2,Returning_Visitor,0,0
5,113.6666667,0,0.0,-116,733.1666667,0.006896552,0.23005208541357983,0.0,0.8110653744762717,Sep,1,8,1,1,Returning_Visitor,0,0
0,-485.3191245061729,0,0.0,8,863.3333333,0.0,0.014583333,0.0,0.0,Mar,2,2,4,3,Returning_Visitor,1,0
0,0.0,0,0.0,34,740.3071429,0.0,0.014052288,0.0,0.0,Nov,2,2,1,2,Returning_Visitor,1,0
3,75.4,0,0.0,18,1051.42,0.00952381,0.019047619,0.0,0.0,Oct,2,5,2,2,New_Visitor,0,0
6,189.8,25,0.0,9,208.8333333,0.0,0.015384615,71.41629608874024,0.0,Nov,2,2,3,2,New_Visitor,0,1
1,109.0,0,0.0,9,-5908.420538559408,0.0,0.0125,0.0,0.0,May,2,4,1,4,New_Visitor,1,0
0,0.0,25,-486.89883391915095,7,150.0,0.057142857,0.2049646766218206,0.0,0.0,Feb,2,2,2,1,Returning_Visitor,0,0
0,683.7585181579607,25,0.0,1,8034.351445101453,0.2,0.2,0.0,0.0,Nov,8,6,1,6,Returning_Visitor,0,0
0,0.0,25,0.0,5,89.86666667,0.1861148748941487,0.06,0.0,0.0,Jul,3,2,5,4,Returning_Visitor,1,0
0,0.0,0,0.0,-117,130.1666667,0.055555556,0.083333333,26.66133333,0.0,Mar,3,2,1,8,Returning_Visitor,0,0
3,159.1666667,2,8.0,69,2766.942172,0.002816901,-0.11616320796363207,5.931332852,0.0,Dec,2,2,1,2,Returning_Visitor,0,0
4,50.5,3,54.0,-143,1490.552778,0.18056880804445385,0.006589147,0.0,0.0,Mar,2,2,1,2,Returning_Visitor,0,0
0,0.0,0,0.0,55,872.5916667,0.0,0.001212121,0.0,0.0,Aug,2,4,1,4,New_Visitor,1,0
12,0.0,0,0.0,1,0.0,0.2,0.2350579197450901,0.0,0.67935871285066,Dec,2,2,3,13,Returning_Visitor,0,0
13,0.0,0,0.0,11,720.5,0.0,0.22894694068428728,0.0,0.0,May,6,2,2,2,Returning_Visitor,0,0
0,0.0,0,0.0,6,99.0,0.066666667,0.083333333,0.0,0.2,May,2,2,2,2,Returning_Visitor,0,0
0,0.0,0,0.0,1,0.0,0.2,0.20738798171309486,0.0,0.0,May,2,4,9,3,Returning_Visitor,0,0
7,169.35,25,182.2,-123,1612.983333,-0.14705655029210452,0.013697479,0.0,-0.7357259764216559,Nov,2,2,8,2,Returning_Visitor,0,0
1,26.0,1,-427.9277495622074,55,872.4,0.003508772,0.01754386,0.0,0.0,Mar,2,5,1,1,Returning_Visitor,1,0
12,25.5,0,-439.1056213827649,13,-5295.715841925604,0.0,0.013333333,19.78533333,0.0,May,3,2,4,1,Returning_Visitor,1,1
3,52.33333333,5,81.5,23,541.6666667,0.17237053024437096,-0.13587300647748235,10.64805714,0.0,May,4,1,1,4,Returning_Visitor,0,1
0,0.0,25,0.0,195,8.0,0.15,0.15,0.0,0.0,Nov,1,1,1,3,Returning_Visitor,0,0
0,0.0,25,0.0,19,281.4333333,0.038596491,0.19599711059981645,0.0,0.0,June,2,2,3,4,Returning_Visitor,0,0
0,758.1731347547681,0,0.0,-111,0.0,0.2,0.2,68.18033986700229,0.0,Nov,3,2,7,20,Returning_Visitor,0,0
2,57.5,0,0.0,16,1226.0,0.0,0.0125,143.4766783,0.0,Dec,2,2,9,2,New_Visitor,1,1
12,139.3666667,0,0.0,13,139.4333333,0.0,-0.11931764339749051,47.30370179,0.8264989994195379,Oct,3,2,1,5,New_Visitor,1,0
12,187.775,0,-503.15744285178624,98,2138.481263,0.001886792,0.017985395,0.129676893,-0.5682417043781487,Jul,2,5,3,2,Returning_Visitor,1,0
1,32.0,0,0.0,13,813.8,0.0,0.21420499173854135,32.43738462,-0.676740171231982,May,1,1,3,4,Returning_Visitor,1,0
3,127.5,1,46.5,33,1440.933333,0.011428571,0.027210884,0.0,0.0,Dec,2,2,1,1,Returning_Visitor,0,0
2,334.5,2,29.0,17,939.0833333,0.0,0.0225,18.22304387,0.0,Dec,2,2,1,6,Returning_Visitor,0,1
0,0.0,0,592.0652231589804,19,447.7166667,0.0,0.011111111,71.51779010893296,0.0,Sep,3,2,1,2,Returning_Visitor,1,0
0,0.0,0,0.0,14,244.75,0.0,0.014285714,0.0,0.0,Dec,2,2,1,3,Returning_Visitor,0,0
0,0.0,0,0.0,3,15.0,0.0,0.066666667,0.0,0.0,Mar,2,4,3,1,Returning_Visitor,1,0
2,92.0,2,-400.8659318859892,203,2207.757143,0.009756098,-0.14522335913624917,0.0,0.0,Dec,3,2,1,2,Returning_Visitor,0,0
12,244.25,0,0.0,165,7614.526611560341,0.01,0.030496867,11.10333103,0.0,Nov,2,7,1,1,Returning_Visitor,0,0
3,6.0,0,0.0,-125,762.3333333,0.030769231,-0.12202202399052424,0.0,0.2,May,2,2,1,3,Returning_Visitor,0,0
14,67.0,0,0.0,5,141.2,0.0,0.008333333,0.0,0.0,Oct,3,2,7,1,New_Visitor,0,0
-8,0.0,0,0.0,3,0.0,0.2,0.2,0.0,0.0,Nov,3,2,1,10,Returning_Visitor,0,0
-8,32.25,25,0.0,-131,434.5833333,0.011764706,0.011764706,0.0,0.0,Dec,3,2,1,2,Returning_Visitor,0,0
0,0.0,0,0.0,2,-5322.646489976675,0.0,0.1,68.68195502632955,0.0,May,2,2,1,1,Returning_Visitor,0,0
0,0.0,0,0.0,159,5878.940603,0.008962264,0.018569755,0.0,0.0,Nov,3,2,1,2,Returning_Visitor,0,1
0,0.0,0,0.0,-122,7922.742144922664,0.0,0.1,0.0,0.0,Feb,2,6,1,2,Returning_Visitor,1,0
0,-528.1928639507158,0,0.0,20,1117.333333,0.0,0.000956938,69.0699160178633,0.0,Mar,2,4,7,2,Returning_Visitor,0,0
5,53.0,1,97.0,66,4891.972222,0.0,0.002159624,0.0,-0.5773965397721275,Mar,2,2,8,1,Returning_Visitor,0,0
5,187.1,0,0.0,101,7220.776667,0.001960784,0.013366013,3.998184141,0.0,Nov,2,2,7,3,Returning_Visitor,0,1
3,318.2,25,0.0,-111,414.8666667,0.2081040126651415,0.2066277002468717,0.0,0.0,Nov,1,1,6,2,Returning_Visitor,0,0
0,0.0,25,0.0,9,127.5,0.0,0.022222222,0.0,0.0,May,2,7,2,11,Returning_Visitor,0,0
15,0.0,0,0.0,2,12.0,0.0,0.1,0.0,0.0,May,2,2,3,13,Returning_Visitor,0,0
0,0.0,0,0.0,202,-5602.434481279785,0.0,0.047222222,0.0,0.8561486091067404,Mar,2,2,1,2,Returning_Visitor,1,0
-8,-547.8133459195591,4,184.5,8,612.625,0.015384615,0.041538462,0.0,0.0,Dec,1,1,1,2,Returning_Visitor,1,0
3,474.6666667,1,30.5,-116,1789.954762,0.002298851,0.19421105555681392,5.523782302,-0.5949702468248158,Dec,2,6,1,2,Returning_Visitor,0,0
5,109.8333333,1,-502.4816892692439,24,1067.795238,0.0,0.008035714,-57.41681637713013,0.0,May,1,1,4,3,Returning_Visitor,0,0
0,0.0,25,0.0,5,178.8333333,0.0,0.04,0.0,0.0,Nov,2,2,7,13,Returning_Visitor,1,0
0,0.0,0,0.0,1,0.0,0.18649456828352615,0.2,-54.32549624782248,0.0,Dec,1,1,1,3,Returning_Visitor,0,0
3,115.5,25,0.0,55,1833.244643,0.0,0.008286252,76.50395209816654,0.0,Nov,2,2,6,2,Returning_Visitor,1,1
8,143.1666667,1,497.9245812396447,87,2531.060479,-0.13975992431333875,0.017705157,0.860484729,0.0,May,1,1,1,1,Returning_Visitor,0,0
0,0.0,0,0.0,83,-6261.335568820314,0.02804878,0.057723577,10.15253138,0.0,Sep,2,6,4,1,Returning_Visitor,0,0
6,81.54166667,0,0.0,23,808.0416667,0.000833333,-0.14693275126588565,0.0,0.0,Dec,2,2,7,8,Returning_Visitor,1,0
7,98.0,3,61.0,83,2355.682738,0.20567280446303207,0.022487296,0.0,0.0,Dec,1,1,1,2,Returning_Visitor,0,0
0,0.0,0,-469.2943006882431,163,99.0,0.0,-0.13016248448941622,0.0,0.4,May,1,1,7,2,Returning_Visitor,0,0
5,179.5,0,0.0,36,1792.8,0.0,0.004390244,0.0,0.0,Mar,2,2,3,10,Returning_Visitor,0,0
-9,35.5,0,-455.2060590304827,2,9.5,0.0,0.022222222,0.0,0.0,Dec,2,2,9,2,New_Visitor,0,0
0,0.0,0,0.0,-114,610.6333333,0.0,0.020833333,0.0,0.0,Nov,1,1,3,2,Returning_Visitor,1,1
5,118.7,1,-507.8030015764268,41,1019.293939,0.049481481,0.05837037,0.0,1.0,May,3,2,7,3,Returning_Visitor,1,0
1,38.2,0,0.0,24,-5451.822241267017,0.20570442914712292,0.049565217,72.24554413191957,-0.6132314674559602,Nov,2,2,4,1,Returning_Visitor,1,0
15,14.0,0,0.0,6,-4951.379904241121,0.17062786411661082,0.04,80.15042435296418,0.0,Mar,1,1,3,1,Returning_Visitor,1,0
1,8.0,0,0.0,6,189.75,0.0,0.019047619,0.0,0.0,Nov,1,1,7,2,Returning_Visitor,0,0
4,69.0,1,0.0,19,580.5,0.010526316,-0.14166677723002996,22.32934737,0.6867133072144783,May,2,2,1,3,Returning_Visitor,1,1
4,16.66666667,0,0.0,68,2593.741667,0.002941176,0.012843137,0.0,0.0,Mar,2,2,4,8,Returning_Visitor,0,0
0,0.0,0,0.0,17,8671.213935444732,-0.16676603573301965,0.051960784,0.0,0.8197625535415616,May,3,2,4,4,Returning_Visitor,1,0
0,0.0,0,499.7806447025334,73,2784.8,0.002739726,0.015317559,6.135982448,0.8459103509005486,Nov,2,2,5,2,Returning_Visitor,1,0
1,57.5,0,0.0,23,914.3333333,0.0,0.008695652,23.18305163,0.0,Dec,4,5,1,8,New_Visitor,1,1
